CP1,CP2,CP3
-1.4618532318760085,0.6720099046517589,-0.9248672798041402
0.7250223962730137,0.3250680551919262,1.6241376971872428
1.5599847979067905,0.6158037546600178,0.40039282564926
1.419122678033178,-2.708912416328191,-1.0026993263996424
-0.0645522276376772,0.1486051611632175,-0.01096249505522471
-1.9191803321169596,-0.2499909482832776,1.5505764083362774
-1.2239483838919,0.5791784352648119,-0.14104712019608479
-0.6365225655246429,0.6534144797531632,-0.25609700638674804
1.1677225922644383,0.3971355462650338,0.7423643809303374
2.323424827162894,0.9472713677954532,0.12751472017661322
-0.35766225545455704,0.698545040620809,-1.0955288457270724
1.5863087044010604,1.0541617460696369,-1.3187474482809785
0.42395936510379867,0.10381955305849604,1.4328069360330762
0.6542282151440616,0.3597339452600009,1.5942299137465508
0.3918023273172577,1.0701141445371636,-1.1025517296586753
-0.037606562090518,0.8168247723691241,-0.2858703310348785
-2.1840126696084394,-0.2501947987621499,0.26368839312419723
-0.750321336595478,0.533121067670821,-0.9591985617193696
0.8784457356271198,1.0960610199963086,-0.5706229795638633
0.8647507620813346,0.6245496645954957,1.009872109186241
-2.485271736455381,-0.22007748842305144,0.6052027097409671
-1.4360236891338942,-0.8348570697872206,2.00770176669823
2.81220429439071,-2.005351331682228,-1.0472991184615372
-0.030349236080645967,0.4430651507405581,-0.18374134910207016
0.9288384348909496,-2.8966004676779984,-1.8151436982991676
-0.307927541045862,0.7994650498017669,-0.900811484477986
-1.1387967146988471,0.7809318913836182,-0.8030612227065852
0.7583095561342181,0.9424261675685428,-0.6756874283768579
0.5520142883052065,0.3087718887106548,1.561562246991052
-1.4680843340775551,0.16364760257179586,0.5430052443328327
0.988249241415868,0.5642579525325914,0.2848957112143727
-2.950207082472327,-0.5308077394775019,-0.34092705753264646
1.344984679064452,1.2921461441125597,-0.951747136970638
3.182644849127488,-2.073611830708078,-0.8536593405386214
-0.46408432714574266,0.6499854461901143,-0.16112960692169373
-1.2142270553329917,0.3718292110205633,0.4037724232055325
2.7680470562045607,-2.6631024940261896,-0.15175123897870726
1.1532523235854406,-1.3110212841106659,0.06822190306083555
-1.5468869545912258,0.7634731051455127,-0.8409590569376358
1.3587395830439404,0.7817910036642962,0.4688740975244191
-1.362404310973151,0.05174171002168224,0.3970528185815795
2.587841013097983,1.0454252816364482,-0.591531729309859
1.6341445390187506,1.0345836747480692,-0.944891972208089
-2.150706682304139,0.0558285858559101,0.7002804913965766
1.752771224083137,1.0187669916452158,-0.03610332320836326
-0.16026407306985652,0.8047835467973128,-0.7089865303451128
1.5498667699423718,-2.115484685175893,-0.70420207655351
0.48047550003434264,-1.056203513618292,0.9598173458039101
1.1050972379469726,0.28157771572997675,1.3147383498219996
-0.45120578531861566,0.31465565121651246,0.4194391628473582
-1.978595612346953,0.30976913212927737,-0.1905975716876288
0.9975199615566688,0.8204729824396255,0.1431045373709345
1.2313174202986812,0.6433597527846214,-0.314748733290058
0.9900829213616279,1.3908686380131814,-0.7921872817474698
0.5696092134936628,0.7779765798177876,-0.32824463278226584
2.1675613733070813,-0.32187898214820354,-1.0879034244186843
1.1632281543916623,-2.606138335622258,-2.41066639015386
2.7229263546978966,-2.610842393948822,0.9247686664644316
1.7931925631284784,0.42127696686166505,1.9068705356092734
2.031351024821114,1.6260525249705322,-1.0127251564828414
0.903621506433962,0.6125815875160457,0.7218274680958868
-0.3300587464299823,-3.5077048277326064,-1.2131276523893062
0.9442028761188882,0.9298227786884916,0.16149074866500163
-1.5518345270473826,0.12302505619414966,0.5447372242343225
-0.8199133898335784,0.37049806020687337,-0.028250400003716265
3.5010924238538887,-1.9575096429962127,-1.2790800602820056
0.40725211487753193,0.3703086949031788,0.8348403579986998
-1.3770102086084348,0.7157282290729311,-0.9358145587070309
1.4475075299269402,0.6633899236201689,-0.1509655647705708
-0.5669145033105517,0.5750453996888731,-0.0265195042950667
-0.2769210345479969,-0.29580591630710823,1.3917276192794399
-1.2065464872153773,0.5288044970550863,0.9684365982621418
0.06132139666409072,0.5879953364809588,0.19077744720183104
-0.7116465234997823,-0.06984045470704493,1.8207289646378382
-0.38137572784472634,1.020199296951577,0.19521260964032464
-1.116204125780642,0.47312012346358057,-0.30440622183887256
-0.2181792086126707,0.07057660291959815,1.8648455764917848
0.488590729726755,1.13076317034506,-1.3203672988102577
2.041629471974546,0.4476720288976766,-1.3061980721848734
-2.7282313022131937,-0.17805240600042918,-0.8381136367553844
1.926054023005249,-2.0783487174849107,-0.5529405579587202
0.9010671769920047,1.0417486774126121,-0.5932946387413986
3.116574575961449,-2.0127367612850926,-0.3825253924683405
-2.236516028326937,0.16653365208159163,0.07091212886015823
1.5492452344437884,0.9455295173690547,0.2464095389322223
2.163869383217279,-1.9567055940921327,0.06062768562486064
-2.3976623566257813,0.046564590319463854,-0.0952329596151585
2.0589970653276195,-1.6426974034029498,0.013069782268995245
-2.0725531502365393,0.25749008799899165,0.06926426154017346
-0.1758579167950482,1.2156405837144404,-0.6967873244814349
2.8997151741785387,-2.285918838841426,-1.0056816360617857
0.35653310048905756,0.6395624613783892,-0.863807570642261
0.06822890323934823,-1.4038003273557074,-0.7003525147810514
2.108422685822686,0.4321539651073095,-0.20451889481595373
0.9948288809669645,-1.4262896733222008,1.4050640170762134
-1.766043689617622,-0.2841851578698336,0.8884172996429385
1.473412417645577,0.8938185619835506,-0.06975078286304504
-0.5235947995594868,0.028923548885307425,0.45309476566752055
1.5088630182946028,-1.964827981271914,-0.13570070118174357
-0.551300939213558,-0.5564758521453481,1.435712094089865
1.2802947936804479,0.16758595542553328,-0.8550486924023611
-2.457834737667121,0.21016182492989594,-0.912771238885117
0.5660055443547574,1.0160104337547038,-0.6482259593401746
-1.927398265029858,0.1612202501551961,-0.46956069032208
2.4907706482344443,-0.476423218782498,-0.8987003541001798
-1.8077552050927996,0.41893741893741604,-0.18389525562761908
-0.13349481272895602,0.7234549155114889,-0.2862543375499858
-1.6331338926311059,-0.40136555558433656,1.9411312973172137
-1.9668074803475513,0.4398553059919343,-0.7880783448565248
-0.9204549930705633,0.8507465472716629,-1.2785839981276663
0.24282884475227426,0.766410374909988,0.6769600066431043
-1.9735851456615894,0.06686904441196975,0.6220306275207794
0.8140762183225444,-1.0806503058911234,0.5331007685886096
-1.0719846899408105,0.18744494828560357,-0.49141068232892976
1.322496490331782,1.2914094744862834,-0.12248991491449698
0.8304340680955381,0.9149329000971427,-0.6606601315575912
-2.2212632056014097,0.07605793233903235,0.29632748503603945
-0.263825133516834,-1.4790716456611828,0.3918790653794057
-0.4568274689915076,0.9049265819166757,-0.29104007757532024
-2.0294410034840644,-0.927691421614773,1.0951435655621362
-0.3723121883819868,0.6954446436129305,-0.8963332184394358
-2.209420888401106,-0.4045826130230404,1.906225051783857
-1.9752724264745178,0.20199115237620346,-0.18426187723083634
0.4605871613147687,0.1009771198942414,1.832507916313373
-0.42223850096050886,0.16182651807213802,0.8019670516131976
-1.6307090352517457,-0.5894154083192849,1.9333727015820206
0.9487551830430779,-2.681925694272195,0.17160135298082968
-0.5485337087409454,1.01986191380974,-1.0324221285161252
0.7667640376732289,-2.1421796626695597,-2.3176235703088914
-2.188423751788356,0.14858652582136983,-0.44431022192100705
-0.23448820187618302,-0.15388675269143245,2.811333613817356
0.6318883538338085,0.4382141452264535,1.023676186955723
1.4097703524987213,-2.2994207079398907,-1.6689039225606297
1.738143284414275,0.5372474218453646,0.8724279719932765
-3.310805561964809,-0.9581885817394348,-0.2381472523480282
-1.7977783386886756,0.48546219867487256,-0.1903278652375238
0.26811918074524704,-3.08855527187343,0.97441744969055
0.8908515648883301,1.0314247082212666,-1.0928156884328561
0.25036284639942835,-1.607254975578895,-1.6200076606697
1.0253722298094685,-0.7639534293342216,1.5487773746533788
0.15257129896543034,0.8842469692615057,0.05708715242418069
1.1286050394665428,0.8350284895152471,-0.29342187987828244
-2.376302600602795,-0.5802637592862707,1.8444715610811904
-2.0661912011943646,-0.07231917070496902,-0.14772278019729249
-0.025900805334027947,0.9882791733302378,-0.5794358623194984
1.7756765302922957,0.07628084643365993,2.0785461624781907
0.44612282566391614,0.8718287826720351,-0.20808088927974913
1.7694322443754342,-1.539736238728524,-0.011506190204638327
-0.5572523700807991,-2.5439083087484935,-1.6406661440935484
-1.2292923893888485,0.46487375700971917,0.6021638257993217
-0.15762083425101153,-0.12258295182198402,1.47418735773484
1.4870289705875828,0.8364198982414848,0.11851142161668705
-2.097344922124176,-0.22401730541430517,1.0235161443450278
-0.4799700705598916,-0.6096186289444513,2.738476103443894
1.4892822523190923,0.015813321996663195,-0.6784425799559202
0.4920251135275353,-0.15525105121907543,2.7782579895466313
-0.17131301303616975,-1.8132538901547157,-0.5661054737423569
-1.0851395029047253,-0.06752296337385512,2.0274977909946155
-0.8595700763125166,0.5719758631375114,-0.43269569900868005
-0.721368383776887,0.678583663231805,-0.7702995264673183
0.8825867407288984,0.6470155094839461,-0.21743650470587686
0.29483259183340027,-0.7412212930976505,1.0875361882672563
0.6359080940552316,-1.3713338971455402,-0.49974280196116366
-1.5948091694812547,0.4525321027083101,-0.45217958629650784
-0.40927098574685616,0.6278638541910078,0.6112123952398928
-2.0715406868625843,0.4397248970100898,-0.8158217882024257
-0.11750767561446435,1.0808543335318608,-0.468113494188331
-1.2211768430858396,0.44960130265952614,0.4560320408304824
0.3592746146575667,0.2680692453151974,0.634496640608349
-2.1780431435566214,0.07882665385923415,0.16630281066535735
1.9026719346227081,0.9108040408347733,0.17313957514707645
1.9001412344173323,0.33716702262293125,-0.5578756050576835
0.9054913103360172,1.212140776346168,-0.8547129078638274
2.2624348063617967,-1.267812217582606,-1.3441132635047215
-1.426831207600805,0.12683050556641887,-0.47262367548709633
0.06471302068953055,-0.16524969546612692,1.0104480966870524
-1.6204968950654122,-0.013487567564153766,1.1734165329258883
-0.49032271412665607,0.5351842454845933,1.2323092032500704
0.45156849588134107,0.010567931811000469,1.3114915126052318
1.5652961145952529,0.3197432939496848,1.650611043110146
0.5675063498172644,-0.1086176444185644,1.6485208044686432
2.491406560073118,-1.6827027202257518,-1.7446484118613048
1.275818183425178,-0.11048511184172376,0.19058988235839533
1.479858905674672,0.6106098364273799,0.33815573059200094
0.24615444185480195,0.9938958514299401,-0.775392246359812
-4.087083380639574,-1.42452666887507,-0.10927014944028972
1.0074153485961004,-2.0546772417025654,-0.34339221280880683
-2.062761304655309,-0.22571873327303907,1.9881148840590108
1.7550858907110065,-0.143075373781397,-1.0838417505565665
-3.465904372084598,-1.0240348179704577,-0.3112456991505144
-5.270060967814448,-2.0521088714891933,-2.214073813130369
1.9910697631515173,1.1612180870222066,-0.5722757218551063
0.4625713384115715,-1.3498574122103117,-0.3929165446629099
1.8328751205664728,0.7170990558660943,-0.3612499765327044
-0.8378129926873524,-0.1519796541993589,0.9522670777707566
2.164074158832445,-2.4977544634399145,-0.16682474606230022
3.2663430656502888,-1.6810567191489674,-1.5161062242040624
-1.1980089958120097,0.26358855849083446,0.1573296266318852
-0.32400601737892376,0.42163869439812146,-0.06471007032441574
2.6345984829540803,-2.0555218577370953,-1.6007407379799736
0.5998004256125564,-0.010836936270801728,0.9394643445889713
-1.715894459540017,-0.06141745208336022,-0.2709450393327179
1.224614155231378,0.9583436475983917,-0.5966606856558528
2.8617099196928772,-1.2295317930381433,-0.6413357004695892
0.6483091290306134,-1.0263390437898265,-0.4799569928741472
1.0818205611683505,-2.260692344024219,-0.8166489669232732
-0.20235797592890228,-0.09423544146194321,-0.23713406921017777
-0.943729388991074,0.7843106341507696,-0.5242447454947534
0.538598505472648,0.6683567201893931,-0.16717725409702935
0.07606717625221648,1.0015795208881333,-0.6227336028804025
-0.6197748077116768,0.5417010336377529,-0.17286889765539712
-0.9271988992666452,0.4006328636075198,-0.44850690010218236
-3.6095298916385254,-1.0196212185983289,0.15468238637159326
0.9928787785078643,-1.9371024219946484,1.011353709032839
-1.2068720708730716,0.7447442718303705,-0.31940172934568933
-1.1212383108343722,-0.530175430275934,0.577501065052998
3.5705052678016767,-1.548165010025821,-0.7473703060808201
-0.5867150119717659,0.8697369287253442,-0.5203628169532053
-1.6390416948999973,0.26752857217701026,0.5629311378167728
1.3995661970571762,0.9435059220983747,-0.6286023027851079
0.8460496196572956,0.8814416731063272,-0.8140078288818522
0.7379812316984391,1.030499478615662,-0.01929431290409437
-2.076421323697374,0.32596601258417357,-0.5682509552552202
-2.015783878100572,-0.029961924456078592,0.19170969939324797
-1.6485655642431352,-0.18748271108818618,0.6583022313524108
-2.830289971433747,-0.5478695688543859,0.7589754047868013
-0.48663551587914455,-0.003365268480722031,1.4510486319228775
-1.2754901298412902,0.0359704777081799,0.4598363338565069
-3.6175388985347814,-0.885148397565309,-0.42624577261424496
-0.2510810530342873,0.6822301977149053,1.2443366452741516
0.4826521076719462,0.8001226279317555,-0.5314392470246355
1.096599148741447,1.4311943611697215,-1.5852750475134574
0.6705922832856851,0.4783164501585515,0.10679176017247727
-0.40096170959264965,0.8897035834063602,-1.4692564813940339
-0.12383883502739482,-0.05201327831933844,1.0946977890178136
-0.21126352953455968,-0.42373161621075445,-1.4249668231145405
-1.563759623982051,0.5605586557346695,-1.3013379185643037
0.15134220555572153,0.7346656552389079,0.8306149514096881
0.46313210077122563,1.0203815349909855,-1.1833846200138443
1.6246819060415048,1.4571653392301713,-1.1059455070464324
0.5825335844342784,0.39556392474622626,0.744889212967697
-0.7789893120690031,0.6813471086683515,-0.38603199799074756
-1.7801352077342782,0.14687464709770465,-0.3800706221131148
-0.9315789568049225,0.036145198582866724,0.2495811607230043
-1.2758500049360986,-1.319189556380992,-1.6687400739187934
-4.0511495328163445,-1.7310325600267449,-0.4252355353177845
2.1654312253156487,-2.1085070255370884,-1.449011998966603
0.054897464069873565,1.1766922332211769,-0.08858439322936199
2.5075062590099675,0.014141208721969644,0.6523050694495809
1.7206767252117536,-0.4404476670396121,-0.6042877775221487
1.5331254770169787,-0.7558984016947442,0.7651287817849836
1.8477706907079616,1.0300573977898366,-0.6065397537240075
2.007847259909322,1.2120385768126447,-0.2900835629916012
1.4106888335792866,0.8290852412144639,0.040161627714712766
0.7228732091462688,0.5758958645395943,-0.9538043849156083
0.06801439429385611,0.7619054477791499,0.7357553504048334
-0.9718592956161919,0.4251198666059369,-0.7132180187029692
1.2726254641525627,1.3090018813118134,-1.0422193758957283
-1.587522502529709,0.7092643158958768,-1.2741444873325505
-1.1839932153952488,0.22138537732738822,0.9093453918601536
-2.2392427081111235,0.5335992209691969,-1.353410350248646
0.9235389210802175,0.909117904169649,-0.6376145365485921
-2.51531867006258,-0.12957231901462152,0.24844054787286549
0.363572366158401,0.4431980101214846,0.4986780411821671
-1.4636076051130547,0.05913738853133261,0.5396136787325918
-0.8775570812461339,0.4038302115356809,-0.24666167402457487
1.236562349852986,-1.8351886233456507,-1.3226994888386538
2.50077530688498,0.40527273983802975,-1.0210123306270915
0.5061214187402046,0.6046242814246626,0.06634357138716108
0.9022856170656876,1.1904430997092894,-0.5473996357021106
-1.0389183141363454,0.8667385218763904,-0.3827166750812169
-0.39003720541921016,-0.9007170099334165,2.2251891084405626
-1.0855839893908859,0.10690850266420564,1.488493113367947
-1.902976165868317,0.2668907035575638,0.026619919819173166
-2.3987786341701,0.29802269154277505,-0.7406286216604541
-2.0737136881091267,0.08199342393391246,-0.6944224937053727
1.0670415365202748,0.7169148350068781,0.1461213633081377
1.1987663475890167,-1.1561080854875283,0.11658355869285568
-2.4610588773167787,-0.0552984782594398,0.4610280884925648
-0.3430730881335,1.2266668379201215,-0.6921969275069177
-1.6476441867208764,0.42175922194921234,-0.7328094897388889
1.401323567254469,1.329587032829754,-1.2161462294747125
0.23676728434234456,-0.7796501325699785,0.8439299217423856
0.5766127753018665,0.8623073952086651,-0.4783918594329513
-0.16413883670313495,-0.00838073965547364,0.9153716970342225
-0.21410216160633128,-0.014996670680419677,1.2774915054418319
2.4149692986928555,-1.9580569140430333,-1.7451556401423276
-1.083574401554849,0.6427769115153681,0.00019060458219622673
-0.7104610289885624,1.1690556740776108,-1.1166560810652975
1.049915784016876,0.3652040422267622,0.32509325487386903
2.223652391335597,-2.413550222026897,1.7604077712008632
-2.8846393891503355,-1.0874206627892515,0.4181622468434021
-1.7463470245052148,0.12242064404834233,0.12751683546470755
-1.9086437034726305,0.11340728494949419,0.6948616675787784
2.5932275845729333,-2.1708186321192002,-0.3994521603025684
-0.037212586076095296,0.858076987558601,-0.9020571084670558
-0.9921541597567801,-0.15518512313276442,0.7883959429888465
1.9982952675509367,0.8888281642522421,-0.3523690111728711
-2.77346105438417,-0.20701345609295477,-1.1548610234081957
1.361806570647229,-1.3512279123414388,-0.8041688767255704
0.38388336751927404,-1.5444399162752778,-0.5487647404926744
-0.30958437983169645,0.8522621768516317,-0.2790790128803244
-1.9353199194617288,0.15553464796635363,0.3273728112154985
-2.1884757282353826,0.5005190910028346,-1.1050251256849584
2.281667222894906,-1.3595715045590704,-1.7289516320800955
-1.2911398538640806,0.3313472914728117,-0.1822157547055083
-1.1607440175280086,0.22925122461027925,0.6636129527823474
0.8862272214188399,0.43127206837700827,0.9255026492690258
2.8240578553568594,-0.5559839111775179,-0.5599730090556257
-0.1958465409952509,-0.24573906156492345,0.10127943539122637
-0.09980982886279634,-2.2033411572264257,-2.0157155226553987
1.7226344032894152,-1.1872185656986651,-0.20251139535306048
0.2783219698279987,0.8266975098864305,-0.12404387265966646
-2.2406045713090355,0.09822780399217457,-0.01063961784919785
-0.12825393777261676,0.3902039788848905,-1.218637358681731
1.5616708056082427,0.12764215000561013,-1.4958628930890538
0.17706328191951018,0.7981738840114654,-0.19278056504903965
-1.4802944525526254,-0.1800747467884738,-0.06513339752707208
1.8890937740877063,0.37262476807280986,1.585384928070595
2.6602287194118337,-1.4532896654018788,1.4683499461024427
0.6074417219929709,1.3864426304485218,-0.962679842691652
0.23315714516282685,1.1507934081445563,-0.5447561648873301
1.816514329649117,1.1377144825986827,-0.4876505735721695
-1.7933730923370559,0.7752716389307693,-1.668445845138178
1.162365619701047,0.9646272904390532,-0.6256883192851991
-0.8679644597436944,0.4310042632510755,-0.327551520814647
2.166388238329691,-1.4041605356318234,-0.2946042804934393
-0.613379759100537,0.4051560308314663,0.28760169975049205
0.20508005069073618,0.9496116273591756,-0.9582865112123718
-1.490206106823092,0.5916916631891689,-0.6857814668233583
0.009076411686952774,0.23637706683959198,-1.0173799692290826
-0.862646846616414,0.14632743754150548,-0.21247951860777445
-0.5919137484381954,-0.8955032651999032,1.2745793789900497
0.1672403206251258,0.555695894152368,-0.06924537880255222
1.059744204350131,0.31546498974391934,0.4811021345833589
-4.5342227860675,-1.502936015150258,-2.2147027442000735
-2.347922412299585,0.16773586333087026,-0.4866514154351451
-1.237297917174302,0.30647389676834846,0.5983176243462126
-1.0162896186226182,-0.04716704229960944,0.873517983327443
1.8569531548674536,-2.6854363660455722,-0.6791779471300948
1.754503287853091,0.6002347138973388,-0.01668761834864415
2.4833125675486856,-1.4646756132594256,-0.2079749180313699
1.2719528170919994,0.6709606686535639,0.5832593275340022
-2.406676379385484,0.11848910120954409,-0.025566666098673443
-1.1932661071473507,0.17538463598839285,1.0155530821157996
-2.8119881069875303,0.17158010069468232,-1.487162036494395
-0.9351649984239426,-0.13458743449827104,2.3118907810440157
2.456329341719493,-1.1177938799050993,-0.4429444734019062
2.0595006628034507,-1.133592032570048,-1.185155941262094
3.14946546771387,-2.144866336574979,-1.2940329702582938
-2.711852135108544,-0.2153354596468344,0.5183955982950822
-0.6919010470448548,0.4953352839482668,0.34460773840796566
-1.0317130158572703,0.4381144639246416,-0.3340554404344494
-2.2106958570818103,-0.40819435407382015,1.9169762339521563
2.1184688127266207,-2.2949630409938004,-0.8102691723781338
-2.1283309745564662,-0.5483893454063584,2.603404025403417
-2.4591226007091698,-0.14131788007874682,-1.0652511876127777
-2.385460216600852,-0.1549595810918901,0.562392442562574
-1.9494362883049243,-0.1088760033197554,-0.21777477940400974
0.17639020654280593,-0.19425463445370197,0.2918241507498772
-2.3548391146205367,-0.6396312591598426,2.4559871129525868
-3.4534392740229323,-1.4567244568264388,0.21280895805865888
3.147404461924286,-0.5923175240029649,1.647641412343198
-0.630263353256775,-0.4810412148821927,0.006692998138655725
-0.8500944540518326,0.4394470205091815,1.3857460322940742
1.3832057782212281,1.1315438545509584,-0.5593599227973542
2.057824326402811,-1.3704305291630678,-1.143948767662276
1.1640381468827399,0.4822164905171357,0.7694397736868891
-0.8524914062205932,0.7474825363116349,-0.44904773046481034
1.659186055969085,0.8733579522205892,0.1574418428546111
-1.2183181118353341,0.47793598693695943,-0.1541659458533604
2.892144483401275,-1.8553288075922825,-1.1487062865979687
-2.9937956763700457,-0.5400714175044804,0.7504236409444648
1.6571147407971176,1.1029469067851545,-0.7149198410191872
0.9429656059911885,0.5514186266100118,-0.05456653749918151
1.3359632835497812,0.045219932105796376,2.758602477183864
1.5620178998568361,0.3739869180444789,-0.38722267056001664
-2.8322389306865556,-0.08241223006989196,-0.6119047280959269
-0.51192131411417,-0.5434735853922577,2.9175187687029367
-0.8578463475787814,0.6731157498560159,-0.319850250282219
-2.8026339283945445,-0.452770396959549,1.2558997277232253
1.1837269120375742,0.8252308020955401,-0.6936352999512929
1.0410690321138873,0.9281969147805593,0.35700737007994204
2.6286263115331114,-0.18052683477877926,-1.2003911848758397
-1.6552731107522396,-0.05280463037357169,1.3826253105169535
-1.5798102998369223,0.04675257392291401,0.0224950578323241
-1.2645415001176612,-0.06428305366326302,0.9808081895900724
0.5936516110568023,0.045841463915252366,2.7323047316118836
-1.8175770944837357,0.2009472818014546,-1.470953882165752
1.5518933624160254,-1.8380828370472564,1.1745140331889852
0.4368267683795233,0.6529659472573153,0.1404097665528323
0.5662217182639157,-3.3756224611728944,0.43505671363212933
-0.8232550889623202,1.0269290421007564,-1.4000752750970176
-0.056305403902633756,0.6874973636514016,-0.2823458782132992
0.9322448761080193,1.3644529547585753,-0.9249177653145727
-1.3103453252347703,-0.054259635882655005,-0.5053191723341589
-0.31048279743300417,0.827988884415737,-0.6674996065453659
2.7126389661005703,-2.0924817494829213,-0.2204028337129553
-1.299683356378351,0.79735195410375,-0.9674235739982388
-0.8255267085175172,0.2534745435653579,0.1611246936965064
-1.2841868556086782,0.8592763478974721,-0.4343088226017056
-1.9832497807165417,0.008454625089470237,-0.9568107769120101
-2.665190783910735,0.19417739829206632,-1.3160472763263964
1.4265457047933727,0.9299616719276982,-0.0410133228135574
-2.677122823154788,0.19984107108949978,-1.271458206909738
1.2413183318228818,0.6724501162706135,-0.5299730819175068
-1.0781978535648225,-0.29129690990909907,-0.8718538125958287
-3.83290775403168,-0.8246654331466968,-1.4601013238115899
0.7860242845400423,0.5591028849133154,0.3338083976558282
-2.2177269316755415,0.33992897655836996,-0.8800336028961615
2.4911088856707773,-1.0258779083918736,-0.5601824598504459
1.0734387704666688,0.2515966599053065,0.9395789452504294
0.830848879551128,0.09803065717277203,-0.6346203711296522
2.0769251293450504,0.11462215750489985,-1.0366846366482705
1.5820406353263918,-1.3773965681427676,1.9778245401642962
0.5020195729962397,0.965468624632178,-1.0196433151435997
-0.9181082938611193,0.5830415714610223,-0.6155499084512969
-2.4411677741522273,-0.5900986017244225,2.473117514473425
2.5783043297142028,1.0525212232405075,0.1297705448598446
1.3258292534952387,-3.951707076648452,1.7891271555384503
0.2005919087693923,0.4145880674439399,-0.14804059231056485
2.766124859026501,-2.310568068185463,-1.2321366478147435
-1.7200225465777115,0.48937133784410125,-0.11349805188756942
-1.7289400458748088,0.22922189919082672,0.5884935355934915
1.792512468794986,1.4180219899079014,-0.3833721606166983
1.8034642323498913,1.077072545801298,-0.34443896717475414
-3.292106021314484,-0.9052163796613241,-0.3958312574831048
-5.953849143560909,-2.567281656274865,-2.884413742667679
1.220671382396919,0.9184993061684055,-0.39341202782903684
-0.304692096492463,0.47320653028382414,0.5293321112630832
-1.8746952992565558,-0.2034071222507449,1.8455896789129487
1.0672307022080056,0.05326408235357104,1.6738048352904165
-0.12641923244623623,-0.2867757395954697,1.1739879477502244
-0.26174163002742745,0.3596523225430183,1.35326558027302
-0.03707718940626901,0.9363821783881904,0.10090078898611539
0.02819231068665989,1.1601821897573006,-0.9319025012650924
0.39675864740453304,0.26255054359641644,0.9024534505163201
0.873884166072808,1.0808188344612415,-0.9560824966284013
1.2498904978403313,1.2051332494669729,-0.7944786825457341
-2.1295400847364414,0.4695759250089664,-0.8311632511658356
-0.15636766633580368,0.9127767953410264,-0.19010977335320298
-1.9239444592743151,-0.16602730055726286,1.5844054279584259
2.8741470710323798,-0.16401103582694918,-0.7346957606871075
1.0572897145474442,0.7458466989574404,0.28005138526231343
-2.637809313672759,0.27174383704930016,-1.5469417124170453
1.0865570934817097,-2.3393506347728192,0.13081705700392315
1.858273577961879,0.9208914295174879,-0.7597662396228748
-1.0828455520957814,0.370992904500863,0.11878947443533265
0.8436395743307794,-0.8979814228240626,0.01391583733569348
1.5455262913532197,0.8615614954685775,0.9398650026131791
1.979762760429242,1.1422752093961646,-0.4948963050715977
1.9728029706565609,-2.6333154781286874,-0.2814566011057066
-1.9036043935805154,-0.00924166803823056,0.7147401012215773
-1.5912160307915613,0.2858175538630771,0.19399937849430693
1.2837603820815389,-0.5458819740153279,-0.12839187612034697
-0.2747064107647628,0.579756553948143,-0.44209831357588564
-0.2705237374710923,0.4722026759089114,0.806870563754156
-1.7504371843867153,-0.23478676808485563,-1.2512135423559345
1.193705562130794,0.7899819373216417,0.46659406230447387
-0.9593769761830776,0.5833272580361115,-0.30190994313723524
-3.420483310532445,-1.186473331192171,-0.7415705622234431
0.5191183627356108,-0.10288101140476057,2.7145152073363485
-1.1318607452471747,0.19388005354189586,0.4544130428174922
0.651708270312716,0.02388581701430851,1.6857816011569058
0.36944426093352306,0.17727074486909197,-1.2982237202183537
0.6513665128747381,0.357988560187284,1.6090802417842331
0.3758903380946542,0.7320709211171085,0.3001131448012017
2.2925344201701496,-0.372659299279035,-0.3281935378413887
-0.2822375044176775,0.49701448575212753,0.9553304022616231
-0.9214576614564437,0.25923186295693923,0.7096219862674241
0.32545007350984523,0.7853049692055799,0.5790366734853063
-1.2573951476131202,0.4706938789291533,0.15913088503468267
-2.6411135243189716,-0.08842529421598606,-0.9242707332598241
1.0695570340052145,-2.2002987846192825,1.1317969610861047
1.8201823012790022,-2.5152483986059995,-1.0519301182623448
-3.301896799015004,-1.0501436959367094,-0.278911975009505
-2.3967878583552915,-0.18109360885705109,-0.8583832661319478
2.9275790928325622,-0.6851478577539525,-0.6721106511837435
0.024417282900581525,-2.968045782239072,-0.4725853806570017
-1.8131757932355719,0.05029952193874086,0.6566924052004175
-0.6231766866356506,0.7311896587512874,-0.9827419044389033
-0.44804455389717424,-0.12869993091375778,1.883770736241154
-0.6046414699501856,0.3113481023209464,0.3807587065429267
0.99597063485012,1.4453056080605333,-0.206060332304605
2.252326899671953,-1.857651666754972,-1.7589516294428416
1.314230112617809,1.1583810443915175,-0.4565898530952323
1.0997875116913767,-0.2556703952907698,0.5824721068836471
0.7599408441551582,-1.2669392502660184,-1.2388196225279595
0.36364540373811094,-0.002159859472508555,0.3056405579167452
0.710313790828082,0.8946323073978506,-0.39374959463083975
-1.1100054188891049,0.15662585103678256,0.9682654358891508
-1.838086552162766,0.5284375797547918,-0.49889274262641053
-2.339422621094892,0.19181413700273914,-0.5583259632238177
0.19802931205903423,0.7589045023315049,-0.22950692446821527
0.28801639738523815,0.24654643519262004,2.3597085349880573
1.7242532689283472,-0.21302828973863233,-0.28899282506097623
2.1556050762069443,-2.0758922478952084,-0.7230002529630464
-0.3329319349871941,0.1740768537699789,0.946116112995011
-1.2147945771982163,0.4435631443957725,-0.12247554653860779
0.20868130066850019,0.592453895131081,0.38516220661287004
-0.09308148740858685,0.8374340672605253,-0.0689622322764748
-2.58350201650028,-0.21930811912850542,-0.6992435554660786
-1.261461028554712,0.4135477744878517,0.25807930370212073
0.9304075288459442,-1.2406915279357906,1.2632365510550054
-1.0312034223652895,-0.22583530255480164,0.5035734359482871
-0.031079525969142156,0.2473116045887465,1.0820047299064128
0.7243662766780715,0.9133379796814184,-0.3517491034513959
1.2081802384533409,-0.1653332383087728,-0.1954488498084597
-2.968081032758807,-1.1961366793196253,-0.20355268306238433
1.153750854506585,0.47930000261745764,-0.5590096377552598
-0.08620112147836237,1.0321114053964195,-0.11165602930944662
0.6720006483691693,-3.728840757260269,-0.7125844277519496
-2.1357713349016065,0.09813755245076475,0.5743380717107687
-0.04035907234099491,-3.4217096405085816,-0.7166506440019743
-1.5079762670197152,0.48044831477924993,0.23991049909085768
-4.173436184400146,-1.9005539042422483,-0.07053063634536541
0.7190974737958391,0.6074038583640672,-0.4207705486909081
-1.2390891782002718,0.5207351648010201,-0.8772316826500655
0.35136572120570436,-1.2152653150651076,0.8110161615242675
1.5687450009555788,0.3541967896953195,0.42823903874369446
0.11481853424745293,0.5614149862478667,-0.8307582755887236
-0.02890450231742134,-0.37998806028745036,1.168489774090897
2.775817362457718,-2.1466907474715624,-0.8181634496511175
1.8147006904903593,0.791878038707396,0.8626322526789006
-0.781424984664973,0.14768495338652088,-0.2777426615247616
-0.725185328669354,-0.24511763443471138,1.997267481304448
0.32216444911239417,0.8739609568510535,0.04232045944692028
-0.8879165054977703,-0.2531511815638083,1.318395403155836
-1.0035283860208053,-0.1072055619905927,0.7059083216951245
-0.3007696449033123,0.4264907085041666,0.4478137036467584
-5.507562743634268,-2.2509498555767835,-2.356801263204611
0.8343769195461193,0.45907269464650013,1.9361333613588547
2.2052225673829318,-3.0160383326382108,1.2314406243554228
0.8332754166536075,0.9681021941972353,-0.18972395417263785
0.5898968724464629,0.8081346388695776,-0.03314178235656826
1.7519497741631225,0.9189804783634017,-0.022831925712242122
-0.8836123428629344,0.50386874617994,-0.22995912097786622
-0.40619056595959757,0.49390383192635423,-0.03520594043376735
-1.0572583640474016,0.38377519341705546,0.5451449845702402
-0.5704219175310887,1.035920649370753,-1.385499065501398
1.7226720902739743,0.5728184812068513,-0.22530397062284477
-3.8847056355665184,-1.5595691606239535,0.39835789582329595
-1.828481567238613,0.47791957352458375,-0.6015562954429694
0.44434606196518134,0.6085946963733192,1.8440753873750761
2.6689635857651837,-1.5337598172899236,-1.0323896179197165
0.5230601403916535,0.7895327706210763,-0.13886476439491693
0.28266893306880636,-3.2591336146965717,-1.191039894139528
0.5758624663940293,0.26929693591693593,2.7575669183917224
-1.057341308243964,-0.12690298205436984,1.9891870908319835
0.8225717202053632,0.5879115372411096,-0.6881925812136961
-1.0501586215054601,0.20896839120163505,0.49796538755127767
1.0599342402290355,1.0009104378677445,-0.518854640641624
0.6281134533464814,1.0927840558527968,-0.4738037461534394
1.9025917104630956,0.6871285537989001,0.6170628486520798
0.7592754889004597,-0.027523911054890167,2.694171589698068
0.45625396167393684,1.0583877224995597,-0.5176234976317133
-0.735352978732213,0.8246928707093301,-0.7820096457348797
-1.1515715995591573,0.6862444150378134,-0.18694258746847167
2.257051008594736,0.997289178798142,0.7450418707746997
0.717760821520152,0.7358942265374929,-0.33516440686888443
-3.0666637121983302,-0.367018683441025,-1.5323825012835637
-1.174504574105851,0.3276985891112205,0.15919874282541985
-0.8499582290546667,-1.2588487051912007,1.8159326464228398
1.5185357720103252,0.3395917100665788,2.0908154123838414
1.6826340884644269,-2.508351677379457,-0.8773695486683011
1.1278968381266994,0.5661053644971098,0.38495513885220795
1.6377049503497076,-2.3578017772049753,-1.315650673390824
0.6185649326778864,-0.6796412964181847,0.2840469384482878
0.7889428613424692,0.7833193241891904,0.26815252372657505
2.130541626801096,1.6203340084230167,-1.0188243211544679
0.7564265414193924,1.5334934103821916,-0.9760575434105595
-0.031039485431488715,0.3269965568984381,0.40949605386087734
-0.4232558802456684,0.1769702658748013,1.4743352101420064
0.8402926820495574,0.32582266658474895,0.29114810143393766
1.8972361181042576,0.27041613729419983,1.8231675734877153
1.6755833134230744,-0.11783051531313156,0.016846346688711433
0.9812777629468525,0.5173488158835529,-0.30730893928110287
1.6461390356831294,1.1276388430040434,0.6771971024727954
0.9288187779032527,0.923233957032671,0.43525964297640973
1.4136096962409137,1.0581913730565122,-0.5912019895772695
1.2372174458522658,0.45509136782885456,1.5995889286306022
0.35267550811438986,-3.702287782993839,-0.3887199315302858
0.20588254179523766,0.21292815775635335,-0.5759613671600687
-0.835176451394579,-2.1887631985943314,-1.3915943563943556
2.079680747976007,-0.5763813166230638,0.1791332790440351
-0.25699854886282325,-0.0740340213608574,0.7962293155192517
1.324638802850465,0.6146929944789706,0.16688997778839085
-0.4370712319579464,0.9423623879997842,-0.5633460339695067
-2.4640815436774934,-0.19780795805859372,-0.2092588705143797
-3.136039312915378,-1.168471629745045,-0.2558331398202421
-0.230894805824649,0.9205175885474303,-0.8565201023980656
-1.5631770316874585,0.18784939979758428,1.192116206190209
0.002730993810540524,-3.4168356970111273,-1.045649440985037
-0.44625710854820977,0.5664714227707783,-1.0746136874013998
1.8413991075724814,1.0351121469175855,-0.1554227363600528
-0.36354031267866493,0.5050004153983509,-0.36948395625745234
-2.457812422053786,-0.2804857472343351,0.5023692965216188
1.8001833604600659,1.2569698777719545,-0.5836742512700398
-1.1837563660889467,0.5561103426771722,-0.4175941377650056
-2.7625873143664332,-0.6471886075219861,0.1407608342964263
0.3008219267488594,0.8529665409403465,0.1662634924867512
0.7585555602414306,-0.6676929645306976,-1.215246233424725
2.1956766870219075,0.8262643504832219,0.43936755564064045
0.46447399938637335,-0.3459387938380046,1.2325655786915708
-3.013432696568843,-0.31836909420615445,-0.5249577609253772
-0.9313540575772584,0.2638040571886149,0.31984699736242905
-3.5578999592870684,-1.1842036175424198,-0.2999848556321979
-2.122903414929423,0.0203754699208466,-0.25796033261585827
0.9155085363632219,1.5703651813346582,-1.4382551880371248
0.9499392529312801,1.4918007762155083,-0.494378519207696
1.3695337012327844,-0.5636038322464002,0.3690236049652129
-1.664124519373898,-0.4294547470490741,1.560340321133676
-3.429048513509327,-0.8054148344601082,0.10175660061238458
-0.28523141580547023,0.8232859103785753,0.07998671485328306
1.8103144656772236,1.1784983206151036,-0.5171140503773491
-1.0854441347570316,0.5597532358281382,-0.0057123087196575195
1.7394613551098184,0.8786189474175378,0.7785028746464612
-2.0481883444883033,-0.1414899677163736,0.49297455184520733
-1.1284126273563102,0.41829933814709197,0.38463376741250827
-0.25707961163178505,-0.09369811982597133,0.2015061903480138
-0.5448520086053983,0.3818063755456817,-0.11540326473740567
0.9614359441582987,0.8577411124648642,-0.996297293745339
-3.686358678092341,-1.1775611002220718,0.16042200719124766
1.3071866922448376,-3.2120969302139604,-1.0746899682860922
2.29529658288247,0.9789144172040334,-0.34900025749139524
-3.2384888115231347,-0.5626584972538144,-0.0361547203819645
-1.6408662711530686,0.1481454737285766,-0.1454726910465795
0.9740994386405455,1.2283985794911487,-0.6230479715992666
-0.7654717546320561,0.7191357230128324,0.05805885492834478
0.04464380727151627,0.9931994853084084,-1.1616147624753306
-0.6573380782606771,0.08118076290869661,1.4969253919342667
-2.7466071030627472,-0.11716395707306664,0.10697500630044457
-0.02400053461227034,1.1116949669719565,-1.747214998925866
-1.4545676965577001,0.6926484249419319,-0.986302606480144
1.971595249522388,-0.11261618898857896,-0.9741572805901527
2.1332703196236116,0.7834212074325386,-0.5087336608135795
1.4143216329096864,1.2179824513304434,-0.12994151395485623
1.088698900325952,0.6916596590271625,-0.603105761894009
0.6643404306833656,0.9142614302401424,-0.646162960752247
1.058938955478328,0.94026361489222,-0.5589042027516458
1.3964601134341568,0.932833063807636,0.08815172566453905
-3.080271269527203,-0.11445863161888893,-1.3703252313625205
2.4361958620358934,-1.4355083073335964,-1.5852352270617407
0.4142235585566646,0.5860412610427644,0.6316766797432442
0.8774049090953885,1.3657586470658087,-0.5528657820817504
0.2471630440238928,-3.5261109057369993,-1.0867978582573472
0.033457132430810214,-0.05549796370516752,-0.418469097114976
-1.1183479533769904,0.062146682847334496,1.1375007181793706
-2.2829502321562956,-0.14189873608949694,1.1389470034928688
-1.6752720602393874,-0.3611006072615386,1.4479272068736797
1.3488796797639706,-1.0544633552181812,1.5768246944263875
-0.26175149339767734,0.09218400873959541,0.18205608014081576
0.35635330941278665,0.2569486083018632,1.3521598109166106
-2.3707523814637237,-0.28473735600234135,0.15662827639985413
-1.7504036978997455,-0.06596435110157274,0.8382028932653275
0.07560126675082515,0.5507203807702786,0.04869289310150283
0.3096835572397535,0.67799939927475,-1.0047747879581148
-1.4742039628820844,0.06858479004863097,0.5729396049253166
0.879681239246129,1.2369893387611894,-1.2014915702622326
-0.6703841389760359,0.5377587324348337,0.057454911400411826
-0.8155371346523286,0.6769802952549488,-0.7759898155991303
0.7080565089907213,0.28825263427131437,0.503188321902513
-2.036272932992907,-0.20817290366723087,1.1569903407073026
0.34742254707328896,0.7708297315224297,-0.7440713102754932
0.8975850882670384,0.1671509139685453,2.790444789107514
-2.5914859135770962,0.3222645374385354,-1.20108549084281
-1.2336117341328068,0.10055807965415102,1.2997399255688746
3.419328307720999,-2.0719397317006694,-0.6239620708604865
-2.117213543632714,0.17468899605241783,-0.43465765577232873
-5.736321877072117,-2.4250246153161656,-2.573251105290058
2.171432095877659,-1.3801472777198511,-1.2464947521421037
0.8071059462290039,0.6945193133163046,0.8695951487105607
-1.2748006827607568,0.005820793637042123,0.3691712348924415
-2.0917928924486175,0.5962388831487215,-1.1774806765135304
1.368379345022002,1.304194850761637,-0.47503892045669466
-2.7915948216833866,-0.16390092874243672,-0.25014435849772515
-0.6606552149430001,0.31317207753698234,0.4301540588221229
0.6282492047989301,0.816316038663082,0.3419414516077819
0.5703917517276283,0.9095371545841506,0.04094886649763334
1.9919882634756456,-2.979941348781077,0.7161749220493338
-0.4057732388865306,1.0293169477865236,-0.13546350829390832
-0.6231210557952144,0.574186453068162,-0.33474684716509395
0.5167131762222642,0.33203463026072605,0.6997860986502595
-0.21807403301386497,1.091760966193364,-1.022726674976068
-0.5418900441534045,0.7428903570740886,0.3141948053364315
-1.7202084031066054,-0.5703038151063026,2.6970571571219493
0.6201720285614745,0.6618206702464197,-0.421031704578082
1.2255943804988698,0.31204624318772545,1.5925917532472762
2.050050380183188,0.9347819097005274,-0.08855592702245824
-3.077478480988518,-0.10654719884098941,-1.3938754399216546
1.550029587076079,0.858792530095769,0.10403455383121737
0.9866863770068174,0.6170241358226095,0.21720885225570055
-1.1260669960275764,0.7787304998838679,-0.9881020479035599
-1.8626551270025977,0.2269291556544908,-0.4230714158409212
-0.7060437280913918,0.14400378942090275,-1.1682841825677082
-0.45060525110087146,1.198108260667851,-1.1600569381530776
-0.31953133276753487,0.04787578196529954,1.3597172485526146
-2.758078549771686,-0.5172242184569759,0.06838216366292837
0.9087337108596949,0.08476177230762595,-0.19704496043946187
1.8542246324855627,1.039897033502992,-0.779329952059658
0.12019663027918248,1.4977306915645054,-1.1271860513339236
3.116253023068309,1.0445927474013441,0.4816202737806036
-1.4065724054516384,0.9260693571026166,-1.397367744203392
-0.32166706160722525,0.30809507876284487,0.7080732140714923
-0.1474527535514054,0.34986073694854547,1.156388390648315
-0.1969447647464419,0.3865526079656879,0.8972519839163267
1.9860309870566522,0.5576241751813574,-0.599883068412607
1.9525668056349437,-2.7073222707355438,-1.0365106311083998
0.7788594871143075,-2.0627562104854076,2.702307327926097
1.4310580688309738,-1.124700745408721,1.2721853632255333
-3.8989682082412744,-1.3058871399849044,-0.19220947569267408
-0.9835219177043101,-1.0239984418670391,-0.3209531887568605
1.9566530186761126,0.9851783722415196,0.5173954007975082
0.3620411514969961,0.018863027757722105,1.3984605856820789
-1.569583762757606,-0.20160783808355162,1.3772304233253367
-1.3028008086576384,0.5141680880754794,-0.2583129893148657
0.34095392839569133,-2.170597770013298,-1.2340342427499973
-1.6513723940177774,0.5666520900262462,-0.6580324532922804
1.426069306937846,0.9791192898812876,-0.7960620255537749
1.0232500384929089,-1.6958829492844452,0.8907305338416047
-1.9521804648642016,0.541758961533365,-1.0618076492175863
-0.36151872110067806,0.37279479490262357,0.7919969057620493
0.5596688158658797,0.5296287361139548,-1.0166763835831973
-1.4700171275516232,0.6094183133872646,-0.7999972398061539
1.3154702678967285,0.9779244178599018,0.08951761880345155
2.1767988545714347,0.8282039954830358,-0.596778187710732
0.6782394961547084,-0.35301979357749125,1.2358820129821524
0.16275909046538828,0.6785558848558648,0.038654384340959996
-1.5906250686271104,0.30722405852294976,0.16100211919423177
1.1440027754017106,-1.3020940183060963,0.0977401991325381
1.0245079787521667,1.0991840849715169,-0.9277907219060115
0.10493955846808672,0.10348719946044999,1.2714130814103666
0.27628249560662643,-1.8348511066547601,2.441383046119939
1.9300714463234898,1.0323174220984668,-0.11903613113277761
2.8559520424516154,1.3290987871894473,-0.6390237609024977
-2.2921326893655443,-1.022268222767151,0.554697069169122
1.0103296783127866,1.1550520785744278,-1.5016204443663506
-5.312857337974917,-2.6443211223891665,-0.4658783822458493
0.5893713817839895,0.5931972039800317,-0.12173289967906845
-2.628438507331117,-0.2915873974515077,0.4875151935218218
1.8658639187107091,-0.528902461859255,1.665424914049658
-0.5730381461882539,-0.3053287437339186,2.687691779619298
-0.19870978901331837,0.2629908127035018,1.078978253333334
0.4042711751931613,-0.5118911850150653,2.291535319163911
-1.3950226753335755,-1.8637784976087224,-1.6497222167594483
-5.235862430953266,-2.603102579310906,-0.43866033371577584
1.50208673253106,1.2106139025851161,-0.08272843201136434
-0.49399751741605613,0.29039038223403374,1.3320139716213277
0.5635323376027918,1.1261962408749648,-0.6617291085758351
1.013713800777569,1.0689969549120222,-0.018076789579840886
-2.189500416307361,0.12580411980881911,-0.4072172741758657
-0.7243889277696254,0.4190869687028827,-0.6521788204415416
-1.4802219589511378,0.42334919162881257,-0.06548076413030646
-2.150171350980124,0.23423829619890799,0.01928817482269253
0.2365046139878343,1.2984031010655614,-0.7690814862646167
-0.5715237690075371,0.23134748941791067,-0.046315678373503345
-0.5341050154983547,0.6494585546252086,-0.4088970876504281
-1.1124569432575193,-0.13971985563181327,0.24982341532853256
2.834166955647209,-1.5627627401577917,0.41480995076206606
1.3399791564476413,0.18754505703203006,0.17938355637581527
-0.6175529240934414,0.5105261832173538,0.28843346007256565
0.4094245237425553,0.6130492845684868,0.1873469227307597
-2.491777809675542,0.03755141568174497,-0.7145604974791169
2.974986241640246,-1.2260767074150982,-1.2812715101599734
2.0218970992373806,1.156769679910191,-0.14480185629512088
1.7669533464397726,-2.685768212362372,-0.5750626237281407
-0.40466576823970224,0.1939176424155479,-0.569323098143292
0.24663513098016912,0.09299836555514426,1.5120232612440276
0.5980336736755583,1.203081940191965,-1.4822981977259706
0.511307831529256,-0.39029064401739916,0.8267313181407994
0.48285553958380456,0.03546811416342208,1.5637555602911999
0.6652672093682442,0.9742068907461748,-0.04560904035470726
-1.6020463554269573,0.5097576280328244,-0.3694825146496508
-0.6383588082171177,1.391837211319768,-1.6189472018443967
1.615809217181424,-0.27849221264160184,-0.6082068151053043
0.5204428704991916,0.8463577695798604,-0.7656407673661585
1.1626524104924902,-1.9860960483643326,-0.08149692236192045
-2.598722031642089,-0.24864607478436676,0.9173814857964849
0.7095260727070359,0.09299240173736693,-0.30833706620329876
-0.5499961621493293,0.42675555617274497,-0.15615254430166675
2.084231263949741,1.8182577835179712,-0.9595702639586611
-1.3500350667107683,0.1065138224840011,0.2647351144886319
-0.3694907583764233,1.0358413419150885,-0.568796577846858
0.7386239706919242,-3.5346075982962333,0.48698866209984326
-0.22569045251900044,0.03935622346541605,1.251226027389499
2.8300900789433086,-1.9921533634787552,-0.7180827130869833
-2.56736189821588,-0.1992736934746717,0.7089648785771482
-0.5142269454188391,0.03696268733088296,1.6490131116944637
2.1166677623514683,1.2934097750464852,-0.33024688475346325
1.6572754521504387,-1.7094693218997445,-1.1551956798609564
-2.4986952658709076,0.07595025138265804,-0.6065455823666845
1.594027941105772,0.8037140226458637,0.5436490276585023
1.9985227150511211,0.6041685204417184,0.7721604493085635
-1.3423419872078217,0.04887312105116027,0.869996784779123
2.834594414580689,-0.442646367047929,0.689526959287777
-1.7841946905762898,0.4067501349971256,-0.27051358918276996
-0.220616372520322,0.837323441107159,-0.7840011942231692
2.5011374148197594,1.1659745662417809,-0.2812646723077826
-1.2982567550943103,0.019574808631343074,0.3885638636697605
-0.8684363005018514,0.20236030505408467,-0.13494271433012425
-1.8909710504082309,0.18370696048361307,-0.040254816679606543
0.758565768864884,0.827652840307008,0.6012914842446287
1.1310582370385032,0.8526333031812866,0.3603754205774728
-2.279150982114631,0.38228452037294564,-1.0945809402114903
0.9920550167737756,-0.9617392781003818,1.7138335921354442
1.1804935275815154,-3.265305758748546,0.7077335066643333
1.2740019043472286,0.08950727480180679,1.427159626061566
-0.2161246298702011,0.21553183884358643,0.535267061687765
-0.6822312364006609,-0.6055715625800149,-0.09422695060443642
-2.3035380882348266,-0.07409574249504587,-0.9962484292553576
-0.44119604757824527,1.125596586000359,-0.5412525286765795
1.105508191481355,1.0310138236811885,-0.20376860455254162
-1.503048578488236,0.08142380175648826,1.6353558950177776
-2.311763306638294,-0.08064128302931184,-0.1967551224396133
-2.063406766026959,0.14597166064760728,0.6125875117252372
1.619929685546053,1.3689169982634217,-0.5324460202095586
-1.5216131984949715,0.18719720996833814,1.009712697655062
0.8037900983834644,1.158928681926981,-0.623911451980892
0.6240380939781043,0.45548029890956526,-0.21410012689552513
3.6942244067123045,-1.3485861409145374,-0.4223675883680128
0.7988435684523123,0.8105729064189913,-0.37307104864202856
1.2283593535723254,-3.1384619067281623,0.1876438564595171
-0.6255569969994328,0.9390981271243449,-1.003372918503084
-1.7993656076882683,0.12888596642811914,0.4842099870285279
1.604770603101187,-1.5639711339110003,-0.046513993896056184
-1.7532235699993515,0.4772264155767582,-0.7037341235356938
2.5363048813666587,1.2593740343996265,-1.1290495757641335
2.1360763010695902,-0.7333577279985054,0.5759724989161906
0.22573037127719126,1.2272993712762943,-1.1798499791685193
-0.9141535855628399,0.35594335140079447,1.3615028349446894
1.7792856736888663,-1.5667704171173245,0.8016247626426828
-2.701623394492542,-0.20311432603277063,-0.29799242335656434
-1.357407280888149,-0.20550426314898254,0.2135868741195025
0.7055770684314063,0.9178547666012394,-0.27568231874625887
-0.09648297941455619,1.0024808534596685,0.533123557417926
0.6668540784077182,-0.18611474767793748,0.8316468846038779
-3.326939147438603,-0.8867000001632487,-0.13645916406617975
-0.40133948141351583,0.7302700224400603,-0.6838814346737081
0.5903946422954941,1.0056663413201763,-0.18375357934886002
-2.927820061104592,-0.09310391145022381,-1.4189432453483315
0.4218835345486547,0.9220620940518666,-0.7298444499254464
1.4051240442065527,1.3271451653593984,0.5770478345678297
0.8919221897951194,1.3415265624935135,-0.5840870043087732
1.3453278909983855,1.1192027373337479,-0.11223161777296961
0.5023161311625649,0.4415460748041529,0.740083860408344
-2.257567733116603,-0.3383927189633153,0.09143542698622938
-2.703086715143324,-0.6005109163404089,1.123331234668118
2.216979184342419,-2.1692996585545803,1.150652326832552
-2.389704046579697,0.3631940978435408,-0.8731780774929404
1.738180682846243,0.8622466584020697,0.11811382177855666
-2.0566900252233853,-0.20851996636456147,1.9369187784956738
-2.6189280966093915,0.24452611101221705,-0.9696790936965286
-1.694053488424201,0.4457447586596485,-0.29812383118202257
-2.3373582381244193,0.06073778822985986,-0.5133614378549822
-1.3999025864601962,0.4559595183296315,-0.7300853942431097
-1.35425614828125,0.44646882879220634,-0.36206489220668814
-0.24478456402087473,-0.5153151568847417,-1.2768562318713435
-0.9293678999780994,0.7857919397788048,0.4604903357917225
-2.578958041930854,-0.2321233382698637,0.806749440203121
-0.06630050793223322,0.6906514311086477,-0.6700623357515835
0.9933139753655694,-2.0946630933194417,-1.0436664464650691
-1.7516626487653266,0.04766120940038372,0.8144605229169998
-0.49340070567325733,-0.8057947942129209,0.2398649448245262
1.4918518712553521,1.437610704751702,-0.7837157819986666
-1.711447338626765,0.2546574843695868,-0.08370292495650403
1.203651270015719,0.6338976943675435,0.3793739068708192
1.7744357124500336,1.0647502178052592,-0.7564465161289402
-4.036774641798643,-0.9282252485613209,-1.886455198706719
0.9775900247263912,1.2846827441670177,-0.7196963209509301
-0.20765161224287026,0.35571814234534327,1.545615298033133
1.7425214563291378,1.159493889253875,-0.6165289840714939
1.8017801983647221,0.8440875163631271,0.2886824373095274
-1.5987371358193163,0.02962383159875199,0.8842158616958016
-1.0623681909618383,0.7822837434325628,-0.8487645281897794
1.5850362584805286,1.009385671619802,-0.560186538242781
0.39622876268567264,0.09411816632959943,1.1430054720220295
1.825657623944161,1.1280857352418132,-0.6451701831706849
2.394137168791598,1.3302978257409912,-0.5941818575890002
-0.3060452964583474,0.6678727380216336,-0.8543110759422516
1.2608642924617177,-0.3466105034789836,1.2387633446602757
-1.792605387749827,0.42238909260147595,-0.25561826099284685
3.103963704016661,-1.8744163268793712,-1.0792363471851725
-1.495289963730785,0.6944820005387842,-0.6772702906667828
0.14311740046360794,1.07382395781265,-0.595698848513313
2.84287281658661,-2.0541950467165964,-1.377264512353102
-0.15897308657402948,0.9256325894008298,-0.7542312650300421
2.181371507923539,-2.7658689326311814,-1.2479696171487484
-1.9885447852566223,-0.3640758854637227,0.7072109575203065
1.3091102833561064,0.2162833509668525,1.521482556771605
2.1029356259460896,0.0906269058953477,0.3372532575498836
1.2749975601075638,0.46823353014009517,-1.2515034190464378
2.514612387881823,-1.1006120153304724,-1.1166587690293255
2.5811452468653666,-1.773265990238467,-1.3296658659472036
-1.645584737740669,-0.003416249697638216,0.023033255219757187
-2.662463642156634,-0.09218227947309016,-0.6282073042400869
-5.135389141201917,-2.546909923727383,-2.7334812018537056
-1.7106554788405703,0.732264503811526,-0.9249919800714069
1.7287008075955477,0.12714324990084885,-0.6153222995768546
-1.3463218662403833,0.842127245567877,-1.2506221503449957
0.9238514056465881,1.0799634641484033,-0.06023107347938173
1.1464211378056786,0.6888724272668267,0.2608358466380653
-0.29500222537022136,0.7166773961107431,0.2744350008408508
-2.041599493114258,-0.2429944465157158,1.2299205623467795
1.1584738024585965,0.811079489487066,0.034348391846698696
2.191204978549619,-0.04428732529800952,-0.07554098732613754
1.8590927949776215,1.049947149242599,-0.8155092666351567
-0.10240005780950379,0.5354810173860272,0.8261646421385829
2.685102001149146,-1.0476636327244966,-0.9281455833275968
-1.1078433535038026,0.5542952159124332,0.232852675579284
0.8461732911240349,0.8916406670994402,-0.0077649739202206225
-1.76242717865252,0.42894846459142605,-0.3980403496120345
-1.4251678179253033,0.6570340654343064,-0.5080557355632832
1.6341939347526881,-0.5373201683604095,-0.8499138780125275
1.4976537591767123,1.192063946540939,-0.03695229639755964
0.6094305223657527,0.6093534372403774,-0.10112848849351608
0.8628712978775909,-2.1936505861979896,-0.4010604207856703
1.2003239337869303,-2.7826997025540305,0.37358047073654593
0.5387099707514155,0.8436179342055177,-0.15429877375737125
-2.092743792080878,-0.421890276999963,0.7590047719605603
0.6206468306203653,0.545504081620876,-0.19378285666458941
2.4870569791093553,0.9697456822950837,-0.4642812365291746
-1.9367537714649865,-3.3561374959628423,-1.0643084781144931
0.0010825483619889226,0.3797219243252541,0.7503525962814587
0.1872026144980594,0.5530479657051002,-0.1535356588190745
1.3409331067028554,0.5118077577450384,0.6651050251128846
1.5915434477564743,0.12510212412265104,1.9725559871549725
0.5401261720868761,0.5516585261283302,-0.2708945946029954
-0.7622159711672973,0.2983572888014409,-0.3123419968207106
0.14294491834503442,0.9342003396302895,0.7180088735660729
-0.7818639131710133,0.3988511933164202,0.32103074247009145
-0.8693264528261648,0.6240344554835473,0.0292518995208317
1.2714568352606186,-2.8099905094464437,-1.8799628071420433
1.0386601833374935,0.9591749400575167,-0.23374965785660348
-0.5726041770281841,0.06963430445300026,-0.370829187611276
-0.09099619414004076,-2.137890853655268,-0.8988233374401047
0.8389998020120519,0.9594344252685446,-1.3189824574709694
-0.7981621916521685,0.54930694729196,-0.24602601043709008
-0.48719352447560904,-1.169632615536713,-0.2652352332056217
-0.29649327165084,0.5962696745537354,-0.794788756902354
2.697811437701646,-1.916420586019317,-1.519678731081495
0.7523007173755535,0.20921429250772344,0.8458146808569492
1.1488551238340987,-3.033373510127848,0.2274120699059412
-3.5524820326281588,-0.5042291670161698,-1.6793303400701391
-0.11173558606816203,0.2555080939793508,-0.2478358901934201
-0.8772820464749925,0.5020688357957321,-0.255325422019996
0.45701132003705397,0.4840987336678434,0.45367702590626025
0.38355976104936984,1.108380506186479,-0.9880673927745264
-1.5465586637762023,0.6089489275997315,-0.8870662742687755
0.18991091974962837,0.4644631788297842,-0.3037542646067715
0.5911065276385309,-2.4482411522258354,-0.37652869479427725
1.9562912901156757,-3.072138568769769,1.1330371366589684
-1.4247742633017093,0.23429704700635523,-1.3881867692019478
0.6558061880076363,0.7260583801339472,-0.4731166798057856
2.1307661193725784,-2.1436323338623717,-1.1122870170882975
-0.3463774648223915,0.5119439564888636,0.7916989611935364
-0.7747778136476411,0.20256668567096997,0.9937832245772859
2.2102531493509194,1.273602426432956,-0.4210457309801283
0.22959078486689014,0.907005325970323,-0.021613412359087945
1.5238897384245556,-1.4483602171788297,0.7494567016119014
-1.6737780016342747,-0.3198768569117918,1.5793709277190116
0.6590806328427019,1.3754271265843723,-0.7476237310166
-0.9375487514649888,0.6056975752994964,-0.4299486646221324
-0.689977056050111,1.1900914599365526,-1.4334297040499087
-3.550910175532894,-0.973732264992018,0.4528777721953692
1.012963506907168,-0.11590685854016848,-2.17447513300537
2.194531901024965,0.8038654189247239,-0.08335749288838976
-1.3804875113067543,0.27215351802459714,1.674675448291702
1.9290563374337206,1.1929054604487248,-0.3771823136596609
-0.8504026715728519,0.1266956663375711,1.008259956789408
1.1026456475357873,-1.1676500937400123,-1.324001169132267
0.9776578025047223,0.7986899004036125,0.9513254668768897
0.7632662833356966,1.0046676630403015,-0.2261661693303216
2.115711753522302,-1.0515961818299224,0.516185500414204
1.4343107208167885,0.9605408333672595,-0.8075589598248148
-0.985863772321388,0.3911033327624126,-0.044201370364458904
1.1080651143833569,1.0772179135284594,0.27671994089307533
1.2428117538497425,-2.036532739068545,0.2968855528522781
-0.9695569054565588,0.7296760611591838,-0.2007426835372307
1.277043333616229,-1.0264314183375638,0.8729264351630384
1.2678739760477522,0.8362993161461186,-0.058823948811745665
-0.07716204862900833,1.1556808898661026,-0.7523003376414058
-1.8072384507776185,0.2817703009764127,0.5659227265144651
1.6590183971599914,-1.567176205449445,-1.3626970792816278
0.494694136193478,0.654013970681834,0.7357249103911345
0.029216291844189012,-0.37742865556394567,-0.6800468472175883
-2.9273632890055667,-1.0483109552958774,-0.6281804013691311
1.7522131443507594,1.0185559539294438,-0.16388151999467437
0.38146596298040303,1.1608493008915364,-1.1839015137502906
-0.8904331861871779,-2.628983360023805,-1.5156924679081598
-0.286309063994094,0.4274858819468696,0.9399804382188319
3.1497649610205247,-1.931504906876515,2.39634802177821
0.06738295607910325,-0.11992807188026781,1.6237089820784858
-0.5922921482152943,0.5020378852573092,-0.3701726413344424
-0.895618761465085,-1.5053841924013678,-0.4679297051639769
-1.307169459124833,0.32369671298055974,0.5887291358210024
-0.3685995633875606,1.2140565366730138,-1.119064398697459
1.4122701966846407,0.9371219890115674,-0.41597362806541494
2.0363159459058595,0.6244673795661505,0.44593283883244483
0.3152964466038834,0.6015915607695568,0.0632405504534053
-0.5155778090029847,0.4258832089991977,0.8094978305542493
1.5921424945988973,-2.157942985136944,-0.106689249762765
-1.034256966834098,0.3529095332409439,-0.2033278935886044
-1.7377109215299973,0.02798650171372353,0.7808543874081798
0.8342510676105979,0.6180876383138854,0.03884962748856177
3.462274616357509,-1.0601531206177495,0.5080959487730558
-1.5543250312113268,0.01680379838604177,1.26388600061496
1.2884623590126205,-2.3371956953836754,-0.047087983924153566
1.2703420962351375,0.9745515986178206,-0.8231171005818179
-2.748471652020895,-0.5526885196869259,1.3876396444783938
-1.167982271354422,0.91461288748221,-1.2894598805632336
1.5636949341850575,0.5914090926304231,0.9772245606015595
-0.232394379150901,0.2686089069044991,-0.025685748502163604
-0.3606053584620989,0.19728634701807962,1.5944984190578142
2.0968784781560323,0.7238576963266642,0.0356135687531409
-3.4728492258471815,-0.6521636034575232,-0.9698643011153766
0.28231464077386487,0.2850084223768354,0.524168294046865
-2.6121475195577206,-0.3404241907359931,0.15641552860568578
2.5405085335723494,-1.8962837692695054,-0.9762949793794241
0.9049273607033146,1.1871083324637768,-0.5541508374802524
-0.17580768004881847,0.5246610106142167,0.18260507425706757
-1.6750071163835574,0.4202657513456606,0.21140112170502906
-0.6173038593290443,0.9044830201432964,-1.122650976839449
-1.2028362013203107,0.38486891303181575,-0.2223448137794997
-3.711090639023691,-0.6762066182528964,-1.7828328855952007
0.06767208495313042,-0.13825234046607618,0.3998314979231542
2.6543379206859594,1.2164703176030285,-0.569512758706252
-1.34856133189845,0.17166078969545973,-0.4561568091253231
1.78679484401996,0.9814809973781703,0.42237081571054325
0.45246661710680885,1.028430507239618,-1.0157504707084035
0.6283853283327864,0.30727052719336195,1.3533296263962227
-1.8433018506032453,0.17960962554005594,0.8700275935606854
1.0285562949497957,0.9140661288978505,-1.50538182830136
0.6018521013259254,1.3666734066742594,-0.7790986768323914
2.8926715423994382,-0.9015123524389195,-0.6809860013182094
0.24485235123771168,0.8447823342450748,-0.5599344677804851
-1.273565031129409,0.19143890247895495,0.36289050539592566
-0.06115862509114515,0.7317437801011972,-0.19173763899240234
-1.8802361813547293,-0.33629530169019595,1.9266716874922132
2.127129735639423,1.0381555193864105,0.4093153488405034
2.2319716609934384,0.8584339794724938,-0.32582298645609054
-0.6669684333007411,0.03933208914619185,0.9094995925139318
1.7174653238250834,-2.3833043282104733,-1.2091451525250383
-2.66240339133223,-0.17271618292645385,0.10776324172677418
0.40875302861163443,0.41622806071021506,0.20569834083286823
-1.5714238078071083,0.4788094635064752,-0.03527112690253926
-2.179048325462746,-0.33827540644967646,1.6781221727109117
0.565706381788124,0.7981913975882075,-1.0289252550651664
0.9655549628895745,0.46367258771579195,-0.7215108380556516
-1.7136154498263538,-0.010045634227821593,-1.3044091147068957
1.74941333828226,1.186173703097301,-0.5548437375631611
-0.5179624615025584,-0.20800316358876156,1.749229841121355
-1.0774409817681323,0.6223934999468017,-0.6873046338760757
-0.39588566670327174,0.7688094425166205,-0.07502070264978702
1.3737319693195602,-1.865053086286948,1.185745319972345
1.982393162033085,1.198263411928631,-0.5850771489507643
1.3854510465068544,-2.6364607590196485,1.1875081492572455
-0.3685641833560223,-0.6604435944539967,2.610848950448603
2.166396424072579,-0.3208547336866518,-1.215809951888287
2.0687261936922168,-2.8723633872630114,0.9123316992394531
-0.8640144737195345,0.6371128212399251,-0.37354883592095733
1.1211655555823732,0.3312396448044885,1.600612638546033
1.025073164179326,0.43355720752870974,1.1210295729785276
-0.7358125631164045,0.39067482716899854,0.6868779328871503
0.4235850117546205,0.16070101296293465,0.7963088884755032
1.6299770555778255,-2.8672322522590283,0.289120303002684
1.9460210641560949,1.254849211518981,-0.24234343270097827
-0.3806168729661684,0.3482844858907556,1.1734528500876655
-1.8487935160864153,-0.07112427561406458,0.4273172733005798
-1.0194625356996632,0.18120604752121677,0.07340860119377432
-2.2403057933640858,-0.33193531005813437,0.7600499977228156
-3.0847338092921284,-0.908918580992519,0.03532242870191527
-1.8225987877403855,0.23825742069796435,0.6954488735897074
-2.87124872823337,-0.29037898720603017,-0.27660982660641703
-0.06464440202064109,-0.13376204961536303,-0.432718815346332
2.4443954426543906,0.5972006577464184,0.37717366160858806
-0.055720222530275094,0.6280838815986752,0.4873234331295676
1.4470305662805454,0.9411688715234297,-0.27908769329940375
-1.520228714917356,0.21630258481858056,0.011805686859125508
-0.33644940092165615,0.7781281885701585,0.3054678973113101
-2.1767908044955493,0.3554561464300355,-0.46073519862681594
-0.08769769360371893,1.1653002790524858,-0.7194863725043148
-1.7810772382970024,0.6899340010253961,-0.979624173866143
2.8810517943431773,0.9167503855751683,0.29335043288474344
0.9594116494685739,-3.37843030023819,-0.6792932799025017
0.853953768244432,-2.7081527359390924,-1.510264420295401
1.963287251326224,0.2604830643625854,2.3995501757504294
-0.977914242563268,-0.5139411921599373,0.7987983520426403
2.1249356014142733,-1.1960415384112963,1.6119141054811474
-3.441700752913932,-1.012194412266369,-0.6313712977850205
0.4679456688846354,0.14002111078947832,1.1872203417344722
-3.405293645151764,-0.7578542838169855,-0.07054252339652194
0.4725681952870541,0.9208515248474896,-0.39591373695402576
-1.696314895959517,0.6951615357699301,-1.0675884952273675
1.667634419855221,1.119468216401087,-1.512866921298458
1.1082661963165945,1.0076410130436113,-0.1848098425638123
-2.3326454815032958,-0.3801353229845553,1.5643470507738506
0.6138990739398882,-1.948254162046143,-0.3606172429945334
-0.11082272673999063,-0.206198738882206,1.1224146770517465
0.8733224136577321,1.3361679350600248,-1.1822292119373574
-0.8411601971215208,0.13221411310638628,0.961116898598228
-2.313901079831096,-0.08967468462412514,0.5794197275565363
1.9303368428953498,-0.7175734805699818,-1.7901967875386833
-0.9027210032219893,0.7038538614927335,-0.1655561422303521
-1.6857892669289545,0.2342678303573655,0.25898277755479543
-3.918059196267212,-1.6451208790900418,-1.5948321627252953
0.6164565767968085,-1.0278673205150062,1.0783016697056222
-0.6545541174738378,0.46541021251322356,-0.041673371603269165
-0.25853798521408333,-2.0568051417499316,-0.9006390443738687
-1.0067550391907076,-0.19825324117411555,1.6033210267232705
2.8676276188537364,-2.101261379282745,-1.5516510705348872
1.2422122772002826,0.5191915892606657,-0.021531325709575284
0.08633411579039517,-0.4198146855455414,1.1429681709718436
-2.6174054065136727,-0.32130490483150215,1.1029431396753022
0.9502346475029544,0.7933474306649265,-0.16593226299239575
-2.7241479891485976,-0.12999782174146107,-0.17042607297695384
-1.2738008694958245,0.6728438102440236,-0.34746040582404647
0.6225809326950013,-3.410382627899138,-0.585581467830828
1.7910180501103712,1.1024534198981888,-0.19461367866721926
-0.6860217102238912,0.7880496725463574,-1.0795955241613246
0.28816955547242934,0.6675704806113127,-0.20582535673556732
-0.5331905212265385,0.7100437996380577,-0.3669251487147007
2.635528016999717,1.4116047668445575,-1.0573880563352922
1.9529474109112313,0.7779586539711177,1.6815527815558682
0.22501289437675662,0.7756425076366471,0.18507348138712532
-1.9233006990131587,0.17453450144488114,-1.1959165114319315
-1.888433624432155,0.40554643005253715,-0.10235467625008932
1.0243460293805715,-0.5062460470496741,-2.029838287296498
-5.498395111692063,-2.2249797175449824,-2.43410738260525
-0.9687712935238181,0.5369825413589465,-0.19467833077032223
0.7495545310184005,0.6903897751215845,-1.1012684088371731
-0.26227788126853435,0.6724548202256757,0.06085919311483488
-0.5456275072392477,-2.734360095707204,-0.6333653398067334
2.1020027098431644,1.0036982064138684,-0.6781396041346393
0.5428166733524511,0.5531207176606622,-0.28642831826836607
-1.817817067243815,0.09685297885679608,0.05371033087199786
-1.245803248280055,0.6971385288923736,-1.391382020290237
-0.5916260017254162,0.7823044446678177,-1.3264906568822223
2.0396758111734425,0.5709529488463514,-1.6783595247438663
-1.780623931252458,-0.13354667212868654,1.7568243195537858
-1.5841212222398846,-0.18308837122631474,0.8576980010651559
0.45152895121925224,0.7434249865474998,-0.7409932572025079
1.8240807587859713,1.1736736157140206,-0.013694548901108765
1.503686651436118,1.1182633395416663,-0.7800952433279537
0.7595625069549865,1.2680242742696528,-0.3196789474574235
-1.304021130167525,-0.01946448107758115,1.223334025747652
1.7700725332683338,1.2470659825831443,-0.04295908759534269
-0.36190849666349434,0.881435263283214,-1.0724114183228783
-0.5059292607328726,0.02220619598794405,1.5013454435587248
1.4023220806154428,-1.0082760219959792,0.6762843646661091
-0.2829459054165823,0.6358493663592212,-1.042752334365677
0.01698268465925445,0.5109485077303199,-0.6206885546861068
-0.6477912652264213,0.6793197935735629,-0.11263131103878546
1.1102741576965058,-0.473299846697358,-1.7313448787327155
3.4103314344096574,-1.6466842263604584,-1.3493189042206688
2.381978759378855,-2.3778936625492433,-0.8795073781790127
0.7800037465472066,-2.9582278665333805,-1.0644433779075244
-1.474890316875903,0.6153459278295075,-0.7869180040992254
2.450815224469496,-1.4872697492379394,-0.9273629354459922
-2.0510961970648878,0.10659958089539961,-0.8291167089135041
-0.02186159097318788,-0.7605353484846321,1.1505203734176321
0.5247878548102072,0.2913459327291734,1.1490296853582453
-2.183545628473811,0.4367580342530986,-1.1682676772177472
-0.4982975027842791,0.6140998715859867,0.038914044516882663
0.47740587319651695,0.48580983360161367,-0.3287995564512086
-1.5110900922245811,-0.232532162045172,1.5884742425673275
0.9848012041830908,1.1020578517592832,-0.6229042673866296
-0.7336801858837825,0.02490321476739158,1.3580638095033077
2.229899773342965,1.1724334763501432,-0.4975707177156677
0.5193770028214797,0.6822077752479379,-0.792039057355365
1.4997910208163363,0.7948452508036851,-0.010774106092806664
-0.40950732740977625,0.74659693072075,-0.6710339507063184
2.7049100489389892,-1.5695147070400088,-1.4013008766086799
-1.483843774804904,0.8243663559104338,-0.780134872898743
2.054809945680429,0.9837380275682948,0.0801590089151099
-2.0706923013452676,0.12533314035743423,0.6740228384012412
2.989127134936123,0.4750503993895439,1.0273979650640275
-3.0609597306959477,-0.6298972604207689,0.5522924127087341
1.1695828927965806,-1.1631599575657767,0.1899530554213604
-1.30987330159598,0.49242644100064037,0.4931289235210205
0.38446946959713163,0.12627035002097955,-0.7883270270774801
0.6117889304592766,0.7073343763419128,-0.12020634959797397
-0.44139827052419267,0.5180344312370398,-0.33939894721346325
3.10798067045599,-1.1588195303545858,0.21364071312467844
-2.5666076939007914,-0.19118217509196236,-0.8136910801884142
-0.35711628419653885,1.1108647182078564,-1.2872500990088789
-2.8137426281881943,-0.30436848590398224,-0.08505227921803317
2.3442564915329607,-0.19618606004739533,-1.234219787649548
1.1654881368203938,-0.5942955818089676,1.414964015084126
-1.348708076184989,0.8743966483355408,-0.661070280002558
-0.13341091291810675,0.17613300199661241,-0.03950944525375088
-0.9868191524113815,-1.119951922653165,1.5961720713419087
-1.4446888084956429,0.5042753500743815,-0.3371003329320848
1.822128224740147,0.8486611179777762,0.06051252598397608
-0.19383299325393552,-0.0035024468662695238,0.4158284747083643
1.4280220276318125,0.8362733379928712,-0.7359542173251827
2.305728821780401,0.8522183740817084,-0.34900000549141674
2.507197461044601,1.0465322164002542,-0.6621299557431937
0.8316093127388026,-0.1948121520569502,1.524186383344239
-3.044538862533896,-2.443824237702733,-0.1680197416318631
-0.17675676195112944,0.3039928260340241,0.9235417257390767
0.7119243591106281,1.133578589899528,-0.47604768711056306
1.5627423539403338,1.0966611053892614,0.495211129975789
-3.2044211114783963,-1.1021128353753975,-1.2922302099963954
0.14761440068457585,1.006515877025612,-1.0792142688937083
-1.037585991127495,0.4017450320543937,-0.25651756929427233
0.5280603438324708,0.634670281533196,-0.20350789704858244
-0.4352730470630979,0.09837577209856763,0.3901972920863544
-0.7116060747684687,0.16586058999800957,1.617945597547499
-3.2351385240107184,-0.7300609967753865,0.6120720886313836
1.7936236437486681,1.2719950659360046,-1.1331840814973646
0.5030375895062573,1.086461709434651,-1.0616581668869665
1.4350538296964293,1.1368475617991252,-0.7974892631894236
-1.691374844006324,0.2184449648015661,0.3060831946730654
1.5570851817486402,-0.024386822350942826,0.19328567800821253
-0.18751205022471684,0.9237168844761687,-0.6256321249129554
1.079321730938764,-3.721726689326282,1.2786976856745011
-1.8113000581624141,-0.20071381704747385,1.9874870039048969
-0.236789591479313,0.9215514625625162,-0.8305491173243627
-0.1292194226996129,-2.0469237930724873,1.28834334790695
-4.556578085811286,-1.9237950607162726,-0.4068199531347811
0.16763738410625068,-0.6664941291281907,-0.20279345340047386
1.1574378562724932,1.0410289415205007,-0.580534521628774
-2.654737561432883,-0.03380843506903559,0.008762596200342134
1.941719096268987,1.4148849626619318,-0.3171542894269181
0.6797170955605782,0.9919309053553607,0.5541022054743981
0.07615178018396263,0.33642584072509685,0.21847900089176683
-2.59283576901032,-0.12855691861482418,-0.6548951054151682
1.3624418343040254,1.0045217053431428,0.399957267936471
-0.017118697890363053,0.8757288199643449,-0.033040845800634135
1.2592548032339426,-0.8735244538953573,-1.705815429781266
0.4513038131185088,0.3216107934098548,0.4456693043930934
2.6446009961187236,-2.635593401916499,0.3226779440892184
-0.8343423474670081,0.3090979591646548,-0.43629994031959957
3.1844112310667345,-1.6096862941106944,-0.6915260120410903
1.1350925721114087,0.5013266172567687,0.31302515198853187
1.7812352583557516,1.0962392237449132,0.4173451368276514
-1.3482711536365584,0.011551293680810015,0.39027269667456904
-0.4383497106846911,-0.26395329690835073,0.522071532639717
-0.33248267534334186,-0.07462327918479457,1.4604291467938162
-2.613198926293667,-0.09303069073628405,0.3349659012203028
-1.047345177088624,0.9020641074497655,-0.3956989956350343
-1.3122953038543927,0.6049679614433304,-0.7706868244223889
-3.816036272767967,-1.2508276385131814,0.5430926024343097
-4.633871622814269,-1.6717744192659858,-1.1423564159764987
1.3669160091503845,-3.225202825307747,-1.2569052047008198
0.25215407263116657,1.0508605224688063,-1.44008985668033
2.2171547173680466,-2.4058305166037863,-0.10721711986851201
0.22732262396569006,-0.020636194153438335,1.6279728956865627
-2.1191631308981167,0.20488669354849157,-0.20783037208932978
0.8880703226098063,1.1737319138923452,-1.0204875022492084
-1.9789645271758967,-0.2592097758027256,0.6480948167567205
-1.5323046794851205,-0.13376157541162845,0.42709916332714787
0.8854031873980119,0.33363301538551904,1.7553851845968944
-2.466432193207584,0.14881551729723008,-0.9843155162213446
-2.1180463913838836,0.034134483447628476,-0.2989172170665272
0.47559676418196445,1.131711975307047,-0.5750204610654162
-0.46513991921472964,0.2768895647880194,-0.15486422473938388
1.968987191540765,0.875119842780838,0.3565072570141807
1.195097689112699,0.09315195509209598,-0.5876338708686385
-1.9002662577736675,0.6283537913088485,-1.3491876618306955
-3.598304409536455,-1.2162504365694267,-1.3875557299852854
-1.649361442373794,0.20053650228646946,0.014177345435143998
2.1059298148562884,-2.0995359623349876,-1.494436046113791
-0.17299900251691427,-1.042381685474984,-1.6128459206676347
-1.2756908667610125,0.8253491915927628,-0.5556347251606041
1.4480643196697465,1.3265074541592845,-0.9921885448625068
-0.8108067309157345,0.10335618865246582,-0.5123986660435497
-0.12416091225529813,0.4957797854760463,-0.26823158634052763
1.4841167198816065,0.6043761909503044,0.8859926016309349
2.0809810293115083,-1.2518913206221152,-0.8545406185638125
-2.0198533768867315,-0.2213607527828396,1.6606519702428484
-0.4201619774117628,-1.9178283920955215,-1.350611239576747
0.42472087010291754,0.9498321424678756,-0.7817842682839549
-0.06619543954207607,0.1885024293953765,1.1883666605179357
1.8624800737902953,1.8303453727566772,-1.0129621263902389
-2.548177976134446,-0.526061293532393,-0.06303438365205931
2.6454859491811584,1.1916343229056947,-0.625769588131386
-0.797052867513062,0.5891996074278516,1.4965502379958442
-1.674164594013525,0.16973878923793043,0.16730215864607637
-2.9565659080607243,-0.4316291431786669,-0.3216646992077706
-3.136723084419235,-0.4512689851889652,-0.21781678255030495
0.5082707746662481,0.3656007555819052,-0.9827766878679624
-1.1292895601531423,0.3385921010266419,-0.18771869110481135
-2.4979118574748527,-0.37732481403810864,1.5706421575448826
1.3737712237845718,0.33725421348161766,1.7524156571606757
-0.7005534637624319,0.7463799837736717,-0.3989786635396158
0.3239499142966104,-0.1755786299903421,1.0238766320469346
2.0044353557719727,-1.5143514149705763,-2.4581429070561103
1.4955907450252734,-0.5311419742995075,-1.5638954496215505
1.3254134713718484,-0.015948307692146786,1.7733277489224863
1.3405774417858347,1.1442726612673708,-1.2438439175342626
-1.4079172217639608,-0.9935502787421528,0.40078967705258195
1.3718958942067672,0.519922180235021,0.3864371660425937
-1.1126210872461881,0.8562850183587378,-1.1575126997416496
-2.0205562615562447,0.27408074122956766,-0.7733130339911137
-0.08409599384933969,0.8628882422850722,-0.14473246851021362
-0.2061968526567744,0.8888122205751623,0.1957167008051637
-0.5680398131293989,0.7482468071051579,-0.1354307040415163
0.9876408872149194,0.600861526003508,0.6627674461476296
-0.026612241633627996,-0.23033483396373203,1.7682019258944643
1.0141518159739331,-0.7044106817113059,1.2949578844744052
-1.2596300615760148,0.5575328212495716,-0.5102947438395945
0.07081040171330193,0.18400417736553487,0.8819329916836001
-0.1037700908559413,0.12053774046219981,-0.09097873842644164
0.2920281545312432,-2.0140068739512844,-1.859543801333702
2.6282851207510998,-1.1510407623120353,-0.43682693543895385
-0.8566175287567356,0.20682100064208606,0.9233771532110263
2.327464574661845,-0.00541228960395169,-0.14095467227371478
-0.8207583347050822,-0.5241916689542069,-0.43526247958011655
-1.6638941158294263,0.6500790215394394,-1.2786044976752176
-1.9018622358015644,0.5443989765060366,-0.6655959500282985
0.5740428118432201,1.682732756145071,-0.8381092654410599
1.719338741912379,0.8166729418485055,0.6562876811177699
1.895828834240231,0.9708525696348012,-0.4392895499222819
1.4272783329067293,0.9623077794325341,-0.2201654295973676
-2.6102156460007446,-0.29498269352580675,-0.473980690987397
-1.7832071200884405,0.38981530973345735,-0.25082731732916314
0.4831316398955015,1.0673331775770565,-1.0762001111651147
-0.28161545385906045,0.6193818312486375,-0.4678796605205376
0.7072393662316695,-0.8292927006462409,0.6582106677287027
-0.3885646511911818,-0.42449444180311674,0.004345940654656843
2.6728785381702282,1.011967511119272,-0.625788597406136
-1.8320192230514882,0.6245548462084526,-0.6621114042203426
1.2344168881599515,0.8695628135328116,-1.205078983111135
1.7036792017705842,0.6828565537093285,-0.1655982002717867
-1.6940742741869106,0.38896208439891156,-0.4139769686188147
1.1522962424168748,-1.664624142643121,-0.5889766640016334
-0.05706076314720921,0.4712101723473595,-0.7933510575815166
0.37345597241452794,0.922304499505401,-0.941928897115721
-0.849415021846081,0.7179351054274055,-0.5526867478160803
0.9660125695016099,1.0093684184049532,-0.4084410426528043
-5.182198470609653,-1.9801045356447575,-2.2784967935586695
0.9377161967981575,0.7152006422395072,-0.689243854453079
-0.5690393123880348,0.2988536111423862,-0.2176527716078913
-0.35006002078946513,0.2880631628069097,0.7297298187639703
0.9019202501878075,1.0811302630949107,-0.5224488419813296
2.2968873514674235,-1.5304427644462069,-0.5711085850818864
-0.25317630846537104,0.10927431700943153,0.8480475536490882
-0.1942413661661494,0.6285946685108915,0.8057385924352017
-2.0842338369684184,-0.08346161662367432,-0.6096838124869961
1.94380560397752,0.2961939442356222,-0.17607009043303978
0.7792364659209803,-1.1354905290106325,-1.4699406556297245
0.2989066700549418,0.6497978174852465,0.3292557037898201
1.8375716014207886,1.0905433539334797,-0.08727612308017363
1.182455496176771,0.8405670296824571,1.133509593110788
-2.652006982218708,-0.33316895459510826,-0.29997582340880063
-2.8860628850596592,-1.031751859409703,-0.21195376343358602
-3.193339130348714,-0.6284062752372397,-0.4705356819496135
-1.1716683701848252,0.11937494462983621,0.8677884988269492
-0.5331860082540778,0.4562334288243547,0.417293662968073
-0.7160834277228246,0.487735153020605,-0.2273191380635913
1.4966702596541395,0.36843037244317167,0.769928194323037
1.2771743156790567,-0.25151240012926984,1.5923120364952168
1.2780038191820082,-2.7512124777237377,-1.4994654740347928
-0.28542196728949565,0.8215435057717401,0.2153188600772655
-2.310753208820965,0.1390822204658378,-1.4958565932713785
-2.6668450482614836,-0.9006938386543921,-0.1534482142601724
-2.244019895672502,-0.08485884542862229,-0.621587551979227
-3.1012171835673397,-0.17379437745313667,-1.1936986671690084
0.6571671227522522,0.8130699042255165,-0.4712673280211103
-0.3451506975506747,0.3007677224031955,0.8220572353147503
-2.8099622691616606,-0.313391878389751,-0.08891621592356073
0.5434307645719625,0.8930009661820922,-0.3758594910473126
-0.032839104084880125,-1.1425496324403106,-0.3451137471828535
-2.0357978524932956,0.0507707101291305,-0.2599725218334418
1.0453752456102063,0.20086262383175693,-0.57720265930161
0.9900593203603804,0.05214897131145032,1.5908208021286834
2.412719522333748,-0.9930340615453587,-2.137673480981181
1.7278184724531698,0.5739757526357855,0.8666901107423303
-1.1935845573008328,0.29338108898762577,0.2920768655505564
3.434477829136735,-1.7946401989930865,-0.8204274787464516
1.1246327242195369,-3.261942157792729,0.3957357384537182
-1.824695206341104,0.1348591663653701,0.719471453254129
0.9718175505584054,1.4620468335027224,-0.5499836050988192
-0.07728547997169952,0.5077963874974213,0.7532145151662679
-1.162308583915515,0.5971353618950732,-0.5704387416598434
1.5197776886048882,-2.535530156251341,-0.8013859485526953
0.8349484504144372,0.2913241280051362,0.36222919778590656
1.4147117164978917,-3.0717809915609235,-0.9961537349012383
-1.262427932068583,0.3924461951194615,0.16176248304898386
1.3880106737398723,0.7633087079437122,-0.32382757558193087
-0.5333490643993061,0.3180500278422047,0.3515928967592653
1.2317417834649267,-3.1376510683566754,-0.946284613198605
1.162283926043844,-3.269975619220882,-0.02146707360439252
0.09967699649196284,0.8155479346871942,-0.8588179618018685
-2.8414945250266794,0.08799409351948162,-1.238348963456579
-2.39387819524222,0.09554662781027287,-0.049445541550458716
-1.284764238507087,-0.004882281777180747,1.675055836924689
-1.4214581876372365,0.19656436905327154,0.8479775267060757
0.962271987601141,0.641604938380834,-0.9572460579981249
-2.9401685196042653,-0.09109334965180572,-1.1707724038185918
-0.2674763261878902,0.9508057195045931,0.5100139999045266
-1.8187981738907741,-0.1395433194305322,0.6224332373985234
-1.2703530060293664,-0.4583065790460818,-0.34050355718878544
1.699718880394739,0.45291347467861753,-1.0740295451088502
0.4193299886694045,0.1890919511222533,0.009989262434119434
-2.1093883710127197,0.23257670827114055,-0.2902561020463022
0.9715409128954633,0.7321466150172771,0.12205245881728889
-1.4372262167482597,0.3682546400195987,0.24843547555445356
1.9783363134970526,-0.8048853867801297,1.549659416824398
0.1366630919743283,0.25221439581293253,1.4791811261226637
0.10055350827099087,0.3473456781199694,1.208631527988037
-1.5368940976909673,0.32250921614121464,-0.22971221378092885
0.9017633989663529,1.083185785379679,-0.6551934688964808
-1.0433042255819795,0.699363942003421,-0.9471490983982879
-0.30495374575745665,0.5717987526895272,-0.16536800184398182
0.043884609236374376,0.4794030038774693,0.42185517745546275
-0.3786768720385378,0.8528728867538232,-1.5167617360121746
-0.3142329990602971,0.2694530546226891,1.2875050798407777
1.1354070719442446,0.4622486638027191,0.9244788125231796
-1.2354218224213804,0.6458425291834216,-0.7424448537810483
-2.915508355292094,-0.4157579979688316,0.09660978295030793
-2.0488020052421025,-0.23473285163724142,-1.0118023599235333
0.6570201728738871,0.8028590055175764,-0.028392695071598202
1.3921517501597154,0.7028159671341906,0.8586566509764549
-0.21084891456263904,0.8383796397709298,-0.9589076380757023
-1.3281253253565906,0.6773164813649407,-0.671558541418708
-3.1933313869109683,-0.7825676354126041,-0.5802848766691512
-1.7593088064561409,0.22092012259404126,0.8662477694366623
0.3590468044698947,-0.7468593358262696,-0.008964775562426482
-0.2898431359637573,0.5372138628319634,-0.8737766337629486
1.3075505943997996,0.28676797097020246,1.6904568612772195
-0.45643404307654767,-0.9237236038982651,0.7086311460837483
-1.2708079326143793,-0.23005362734695764,0.4210472483601878
0.7357307957215579,0.6731904829658234,-0.4573572163107151
-1.8356427195571838,-0.12755938399851682,0.12235533525241063
2.8702640359681233,-0.9349720810308221,-0.9235692680900582
0.5517880673978454,-0.9516464686087692,-1.311356713101443
2.2085900197034283,1.0403150074426515,-0.9063947736122553
0.31784131405397226,-1.6889977219789272,-1.1172809274645983
1.1449365742322826,0.6151691335698941,0.24052466038748505
1.3319028480531283,-0.7614362248689348,0.21577595259725624
-2.285101967591153,0.12933603590524428,-0.2838791823993828
-0.556221918006154,0.5073719076717421,0.4477374609560488
1.6968330201923942,0.9315184154002936,-0.5222138646978496
-2.9710013001566002,-0.5073025413901263,-1.5938613528553118
-2.618464773620699,-0.12768024591568405,0.407384161804146
1.33082963732701,0.6827972399669306,-0.5146365157530377
-0.5945905895374335,0.33647969574964354,1.5474684727549426
2.298223964544107,-1.4672760698716556,1.3101625105466799
1.64306611351386,0.9663242392268053,-0.4608021479896974
1.3183397527785221,0.8262134868670509,-0.5307212881356167
1.5805016675932133,-1.1732575087500654,-1.7342008944126195
-0.3264463708737031,0.7847629768770393,-0.10887619067050766
1.882048114960445,0.5913817059732248,0.5825132339933483
-1.5269868283920731,0.17368138488079832,0.3632228012240157
2.1903416447949287,-2.0921768625966934,0.4318187277040408
2.7693381542465385,0.6988608494542188,0.6693615923684836
0.9099227768949305,-0.9416258791816959,1.3650734426279525
-0.43033924529272327,1.059396341044246,-1.1845358221873985
-0.9131748356333748,0.9880577332531484,-0.8162547089949653
1.5456206246236583,0.7130862618604511,-0.6585421156256904
-0.5416468809117575,0.5041080129546406,-0.8606393994670191
-2.636235862974342,0.11904032309329426,-0.9117456815340704
1.5036621915485968,1.1956811924982256,-0.6273183937538618
1.2444601399151622,0.6939608708805657,0.9330420619285957
1.7250185985223878,1.372528530575197,-0.707772387921106
1.2411033084427834,1.1605084094806557,-0.692366680735155
1.9941697104414273,-0.8750343992249683,0.3685407407303903
-0.48117977259433975,0.9560423595579186,-0.9455759781668326
2.328011002888937,-1.863673955072482,-1.958152994931168
-0.42056228589337885,0.6950439111168718,0.008278778488028958
1.7290618046869803,-2.213864784738242,1.0765632900015967
0.6409827607534643,0.7917486479174882,-0.23895725907625134
1.6229213810979963,0.730144538523444,-0.8592330364522616
0.6780291782404789,-1.9129939134595864,0.07073541035718649
-2.885367559706153,-0.5270005633930421,0.5469394151730812
0.7706932123784126,1.0639689606761973,-0.21109641460362413
-1.1158622283805884,0.10056979119751007,1.0736809557730687
-1.443208106221791,0.11692524534381725,0.3675947640397803
0.6656052830716968,1.4333750507835772,-0.8586708225124843
0.7569338767619698,-1.3022944643805836,-1.0833623023774208
-0.9050959357046519,0.7950896641744789,-0.7099517721032387
-1.9603213752631592,0.14390759987958487,0.45415585884959053
1.8234009992950135,-2.9973452601701616,0.8943346495211562
-0.0661562144936176,-2.999509263443738,0.8592270722931404
0.4258948340075189,-0.5623815626135384,-1.4238502669636515
-0.13360901883990622,-0.529850761983042,-1.3237315541108632
1.0173864755627682,-1.656495243058217,0.04137594198573566
1.4783376449655896,1.2438733386545922,-0.7130958786453991
2.03373383062608,0.7522537529039288,0.4078885907344763
1.1830793224491893,1.0755713332422174,-0.8732126359055848
2.1669205722499196,1.3612154394338065,-0.7797544843216325
0.265410800929938,0.4974198300352965,0.003948683403878253
-1.6225739606810847,0.49702671817391153,-1.7687074014310153
1.5742541196766675,0.5853653846362497,0.8087310048614549
2.255750133162485,-0.00942047404289983,1.8098283865434626
0.3107510428283128,0.5666627472654652,-0.2943413178673921
0.01605324731213006,0.06821472655511744,1.2896825570113888
-3.033528631488511,-0.37529701267321547,-0.3554986515107318
1.763790017627517,0.22191881721843457,0.17157962942832866
0.7407953112649697,0.43935167372967526,0.8347731101395505
1.080334894008355,-0.7101472873359302,-0.70482032667584
0.20460871650659468,0.41451362582616774,-0.1677106612338772
-1.8523664723602586,-2.120982804058663,-0.7666488929798756
0.5718709386136653,0.690244321129033,-0.47766420861363384
1.720086582602458,-2.8343837211776375,0.9589364535612193
0.7007392066044331,0.5808593926008117,-0.17143900721373737
-4.3083362952315545,-1.2235513150054707,-1.7419724965706407
0.34095869389842504,-0.10648624537546901,2.7873511607190897
2.601752417336518,-1.737795398146675,-1.5108834106634275
-0.12681841110789271,0.09483303208030255,1.1619208770267508
1.3741375318851585,1.1175911090754518,-0.9268781474263992
0.15499223334313258,1.3998415863662323,-0.7148670046248476
-0.8910824277942934,0.14745080660948648,1.2917000363247473
0.2729220251726746,-1.7160264650800636,-1.1392975819454976
1.8738641387909138,1.2837361073687266,-0.519570751128014
2.254122224509169,1.0391685988857904,-0.678275328845155
-0.2991021661834746,0.6076035486983509,0.3153522953411744
-1.0846496385133801,0.5822403393566887,-0.5985036195119643
-2.2687976234864964,0.50907309770107,-1.1882302234420519
-0.6758964645547665,0.9322178373752462,-0.5075321425863089
-0.6921148247825969,-0.9802793369268196,2.1010150466400495
-3.92615152228117,-1.2657003141821472,0.0026555247144462234
0.04915247914673795,-3.2491656074206907,1.2792665336635685
0.5696386651122646,0.023274446765803584,2.8703710725470137
-0.7278903869848299,0.6886721606545474,-0.19647383724834136
-1.7635238113072942,0.3678472565713223,-0.43847640538086113
-0.6270678313168199,0.9737790431429356,-0.488582982330031
0.30040368607115325,0.10583715526389624,1.1241996507657948
0.04594959929114178,0.2329729527353808,0.4967557786891371
0.08599168640402381,0.4776601144006706,1.3514537050458608
2.5870363953521216,-1.072685428859132,0.10460368451158047
1.008210741826073,0.9123823737840935,-0.03301246647176804
-1.9828374685843173,-0.1302792239255438,-0.13976708999209347
2.268827331957021,0.909381923258912,0.6858060389420738
0.0640149272638536,0.24183915127821937,1.5210204949003299
0.8899871497116798,0.7102443872666188,-0.3412668486092104
-0.2537663982473761,0.0063531187369999294,-0.3824746456608342
2.9523799725660624,-1.9225821904699014,-0.9324031592600978
0.02893017959611271,0.5747614752575103,0.6150342465169787
1.3942183892032003,0.7711958138667043,0.06495728844007125
0.5021803797101162,0.7180140919938676,-0.07566133735287675
-1.6786281835801,0.49489265709944974,-1.3864161970855267
1.9445019241928858,-2.9286423552509806,0.5559729143786583
2.18521985088701,-1.347320509562933,-1.2771670904909134
1.4062420524320431,1.0368162292358303,0.02900346647970159
-2.0084176282563218,-1.5688143247742687,0.9239443885778444
0.48143606454532417,0.24405506929490145,2.786144222759073
1.827730253705073,0.21283592127070888,-0.35854957251162267
-0.6867645869618693,-0.44113126440193345,0.42199622663528125
0.3007876642856778,0.3858084121904049,-0.38781672782915233
2.3072994996060214,-2.548274162124463,-0.9976050076198678
1.1070450666359104,0.33993876926363337,0.2389951379994228
-1.078321753355531,0.24517697269945454,0.8348180269056152
1.073871854711956,-2.420927066027104,-1.244984787675298
-0.10416895754867231,0.6318468640115452,-1.1069474979998353
-0.2683369452423627,0.714487924893357,0.027910391391316187
1.4940637555547998,0.36423059998478113,0.19127488048407063
2.521118326274013,-2.8782333467084014,1.0817711313224934
0.6348896273475189,0.6392946531340803,1.5481739326610344
0.1276889154840154,-0.3282672048056389,1.9452249922374574
1.2528601974095392,0.6835396582602813,0.09127598086824025
1.3862532718893592,0.503806485650447,0.34529639799212836
1.0549984777549344,0.731971331250026,0.7368937500067803
1.5430109996643,0.8864630499978347,0.35735849728574426
-0.09415853654927542,0.16666951103116937,0.3581210353156877
-1.9923611029150599,0.11411737375624745,0.01586643794525432
2.248426461081354,-0.43233012264956766,-0.90537882607563
-0.11119338984818344,1.234548311884311,-1.1413815035286927
-2.682867761031865,-0.22643943851533657,-0.5441638782403263
-0.9887583142401789,0.6950145856974191,-0.0668406387008264
1.7633808436851888,0.5110153582461121,-0.19134195204278107
-1.8870855795354178,0.3316381008267999,-0.13539152550051037
-0.5597506895081183,0.8691878036843993,-0.21167331138054177
-3.2403531487651382,-0.2708771589446251,-1.4894183602961226
1.549039669110664,1.4046937295312214,-1.253263249915157
1.1656009605426825,0.9607017470622451,-0.634630381813822
-0.020074296864939365,-0.012120227833351838,1.6933231907002084
0.7946113119165291,0.7932848520735234,0.3594532896081284
0.9912128921165541,0.8269329302614322,0.16331393094212107
1.6408491576332587,0.7037250339233881,0.2150808970776158
0.12339424069138119,0.7779127322086504,-0.9115900059420481
-1.7641170459781477,-0.258994924490096,0.8441568971189298
-1.9931797253085337,0.05754805711282982,-0.2933292504919506
-0.6800471295371792,0.64952034822546,-1.1733151196663665
1.417110332002462,0.1523843274486468,-0.8460760215584426
-2.4100582405582305,0.13212288874809153,-1.34128887710126
0.002541311607829883,0.9713907165472856,-0.8129296936386599
0.5908356496708517,1.1241075565565064,-0.22183085925492121
0.698268354060989,1.2310248860461979,-0.9810015711537897
-1.2431247699048564,0.11528498486831978,0.0740499151080827
-1.9394628136874081,0.3434017689356946,-1.1003323658673376
2.6009244095093407,1.0491920760729239,0.5919425762495548
1.7759731937144692,0.33461771328815343,-0.1309831434056338
0.7309399751178813,0.9727947428556989,-0.5956940022899251
-1.0208821104632277,0.3896993597701383,-0.3145723680766643
-2.110460313257605,-0.22341247579048754,1.769886904201136
1.99860413636172,0.757576321129488,0.8172651188167936
1.0392113571940251,0.7670199111805216,-0.359433722924245
0.2816097300676176,0.7213190277562941,-0.25147672722929093
0.5161899477132568,0.8760303508814731,-0.6569253155852188
0.6668643873875842,-2.7933941771575803,0.8880359480834681
-1.599445721215378,0.06587878157728812,0.9678883978773691
-1.4091594603971753,0.5271960785433728,-0.6583712565040918
-0.7401517661417908,0.1459652204645546,1.4751537499492167
1.1193286471416877,0.26316187597029234,0.027278864625762005
-0.1918461696204813,0.301829808793177,1.552405628342793
-1.3171893081162693,0.7858559100393928,-0.7433482411762985
0.7577018785374677,-0.4014146435025522,0.5591325344288004
-1.827052841411788,0.44250203397548415,-0.557576102235055
-0.8272901455817259,0.4242516814262222,0.8799108704238345
-1.6661738044463392,0.3100711113021969,-0.4925164604838564
-3.7747706168268245,-1.0107830432981901,-1.3555349329553372
-2.317969904931195,0.5269382790946118,-1.422048786708467
2.87142990404671,-1.6318379492545922,-0.2509201193657957
3.0941335636721026,-0.9193419625800189,-0.5282461163488792
-1.921801649801097,-0.3725708563673174,2.0324269281817107
0.613003114665983,0.8502919688935267,-0.19829552378969625
0.42779513729090324,1.3087032133801144,0.46854550967268527
0.7398923447088667,-0.20886718116969286,1.6562994420581132
-1.2746595849635862,0.31833143002628755,0.32093391377440494
-2.5303924264594326,-0.17100250523180496,0.30920510700337556
2.4980425156270805,-0.27677541688076474,-0.8199092100176196
0.9940430731708195,0.6823073012387505,-0.33721765341696125
1.7958763149366916,0.6704737359751736,0.2975074473675643
1.1951161102435082,-0.23437043296480223,2.6620579360845333
-4.987510298609754,-1.7256530369406995,-2.4512214663360856
-3.972165144818116,-0.9220921899763544,-1.7547970948274385
0.7134726474529696,0.35551712914487305,0.38514345215342843
0.3917469655134511,-0.5824482473945938,-0.12524637373701314
0.12609063575615298,0.3230727464055233,-0.1166616134865392
0.5050548328485082,1.1374339368675606,-0.8450952790740858
-0.6965819613973994,0.19140327780769287,-0.28868994042765156
-1.8878736300172396,-0.4356578059404805,1.9694050744755311
1.333249824127694,0.6571200891775903,0.06864338410689393
0.04876514378101212,1.1028379685822245,-1.7607902253009868
0.07570432704677496,0.9627934287274957,-1.2554490083859038
0.33011884453502777,0.7027210829596672,-1.1302589196355484
0.7719096508731844,0.777376916020793,-0.7648155304303843
-3.301888672601245,-0.6418211046868473,-0.2660275340669634
-4.429336894309794,-1.5663227394914288,-0.7216341126933391
0.9925057908624384,1.0826173502411345,-0.07342560761428368
-3.292516522910221,-0.2417527453672126,-1.7260284805802433
-2.7608267912947935,-0.5052770355967665,0.06354276242269025
-0.5958882607494764,0.8479573657774857,-1.2688796769614
0.6789976798685089,0.5136711464596618,0.5767430530140023
0.208251884810103,0.9322226200518355,-0.9473450620377705
0.9547217132459422,0.665776686765533,-0.8242610556235611
-0.08486930504352741,0.8735719589104399,-0.5834239670164739
-2.808698532269433,0.004005613504025506,-0.8384232664254138
0.7683833739320617,-3.2509395008733675,-0.733418224607087
0.23188118163064947,0.18381563862786543,-0.3564599649170376
-1.8823339637633945,0.46229044056814905,-0.20981804035654109
2.7338458095964593,-1.8608937575550883,-0.4723671596321753
1.2655272527008665,0.6428101245647231,-0.5968788648943902
1.3071909769865075,0.700909900629464,-0.17484082946227927
2.097517957953113,0.8913306129820455,-0.7603484552832941
0.5038850602251744,0.2896229686791641,1.933053811591685
1.4196362896373127,0.9541018278069823,-1.2915131888883953
0.9455243999307335,1.1269253515521769,-0.9118105859525736
-1.5036991310536971,0.16269071171816635,0.6369124354930847
0.4270560135413163,-0.16125693486170314,1.531439324716512
2.3164971864744333,-1.024360711344451,1.5056494207833013
-1.2158488554040143,0.4466686793618821,-0.25268535264829595
0.29888874734540627,0.8435413952755799,-1.0601618286025989
1.7458413991833701,1.1763344453002798,-0.6549419658588767
3.04747600132315,-2.1027327394483186,-1.066803364845112
0.16162229822267912,-1.5446078655915647,-0.780422225095003
-1.5966722908789288,-0.020746626051678235,0.1926978800421408
-1.6690832325470162,0.7328387555818605,-1.2411917506636347
2.3769254461818736,0.8220744104092199,0.9217730606341757
1.2131529093272337,0.7430119173617308,0.4455909560100145
1.9857959940358878,-0.15722466009095845,-0.8060529327279619
1.7334892030934634,1.072264725274307,0.10410599991023624
1.475904471304257,0.757989960441756,0.27767974125336164
-2.065211984077795,0.12112540260603935,0.6558239921379789
0.9115575930945153,0.8309226751514068,-0.6058842335502179
-0.4361253533647277,0.8300606148057486,-1.7868444959951288
2.6590233823231744,-2.5313601779908215,-0.7748542084888088
-3.2242308588323474,-0.8928098201226254,0.46643716244095457
1.743355417634484,1.0446644150683253,-0.5892028863337333
-2.8143064887126643,-0.385399510332353,0.589836094638597
-1.0278706644395614,0.5284328224835904,-1.0365897112952813
-0.5382123857430567,0.9121758880323904,-1.0570843067134288
-0.5590803533294226,0.20518936435078636,1.1826778501606279
0.7148464994209557,-1.988021630731053,-2.3022208704188336
2.352021590537269,0.8432796511847933,-0.15289659838076797
-2.0087154742065665,0.34087044229246366,-0.4627028652132417
1.4088421923280965,1.1238673000535595,-0.5309990859570284
1.9772556871169062,0.8806917258140008,-0.37761949160350616
-2.412963260391085,-0.09594606566553215,0.7319395995041211
-0.939004578931795,0.7007396346170939,-1.115819972386601
-0.3758861346015789,0.39616141071078365,-0.16226089948539957
-1.0762182012506003,0.25063190525599777,1.3751575582837805
-0.37569621858512425,0.35689103670663674,1.1397993964575996
1.8425813807501599,0.6823411664880064,0.033970102321270096
-2.5543019718802085,0.31167843275060736,-1.5466258480960016
1.9526276284862003,1.0922877842910172,-0.8622178394519998
1.3549590950992858,-2.927231107097347,-1.2311399244915564
-0.4754913638427257,0.7586430187608092,-1.3816102440268927
-1.8792809424243628,-0.31385687101581466,1.8906026618583378
1.829406748541392,0.27089393234828546,2.1245336002235047
0.22394621853163182,0.7610221671545803,0.07717085643773672
1.013759486150723,0.9859282719409764,-0.03135998353424752
0.9867147582436541,0.6565693794297435,0.16094159371258626
0.258524478607857,-1.7788527526780362,1.325978029319077
2.029590929343466,-2.6669196973892295,0.11088982628262983
2.426516724259504,0.9010965313310572,-0.7880172911782637
0.019200212461491128,0.6270375290879159,-0.2362248605751379
0.8625626102620674,-0.04612887736277452,0.6207108823896973
-1.0008747187001252,0.46747876984313,-0.6437830114664277
0.5674542191997094,-2.5045750184987563,-0.530020045657615
-0.8410299256367866,0.446233429581142,0.21992669238333803
1.4198757790802383,0.9569267150061699,-0.607127798020713
-1.9967168682608372,0.13826567201243148,0.7547165884567237
-0.9591355525662745,0.6217693748585795,0.3318293844795332
-0.5326957408011793,-0.11298264736101064,1.8098547606098239
1.9275902839974879,-2.4194274640334616,-1.068338623263264
4.211969209134148,-1.734979078463699,-0.6069679977959745
0.9298213455977943,-2.4177173803385688,-0.7754729747637567
-2.001220698865319,0.3024004058213931,0.11621703950040899
-0.506880993233448,0.33162105433366346,1.4623234214420893
-1.3012142366403558,0.0906305482527967,-0.2566307689601337
0.5491250608131538,-2.7269042357264013,-0.8257635885129492
3.2219074500432003,-2.2779126371142295,0.24591215518255852
-1.7759157308627755,0.21334074487194676,0.9502578401370907
-3.353323493214497,-0.6106328390804174,-0.5087811870186846
-2.402162915812867,-0.15685526779846218,-0.8690859907236925
1.8316217334785359,1.205942054237034,-0.38954296600412086
0.7621904860590898,0.7861754896983943,-0.7341272953954037
2.083680714984484,-0.9194657339599343,-1.0338642792745878
0.9650468677414915,-3.213130046633677,0.9080293550244785
2.7281678075422766,-2.45515272177142,-1.1234862536149397
-1.1833343216518086,-0.09622112687073443,1.0917160440945368
-1.5558565214068651,-0.633699569065599,2.6487901114151917
-0.41802843009962076,-0.2791997387791147,2.8175694460205327
-0.9832184158116245,0.4548851427177152,0.6749781283403168
1.3307758690290485,0.8877152828374096,0.705689509818877
-0.38141999254290015,-1.6795009193616262,-0.1801236146273809
1.2519167411422405,0.40788419962505323,0.6495701212617995
-0.5416530468834843,0.9406913929021115,-0.9503735230283598
-0.523222555055621,0.8817056200502241,-1.081306316591234
-0.805008826058843,0.39622771600254236,0.1657431699893367
-1.9171274768622006,0.2065663128303624,0.7320426628508215
-0.23887865134845476,-0.07017348573254333,1.4650212651649495
-0.5756821957821739,0.35478517998090187,0.6181809025316135
0.6260955619581802,0.5172599936880904,1.0693556054053548
-3.3331400578668253,-0.8307872733569797,0.7619925653504556
-3.3992591692976726,-0.9146754927219813,-0.20309821388002353
1.5398418636779119,-1.68277119600085,-1.9532521709391137
-1.1050765349718616,0.857924861356225,-1.1931182218964458
1.3123526797519753,-2.6756106341138612,-2.119105945325591
-1.4735350542638626,-0.5576594831388529,2.603077938305787
-0.17306900543200857,0.06288181293457257,0.0977296900475852
1.2999243244372867,1.146950746379528,-0.9355656867890186
-2.6411489793302323,0.18157862412718911,-0.782301347334716
0.6597303768957732,0.8904742342253382,-1.2794578742007294
0.4413370328023948,0.1153070555017007,1.3387745762563161
1.2738652598157307,0.19450479932921425,1.2810370520256742
0.012816268263241776,0.1425006203705488,1.4611871504060787
-2.6605947539003796,-0.6523484463335343,-0.008455519577820217
-0.7121026949052025,0.6959002601325371,0.08443170937615155
0.9218236235659598,0.5055834453403435,0.10365208417985487
1.1360314387398873,-3.282555373425325,0.11371048024649989
-0.8892864132778547,0.2588623203418505,-1.0716138955433354
0.7066153285759649,0.17708642249107917,1.78527249078583
-0.2700280440794933,1.1253398805293606,-1.1363159709777577
2.6765217396975665,-1.672215185107516,1.4038815288610595
2.935925485712909,-1.3092730628340092,-0.730332824177161
1.7204801840910346,1.0240316250583588,-0.46003146394670763
-0.9688044102195905,-0.8312612437352455,-0.8383367766911909
0.8723782019931587,0.5453690429089934,1.6441286993073172
-0.7950498213267644,0.6753156199680201,-0.3066295767910199
3.2474164312631024,-2.07978751928817,-0.14626424898722204
-0.3126915202395992,0.7465047680060204,-0.8046112635954692
-1.0503516467662029,-1.3175029364376623,-0.33817972634716853
0.5253253251398166,0.8327422738459568,-0.7679906497889115
-1.2664227001207158,-0.5329288594544851,0.1758869735529574
0.6588160013474984,0.7261923898298032,0.20267260137828988
0.7125611478875127,1.2740134735731425,-1.235592929309682
1.566510175063526,1.0259060482453661,-0.37117743258544417
1.2162184360853063,0.05780294528084478,-0.5827431791294331
-0.7720410225765013,0.1247936700326265,1.7799388454851692
-1.5579279741290228,0.4595499319281418,-0.7568360043487078
1.8416472564998367,0.8195948495686394,0.5729533933441067
1.3872421358983786,-2.8160470391752215,-1.5313808548322487
-2.233152952441669,-3.581370233565924,0.3150076593882379
0.5606009740271082,0.7646098383087653,0.15786814897123314
-1.1623175319789525,-0.48227509187852485,2.824716401251848
1.4966280622909347,0.6789522032863531,0.035514426522373646
1.3331714357222157,0.5517065283909508,0.34650479472779205
2.845528017917188,-1.8561922296529945,-0.9767373954106381
-0.29319070952117393,0.13363878043534302,1.680832608351474
-0.5010181010343201,-0.8446363062091595,0.5618054467806569
-2.298166537207042,-0.4301873725737353,-0.9104546569131029
0.17666393435212127,0.6263819671993831,0.05152661250787885
1.1176575252390173,1.136998149536348,-0.2773945468702305
2.8517356049603637,-2.128254610405852,-0.7538524533759031
-1.3839314671608278,0.6961216347972666,-0.8774509983648267
-1.7049883216509125,-2.281770746217402,-0.44526741752924603
-1.614789892399404,0.002679273329815093,1.125292193696352
1.359272573837735,1.1414727708771593,-0.3358735608513208
-0.08921159046004198,0.4573561174856916,0.057508215200355
-1.0829445983185582,0.7442311874432728,-1.2613455473991417
2.4397512405568245,-0.5206384222343401,-1.0376681469817337
1.8123852706236145,1.1209962292238478,-0.5763622348120914
1.0280590518002364,0.6568211023643208,0.5341478053970411
0.6871501057138528,0.4536212600285568,1.8731105261235599
0.5708923161363133,0.3940929270394992,-1.4361057221373263
-3.054903189482291,-0.6307660316893958,-0.1625685134376445
2.1414874796616523,0.934747460200895,0.23081493412085996
0.47004443923357214,-3.211534634436532,-0.12023338028690204
-0.5152251237053093,0.15031891445541518,2.7392272727186358
-1.6054523467722648,-0.1633147878140466,0.8591719928953071
0.824348224658587,0.6075565505687472,1.3442222684651761
3.0037129153737925,-0.7900931349910467,-1.033921066829325
1.4815206802769338,0.9570984847811084,0.6627028353782606
-4.50691502005815,-1.7831091474049259,-0.8256040966428765
1.3927766011164522,0.9606606180010178,0.19691035357214243
1.1791270913992467,1.4229953931673314,-0.1346970560911628
-0.8426952030852738,0.5048622143382899,-0.4136258656274213
1.9747720449884376,1.4696294421809741,-1.2300655727913654
-1.9579808896408353,-0.5170662621806594,2.526226541215442
0.6141428210884202,0.9220121447728595,-0.17108455067776288
-0.6436146076150016,0.383069229147076,0.025223898348684992
-0.9286983538319374,-0.015395900738646934,0.8674101056647913
-0.7059062056066728,0.27997075266802957,1.0054591472753756
-1.1439785499486068,0.6288243741282268,-0.13891516339204638
0.31400336574248505,-3.2774145235367893,-2.358466528757228
1.2573439723657498,1.1857178644607687,-0.6696143234780463
1.1926607799651294,0.3417650880445906,1.7889898504565869
-1.4050485837226823,0.5963320341562911,-0.08527508519159971
1.9284884115103422,-3.287135466699214,2.327947392451017
0.23920616587351926,0.03276001695620244,1.4997508800386818
2.231060996310926,-2.098564676295744,-0.7661846473463603
-0.8091577169383073,0.39875615198153413,1.1309331308012942
-0.49301137014180363,0.40199593376069387,-1.1935938949833735
-1.280602157339041,0.06660938715816667,0.9978394095294318
-0.24086213472534823,0.47900523633810377,-0.022998305746747973
0.9915781501376018,0.29428017053667227,3.3101009138995456
-0.4615233661660819,-1.3960151170361437,0.3775529387299521
-1.1109970957025028,-2.4964483407111464,-1.470808913380005
-0.9759614370127588,-0.051823621371975576,1.2596118642302983
1.35430024250021,0.6893049079096751,0.6186319560867232
1.9455692815123145,-2.208439320432508,-0.7536677440535546
1.104030872527838,0.29415748678522585,1.990179559073912
1.937205104559633,1.0702353780448866,-0.7632179396049428
-3.5562462258759515,-0.5148924024994259,-1.6475887546208705
2.5887596890323143,0.31024663508558536,1.5904774854596377
-0.2093316092953854,0.7369156069204419,0.42362302101392296
-1.481588756139315,-0.30612134822218123,1.9881681878589539
-3.3574792128318047,-0.4257795512879227,-1.17823015105254
1.8847566424157387,-1.9958221281902997,-0.7841494624768963
0.8319929547889277,0.4720518035212185,1.9282221937848156
-0.998492097292316,-0.5088999328520314,2.8585860085597594
-1.57126891902775,0.6758738758039892,-0.7410693258863639
1.1995697866128612,-0.975258520907689,-0.6104061970998139
0.7346181452516609,0.4948519733929828,-0.46329971956291344
-1.358624247873854,0.31656617657943625,0.26844647935531385
1.0711302017912423,-2.942618385520233,0.18755416662507232
2.47220471886052,-0.5653934811374746,1.9210021282154424
0.9760007951185168,1.2510173275788636,-0.5330278640412233
0.4841654068827387,0.32556503209526527,1.5420716064124393
1.5055196794086292,1.1045167494762025,-0.20980250595284947
-1.1881923503948972,0.622473742379167,-0.49224353673436577
-0.3529877299717393,0.12140611973904948,1.5366072298208973
1.5743561672338007,0.510779656210875,0.9124011257496291
0.5837571072461412,0.6065506579580373,0.7034900844291611
-1.20069918602466,0.5870442825477031,-0.38677955927389174
-0.3388788506905776,0.7709832101446901,-0.7238562533918235
2.7304361371460755,-0.36789458401421427,-1.26288416253828
-1.0275303425635998,0.3305605858854099,0.9149134368955928
-3.3009957400683496,-0.936354245701393,1.1954274827373286
1.3480262754363863,-3.4911541564821946,2.203887858363077
-2.1461849443541454,0.05188287857600465,-0.06798319102553242
-1.8350034080201272,-0.0282888337239572,0.11061982092318975
-2.4212523840123654,-0.21688706224477375,0.8081822068431467
0.09518656075636622,0.03435061285281735,2.6608051622770064
1.6616387352767807,1.326247356070448,-0.0999974742911729
2.124175981253327,-1.526763854960084,-0.36380106128996365
2.2015337077001855,1.0898179545845736,-0.2552075382004397
0.6457909244225282,0.16871404056317524,0.9489684262664875
-3.3061391172222834,-1.5708979431139793,0.5084010137085255
-0.33598449316894363,0.3644920265811255,1.3805382877534134
-0.55793661446536,0.4844887147602642,-0.2015924500692595
-0.8788247411400191,0.790077189481579,-0.2613501848365572
-0.3977661628959732,0.3883127420655128,-0.05286027213649259
0.2175954567292466,0.8161681309603296,-0.39891586103394727
1.4334272808734443,-1.238615185740153,0.0035792727740377255
1.8431491066845156,1.0206996117684617,-0.5720621866108997
1.6739633703084247,0.47598166319775187,0.94555153588336
1.065760553180826,0.40830993878333394,1.0154274479980196
2.480555317234916,-0.522729984924337,-1.1247434507186624
2.706008177577003,0.9627407082951924,-0.016398781075299955
-0.42660895074829874,0.09259707687830374,-0.3290554344360667
2.5425145928639656,-1.5458117820832875,-1.3475396621129334
-1.541802177766441,0.16947055977024184,1.1239284706378592
-0.5800967843918815,0.42171321554432123,-0.014726664763080786
2.605770693550064,-2.0402299628300757,-0.8059169720016779
-1.2262812921191568,0.731437186983721,-1.4616420877382423
1.9167398626692218,0.9854171183726307,0.0061799497962933625
1.2153634745851143,1.2177227981591534,-1.087385429638734
0.1221905244201902,-0.18549694664159597,-0.3365513587186393
-4.700777122154068,-1.8613048305974085,-0.5781753326685283
2.286616752460542,1.5290539315937235,-0.5616914134146145
1.8135823384679535,0.2691456141327028,1.6384032005894813
0.890729836178993,1.0321974016372248,-0.5341389080274667
-0.16238745589753412,-1.8632366600338728,1.3088788847106456
-0.3548723220368196,0.7819648056909669,0.1524952893923949
-1.8380085419564685,0.7450166323522454,-1.2320566292983417
0.8779673735957821,0.7788925183700356,-0.25174908102852667
-0.5919035042857151,-0.24269627602067487,2.254765257110524
0.17873958119773156,0.3302375170896272,1.8722018424386386
1.740013898453645,-1.8814564764162687,0.26499294730420303
-3.2730822788934715,-0.6576776354552907,-0.5025931317199258
0.9704154017738987,0.904778738417927,0.27617630653321634
-1.2135825138784335,0.49135102512557194,-0.1940989081927629
-3.7456701441519713,-1.051493930043926,-0.05027026104476382
0.33504920452664155,0.9319000481270555,-0.7861473634735098
-0.21073934067228256,0.2691873726336836,0.5655155406163911
1.7902333876919725,1.2621195396017775,-0.41517203171405415
0.36626806675560836,0.4863643529498855,0.5563652449321757
-1.582355617214362,0.11599839405111531,0.13197291086197654
-0.4603880056382038,-1.0953262359818543,1.6934326430210271
-0.9315988976217034,0.6225523668698046,-0.4801208480742029
-1.5620534867316316,-0.13732964214071983,-0.058522426434996944
-0.13752346639257607,-0.12095345996220082,1.382563742565525
-0.5808972825065081,0.7332631266892152,-0.7468270393733991
1.2897542106153055,1.1830212201260748,-0.252766958680619
0.25053249363902663,0.7108429894240816,0.031010623511408646
1.0632050304601952,0.8308922881780196,-0.9831960194337931
2.959541594383724,-0.8186600018745054,-0.36807834665479333
-5.715497388620619,-2.366032844820088,-2.748853747372303
1.658768431099835,0.8897362479096743,0.13488456661194975
-1.714485170909329,0.29040622826345197,-0.11948901271632353
2.729213102790389,-0.756495997700947,-1.2330415220858513
-0.4855273506115163,0.4152575090734547,-0.129361418593796
0.18991971540090974,0.015900958755351337,1.313983942818897
0.8292152368292859,0.4478639100272199,0.5960531513784914
-2.936784620937511,-0.1986993417357951,-1.1649486704174319
1.5630775452540528,0.77120086988928,0.16924530422625136
-0.012523102530935004,0.5732230545107865,1.3588604126871986
1.7620922246099695,-2.483684796822209,-0.7084994965684366
-1.0019446347503873,0.6765994816440302,-0.5413966586724919
1.2722626733396292,0.06162716680475535,0.6166811682237018
0.8439439090164809,0.8667778787144294,-0.6523929172345342
1.6004956808974755,0.9194953891525618,0.48276525198847803
-1.4638729198672844,0.6860209395409859,-0.9358502137119794
-0.9084502372902411,0.1771808327964242,1.3260983422052945
0.38797711815444713,1.0603955901389504,-0.5126453248596501
1.719060274049363,0.6484491688145856,0.5026236171743828
-0.2906862390924359,0.6122158549244495,-0.2856788499178233
-1.6988090545168706,0.3940109184634829,-0.33571987235658796
1.1317150260517213,1.10363119211026,-0.42433047055494605
1.9311204190327649,-2.571591666408107,-1.4319747153982652
0.08508301957967548,0.1221909441542759,0.9066682378750758
-3.2893661331626554,-0.7067841639468564,0.39286864423879736
1.8994916925780345,-0.1377686042600477,-1.0072862166049845
0.09058080255853818,0.7824180768174988,-0.6412349786172833
-2.036964368940608,0.18141304076143527,0.4456397500122039
-0.03449084952210233,0.06366400519026559,0.9617204847111998
1.2415086257944856,0.8495456621131732,-0.648737009117819
0.3760533654725296,-0.3120278634349034,-0.8641791514484625
-0.4951074334096357,0.7981934401851878,-0.6600470818530819
-0.44020391306882983,-2.1060502785953217,-1.0873707815811329
-0.4881142302744469,0.5041862712869407,0.019833265082633236
1.907145836467781,0.6913538055445527,0.20096419552901817
1.6811208328402147,0.7421692578990305,0.6701323506274556
1.751716337874942,0.9889155779954167,0.010427212344791395
-1.05463493477369,-1.7996855880319627,-1.2174766165846522
2.0120789847953215,0.6606710456600681,-1.3813077416107833
-4.540246344139411,-1.8775303777324677,-0.5445374771001579
1.6754989901421404,-2.4918882359859427,-1.8549769811903265
1.2499538974955746,1.0615945384629772,-1.2823384775727562
1.4484326794108613,0.6604823818636443,-0.5804104445279142
1.203484464601031,0.968852289195513,-0.25593570742937377
-1.511437677489313,0.6916850055385533,-1.9133583287301024
0.8553077470089647,0.23873109633966985,0.21852578885928825
1.5864923127743513,-2.5886245558389978,0.8214774928543566
-0.25172987287211007,0.5851433730936901,0.0062715219512565
0.9649039330241385,0.37679145912156903,1.637028409366003
2.6226849569663346,-2.598511187080471,-0.19066248792680637
2.090590873589764,-2.142484206752012,-1.9231680673638827
-1.1717218857224054,0.8854894656295101,-1.3636369084273063
0.9131775078281411,0.31227507435123547,0.2825059384661225
-4.22322363315302,-1.4563993803206678,-0.3142227968566455
3.1478158804298806,-1.7274379817766574,-0.6232270298713812
-1.2623943209142445,0.45224270255704446,-0.48064059256320507
1.7437310220566153,-0.8601615337938513,0.530327341725784
2.79777922822254,-2.0647445832938485,-1.031371000534137
1.925789365325769,0.7362596898835456,0.7438743180033033
1.3425809111966307,0.7029805915761768,-0.037258731284850945
-4.6791026545821,-1.7999052327341436,-0.7609454295296407
-0.6737964188796268,0.6058194809116888,0.10789843654236686
-1.8241547930632058,0.47044407006057803,-0.6100278816491976
-1.061716072112213,0.393090447196236,-0.6951601447643809
1.5694542973556092,0.12572999604165452,1.6427323608067728
0.6885490131316706,-0.4625893929281431,-0.461154365714527
-1.7033018012964942,0.38128383095120966,-0.29783475423971895
3.092163804567956,-1.516218248675288,-1.3982034859428663
-1.1698409844842732,-0.20950243997106552,2.1773213525605746
0.14779258155342573,0.8132191492886549,-0.5103774472763443
-0.5535326657896555,0.18365071195279614,-0.057955946066643706
-0.6519809057365792,0.5554907319112973,-0.05064158452113431
0.7819287064018925,0.6659900686607289,0.3336439488973007
1.3391791993755895,-0.8906816694564476,-1.1823451598706312
-2.1915377157169122,-0.29422173087453246,1.1133054258154558
1.025039028302072,0.9928918422828014,-0.7794015568870116
2.4522719934375647,-1.734080656337925,-1.1088683067934417
-2.399472508666882,-0.272380790596076,0.658881740387396
1.853602835990458,1.1642015991507872,-0.8197710817835714
1.610535471735084,0.5193278887698752,0.6087336779790318
-0.5812689044927808,0.10286862152770897,1.4258108940099221
0.657585801302086,0.0922237766920708,-0.5402812229940077
-2.1668309488160955,-0.2015222884111582,0.11880341437995379
1.5688278826428899,0.8533996121131155,-0.3088382820974009
2.3494772910400674,-0.9083981643863551,-1.5471443060837133
0.9414484039989673,0.8169354808269084,-0.7178688681474983
1.318013614097755,1.3571109095605567,-1.181656297906317
-2.4382468844678686,-0.10786841623630072,0.3030242840910465
-1.0847596843499239,0.13118668365376157,0.20364737219322337
-0.08373822842394357,0.6393124885638785,-0.5206678406490034
0.4141556738433179,0.7823073129575293,-0.0734840907881179
-1.595111517608522,-0.3133879027062914,1.6485213252344655
-0.6617821376314266,0.3445342511409579,-0.5294743327339688
-0.39243706387731603,0.4163475157626788,-0.6755095290077274
2.3429659951810136,-2.1339242977210424,-1.4791358083405066
0.09396280376267734,0.30582577541386136,0.7388484849226968
-0.5538925162086881,0.02325986693273247,1.8434234762487167
0.7987732351627421,0.7560167798416365,-0.9849983743030785
1.507058578739211,1.1781026402056851,-0.05900439222217203
-1.1307418811901575,0.7654874493643402,-0.9486810466197909
0.6695653853882293,1.1239817292797722,-0.7029114580268578
0.9761570477058218,0.5460977432854381,0.921686244488128
2.071350716368561,1.506047051461061,-0.03564810303130495
1.1878500322361663,0.8330956408580017,-0.1261487909112791
0.7769315960477897,1.3374640114583478,-1.0522356264376405
2.940615533677124,0.3730801615260643,-0.7956224191910355
-1.3944954933723752,0.6661957803765156,-0.7883697746846207
-3.3822438830794597,-0.9669114644697174,0.4179128463088688
1.9803651691882882,-0.49117753195209995,-0.4855221403911089
0.49446518729013256,1.1141503851937968,-1.1938565237852432
-0.008345559705044267,0.7428598621252694,0.11505392255974659
-0.7683585711921614,0.37740793608474255,0.8492665026760385
-0.8384750251102268,0.5158130261421173,-0.6425663765190284
1.9550201671876986,1.1691982787001673,-0.5919050204924428
-0.2286214425568526,-3.7828728356759656,-0.8133256665593633
0.5097832936849468,0.37794164199497005,-0.4498150157656628
-1.122635308306292,0.5910329522313388,-0.8702834715024701
-0.5889619999180229,0.4808269869640479,-0.4862549981064143
-1.8636615885055776,-0.2893426680300521,1.7869063193043035
1.2373773006598299,0.9133588329076663,0.6576506863438535
-0.3350976038823338,-0.05958375947164685,-0.35349298253513883
-0.1529298333626817,-1.7986849809518564,-1.0323314659304892
0.9165472740171693,0.5312399131733624,0.09089082822139805
0.2706440944283465,0.33199894199296864,-1.036653875189777
1.7870998302459928,-2.943018692930647,0.5519803424604672
-0.632923065284211,0.7430448876357726,-0.9565834330250459
2.437725829077922,-1.4469606476187125,1.1275575127415776
0.816791369098824,0.6769879411244183,-0.3951226460156046
-2.642551587186695,-0.21564597851136463,0.6385103496343334
0.28209965820790733,-0.009257980979846392,-0.7757336442512963
-0.09143421801641873,-1.6325359249584757,-0.12456452990719975
0.16769732090850367,0.991861397983024,-0.7215218195928343
-2.022631598467017,-0.04638269788581234,-0.508694914369162
1.1357929292341067,-1.0925509629602117,3.0499086928278016
0.6371506357853508,-1.2239087727866005,-1.44004402407641
1.80382267391552,1.3596748321498422,-0.6117682637731786
-2.392966223730576,0.19729620622217692,-0.7552833304846294
2.01564760378396,1.1676683051716887,-0.0030851387292876926
-4.053963038148022,-1.450872536284365,0.40394887974950133
-0.10819852930322182,0.38383734909313216,0.2456296743573395
0.8238569715173749,0.8021770656136248,-0.47185538552613754
-0.1222140045040978,0.46705468141860756,0.45199607711165435
-0.962356837094985,0.2808007393769857,0.434054368178612
-2.838904660633661,0.03860688902939,-1.3762164262856058
-1.6230531302250317,0.5871738240512534,-0.2547151906608741
-0.37157342242849306,0.5774930033404434,0.9417915980210141
1.7811218988068096,0.22866887916457487,1.801943630641256
1.748960215270604,0.5575343147376107,0.7964597569709262
-0.61394709873581,0.6169976876774863,0.38540811607439235
-0.1260770794107825,1.0974790149534273,-1.0127378246781926
1.0586401661473515,0.14567846653814265,1.7117678979899746
-1.4850553872864865,0.018112369313431735,0.6924582826274289
-0.05473330335126953,0.20378743502264843,-0.6894735909449181
0.5807960399114599,1.3513778391382854,0.024993662419740603
-0.5012830527343646,0.2697518619438604,1.3934492982973326
-0.37457610229896027,0.22132850601142892,-0.8714967207375988
1.1706446951183065,-1.134028214467191,0.898745362565387
1.4392162286232064,0.24976129832202107,1.322470923199165
0.21700437352375684,-0.8976081612367268,-0.23140523034492652
2.264273847574898,1.0431727971827855,-0.7299372228651344
-0.5357178341784202,0.4436166056411894,0.44590237652705583
-1.911998315041778,-0.06950737680221793,0.08340177239311605
1.4973647107101105,-2.2467911186411182,-0.9760358358627385
2.4968505494144186,-2.071517814871715,-1.3957981404253526
-2.1415547541707602,0.18219124297918438,-0.1413857837702967
2.0129448659104305,0.661651634648344,0.029602406337399946
-1.3700381052422521,0.1473085652697371,0.4270663590747558
1.509088542339212,0.9551457182462852,-0.015357786142815515
0.07720758584636064,0.20780734158253994,-0.723733679286946
0.1609589543684356,0.8108848201665072,-0.5666161535757416
1.4561057996710542,-3.093041023527509,1.0827716906887472
-2.6361945954310353,-0.8116563401132358,-1.6617891850071396
1.2874224336397064,-0.5789293824765441,0.717480523527052
-0.28969333924617224,0.04672054924249405,1.7869935563029211
2.8973427745613316,-1.2533085468323442,-0.16906424325092967
-1.5539274392183098,0.3514800908816558,0.49366875614823374
1.1204551190752488,-2.97126873270068,-1.006849518108469
-1.7772400325857038,-0.24115266421267575,1.7626480529549458
1.4614141267912684,-0.5959014133299221,-1.4112698036112643
-0.8005290707135267,0.05138722017199832,1.7473391744646813
-0.4397646783466178,0.2873648132359523,0.9650815989448399
0.06294769610484957,-0.48212875369577196,0.6452490865175867
-0.06642110557379818,-0.025642407791478923,0.11277967268971116
-1.0268697832939186,0.5673197015431555,0.28254855298066844
1.3724020596805837,-2.6648737483945726,-0.7271277733654331
2.399350207401246,-0.5786976511573975,-0.6845914862211967
-0.8036697585232405,0.7500631343336144,-0.9320894799907521
2.6309232892965935,0.4768280403855602,-0.28569100166404404
-2.2232009511448028,-0.26374815940720303,0.5877993312904655
-0.15765475963240083,-2.157242088110521,0.8042899776915893
0.7545639774186166,0.7857385319582626,-0.7002100508439143
2.106621361727536,0.8236291003663208,-0.14691806359099457
-0.48765328203358804,0.21783403783512578,1.2736746539152648
0.3780324379092544,0.5816517608238094,-0.1881236809516981
1.7634281414001802,1.187892067327312,-0.8809396755065222
-1.9418545218823446,0.5105422379857772,-0.9984943387218391
-0.22325070209864994,0.09567488232361122,1.8515830466218728
0.3415370604177323,0.9490762871195457,-0.707130934369198
-1.5346589560896318,0.6426585107403475,-0.9874106411729154
1.1571452307272039,0.49046138821420715,0.3607436875331414
0.9439641302021866,-0.07034678372491908,-0.08735331608124247
-1.6767044131406335,0.10411354308371243,0.7644938548726689
1.021253555262226,1.1306801411721221,-0.13630606057623013
0.46480411554186346,0.5605210139779135,1.131801507018003
0.7334646388820592,-2.026492422294556,-1.304393859525101
1.4640380823739176,0.7638553374116126,0.32279978542928145
0.5244757138516294,0.7465011463094277,-0.08378967039271867
-1.7043485547280373,-0.14938357787917497,0.9822783329322519
-2.2328761390849805,0.2802592644949974,-1.48242190329306
0.6180216275754329,0.542607564895133,0.5114054763440681
1.2934966457944872,0.8583166092585813,0.3544349515777983
1.7277856171910972,0.5709765566233294,0.31256042018949204
2.4036690635658786,1.0347934032817994,-0.48201415573681555
0.9793201740981253,-0.6914263498873413,2.418269074461697
-1.5303195044862143,0.7751207699749495,-1.816509641688494
2.0331954661728466,-1.986166436593615,0.5575835812839465
-1.0575830277880038,0.10850276016668466,1.2307053606944782
1.1611562492335012,0.6417851256055612,0.6882067724720147
-1.6978053182502804,0.35738946523078985,-0.28815595175924
-0.28133550539405977,0.8065932824800764,-0.3408239171381872
1.6091869564243555,0.7184562473422337,-0.09140094381884961
-1.4145752625133012,0.5895812339404303,-0.5910330165262354
0.22895557161409777,0.5918923466288184,0.16451585926109769
-0.030787221105010563,-0.06276867651732439,0.9928620615779328
0.843573529686039,-1.443053736183757,-1.496332484817649
-2.4482925627610825,0.04183819540178707,-0.3550885914691964
1.1447297882448193,1.3782115508073474,-1.2950250208517358
-1.17500786979962,0.383763481873696,0.7712039543660475
-2.2822644840732718,0.020182154799492022,-0.2734477994975228
-1.069140505713745,-0.33210115413320557,0.6897528336620594
-1.9352195936420968,-0.1185338716004236,1.009349459950303
2.2787807991829094,-1.523144643744151,-0.19873549384196634
2.0394224852463365,-0.7656370236480827,0.625458453095779
-2.3798753598020426,-0.8913524676294655,-1.602678614428731
-0.8894088834509536,0.858756462575036,-0.3121691659306872
0.591776004790134,-0.8629519463476854,1.2196598690972495
-0.5108844821592939,0.3756535224034403,-0.25656122818867655
1.111342485948079,0.21500628616501732,-2.0113863842422077
-1.5650760660435696,0.5564926885288749,-0.7309181523005984
-0.02200874073576684,0.2544775809129344,0.8998039193036992
-0.3040204533979236,0.5331038246203346,0.5733518944213433
0.7102335405463315,0.17532480760638625,-0.07616122404077175
0.28365797756856836,0.8350740235277315,-0.2923761504080744
-0.1174506172135544,0.8860969617026062,-0.45590560875382286
0.8403126602303586,1.0004076842731149,-0.13620026053026899
-0.6172318874272604,1.2155952272638764,-1.0365800748447698
0.7593446430162537,-2.113913708864501,-0.14094402029278855
-1.000628213129439,0.6630960800178082,-0.6585507021791024
-0.9887878713348012,-0.103339674488677,-0.416591025860925
-1.9157865654696757,0.23060130538067627,0.13464370255781327
-3.62831550515638,-0.8332652340789455,-1.763653642116416
-1.1684443784987855,0.5217591773409331,-0.5683820298111008
-1.3793707261190544,0.47415345868081205,-0.2891147652343731
1.4965260855900973,-2.9976814428482803,-0.4795120512402414
-2.1742136175305418,0.1661311792413365,0.22202475285350698
0.8425344126844786,-0.34335405435391275,0.3979424650967612
1.4002436641675677,-0.05014172546256182,0.5019247805062321
0.6608517821902506,-0.10646771580453636,1.4347908295835623
-1.9376864388433237,0.24799689224767982,-0.35081908071447027
-2.1462571541040467,-2.847320462857396,-0.6461230856853364
1.402989202175228,0.8681134661145404,-0.5382570030874827
-2.7331011511503616,-0.19482525270405707,-0.03890053925573452
2.8774850102117635,-0.8123220396948281,-0.009571369921487487
-0.02544531997044475,0.8318479048265484,-0.36120242933734603
-1.2343911962309542,-0.17770934474081843,2.6809384594649623
0.9730182950192164,0.4209277525702803,-0.2670265787850897
0.8355535654436232,0.916000319141721,-0.6850077259591559
-0.6990135977596994,-1.6997076482081923,1.3307769219831989
-3.9053270338296713,-1.2067085436860692,-0.17294711736779875
-1.2914605765239648,-0.1560919319295012,0.3439440719289647
2.0441251296753893,1.2753419593182067,-0.5399690157172405
-3.935135274273646,-1.111278834708613,-1.3562151191739804
1.8613381972698209,0.6083442231005577,0.5202587500764854
0.41141225676167265,1.126782830405674,-0.71026229233413
2.9787949056399134,-0.25632330465332076,-1.5000322324972866
-0.464258200391251,0.7876198543042024,-0.355761187072245
1.9034884122363835,0.17158297041718637,2.1019827808258897
1.2512261155628275,0.34468714774202724,1.9905576535828098
2.4275826289772886,-2.3844284109887566,-1.335415191756386
2.3480398022240805,0.17394515127235918,-1.5096374916335047
-1.2408923354608505,0.3740186822379492,0.6502970326550679
3.416413881877531,-2.8075010407397873,2.1345403379020227
0.04916968909849342,-0.09338628089153476,1.1075008224375362
0.4241937148081193,0.9655713837921996,-0.6712857185005779
-0.16385661990507627,0.4238023775555008,-1.1056806900944538
-3.040769619791241,-0.3760769173252792,-0.3224529346341015
0.5935834425814125,0.5526467719867945,-0.5112677346779126
0.6851040270189572,-3.0563735074205836,-1.7892860222063802
-0.8353852844044543,0.9148394503381988,-1.319456769996831
2.440812683437656,0.0854421496511493,0.5128605989495505
0.2552068279270167,0.6635173170614601,0.2081203758015062
-1.3678811218108329,0.38780273679317767,0.3401606170943317
-0.9246914643178316,0.4805735322446284,-0.44260671535829105
2.972787479096793,0.30313905342868674,-0.1145054993946314
-1.3952015814665453,-0.6689696298525832,-0.6710688594864345
-1.8903799222011015,0.5596672153094565,-0.9344769855229121
-1.3421720642829598,-0.009842787517744473,0.9526058088990789
-0.529613696279205,0.6999398082836109,0.18900496607200473
1.6729293609993243,-1.1674761241014546,-0.868183813237978
-2.45356426801821,-0.4483222648964818,1.901172902749448
1.2978320100382932,-2.8941421442077813,-0.7621044176306998
-0.6536534415031975,0.016715711323313308,1.3100324504814855
3.1741557138824406,-2.6124684878520767,1.0975103393617658
0.4246367100620265,1.2042140340656284,-1.4358832682750187
-0.43123665386870635,0.4879122600367161,0.7747685913526858
0.48154546667277315,-1.6642319407578734,-0.8560444187188208
-2.05339515683526,0.5083866407200405,-0.7967777478568951
1.6635179571509922,1.1289359607948937,-0.3900621953420344
-1.0234798827561893,0.12567669478572083,1.6132639717844557
3.3557033708505513,-0.48650840165568904,-0.2876926279128217
-0.10350875795875472,0.278224008268003,0.9322446949169807
-1.1333801225501876,0.8557361371703994,0.11703192898365897
0.39520937010988527,0.7090709419404646,0.11553582308330433
-1.0676840502343454,0.008116427837616846,-0.2220832751391985
0.1888667620707126,0.8901095576519139,-0.8007078233970195
1.2919308531492246,1.2645241967051393,-0.5068646184874684
1.5725576881619252,1.1175293148245602,-0.09862284429890392
-1.6041976329146381,0.2090743008794615,0.9175725102126624
0.4386353103562682,-2.0818351472288863,-0.6382898887490973
-1.8073311992021839,0.04712371020185464,0.6354217926033546
-0.5469839170052454,0.3944063781975221,1.682091219412262
1.9476402279650116,-2.275084356210339,-1.230233754797276
-0.31028273723442695,-0.1502810264370798,1.3360279117235827
1.2355423102452223,1.1262253575554124,-0.7511848769302265
-0.5156592618865466,0.7416806978264536,-1.1785467143757855
3.3664835661228723,-1.2307926536513916,-0.5801309783597789
-2.771923876323954,-0.10817692395896916,-0.4160197405229369
1.5398627413526194,-1.8658941959630067,1.9025205496645696
-1.9385112748239175,-0.20184131064534117,0.7490218235378056
0.5010072903265218,0.5716142561368904,0.8229864754108119
0.8632529928944755,0.19176767724011615,1.9206018651807626
1.2213831669089172,1.2401994952438737,-0.4559646926276674
-2.777233139033327,0.07340859812091483,-1.075741444499758
2.489592767154061,0.7642231740550137,-0.7860487780867431
-1.1830983933319648,-0.030196038710838084,0.9985307298026499
1.7431046957763263,-2.1174815176178887,1.3067597781343783
-1.2405926902735027,-0.25185419914171636,0.8759325744168578
-0.4381383302147158,0.05142861128836958,1.0272383182584932
1.272121442301596,0.8166960104194089,0.3761183932416371
-1.7360941396603309,0.6602016704650049,-0.7104802977610256
0.4909887061382303,-0.13255473522360225,2.3235423809519378
0.09137143486744276,0.7420167405777368,-0.5877930743201472
0.13573655752702316,0.6201993199966539,0.9315522904509218
1.558444241763724,1.0369662632356302,-0.4812334791429708
0.9856357801675614,-1.6991807549802214,0.2417987546206371
1.528046132273496,0.31282936892393737,-0.5785506151233587
0.1604666204213445,-2.944094756605787,-1.3857524040955014
-1.7631373668916626,0.015155539943361098,0.9112211624317063
-0.4228238413923131,1.0813846177489148,-0.8235570868176848
-0.5653364145491065,0.9902888676503613,-0.22694409552264053
1.3579223313043165,0.3784032632852189,0.21990393786240534
-1.3998258558507541,0.573368807551453,-0.765090907815371
-1.629989422922929,0.8233475506420073,-0.98475885342245
0.36060845522903995,0.49436530487082997,-0.11641099101438199
0.2151881390444646,0.6129298916700867,-0.9208286797620879
-3.638908208532001,-0.628888473063308,-1.7430475624138326
-2.390073257335877,0.0680630489550606,-0.15922809156932852
1.007050468140768,1.204550582251445,-0.8665492722915566
-0.44157886491945575,1.048491691832168,-1.251496937696049
0.6142233785856972,0.43446517443302624,-0.8661090317968493
-0.851970692725095,-4.588382668622912,-1.0482330142169962
1.3357998211659785,-0.34592500048409514,-0.6422977026284649
-0.20158494355498668,0.42969589763081767,1.6778668092971059
-0.8170360084589744,0.43647650092402585,-0.004071630618328679
-1.1098282987075032,0.8641964511366373,-1.181062908300784
0.10539689485922664,-2.172858930007622,0.5204668649952342
-1.5185689977143237,0.060099105500396696,0.9126895840766798
0.13535895817192758,-0.029291826782094042,-0.6529754350091804
1.9278360164092931,-0.8016985069246061,-0.9333311217640899
-0.8259933782938063,0.6259207107423377,0.0319995650959653
1.1199863657297884,0.9745682030087381,-0.31951139307602955
-0.4452924250696042,-0.2775037026529955,2.935417403969319
2.504072460569028,0.5099031892802349,0.8307416203031622
1.8335428133403662,0.8559148497477884,-0.42925274940504093
0.9523993940691168,0.6930072945961269,0.3921567424565174
0.783483791807621,0.9250156273237705,-0.3342779995958641
1.3708463381868476,0.8007401573917724,0.9475008214684466
0.5519131632131123,0.3124027164868347,-0.3792688989322132
1.5044163571892184,0.9122007942656589,-0.06527040904167153
-0.19808184613252944,0.08975035524052986,1.0595992952378386
-0.6316000182194368,-1.2553211609949892,-0.5149604428779407
-2.8557682452788202,-0.34569189496504465,0.29099847730674433
-0.9130561877522626,0.6951494600647001,-1.2238152028815255
2.553168138156438,-1.2320432806385,-0.8468167155792463
-1.304147278030283,0.4133983216333265,-0.7986921106433779
2.3849711061832695,-2.809522449122352,0.7344566069959959
-3.687280522801705,-1.3481332247181252,-1.4297705879923779
-0.8077447129993685,-0.02774654816382443,1.3341492790465725
-4.701019973331345,-1.8619927812737476,-0.5761274884459955
-0.35094249846038506,0.6027790077900724,-0.8604222025552133
-0.7126441941428708,0.4969738142970133,0.30175725009064
0.9693158109410144,0.6171469521015629,-0.13223202030280573
-2.5347624680535623,-0.0842158540302766,-0.35209207009069166
1.635728942101837,0.8518181296192,-0.00908007692107652
-1.1966660236292281,0.16575332651964503,1.0442229012312694
-0.3533208910245007,0.8460610048556692,-0.5027068126106278
2.0614599034929575,1.4028169557174783,-1.224590330561203
-0.3049911592688223,0.4539968152753664,0.4273837189979797
2.4093471529739157,1.2782523023916685,-0.589159673354405
-0.5326391720874006,1.0056908115337921,-1.082411017805212
-0.27437092625421483,-2.4948952363039076,0.06915685461319356
3.462248302984054,-1.871425950112549,-1.0979410932238731
-1.540161652722966,0.27328399021116334,0.4119471490360874
-3.0610240008107152,-0.8152989882032384,-1.2171880332336653
1.2061165731361614,1.0811301400568494,-0.4253547614340761
1.2234260131560837,0.351513020374195,0.4274393734997065
-1.7870965412818993,0.32080266893545384,-0.26771316453885474
0.3639188064699182,0.25032520133415137,0.3767578109710311
0.4897382071953184,0.603838120286305,0.14131323508255955
-0.7307215089519725,1.054170998488142,-1.5535706115793138
0.3041686722789549,1.089866560379686,-0.4797647316459845
-2.4841171306997953,-0.3255701605940635,-1.0865414686210484
-3.5556998107270785,-0.513344513477663,-1.6521964041215706
2.199408759899012,1.0837983861666065,-0.2372889012532717
0.5144634083077496,-1.5394702093316133,-0.02201601383257972
1.4752344993044086,0.8872451348084229,-0.2003463276941169
-0.4515220429054956,0.38830397686764173,-0.2426529131763984
1.2884695197521312,1.372552666215467,-1.0721505497923005
1.2822738644590566,1.0422487978223207,-0.41274296415162176
1.628150144077348,-2.723981939648119,-0.8912852467537122
-0.4231537786884122,0.45871466844930303,0.22148511838650087
0.20688673819207967,0.9572265458371128,-0.8449791328548044
-2.3079252792773164,-0.3406400857436475,-0.8625224794727587
-0.6687353852286504,0.5402186738467781,1.2934326005504275
0.9251923239864581,0.7563041393967983,0.5562261563185213
0.4343947965253006,0.7981326348777756,1.0629992285956396
0.4958199749813775,0.12102012912333916,1.5165923282413438
-4.586712417556337,-2.0658836188430585,-0.2687404069774226
2.6040668205410094,-2.7022829260002776,0.4657414624220555
1.8767463172879912,1.0575169123793227,-0.4751577767651595
0.7573519758896716,-3.1523806352062222,-0.030995742789240634
-1.0110879632007082,0.2801832064850963,0.2245297262665039
-0.17586854080675574,0.6614129524668932,0.12074583405233208
2.624706955179916,-0.7993817153797803,-1.3037482427386688
-1.7988660870325388,0.6395416139835569,-0.8296195845655663
-2.330664361952872,-0.7201439682092755,0.13442056738987118
2.080091066602327,-1.840384784483578,-1.90968985248982
-2.063363350644618,-0.07026341661167686,1.344727476285902
-2.7288599918953076,-0.5348906687186722,0.5864890516695145
0.4793693078476643,1.039283907160617,-1.1514117482846333
-2.850513481776646,-0.1341805184644097,-0.4578044503502827
0.9018319831993056,1.2983246207769226,-0.008948867280219687
-1.5062288135920276,-0.21331011802612232,0.5892631003440304
1.1870232731590669,0.9766317920349935,0.4942115431340784
-0.48085193056731246,0.2671347911568296,1.305547577860711
0.32581464620299716,0.5124890361765656,0.7007073096722445
-0.32808971460458686,0.9959617388786952,-0.26944699945937095
-1.6027416574842137,-0.0228916879598978,1.6658150192375012
2.404081399694624,-2.334314973233252,-0.6135216474175671
2.6127128765888568,-2.234012914422194,-0.9574792991670823
0.6168159075748975,0.799591296621731,-0.14243894650270914
3.291439765317468,-2.100673383981186,-0.31240560477390766
0.4006635729599997,-0.6258675974217363,2.46879502126191
2.256299098353902,0.381846384881985,0.7003665162656113
-1.1045757984718036,0.6035204418424849,-0.4088066872377337
2.3600899559057513,0.8647285659341586,0.5096196572001997
-2.326183429576271,0.2873128788397978,-0.6202821185816635
-0.4171158029809765,0.1390839519905542,-0.4350830172246401
0.22690250022280897,-2.7695904478728486,-0.2114440581279624
0.02489443935132826,0.4260168972224982,-0.10947119448874093
-2.0327003683497775,0.29563577414984815,-1.0466121100307832
-1.990499644090255,-0.07425761228462305,-0.05348629095580281
-3.1495924552481434,-0.3078547165368571,-1.5439219188781952
-1.7140362721326072,0.11776215380265673,-0.20494428608155507
1.0196778696217916,0.2187007759308035,0.15980459647856662
-0.0011609717083851717,0.1113821264815847,0.31817808313014795
2.0723511215180483,-0.6859621233480476,-0.45312814291902054
1.7117076876483348,0.8002601797256353,0.32312555194112513
0.36103387758430244,0.8080181180914288,-0.7263647404503563
-1.2919541429608945,0.7583434267094372,-0.25675525145003864
2.1897772192135867,0.9527576342600977,0.11875015644312474
0.5719390564003509,-0.24154192858965898,1.7250407813820319
-3.503370316014161,-0.6591902656005579,-1.3826286144877218
-0.4963516733759372,0.3051605685697573,0.6320483736648721
2.4427336323179785,0.5763693225472564,0.5824038388836623
1.0829106163467943,0.6204874854743527,0.08092201108520426
-4.50606504093768,-1.7807013200377393,-0.8327715514217431
0.4100603457553813,0.2784558992100231,2.06942268149854
0.023187611997016463,0.9509480244909261,-0.8749738965234093
1.272365611490544,0.8180590066635821,-0.18277720353615876
-1.3299739587897672,0.8687053005826569,-1.360462025566631
-2.972209171195997,-0.2822953580200407,-0.13609681067793822
0.11119554334371579,0.44706036219529466,1.1519930234821867
-2.002893407502658,0.10103630179675968,0.8348142648750683
1.7334860072387528,-1.0865963347872418,-0.8227860077554342
-2.4297631110782985,-0.2010274441171686,0.2658432888190027
-1.1122243309591717,0.6810197589134354,-1.042457967327599
2.1505799198420616,1.2600864588964602,-0.006654160557230191
0.18332424355414426,-3.57285376263847,-0.4766964179587531
-2.06572279625179,-0.28735033428066037,0.5808334569739402
-3.559623826744494,-1.0151712841324045,-0.20377840009866605
3.2271749322392087,-1.8663410954580333,-0.18558412430649365
-0.015284462332198828,-0.08763962453822256,0.7909848355377678
1.9984189539860218,0.7306463927704865,0.16714618401966141
2.299235116224624,-0.5110898759008202,0.34356445837103516
-0.004357135190460054,0.917779708873037,-0.5760939652803603
0.32140889623856445,-1.4314249943647464,-0.5073044383565287
-2.468954733001774,-0.1918803436163512,-0.19617963480745068
-1.037752259658948,0.6553903001216373,-0.3518464399043689
-0.5358773902682762,-0.06198925977542685,1.1937680850266685
-2.6740008146440597,-0.30473559109727844,0.9037061764524178
-1.3470972119752065,0.8394950717936955,-0.6186259699615446
-1.1364872810371505,0.25850104863705536,0.5150957890721153
3.1800504975508703,-1.0701590310461782,-0.8302903249928272
0.46889947701167334,0.7078394595094425,0.9052835581253296
-3.19522122697261,-0.6337378929788677,-0.4546648892249791
-1.897378059326555,0.5595752613337319,-0.9034791128688151
0.30946073688140613,0.819947995835231,-0.5143445005087479
-0.8774307216672306,0.698273309747822,-0.9585638157256534
0.5210470618204515,0.2744871595920321,0.33315142730900993
2.8605856549579203,-1.1620293414682616,-0.26233017717059504
1.4514585752006055,-2.681785572279686,0.6963438666623084
-2.0077039945022306,0.1500876288844068,-0.5248881393354328
-2.6479249030774996,-0.011531982954694708,-0.806833255079576
2.723505657085758,1.3054445720892278,-0.5746307562301752
0.26785137300372264,0.4277239476072127,0.5193493934461801
1.2712477515630292,0.8809703006169836,-0.13683648812667878
0.5259897223677755,0.5729647310980608,0.5808585619044723
0.5497163320445787,-0.7056950275396279,1.575093149668795
-3.4330059289649357,-0.6397322116293838,-0.5413505978446302
1.223332531644212,-1.3941175334910902,1.2898126799835965
0.006568831731303066,0.2349689659837901,1.3573128832250212
-1.5854505421641694,0.06947285678166246,-0.4777042471400225
-2.4938994170896027,0.008831386117906941,0.08949200126077325
-2.7786617168965337,-0.0280977918517471,-1.0573504364473028
-4.478860775092397,-1.409551721413788,-1.7730083239353038
1.978108848442989,1.0640077982385492,-0.3785988616933752
0.664590235777708,1.1756079905057637,-0.06435763498428915
-4.9542893162922725,-1.808437603272562,-2.054879496694354
-4.961471185403837,-2.125845104275383,-0.5253336594908238
0.2899994643399401,1.0175643338275249,-0.31448390914042196
-0.2979427154003285,-0.835849627870617,-0.42076911120925076
2.0098055545573588,0.8237212630810504,-0.013340750701844532
-0.03995344905132537,0.13929487846687247,1.829949706186189
-0.6347889961293661,0.71802664192512,-0.912834991556671
1.1990477610398926,0.6603576110628719,-0.7518907191139568
1.3124181371363097,-1.1326927887337757,-0.16424846662131443
-1.7286238923595385,-1.7821704147771866,0.2727512093207219
2.6160768398940637,-1.6625652176466112,-0.5229891238452563
-1.3290929277086707,0.7325701086361621,-0.6137158097583469
0.8462892023705487,1.142396120764563,-0.919912989663881
-4.874049695574399,-2.1722819836672773,-0.5516793600130621
-0.6389174661430743,0.7063314804273552,-0.8780216397736017
0.22861239461718838,0.8652729155192563,-0.5154129452511725
-2.2607597914625486,0.003373731709900182,-0.4764557192182219
0.43945912918807944,0.246251706955323,1.1640726527062029
-0.34816944785707693,-0.1976919099337142,-0.2978903524692702
1.1325284154516724,0.2551620534400213,-0.14878559343989164
-0.8264985976998124,0.44818540910621724,-0.53671540700669
-1.1313664545089468,0.6842844372668847,-0.2732807117075274
1.1840669482664001,-2.8415279264860818,-1.3162341896065215
2.507287434705542,-0.12472424362946218,2.8623663648416104
0.8551963897962613,1.2251191022351786,-0.38726174174642525
2.330513502666197,0.233114505809274,-0.3204813003253395
1.3144349527597021,0.8745911987342835,-0.4505033700018521
1.376427948038011,0.9974921691056778,-1.0303423770269102
2.3286856571050993,0.5557045731360384,1.6412209213999769
0.5698547105767972,-0.1902609418328817,2.3511745162886615
-1.6218975355826373,0.33532307463560224,0.948426678654123
-0.03467804253995497,0.5306988191252924,0.9595903809243027
0.993056091546921,-1.36012515021371,1.4087256997085447
1.6976021358465174,1.2597893112920329,-0.03648751385575313
2.064065112447373,-1.7661502842226229,-0.7468615946313
-4.031697146441688,-1.2873605426387793,-0.5483009834341801
-1.4329266921764523,0.5573275858458527,-0.4642984264686992
0.784317916737072,0.7947428512226987,-0.8445325437514338
1.6591509605307702,0.715259747177708,-0.7400757803642048
-1.665996624960749,0.21697493847706895,-0.36287973242853727
-0.5789442249694348,0.05196335883777678,0.7984468508002932
0.11953269873205298,0.26946065630419813,-0.14358090094806658
-0.9368495379086882,0.43788753833866445,-0.3285331290147179
0.21102112388615357,0.24733909986076738,0.46726596722298164
-3.237517406814027,-0.5599066945484581,-0.04434609727209822
3.158265451343088,-1.5144196334515716,-1.5278945170242344
1.6302873153529955,1.3856281940392792,-1.1609393107772918
2.128614004815344,0.8881069780301512,-0.7637031813703504
2.013716550565994,-0.5607595816533317,0.06405735121744636
0.22918496055371293,-0.19716813233356892,-0.1997798419537344
-0.3722310493134805,-0.3882338872742125,1.9473966287792686
2.335424261594096,-2.4505763331611075,-0.5709781557950745
1.4282937143048726,0.42714241066720676,1.941586019571629
-2.5232256095724335,-0.08929236305029808,-1.0851518425003333
0.01477548726300545,1.0043411482414055,-0.22429139649418486
-1.6638279501828237,-0.6008237070561188,0.7843665005529289
-1.3644983547773155,0.04410305181179457,1.1065139248555307
1.271114443611856,1.1359162141722243,-0.10283196288753949
-0.7653722645184241,-0.06487434849486105,1.6253074805439247
-1.593684155589644,0.5531785543355483,-0.46801078907079635
3.1754399947392673,-2.0557595613216137,-0.715206971404282
-1.7487211212818765,0.7235979986710037,-1.3021507712889548
0.004698590966485847,0.9380370290272037,-0.7750930330983472
1.939687308398215,-1.9417886862947595,0.9131760564209763
2.5519718489964016,-2.582469756635865,-0.3268797837302313
-1.1377066188774183,0.09788610190314982,1.1738420285142253
1.6074353613016223,1.1188715509645941,-0.38638454751520257
-1.3639985474342775,0.1476625497169513,-0.3539963497381882
-2.6035677596466247,0.2880389912906652,-1.09920524077177
1.6539657393272493,1.2315846350984536,-0.6214302819813268
1.9695848756410241,-2.407431500406716,-1.8318141480590302
2.6173070194729573,0.8760885997829081,0.5016779877510719
-1.8534778568750687,-0.37768604117654636,1.7353904144745256
-0.026411086568390866,1.0053634583470035,-0.46942156056109
-0.8570981491574063,0.36262029264161794,0.2789658233266505
-0.9094043445873702,0.3908360950194367,0.60163779347913
0.4030629613169742,0.09903601693793777,1.663718783432163
0.6897807604388878,0.7388393919570745,-0.21550126982394516
1.4137255294344226,0.4475708531165433,0.7289975926710135
0.16892112026302492,-1.2464484539757992,2.3965649575979424
-3.9417657942460718,-1.1330393238156997,-0.5421551510609618
1.7317551903559003,-0.46857517614938043,-0.0028901484990934757
-1.0101524075747008,0.7136756642106911,-0.5578095261882483
1.971710389987795,0.6126563190679226,0.5818665124780018
2.926778492016432,-2.259017153598861,-0.1781520902232072
-1.5145186221180047,0.8563689743672792,-1.2476305616473033
1.295560576837745,0.9784012236225454,-0.2505606584726996
-2.3783393742899044,-0.05535388840236373,-0.1677877253024592
-2.2372851363941333,-0.4306081371096003,0.036035836898069475
-3.0972360939076395,-1.2127328693752377,-0.6927254490895018
-1.4260872461873844,0.3023496975474855,0.16085054509080135
-3.427818091844201,-0.8216617090474374,0.11939502824345795
-1.3553406750267318,0.4830287040622244,-0.4077064359783313
1.7755929192858648,-3.206323326578141,0.38393378022769964
-1.7713442159797024,0.24950491706059985,-0.4325312691534673
0.43333335054895666,0.6221498386273642,-0.1932558733643079
1.8161124625696408,-1.0199717604700926,-0.8551929740534326
0.9274003436514069,0.9309516578618455,0.00323432533756233
-2.2702853842933965,-0.14003552636564498,0.12996014363598057
0.2416692997892337,1.0971796238708225,-0.6382044187024881
-1.5301217260469573,-0.18898561655407978,1.7426141102633184
0.2742478774829433,0.39851305355466166,1.2203957732570712
0.8838371272869386,1.1767131888036242,-1.0039240033754044
1.6373098584637145,1.2614949141308816,-0.5886180321165922
-0.9580511626885838,-0.0010872589919666638,1.1085833528184545
2.4094860488452543,1.1575924260948554,-0.680758711454009
-2.4023640294220474,0.31057588021264404,-1.4965567811708071
-1.7686258105728943,-0.38895931355510627,0.9165355677524275
-1.0709014453572514,0.5614850328013498,-0.07231570352854996
3.134019099430701,1.4911127758602527,-0.5220806776854969
-0.6193903257381415,0.3881292515920737,0.33828584425819497
-1.868673437077948,0.36406373659046215,-0.2626380766136798
0.5981941489387693,0.6373620551312759,-0.650534759447504
0.42100771308865437,0.8733222539262264,-1.2161287718352216
-0.2836991221200609,0.413849680056049,0.9463280095953056
0.8857548934746066,1.3499477017923738,-0.567249149216041
0.15601492066217926,0.4882655036690806,0.20663458060886222
0.7392452390814503,0.7547277418465351,0.9210041348821437
-1.9391960532936439,0.17024173146764499,-1.184251756065669
-1.0970986164697714,0.6224911994865677,0.7780227405714785
-2.3787323282198933,0.17791680101951612,-0.23319110294628184
-1.4973702165527623,0.5713971182371651,-0.62537006225862
0.5360966360295213,-0.2631388697507297,0.7990708725800888
3.0312843704011567,-1.3977752349089756,-0.7331756302019155
-2.837949273739676,-0.07587860981799034,-1.3499142506591115
-1.843593657063923,0.8098996579188947,-1.9214387192025666
3.2627251256504874,-1.8654865775480423,2.4883051525383637
1.6952306525154157,-1.9189709048329644,-0.4323526118450796
0.10436900592369765,-1.0426815988402864,-1.3690751247701887
0.7872452505790961,0.249537295283032,1.6200989651770785
-0.7678236837590015,0.9665894349930242,-0.018839417678950816
2.1644666569201263,-3.4043326335838544,0.5837045196111161
-2.7106378792221593,-0.21189570626513873,0.5081563771824144
3.074585661915457,-1.3678420031506273,1.5128497290078868
-1.1132264323976815,-0.2577036564467445,0.6155272137413743
0.34076613447716814,0.7355983618439852,0.022936930362583825
-1.0208454256741266,0.4689002566908166,-0.42569646939282263
2.951925061797428,-2.5248090600737503,1.0702098781479787
-3.0449906721868363,-0.26786491943163077,-1.0793654263053751
-1.0240087045658472,0.06668801164880446,1.0099620981895943
-1.4636397706278588,0.45306439463535336,-0.3773665282981217
0.9842014324890419,-2.5374866464673653,-2.4355608523665198
-1.1247029333157164,0.8220594722108671,-1.0556324496706087
-0.5453766408712782,0.519035549440752,-0.7343391653381265
1.3570645459745332,-2.745576158957726,-1.7916469664548251
1.3024457014756277,0.9793756438596816,-0.41433087107261213
-0.15672929862755047,0.8688427213267542,-1.9318369916712406
3.2539254236224933,1.1925021374815206,-0.5997898658338505
-2.2166068517741953,0.14647630531163647,-0.18498658608063792
0.6777568468910852,0.921303308113068,-0.8453744906547659
-2.903030048862786,-0.28294985222274066,-0.014958137227419894
1.6748703185390872,-2.357248819016453,-1.3539704035690279
-2.456134779426182,0.21497747966426967,-0.9271061484428512
-0.9206257517014264,0.39952090389965095,-0.4759210453668456
-2.0352471132876913,0.4026357604241781,-0.30134708516182906
-1.2166150592857685,-0.477791643557905,-1.3712103295141784
-1.732447134993222,0.18450628141462655,-0.7758561080680549
-2.32954419500275,-0.07726482898726032,0.8273588173467373
-0.7171494523078263,0.6988627142521037,0.29904487297362714
0.6656263283230177,-2.912568342960601,-1.3442285151083955
-4.269395484856436,-1.2871552072665182,-2.152011079207427
1.1373998024754652,-0.11723089408533989,-0.8053027463131461
0.23010282046095568,-0.5603279577400622,2.5414044458995315
-1.1104067951600893,0.25542180825232313,0.7652352147820493
0.24090723545128978,0.06854306868538625,1.571484107088491
-0.25793789430451886,-0.13576160050670225,0.26353048789992456
1.7343665638588546,1.061517837832971,-0.44323215961718193
-1.702794079255842,0.1658600191831794,0.9884676902012127
0.7349364959554211,0.07941357090958591,3.339087681528899
-0.5585014586594488,0.030440067912738657,1.2961966994077774
-3.2974153296973236,-1.0963830083385175,0.8171504070889504
2.254852367737178,1.0573215075744733,-0.01829236879390974
0.13440784468703357,0.7574068456354217,-0.373913881889417
-3.053807166761051,-0.5134467852699791,0.5519788480933074
-2.297971402172588,-0.5914795258874577,1.1863151606252043
-2.9188839005875695,-0.5185314044595195,-0.6930744509325153
3.254379274412533,-1.681431843940243,-0.6048753966993837
1.92898665539589,-0.43020698618398284,1.5438436008762242
-1.8229153483634786,0.3992055986735171,-1.4002970218373325
1.4999437416900834,1.0515968753582199,-0.6692504752685858
1.1341958472388267,-2.964944662003073,-0.2331477970629213
-0.4429044462392395,0.494828519371913,0.25905164822147664
0.040176522855254714,0.23129614325071646,2.8878769201295045
0.5030303588305856,0.7204219193610548,-0.0828287921317448
-0.758761999369076,0.32566348825495356,0.8803992119165625
-0.0635541459076305,-2.9439310396983296,0.04301012774391654
2.8958265024129806,-0.5162606228288381,-1.0647030168431924
1.2356451574562166,-1.2918952516271596,0.9610739653619583
1.7309998629452499,-1.0457930673540206,1.017328626579829
0.7343755816234139,1.411830014928259,-0.7060707729287916
-0.5553118889028221,0.10577521828177604,0.6160922573741856
-0.9423105311447785,0.1606948488537269,0.9414918868927842
1.8989241776337742,0.5669895768259864,0.8401798184236282
-2.7414952205752425,-0.11816703194628277,-0.7326100693445651
-1.8485870561325135,0.05042322995378969,0.1908055448684358
1.3606851474865982,1.0240180237159744,-0.7361032079186999
1.3936036838649406,1.278191047517192,-0.6813988158272888
0.9508775357173626,-2.4705492051407565,-1.8213747110092757
2.0504780447973645,0.7817778080156399,0.2921523603532423
0.854953622830076,0.22327739159226803,2.473456783088953
0.891944247222458,1.1714444157865542,-1.1644021886946263
-1.893559218907945,0.040217668714707576,0.5356751345761329
0.18428949557043442,0.5413823903361056,1.2546353715605256
1.3443141896361785,0.303860781114339,2.0608846811174972
-1.5964205646306693,0.06187365734669037,-0.6796287332599698
2.235721253994526,-1.1197347957685961,-0.6116121875740947
1.6081374119127685,0.14778902087233672,-0.8723575276444828
-0.3125393386175702,0.8821535830740306,-0.17646391764032057
1.654075797015877,0.9789701782926256,-0.9566833740174682
1.584466132195788,1.5033434508157255,-0.8601940760226282
-3.8825474081875253,-2.419289567565752,-0.2946063373374389
-0.6601831099335486,0.6658224242167081,-0.7267129190456635
1.891162454263424,-1.136598531203658,0.1311667945399276
-0.576918619318275,0.7050690692416762,-0.7243492105020864
1.292518528575359,-2.686708063490101,0.9467326053521868
2.9747889955408358,-2.1931557552510643,0.20357489661381709
-2.2364509124819847,0.03524474072118289,-0.8254828887077349
1.0019629365432605,0.9072852642001377,0.0012794613227424198
1.616815520775955,0.6026381282637301,0.46472133275704786
2.7970866685920837,-1.7917065356579274,-1.4111743951608247
-0.8778051001864506,-0.8839330554991595,-0.49512452860150896
1.4335316551244928,0.7564280069104512,-0.0902063826268168
1.4336140514093254,-2.333108543005328,-2.025487797830392
-0.8312347947046479,0.7097348987152551,-0.06387198889390186
0.16966397152289467,-0.009456793822494878,2.6863414533471235
-2.0915323456419737,0.02980995943106801,0.14763652597762017
1.333294110594994,0.4693578227331807,-0.0964128481475226
3.4010339364587585,-2.2989507516245014,-0.48501959536844214
-0.4392762688347346,0.35015631181813395,-0.37295963443919883
0.6862304855691429,-0.09050041764543047,1.5602665255445434
-4.142229711047096,-1.802452622947719,-2.1163908724290907
2.6582482826965736,-2.5578051589203046,0.7108880321240011
-0.4956093015429309,0.8165041668015338,-0.6838290421517549
-1.3197381502482426,-0.18643337055376222,-0.47334625279694664
-4.722269451343077,-1.9221884654534191,-0.3969411189743161
0.31219533538594396,0.7865231075449913,0.2104269798576484
1.4928758331701328,1.2639549122908378,-0.6751910759110213
-1.7711214809018128,0.34879799525114713,-0.5744793181503374
1.7948397739468696,0.9323803979931681,-0.23305530986111886
1.9121226558584248,-2.9816003326732736,0.3486309532755112
-1.956512025066255,0.11821141260163809,-0.2800866421611788
1.365615381611009,0.9250568730255875,-0.3206423666595686
0.17250634323476446,1.0781474901044976,-0.7314654434092659
0.07286042975206432,0.3913633698525035,0.15325239705699661
3.47060307468588,-1.5343160540724639,-1.1781364826245428
-1.0432623857237309,0.6578069604120271,0.3584068367413096
0.5381903396784942,0.7985864934042204,-0.22129961879722135
2.5087084277418845,1.165464445347254,-0.7056711730824071
-1.5410772786280194,-0.02339494769907969,1.1305047844603997
-1.331426211102086,0.5505024550450915,-0.4784202033621477
-3.092142396613824,-0.6085994320462551,-1.173885806680425
0.973471083099938,0.15382851763589084,1.9118953365818414
0.3645744835991296,0.15474947487418464,-0.9065721809543732
-1.568265314942034,0.44999865615275486,-0.6976802736347766
-2.1321447330211933,0.12814344056487628,0.515742759629025
-0.6378948292883868,-0.8812134036668458,2.836049283778976
-0.648523314092216,-0.3778180355778444,0.7620868952069725
-1.9422189466118787,0.6464342414930299,-1.0577937736484075
0.2343820839806273,0.45765203311307623,1.0174069830063417
2.0189629810318053,-0.3044695809343873,0.33108177751859436
1.371167495497659,0.7441593016220425,0.33703149309471914
2.0546939662378225,-1.7985406702741698,-1.9463429276256072
2.8298685885360384,-1.911905249071248,-0.8287837969324979
-0.955945664259657,-0.0903072834097637,1.2241820739748803
-0.4570997644699375,1.1984349239910408,-0.01715037834901354
-1.1272985493259395,0.5588836815738035,-0.24521090117459468
2.278077312961065,1.0349443987585776,-0.09135009184151377
1.6953002469037497,1.1849116473506265,-0.1817011928655257
-1.533911427331579,0.1767752517510045,-0.36454750022650173
-0.4458542772749541,-0.2207639232122511,2.4305197852004747
1.0590164240221913,1.3705830736182518,-0.5115152646946007
-0.021269264870585784,-0.49311498579765717,0.2677068709269716
-2.467337655204871,0.1664869660914075,-1.5627719174559185
-0.901913075675914,0.02051276952826519,1.2556487459432923
-1.5486884613565493,-0.6923235236587787,2.7004012628810496
3.8125299943557645,-1.639121474872258,-0.7120418123614242
0.2945536227520922,0.9541082023692717,-0.5070405406264229
-1.6802861083257052,0.6843482420089985,-1.8768575196767023
0.08321904320480307,0.33791622396948706,0.053172905124954636
-0.6789877624301524,0.45589568930964186,-0.4777561417952107
1.2096251562905644,-0.11847097105902209,-1.1274365962088264
2.356007825068126,-0.11318161738102224,-0.24720709072368038
0.07453989388974581,0.09680451265558519,0.8576248459267534
3.0971795590449536,-1.7684789247767614,0.08931885075292882
1.463565561183782,1.0551647132768915,-0.939779241904993
0.8915152606591228,-0.2848652937408166,-1.098302085372153
0.717522383820803,0.07055563754315317,2.313748870357526
1.4217076420112453,0.8276285225320776,0.5529710093643129
1.5628880461440886,0.1764750471819494,-1.0112329524127297
-1.89855240626039,0.00804714167265191,-0.08600887944497358
2.060406821597514,-0.6987003278408851,-1.1083336830861186
-0.6733907875216276,0.5124865541884163,-0.6473256001231602
1.9710805871404877,0.6995830175494595,0.33195974925683247
1.3115255420992897,1.017211840276793,-0.5086071829631897
0.7528285964066473,1.0640586109291081,-0.002389376383611369
0.7040204393067295,0.29051025030561606,-0.17137067485760418
0.17792846360898548,0.6693785283471633,0.11657780612884588
0.9091718360923353,0.801416162876333,0.13588471019319814
1.9276172773767732,0.945297622344522,0.44248425004319186
2.2061713324550674,0.9625302118849766,-0.3579710021816507
1.5851026660253185,1.3093617525636674,-1.2784661621271427
2.324238132638736,-1.6748416612616008,-1.0508465929885902
0.44587674344477296,0.8912734937332842,-0.9254808761584038
-1.0846867560975093,0.19059054289900496,0.11899050385073533
1.1823304070827736,1.1120051558124637,-0.10167408076260659
-2.078067627677042,-0.7151363832783938,1.4684574572967772
-2.0306808283221196,0.4185486687823821,-1.0980003773833122
0.7317989371472767,0.7346918141638923,0.29216303835511664
-1.4480156487614873,0.41712397032911624,-0.3307161808987366
-1.700066475531826,-0.03979376745952853,0.939825155265028
2.10895865914586,-2.162935638859976,-0.26263865021846056
-0.13431231227960383,0.7263636222832847,0.4012562759182161
-0.19905461464958396,0.9889825491261129,-1.0927216353852036
-0.8544618662974819,-0.11543425092177739,-0.33596481735994527
-1.4665082288426212,0.047301852390134534,0.5031029087348012
1.0442946606620598,1.113430574110153,-0.4761190835778865
0.7484684635480172,0.07878621336978142,2.7229294563404376
1.3491655753817353,0.8374557100840788,0.005341768477129285
2.8055687053085325,1.213868548897472,-1.0715583274387903
-1.537618248172165,0.18898446508270395,-1.1194517376255884
0.044653456588555275,1.2017861474352216,-1.0632991136537573
2.209248955382199,1.1982619671702328,-0.44194523789852697
-2.031741327062383,0.3760796348008069,-1.0330297808944304
-0.6292388701212657,0.41692763548447653,0.4713591380659958
1.5570607807239538,0.7135812912425025,0.5375886765911017
-0.5249380391631501,0.3588945802992447,2.0606114672599354
1.4414081748320198,-2.28567251709316,-0.24202964293199827
2.0337892010055314,1.0288307055964774,-0.5767522097001337
-1.1236591401329579,0.10042572317702804,-0.13846631550171762
-1.37234955133831,-2.12277901413123,-1.0086339156000241
-0.5150295043237229,0.47038282299728024,-0.5673794978082469
-0.8984333981810407,0.5598470766993061,-0.6694027344459119
-0.1904740218701726,0.28990171265836684,-0.3728349341719322
1.2266209703313962,0.46337997624561916,0.3881240338761115
1.5729838358844486,-2.1834475430238034,0.14254491070461955
1.6852650890373584,1.3090774872554582,-0.8697100467209709
-3.8386482198884075,-1.03755271100001,-0.707202707709496
1.0304280490819084,-0.1792766987872413,1.9023730504799758
0.10913469735081294,0.683976376112628,-0.15638060609414808
0.9497961368768414,-3.131958309813146,-0.7209178839435617
-4.5983273885339155,-1.7677100821416514,-0.7375913177050952
0.6054741819843162,0.41963111281308013,0.6091389572270471
-1.247072677059699,0.27878388204569976,0.6807433543031843
0.27279507935032465,0.14593673613718725,1.880301236856473
2.3680113367308073,-0.6026027480439162,-0.30341485424114273
1.288934710031355,0.41295691626652664,0.47906874589482157
1.5788651653805192,-3.0206613746281716,0.5110018407066709
0.2500134142843623,0.9002922439127241,0.7177138223708044
0.3428482908510386,0.48240149268199695,-0.5803265185510426
-0.9543435931907742,-0.3396867308514987,0.9803243801954226
-2.6422462816483283,-0.03491038566785992,-0.7986903357659981
1.237089664501208,0.3006924805912211,0.8670365046757648
-0.55390695400644,-1.2495955046980964,-0.3109371873666744
-2.1731984834327966,0.17027772533161872,0.14711963224117452
-0.6718100461154521,0.25816407954135623,0.8860268485831323
-0.7773408227124567,0.2520035898535456,1.0654211917090834
-1.83000243155647,0.2224724838998124,-1.2501487283241188
0.0749762852383758,0.31350127627746044,0.2543679190585693
0.15911283841274365,1.0025858659937175,-1.2563371736431996
-0.3102558749626174,0.6554409529933599,-0.2607275947782158
-0.06434329967910843,0.3289668991977609,1.802179096915348
0.5762605217298528,0.6904085040739099,0.19266159542146363
1.8401598220563282,1.0976794655328175,-0.10845809883930577
-0.40024393175884504,-3.615353607911363,-1.5682622573372318
-0.4469168548845348,-0.6328404123600557,1.9347942576005652
1.1470330503668251,0.8211726005413459,0.20221043820898693
0.3353161433326453,-2.852844888732227,1.8909512832901603
-5.715382638589016,-2.8396636468539707,-0.604358569771594
-1.4591492963546377,-0.13964419425391916,0.8343843967847256
-0.6083567629507818,0.4391176353345274,0.21723128338918166
0.42418297958519163,0.5730829053736133,1.2955247944892692
0.4447830459046286,1.083887483019115,-0.3712115033467796
1.4891413721834368,0.4946501813625701,-0.8289856580566813
1.1220361269071004,-0.45324692245792414,-1.8126791941727205
0.7893644545040898,-1.6778522549056132,-0.3296408934000436
-0.24159449061420674,0.4189359543325087,-0.06650612784937496
-1.3181039119368887,0.7636998767405065,-0.7063807608279864
-0.3687603698268026,0.34987537908237343,1.1205127954965846
0.9401196526681352,1.2083302817368764,-0.18360064390115308
-1.3666195094613893,-0.03715937723635301,0.9026608110525636
-1.5906795678343093,0.7003209571034688,-1.2475225124396163
-2.7531844086420185,-0.11181540847251044,-0.6900688441504395
2.675885382605109,-2.3306126874094706,-0.6736339251782644
0.5462039931685387,1.0186096893478016,-0.007213394165219162
-0.14022414557594892,0.5303433461591346,-0.6736038455483202
0.4097898079115427,-1.7054727915357977,-1.2058104845129807
1.5368966558417363,0.42779552605078375,1.8856525116089673
-4.666099032772925,-1.9399616928712367,-0.19412042836199722
0.3617525807034222,-1.6501000222805717,-0.509376796727837
0.0743703495404698,-3.3937659019891724,-0.21512260651024653
-1.8377806407136044,0.0003311439284312877,0.8361589839881908
0.8836832017173156,1.0911653315685745,-0.5867739816045924
1.3980014463672155,-0.0558698627097535,2.363283104152542
1.1416115074529936,0.8578173231275557,-0.383037720102448
1.263522001799584,-0.9856215860853726,-0.320662641275607
1.3561079002768197,-2.6464655048392096,-1.5012683598783936
-0.26355998345345055,0.7667864009509469,-0.4927517357594526
3.306922807465729,-1.9576467649889358,-1.1411140470600862
-1.3850251333418906,-3.2377469480538648,0.4529483643056237
0.187934266266021,0.7309490143588553,-0.7044955481923818
0.5483506325931914,0.7513460345836703,-0.45864779691698304
1.80697350872744,1.0773599513055696,-1.0480738713231235
-0.4012094947601913,0.5949165098560496,-0.7563304175816887
-1.9696164346649776,0.45163050118305925,-0.7924057850411305
0.8066350386517825,1.302709590296146,-0.5765485607989468
1.262398961867478,-1.3150144727620947,-1.1013232383818317
1.8360673175336284,0.9800393402386518,0.5036433023484982
-1.33747001372787,0.8080055736780953,-1.241223557180612
-0.06078484185062597,0.6254053279327404,-0.602166563647821
-0.9712098212407355,0.07882871836937354,1.1851853493742677
-0.8123353743685319,0.5688583401637053,-0.7686301990310707
0.3221335451153854,0.8755800466429738,-0.649222009879862
-2.2728353216548047,-0.14725900846720558,0.15146250797258204
-2.078033467504012,0.2616978257503865,0.08746310780343577
-2.4923513264643966,0.09562804642847983,-1.351843962534971
-0.9702941953356822,0.37550765627961663,0.46662771394995567
-1.6756302621418726,0.3013085731020761,0.25101428477799115
-0.2319287655767464,0.9933159060658762,-0.821854647004805
-0.19009953535195326,-0.8456523768548706,-1.2543904828658177
0.09127613086541636,1.1798812778891687,-0.12155259872233151
1.086571488691931,1.0191751619097393,-0.6626076976595339
0.5840850713714136,-0.2419439439292804,1.7609386793675683
1.5399058876909688,0.5731735997380653,0.4202864149316464
0.7620626989197127,0.5294865576323823,0.613562018144976
-0.39084392067396145,0.7809369587603321,-0.9341246080991036
2.066693380564308,-1.1445354961214438,-0.5117808237932236
-3.100619992574394,-1.1051268772912481,-0.6985491824906618
0.28738725261417214,-3.178897134451532,-2.0523560404140158
0.7824676283667898,0.17509930805725543,2.4362312651857527
-1.162075896646004,0.2834729258669923,0.7245274507765077
-2.9246595074492605,-0.2437849433254475,-0.597060157188176
-1.1587798124135502,0.23531946588241634,0.08897203067674582
-0.9980795553648866,0.5711497987437365,0.018105306583965995
0.2830938911558669,-0.16403005415124436,1.8768980382428864
-2.7303695373759114,-0.267791698717691,0.6745437202632593
-0.05171467878094372,0.9551223057686814,-0.9758658794881311
2.28230642047212,-2.7981786287619697,1.1395082520263795
-3.438409367659348,-0.6550391141779287,-0.49578606389326063
2.0145464737106757,-0.36334451860294475,-1.0764783475713111
0.025654161271007083,0.8582651196863454,0.36045224162062584
0.4934308613363552,0.6158380481859871,-0.5828692744079307
-2.355016490273098,-0.18122614979530266,-1.109917137224513
-1.4548502245128172,0.10197115105664459,1.129556107304429
1.4973907273575,-1.1800076573677174,-1.0534585224634134
-1.189476891128894,-0.2431841034630791,1.0650064871342961
-1.6863117728613406,0.05887195319121368,0.18171888107969839
-0.9983384243572865,0.4532245465146607,0.05464670332312759
2.14922561409418,-0.4652432101858141,-1.2349617191988402
2.966216338268905,-1.7393612115426387,-1.4724494215739699
0.48168021145659007,0.37829034759460844,0.7884092423352141
-4.747640723811483,-1.520104533758803,-2.328460497431545
-1.5027858707052697,0.4968583441124609,-0.49566062102039415
2.658945076941875,-1.5527864869375732,-0.9972314581392955
-2.3998896068257527,-0.5646699939767947,0.6150874743176599
0.16933238599422548,0.5405199956262347,0.07361144033666557
1.665761399602842,-2.7342687381891784,0.3713884351581643
-0.24906849854722346,0.7661624846017294,0.6909574681394041
1.5158984314931259,1.4165111953962333,-0.04299157930343569
0.0112230932318625,1.1329088827481701,-0.9485113258546006
-0.9883891672365258,0.12591580414108886,2.0155088547280386
-2.8028027794159582,-0.36956663566750925,-0.23730310918134928
-0.01215642139403148,0.5462935338605212,0.015021105769532306
-1.842776175543615,0.49712699105815955,-1.1231365619256828
1.4490447180523065,-1.1962436382332118,-1.0745620697452507
2.443853821150475,-1.0765336473728933,-1.3027332424193556
-2.849340963458358,-0.5988598637701593,0.16147496320669744
1.1036952207528457,1.0270806352082265,-0.3222060349406232
-1.0750359172419346,0.88382688597703,-1.3623940371481071
2.781915547173198,0.9540024438976725,0.5154207573298502
0.26223105313877754,0.11601088171643657,1.9693824605366783
1.0185153182865743,0.6488580059605246,0.45844652737336034
-1.0710288728168649,0.8951780721366254,-1.39618346681991
-1.8905237452346615,-0.3057366979970248,1.3713019913376965
0.22308114848699392,0.38815078500211553,1.7244386132081597
0.03776105057108272,0.7247597582561788,-0.19448561639004505
0.32593925020752856,0.9698165100722391,-0.5371048989386428
-0.13187173306107788,0.7477852105458025,-0.32795493479582727
0.5803214003923838,1.1342915816043138,-0.7472750624431638
-1.650249504668951,-0.07506106426982345,0.6381435883935175
-1.652585120053537,0.015782090219582406,0.651494165790331
0.8777439441700382,0.9810742550235236,-0.27398472284957187
-3.8532243724789077,-1.2360049449325665,0.06417496397195536
2.133566647656873,-2.2358975603687785,-1.6867808311930914
-0.433808462952594,0.5605645615341028,-0.43175597593634313
-0.051988470388768145,0.716549584733944,0.4787659694768559
-1.6099317372206279,0.2525319797539908,0.3238057348856436
-0.10479625832119593,0.28410195878200284,1.7489960928189823
-0.20954767994795442,0.2724253091122953,0.5575042711933291
0.05162617977277529,-0.22172550340683103,0.15864457233365506
1.9026221215773762,0.4821005746908473,0.5135826700875465
1.1395364313792913,0.7887649545488212,0.41090376644641907
-3.243831075453313,-0.49708752101082637,-0.7275846545087222
-0.5791082666679525,0.5382921525494887,1.3261853055393567
-4.402855032161749,-1.6681979370917013,-0.2684644658763042
0.2706106983516877,0.23891494342576797,1.2005734617596036
1.3461383258851995,-1.6519071280951785,2.0000104413407485
1.172311255584426,1.3510189232888052,-0.8223044042271171
-0.142720662024296,0.031422486117057336,1.1915464760594232
1.2996110463662396,-3.300883574423371,0.5261666911320727
0.6868042008108503,0.583000871594198,0.707002448726218
-2.3381543279712234,-0.27854889931853305,1.5764419543198582
-3.5529677349827127,-0.505605068368848,-1.6752346516250722
2.2898549281467178,0.7665774124090433,0.6618169753973618
1.010250800864091,1.1341827933063306,-0.22340248388419584
2.4623933752287543,-0.7561463943343472,-0.3406014964697216
0.6041563893619591,1.0623873207408465,-0.7518240459646571
1.8304385265827008,0.24507810574141842,-0.9776079178160629
-1.97595294464004,0.060161525317663514,0.6419971086904807
1.0524462886534882,0.6925513105455864,-0.4443768193733703
-0.0975317387229615,1.0996841105146231,-1.2723358533310105
0.5520460087417889,0.9920547010671842,-0.9798965337551174
0.6699798463016338,1.3458079917510313,-0.7551475657187817
0.8593301900756959,0.290289331844556,0.5529310069126223
1.3027632924756665,-0.7107804687046089,1.3944174368514726
1.6305757680220718,0.97534049296178,-1.1078299763550852
-0.12538152969242142,0.23599507536650846,1.0886730262012525
1.5247669473786074,-0.15781688077455927,0.6543086849487186
-2.6887174370191365,-0.38043882013066055,0.125613752686179
-3.8554656639148366,-1.085193295336493,-0.565389495299053
1.8220276952059118,0.2969473961928382,0.8734495383623808
2.814914888143431,-1.5413747369064976,-1.4117119938585592
0.4990461913255452,-0.103258933174171,2.803904034445259
-0.29386244172394593,0.12974006664481216,1.2624865217201584
2.1162127406731925,-2.698041547945653,-0.10344572784872583
0.5982678086310689,1.203660118022851,-0.7928969215972984
-0.8694800527687396,0.6593880971684242,0.30831483092534745
-0.42433756296602965,0.8612424969548503,-0.6363643031358855
1.4508585371641358,0.3305952085101084,-1.2848241663501643
-1.2347376414842426,-0.20891233551483712,-1.211862386083358
1.5657460836796504,0.8098767553444152,0.792191964941481
0.15361577989057099,0.8094787016903444,0.02661010845192694
-0.7047855449466807,0.26204305143654016,1.1565073433047264
-1.0795937484880023,-0.3092416166746871,0.21154067210290292
-2.054558253901558,0.13455044990369663,-0.16414775690310135
-1.3713079919690732,0.300872017571167,-0.21068947708638638
-2.5683688269059646,-0.27687570861786953,-0.06236170255255207
2.19924452574204,-0.7794324229376927,0.22946659145127798
0.8611107288984978,1.3003719719744036,-0.9455287776979678
0.16388117612078695,1.1326437406396432,-0.7707895295399244
-0.7229033494669782,1.1918036318918097,-0.9620527098902306
-1.8779918687551747,-0.2080615334125563,0.42343689354138686
-3.3567172598617807,-1.0912250927443714,0.9071515187597795
3.81236177205714,-1.5873641642341918,-0.7838028329032944
0.20930456707144576,-0.050238826441586865,1.060093250083516
1.5619709617153594,0.9302688823512345,-1.0346918361784112
-2.3009210720835083,-2.764203210405077,0.17442867963514364
-2.5648858182639063,0.10650984680054176,-1.4727024266693947
1.1318529752942288,-0.8194860426202016,0.500663646456152
0.1472672388545705,0.4613577848773474,-0.5365973633384751
0.18757995506396463,0.6072798202956361,-0.6594808668033255
0.4480540800474306,0.8402400276747761,-0.43578890863106806
-0.2743547933477977,0.9323283969517768,-0.5481387764039367
-2.017121237389839,0.6506085227707856,-1.15868575661313
2.970279251221359,-1.0674807378058526,-0.4956931166909529
2.0621993524671427,0.9614454066328834,-0.4412713651240236
-2.192945845395375,0.2147742519705398,-0.450853180444216
0.27548939714219134,0.7440879818812891,-0.8160100781127414
1.0189971112402498,1.2521545415717674,-0.726176913917094
0.3140067670239,1.2046382518361634,-1.2418460932445752
2.4363468807345865,0.6903519447197752,0.7127220271178434
0.7460675682520725,0.7384714190068131,0.09371787673609695
0.9586989738046269,0.9180257725005633,-0.9376050208014551
-0.5616358486222303,0.30284482795617995,0.6286187928171942
-2.7282713772084226,0.015482210112984507,-0.7841197395233279
0.4901024636648287,0.39974375039823024,0.9848391797163413
0.5018576126539332,-3.4659565493150533,0.459069128882359
1.2040958973159945,0.5513748208720739,-0.06436797185557996
-1.2301514457754066,-0.9502210787134197,0.27479647787723016
-2.0151965430105423,0.42124119099994556,-0.4807407186999237
-1.3104083369927586,0.040168871614119875,1.298863642615642
-0.08302397434070824,0.6654179836820475,-0.5600609842357175
-1.0987253324519988,0.8947092246416476,-0.09115292649613901
0.23341896068072768,0.4647877584041974,0.32340351449289045
0.22426945466304,0.8924350469522868,-0.5348190077886847
-2.5768318145328255,-0.12693400647626485,0.09067243015628451
1.7524183713698918,0.9340481514841165,-0.04640228434848145
1.6784394942835428,-2.3599034904311362,-0.03774115194299963
0.4935626693465755,1.0254451320039304,-0.07805391520344981
-1.7074736024814514,-0.4153300132538426,1.8635093135955314
-4.794632426614573,-1.6532229896304194,-1.9322026403713182
2.1576351801412716,-2.737356515120622,-0.3623543177865735
-1.8921692884794927,0.29750450865465405,-0.06450914808356681
1.6871983181427328,-0.6358894176984667,-1.6751536105040508
1.2734530914677964,-2.081102841452733,-2.0527422902545696
1.7043456149476222,0.7225025842153903,0.46455739995554673
3.3429410914485187,-1.4582321587649267,-0.5846829841492022
1.536312297916959,0.8779287468591874,0.2693891071745861
1.6969342195813268,-0.5958535521080706,0.6684827706102582
0.7145499293380378,-0.9059372700193554,-0.5160397998223469
-1.4316046810389862,-0.08509236115880307,0.8965435147167626
0.08309460732714205,0.4623621183768639,-1.1073804924039088
0.7104946403742562,0.6627302164227141,0.03144978978156902
0.9603649794937535,1.5200376116056482,-0.5819515727516669
-1.8071167292617436,0.008266417271059525,0.6896412069239362
-0.858542726756676,0.6353542808039522,-0.5917457269078673
-2.4382406708807483,0.2854004700133032,-1.1060123085984352
-1.5849137058966316,-0.09906069225871829,-0.4391147741115554
-2.4066187110510406,-0.13248630901902325,-0.6874700864262908
-0.009149843798183848,0.23170709518274837,0.8754130827962794
-0.6723372602656361,0.3548286698414617,1.3084805005791975
-1.5660621066807936,0.0259972673675751,0.5486829738157384
2.1317181622481542,0.04412385798316673,0.49514901066238765
-1.1207388879765394,0.757599475995117,-0.6853409823766932
-0.36758548347264913,-0.739429285782512,0.3515546621675947
-0.4414786197579107,0.012203988433503293,0.4080589650447412
2.1120212473588795,1.049863157735807,-0.22795203090280172
-1.7064092376316333,0.549374281149121,-0.9481094074756004
0.7228408521060353,0.7930274280011432,-0.438252786601016
-0.9040170871580945,0.6818851916283143,-0.6874708921093631
0.8306919038350562,0.33429432369744466,0.19156978060206237
-0.05286921240173243,0.21561201469911573,-0.025317436934846706
0.13037475805254758,0.9957618060747752,-0.29815121926077304
-0.7556261817971003,0.19711828166417614,1.4744066066093306
-2.4131774344042887,-0.3309366317782601,0.8024625877042778
1.1117253274181078,1.1670203090801534,-0.4242784468008558
0.2937397299307396,0.14048028284353828,1.1043042826609757
3.741300407701482,-1.9648870814127548,-0.6267369768186137
-1.8869079131728101,0.11876083208253116,-0.16253169610009285
-1.1496716885171632,0.21927823727824408,1.3168353527569006
-1.5572875947112557,-0.06931565534471475,1.2671983863145087
-1.8074724449629729,-0.1284629966656297,0.6212879124610233
-0.026091890711057084,0.6682648417649286,-0.3898977553062486
0.06338797914851058,0.06487654305805701,1.5109823032030645
-0.1813833891456586,1.0970363908063603,-1.1920509478042858
1.2566400212857045,0.6732277682408652,0.09032622467843027
-2.7605916835552624,-0.35042772474506306,0.1712441129196945
-0.281935531968422,0.3765987149082644,-1.3705136917091227
2.2278699384517315,-0.2619384073407786,-0.4543219576445327
-1.1117079517428234,-1.9454190749307596,-0.7969761664957312
0.5780130346113972,1.0285862868034596,-0.029662169229424974
0.09311593206625503,-2.422399237939438,-0.5039247418556904
2.9241217495328136,-2.24967586596202,-0.736751804139512
0.4895262001795983,-0.965009132183133,0.1040863764492679
-2.0297222490046405,0.4182866383108926,-0.34793554122446513
-1.2660043223649895,-0.1414698926981338,-0.47847713347697723
0.4595845142946601,0.4745008166976443,-0.23303672932446082
-0.6573061340349845,1.0440779356913465,-0.7483371328969746
1.15358892479023,0.599452904458357,-0.33418817731346223
-0.17903942441253173,0.14318984747172528,1.457101692094295
-1.7740209748899285,-0.13286755437555006,1.0373557439067063
-0.8316697380545689,-1.0095673837225723,0.4624504605462444
0.7565822808430508,-0.07382529999567326,-1.1800372621907393
2.41276492866914,-1.2991237993400084,-0.6838530502089543
0.418500471587901,1.539609638076772,-1.6209401602073816
2.4074555256718866,-1.0241420716254575,-1.0454022470464088
2.1205274463801205,-0.18936453488325802,-1.0643461672860672
1.4508956098969126,1.0292109827065117,-0.41931828023874695
2.424617923717731,1.2680268369529202,-0.6429986696517601
0.5474348266865786,0.624487096287862,-0.27719953903992645
0.35722450000322065,0.01047265679940399,1.9916694941220752
1.0082659364708548,-0.36315821281793675,1.401983801233738
0.5528929361701662,-2.4429470223564937,-0.9415823828493094
1.8390339847168655,0.08276721812601288,-0.9154548275677437
2.5855631939412467,-1.3714168072600241,-0.834220547663389
1.5780667473663172,-2.9237585945267766,-0.38525671659429706
-3.5438001030405077,-0.47963493033704707,-1.7525407710257108
-3.7944765552276025,-0.7157972386160336,-1.7841726720275122
-0.2628897952383733,0.23971189113909483,0.8392282245213496
-1.8490589675048796,-0.06639889549061993,-0.46265964455228537
1.290960180799795,0.12870084654421052,-0.8090090739579461
-0.7683682274565461,0.5165155912598483,-0.46290533623644586
0.7368772610167695,0.6127668817379555,1.4274405375617396
-3.0829645498731963,-0.41490245621674976,-0.7031225079914054
-1.8576188382741086,-0.17476521520694713,1.7296062710237121
1.5083901305720004,-2.7686498520169858,-1.150322471904223
0.7370172998769018,1.3150600296329584,-1.2717001908355297
0.39059278651153057,0.3607364228169956,1.6131328107711493
-3.3853256686313418,-0.7927933479181141,-1.748874233024975
0.403204405973674,0.6782506250148179,0.25469882244619046
1.6893121133367586,0.7440478486192741,-0.05589334550565687
-4.27051222437067,-1.1164029971656555,-2.0609242342302294
1.9915478294985245,0.9212743419882072,0.749986969428838
0.5797917581065469,0.9977033622443163,-0.6848536883338828
1.823222238897221,1.5120895721715977,-0.7816997442931101
1.0030494529056615,1.4838883517128958,-0.16004116250036723
1.7568108286292274,-2.2309368892119905,1.2721205544295984
-1.85960999706493,-0.2581328662323473,1.7247272798331268
1.0895891854968043,1.0252159006126167,-0.1268005212341519
-0.5242891877081824,0.9898798662603575,-1.0967943849395032
2.303009977054047,1.1160156712130977,-0.44605119193765647
3.040599234373231,-1.5425989805525882,-1.1318106512531825
-0.08450701201464655,0.21450069895968457,-0.7391015468675709
-0.45977823805114515,0.3301295060744036,1.123224432109958
-2.367698617468915,0.09198125524020884,-0.2918744625549271
-2.8912661909768245,-0.05002196195318855,-1.5767971108861982
-0.43854943879061425,0.6638221890368028,0.13194160221176535
1.6171215126058136,-0.031606744855219804,0.1562679192028737
1.9266059662801829,0.9808644627571542,-0.031850447306915795
-1.2392229852896839,0.1066055677207207,0.06916205629128815
-0.8998685014808997,0.659237323524061,-0.6735217580505575
-0.557921938930253,0.39823850770810165,0.05121893080091581
2.020050135581541,-0.009512861309148713,-0.3473972069966324
1.7892110175810574,1.1398031669171416,-0.9275488228930839
1.0147918627499863,0.9477422734407192,-0.801709041837884
0.5469799105771939,0.6203333120427299,-0.8263522022152925
-0.047587784291327574,1.141495562934337,-0.43726326069226856
-2.4219598377751903,0.055461580631156186,0.1313251686646748
0.8823246648501938,0.7942397640285014,-0.9806369943858803
-0.9970856972988204,-1.8343837518206185,0.17323028644528202
-2.0362840168177647,-0.031311082345995944,0.4806056736341186
2.26588206586907,1.0396695344565245,-0.043533500974675975
1.7423509175677792,0.5691375744878556,-0.606443186579964
0.9696973295413381,-0.2835172597405108,-1.2820235416255823
-1.1630794849489763,0.18317044957792353,0.7393347314395303
0.7583330589746042,0.8238246697083406,-0.08134970066529329
1.9946953502396991,0.5460290821811284,0.7408708644538209
1.0677345715777231,0.8843910608970081,-1.2111446581508594
-2.520227115035007,-0.3536172471230879,0.5558514858259732
-0.6603295651519556,0.7314855208754661,-0.6889635805263173
-0.4727395989842673,0.9765384783077771,0.36685833480932734
0.4949471983172418,-1.7346214799553379,1.25848866755512
-0.051131569341347057,-0.36786805120741073,-0.4243401185404816
1.6977241231498452,0.7599455720253687,-0.24775558455041372
-2.611624865661716,-0.30195224309160235,0.29605062634115076
2.447914859965193,-1.5282382562678323,0.20697254046608668
1.2042758044945285,0.7034069548306006,-0.7068188159942805
-1.5411911268215908,-0.532454033378585,1.8830044213953612
-1.1956621486389472,-0.14104034684156758,0.8827349175686237
1.4362280557934752,0.5609203423360221,-0.29394343675793977
0.1616120110106561,0.45781840789793826,0.7824162727536985
1.4978590794267839,0.9858602654492327,-0.6969376774954906
1.0567068624774574,-1.801060717845221,0.0030934593891687795
-1.2312784662257867,0.5386812993365294,-0.05122218372070703
-0.17314754888724826,0.846014218896943,-0.5786770805243528
-1.8573983027101666,0.31657030763362276,0.3124178913944434
-1.9979309761836035,-0.0020980108910253013,0.8273270108297598
2.116266581276867,-0.7552227082225865,-0.4215566787104029
-2.476967542255058,-0.11541295255990913,-0.8267591485635163
2.564673075097836,0.5159277377568869,-0.772588979528045
1.9517301879073885,0.7998117551441164,-0.18843000362631737
0.449724648474811,0.6329798034244496,-0.15066139239287182
-1.798907218689841,-0.5374195133737536,2.572151462119015
-0.9668736229756537,1.0703232492185952,-0.43215627979269094
-0.7496683908789843,0.29563993429443647,-0.49584693885078585
1.2344800242647214,0.5311285183186785,2.6211299682296954
-3.472529958066759,-0.7516961842035728,-0.20806395062730793
2.7387718887151298,-1.2453890990461896,-0.6288335669197598
0.36373556377271143,0.6384415157239944,0.48665026321473076
-1.8140764692062123,0.49899402312865077,-0.6950134168843366
0.9199592315684516,0.8973433495152764,-0.04776796320148397
-1.5524194873408586,-0.2324184631391676,1.902626168937023
-1.9899281191219407,0.33439011227116133,0.020992283152602778
-0.792047496837904,0.3502706369411532,0.434917848560238
-1.130426206888303,-0.5022302308705586,-0.10968088152255435
-0.047827855196010884,0.9242901376232189,0.2960260933764922
0.9696684725359513,0.5877073421005433,1.4500950904544077
0.6667515173769436,1.0467840974995093,-0.842958389589235
0.4912893855756222,0.20523437544745846,0.8596157317472806
-0.8335653281353507,0.9577532465568711,-0.6990284298265309
0.45706709884110835,0.19017159846295653,1.1640432844404391
-1.2846387988452759,0.7807730244606153,-1.010245008508458
-0.9813718451106316,-0.071733567418495,-0.49434327470220635
-2.556371750810861,0.06794976752706633,-0.14422964685253012
-3.794968933139192,-1.1911479173407644,0.3654421161295317
-1.206518802960851,-0.21176403140721609,1.588389412339812
2.6652320589856835,-1.7034501060513936,-0.6851259201105796
3.811152304762469,-1.6695505883815505,-1.2221080945698737
1.9447553183959376,0.7784017497280477,-0.21906519271190125
-0.41627491988756304,-0.8009947448940956,2.890533469647816
-0.13297511188827402,-0.21764310441894916,1.3682647207114806
0.19710300780516252,0.32681031498501073,-0.14153097288038793
-1.8890463652688623,-0.17890866189398574,0.36626711571323933
-0.358679402667089,-1.5534662409590987,-0.39331240695722625
3.35329742391015,-1.5715243734436266,-1.1992946152310604
1.658847652759232,0.7458383040697251,-0.4820009478518425
-2.2197529812175563,0.09759505471975455,0.45564885462511207
1.045904217955999,0.3546332638981843,0.9166566048460368
0.688406535576665,1.01294410252701,-0.8922111283467536
2.819953231361275,-1.607409719025079,-1.3420558327543104
-1.2961446326847657,0.022580543872464158,1.128901439771574
0.27230066110836215,0.05395734929065114,2.0113711917137267
0.005858135929526479,0.6072677800663696,0.5400713922472448
-1.5368459600345068,-0.3269326391671467,2.5254778092820316
0.16530603690742365,0.9349030258846989,-1.1873141308151038
3.463219707693162,-1.8686741474071926,-1.1061324701140076
0.6530617567548845,-1.6914690435480904,1.455128775258994
1.0927836720931456,-1.2639836200583854,-1.4390450819503993
0.8295441468177707,0.3703699846888842,0.1472577338055874
-1.3761328319207478,0.38466367762809683,-0.17634849640860442
-0.8611646905324666,-0.41396294825623975,2.4114083203068923
-2.531324790458169,-1.3371344967881598,-1.055714344928719
0.45370895902813757,-1.1226294256433635,0.9522426283023927
0.8917302088109296,-0.6010599728947046,2.9811002130774664
1.389569622010981,0.325310621159523,1.5691701799008047
0.29647756447554835,-2.834931695742127,-0.663619153351995
-0.31067212817555956,1.0063415921603163,-0.9183707322083674
1.1933893388102477,1.1406619159653433,0.3661851710883892
0.7624689247666407,0.9700464997355356,-0.7325809769177747
1.9310565813466576,-2.4401239937344488,-0.1046423088510979
2.051986868643476,1.0941931501885642,-0.45146871130877836
2.0322724195368704,-0.7970897510566914,1.5594794452119847
-0.6523415032019827,0.5489011783535386,0.5194159436901169
2.414982711955651,1.0690183341004802,-0.7113983601604307
-4.733124216134592,-1.949960425042748,-1.0635563030649244
1.4083277062508976,0.9956419721320332,0.0777475832738177
0.24305853323537585,0.5743526917413326,-0.5621686287414043
-0.3070798251918671,0.32968549137416636,0.6130802094632246
0.27873726138557237,-0.7456050461302953,-1.2381237768766733
1.4642684424622676,1.1842855714578993,-0.5664432649947165
1.5456185074612294,0.7478041315178924,-0.2792591231430528
-3.042193263664183,-0.18348418442396933,-1.0149401461714584
1.5016465470504274,1.0793805382290023,-0.7161451115260237
1.942302731675356,-1.6672848850276636,-1.3293534604783508
0.7049360014592561,-0.277040642228951,1.9063711690705607
0.6011299745585306,0.27280165773127374,0.1455639338128959
-1.5263088237467954,0.4899236359451512,-0.9394228070468374
-0.7468577257144021,-0.9670740580749981,-1.09335618511995
0.8081228744298465,0.8174161637895303,0.6925086472155061
1.534848924591483,0.7760345972478476,-0.8277400123430245
0.3859911892811274,0.997279202943999,-1.1036601331193094
-0.5133533638947175,-0.07937610380113354,1.676432558407801
-0.33574053065483483,0.3961473742522748,1.4645585801384233
-4.014664100841582,-1.0424835583356977,-1.3964243558840808
-1.9695639962480356,0.18040382712404351,-0.8681733882996745
-0.036603702509810467,0.8785262081647096,0.180950007827904
0.10972210220190103,0.014591480620035532,1.9334548846864468
1.0889378751893055,0.8564395480076301,0.1147754223828244
-0.3983349574107079,0.01318259476317083,1.3329063213099483
-3.1189180699049577,-0.4205632261161509,-0.33994372310714044
-1.1430177851735022,0.3976662095895339,-0.636377603574258
-0.11981197043017455,0.13458063936957115,1.0760661615996105
1.180369149963701,0.28230478526418257,0.7180704462940992
0.6443915908211465,1.2414204164330547,-0.6263528063881871
-2.9751885701379885,-0.5041159855567174,-0.13661500638458657
0.0757221414648726,0.49049563322629824,0.2641997245641032
0.40098831735868923,0.41162401966052203,0.8056553911316868
-2.7059006876621066,0.118318915943316,-1.0287886665395218
1.336521293783144,1.194214696523105,-0.17838171750543622
-2.0363237778066963,0.3798533544116274,-0.2642541374166877
0.15500528002387295,0.04603124065640782,1.6891195141881254
-0.08950535020363543,0.18046459444340054,1.4346110606513756
0.26679916671989645,1.1481312550414708,-0.26402047866562817
0.1806545242159545,1.0223851110621276,-1.379494789184747
-1.5214372099466074,0.6586741171707989,-0.37908607217483326
-1.5475462342640516,0.6258837528633998,-0.9067525461223822
1.5644054853291478,-1.4501245942493595,-1.4430887969944683
-5.0327302465527275,-2.0306456717300922,-1.393425812816043
-6.924680735291688,-3.4216373631213046,-3.279720900882401
-3.445934630701155,-0.9069962475495666,-0.6300275764073131
0.8786598579859491,-3.040453359803028,-0.7002094359635893
-0.675499382877347,-2.502997931182457,-1.364917390881908
-0.20643304635607607,0.870621367583143,-1.0241584438806786
0.9165160327724847,-2.24760124034266,1.4503397863434315
0.4818032867730123,0.029705110015291837,0.4215074599814051
3.3327951941930167,-1.5322754651082722,-2.020436321579485
1.1820786492983233,-1.1111722247490015,1.5446360399846295
-1.871469943762569,-0.7030068861305866,2.5699314577880727
0.73743931020198,-0.029550442765304462,2.923571447844519
0.3624553651745061,0.6145785108427654,1.0835372624521054
-3.565826381666526,-1.129434592439262,0.34660195595195964
0.23099980945803003,-2.0457784280616362,0.08096019041025554
0.47188230025185773,0.33130635309527423,0.3409664137662269
2.975004889664079,-1.45803804077493,-0.9567461047294538
-0.6977086987767201,0.40235885137010674,0.2381860316652001
-1.0634659552498495,0.48508884251506534,-0.12867100959856728
-0.9915207132229072,0.8644192003957686,-1.2793436813102796
-1.2502087905589117,0.6811769476799995,-0.0380064429103198
0.17831378126920833,0.7818165997177262,-0.17655255318803734
-0.6774514019968765,0.5362683491904431,0.22276100716722536
-2.1155024414306403,-0.003977994926887497,-1.5693320409189428
-3.4714960989965613,-0.5688967393310507,-1.6514081686952398
2.144903434255058,1.2667423671249625,-0.6789461484788184
2.8152357902277245,-0.8629142063774389,-0.8176904328432628
-0.7446455426928473,0.46652546831925873,-0.6285885564724641
2.371447863390719,1.512423715684609,-1.046146643324772
3.313062108478791,-1.5504172914146948,-1.2182618066593398
-1.066651697718523,0.7104480991590456,-0.17052417868325495
1.548000614647628,-0.3013286847275712,-0.4589061023092839
1.4992375482315676,-0.1980824859758691,-1.5778629479138886
3.9629441446027704,-1.9165869744496575,0.03194352325474493
-3.272458985171538,-0.6756443867334677,-0.4798350935325187
-1.6525023418996525,0.17190651552503655,0.06867696907181937
-0.5532420570942463,0.8098984263308677,-0.2882268503597984
2.330580583961225,-1.7310786974949555,-0.2710506420476092
-1.5259396859830703,-0.21242343621793747,0.8715035808616668
-2.118429707128548,-0.3631801619933301,1.871447355005736
-2.163710304113314,0.19588504599300274,0.13345549022893427
1.9378376011995713,1.0102770152500622,-0.6813019203774923
-0.26580142285299746,1.054521980068782,-1.1846873962908295
0.004405105927253168,-3.49895382506933,-0.6664907820339019
1.5069374551612587,0.955468987427537,-0.007684254454854634
-0.8206860392966702,0.21053499426385772,-0.48899891457049643
-1.491386501301369,0.0014484074444559261,0.6795004497467344
-0.5716328038554739,0.7780374264286296,-0.7192384675719624
-1.0980402761340955,-0.24269935620259406,2.890459166431674
0.834343004203756,-1.358836369380676,0.012765068088496132
2.140635537119836,1.1561279320088194,-0.5049246604441191
1.316818157196036,-1.6660712744228305,1.1214828431251638
-4.257639896130663,-1.8450016783888608,-0.0713188717716963
0.9166962033123078,0.9615327894710045,-0.682347905484604
-4.214894896506427,-1.6096988909772882,0.29202320559476674
0.9098341530411082,-2.2685309882153213,-0.46476981783497745
-2.25970057231914,-0.053326997684156996,0.15673205739256688
-1.6881308841845153,0.6591479995202161,-1.0525583304510164
0.6559509670601814,-0.8318386751256832,0.331500064149787
1.8583566826410085,-2.779423971432674,-0.12659094036707455
-0.6901603441453659,0.462004124344172,0.2522318642806305
1.8251279307313075,1.1259433811246269,-0.08058837471067865
1.918962451632925,1.0173937400469628,-0.3477329199577824
0.08578624873811266,0.5947741011384925,0.7607498284264319
0.854169125625012,0.7540752509028212,-0.11185736938448385
1.740063881930313,-1.468484952091854,-0.4081494326264094
1.4587251563274635,0.9888651260348168,0.29093143022939644
-0.23891970047329109,0.15018243643883686,1.4165095144113413
-0.7116409339025175,0.5407927805246915,-1.436963929262976
0.928377770527895,0.8047927417963407,0.4733369228824716
0.36077190507308404,0.5557322292461634,-0.8936342507949193
-0.1986171774565444,-0.08865935510246804,1.7405916118117228
-0.7404763644541277,0.2005699553282361,1.4026836012441029
2.8914089018324276,-0.9112622789310908,-0.06293620820469806
0.4799645200456764,-1.9966440863464125,0.772109415953312
-1.1321680842568105,0.7597406555143851,-0.24485151195780705
-0.3541597863201118,0.6667913561672475,0.18084530924142275
1.7635872432952933,1.0892082788353699,-0.7426562726939885
0.3337667426619618,0.4358496574510391,1.3317987844839427
0.07441135683319569,0.8606063893965065,-1.106513612077239
0.8069884253527343,0.44102036595135446,1.5237262671228768
-0.15000361082990532,0.8338494628726402,-0.7955079487471528
-1.2579629839112507,-0.315315969669203,0.1582063229963428
-0.588174145230051,0.20049932880478102,1.4496809018354984
-0.701363385966733,0.058959860605338775,0.47779100481079473
0.3390317907165324,0.2000615208398421,0.0005260267116376584
1.43116760613657,1.1682443497522992,-0.2656507836480448
-1.1687273672503178,0.44386433863385266,-0.45835714515412534
-2.544145849533063,-0.17049846250691514,0.36915300808903584
0.03465329784882321,0.9051970001409221,-0.4352500737392692
0.28080365799613816,0.5779446451730024,0.5114669088887106
-0.5606916863719805,0.5932625506423979,-1.32844682064621
0.8115860112453795,-3.345945958233437,-0.7920533473545065
2.051315666197994,0.11371965733873667,-0.9192617192884378
-2.4017082795560096,-1.0953398171594524,0.585825921863517
-1.5218275204717937,0.08913057337737193,1.0178644845948497
-1.4577261052116826,-0.279694527670919,2.534777220864938
-0.3880972546749466,0.9436678715680128,-0.3558692362799321
1.4170389704357844,1.207654358262154,-0.8166445820413998
1.401746280153556,-3.168210872513564,-0.24470295443914233
-3.5976189521634785,-1.2996973863007093,0.7930938878010065
-0.2733648573033228,0.8779048772040569,-0.11443708346116244
-0.37087223492748245,0.20737791491120863,0.5092324513466734
0.6447895934584927,-0.05829966057312072,1.102118660861977
-1.423383847607092,0.5443917580926889,0.06933715360967711
2.1615313175449775,0.46075241309588205,0.8431044778752145
0.6665833729108063,-0.17402844894873373,2.8837897108394683
-1.6157713972637509,0.5498069143648486,-0.3658018721071055
0.9580520215267624,1.1832760733386973,-1.0470468759518285
-1.1625157723881248,0.40112540352805554,0.002075156322531532
-0.2660732429041749,0.23160721430758982,-0.3834661902128642
1.39175467384644,0.981208541946543,-0.5174654484899629
-1.991854831731132,-0.03565425188959261,-0.8562346582683312
1.6379741250773696,-0.42150563727605456,0.6090660820321213
-0.13038632399950137,0.18328389385746885,1.1841237177849513
1.561148832012982,-1.610034741157674,-1.7230892738703758
1.137957056921046,1.2993244121013545,-0.5957942680642438
-2.14529027025448,-0.06277460794046037,-0.04116905434340484
-0.033821806537144124,0.18982772969501127,1.0416333346444357
-0.9810452939204518,0.050966715977639826,1.2681230403868733
-0.9241319959546582,-0.24155465193904438,2.281569318204079
3.605547743924443,-0.9768990527995888,-1.7425653804252295
-1.2914039527739818,0.19317077541328675,0.4404614591027286
-0.8458884498580639,0.748161654064771,-1.1685163061118888
2.270433292490021,0.9002240964823868,-0.686618869604825
1.943357419554112,-0.9120783556442223,1.2590638564961136
-2.0260187685511672,0.4287778861250639,-0.37916516561810065
-1.2089076287158524,0.5045940756450997,-0.23351990947653226
2.4522648604771793,0.22923709542028262,0.7672738704755082
-1.3452612195365015,0.7476723500276906,-1.2532215455735083
1.7114781202650766,0.7117209092964562,-0.79895887201607
2.028338028010303,-2.829277755366248,0.045122159866429104
-0.8113528858345659,0.39474832154782685,-0.1004369088480214
-0.2536423209495036,-1.8912373395056432,-1.2719811088905835
1.124725243179499,-3.5394704564673427,0.09620293265735853
0.8909226501931488,0.6998354509278815,-0.32901543307638015
0.5748113880248855,0.7227526593803698,-0.5363337693447885
-0.973340918876502,0.543770094146613,-0.18415890034156043
-2.2131579800089174,-0.4748703682747942,2.57985775178968
-0.9368029642737065,-0.04006133818792765,1.6275553564464464
1.2498985080304263,1.0088670386626424,-0.6493729897685807
2.1331903980482676,1.0079285627736319,-0.39499818239823475
2.421006773976756,-2.47294409090886,0.10500762736346429
-1.3651105009218645,0.7494378122135469,-1.03615892561117
-2.9062274241750092,-0.7977664758487226,0.005395300495860277
0.6287769318226752,-0.09911370075338345,0.4507054513342585
1.051187829745581,0.6488953340803131,-0.8044040349903107
-1.6289370505964245,0.4574939933737204,-1.0626138908538725
-0.9722754861459736,0.8803382510021598,-0.9600077164202537
2.1299883951490655,-2.1880394028682026,-1.6069237741404954
1.668948632143119,0.8522852240841051,-0.027084916154470333
1.9097531011365911,0.3638667523773017,0.38737383991023794
-1.5052627318506446,0.4121147917343828,-0.49644392376591334
1.1748401588435904,-1.9339053496083967,-1.1133622367708305
-2.2124287527910265,0.33520527579972076,-0.8966965659925235
1.171796979728842,1.0799989416325873,-0.009814861431465531
1.5611107564788245,0.7376389267835944,-0.7609777897261785
-1.1704255850979857,0.025436012096904555,0.8636532204315358
-1.6861373779161284,0.2135492763738321,0.2899321926323365
0.5209308914327516,-0.459532945243286,2.816611670841422
0.19335003325738417,-0.6916790220994761,0.14673562194625872
-0.9787104504893395,0.31441183999212824,-0.6562550394816423
-1.3617105844399873,0.7590691216822943,-1.0648287447266385
1.831941382378245,-2.5800952701254216,-1.5690965655505822
0.19615193770925746,0.3203661065407993,1.8094139267587166
-1.551268970629609,0.01117958436352351,0.30791133880440413
-0.24205199612908113,0.35452536595840656,1.963077574861447
0.05616794167110154,-1.172032498144259,-0.24411602642203897
-0.4276335586405151,-0.0009715923829459407,-0.32321951272088645
2.0120228595551395,0.6196145416636913,-0.24501215655646483
2.295698145298434,0.35305997305587,0.35776976686088674
-3.3759693654955725,-0.6747842396490391,-0.3178197132674377
1.285813712838534,0.8512653977903478,-0.29080371483275996
-0.9494597546925628,0.02154391255706633,1.7279393133009326
-0.8266828652547348,-3.8778715281278817,-0.20689628907202684
0.035756264735347563,0.5979171945943771,-1.0893064041163159
0.931125804475166,-2.7155439782133466,0.19665034685628216
1.9541802075483616,0.8323411646523019,-0.20687731422544545
1.3967910260668162,-2.4646816235178934,-0.9482041155074358
0.9773793037551589,1.062438533938201,-0.9610747917200234
1.4588191856126953,-0.850884568432804,-0.09633997119377774
-0.028546166740932914,-0.020657816045656897,1.1857290161155165
-0.7764731338255516,0.7656980128540904,0.17249751202447117
2.383381912725305,0.7018786844769471,0.24284549263778787
2.396656009742461,-2.8077982266873582,0.9421191013460415
1.2599199767794895,-2.804914000426422,-1.1469030347324018
2.503192605585188,1.1788162052195599,-0.4389946302946259
-0.5992884416221929,0.4065225960819882,-1.0247343572961163
1.2340276050506074,0.7146793339409864,0.8211253423134649
0.7537386666717352,-0.2777598017534878,2.8083367350238886
2.0032024021218793,0.9518408414797804,-0.03427179492463752
0.4591120688538398,0.06453697514895541,1.7592110930659983
-0.9260380747067493,0.16903337802231783,0.1684991521437401
-3.5949809886516246,-0.624620535375513,-1.3209576011267816
1.5848029562838966,-1.973108127682289,-0.4604948236069348
2.0365180550677726,-2.1861930061873864,-1.7511296952654771
1.3910098644576923,0.4254801598261939,1.6831650181353606
1.535222610551706,-1.4385878705511288,-0.300475127907811
0.45400691341069777,0.910450416593191,-0.2995955374544517
-0.6059683911131343,0.44173995766178753,-0.22427916624739566
0.35447883779935074,0.5727541464159743,0.6207356022141174
2.3420137089773596,0.7937896125778706,0.6900617005226842
1.5810813502076397,0.27115562476172345,1.518024883707811
1.4796627992153533,0.19938822573894607,-0.11077752077549499
1.7804781927204965,0.08676385927180717,1.7436023473140212
1.2739057358660324,1.0549318143287598,0.4260806796520956
0.28677998081955247,-0.9310894404189182,-0.4545762307325633
-0.31813856557261366,0.4816281091504013,0.7084889854799491
0.40874781989785003,0.20313864131224965,-1.1327435869906604
-0.5174032911168261,0.6365660079935993,0.6504629049322858
0.8289651041841783,0.6820432106486933,-0.02863231670193101
1.7187441968641775,0.9763734463254305,-0.38440680337131666
-1.6678082638663123,0.7364504966326407,-1.2519429328319354
-1.0633405793405653,0.40651431830805107,-0.01767237567923697
-0.7972914744739075,-0.44095964622622,0.09698715619501022
-0.2010708235300574,0.7101209027409493,-0.5266226117603134
-1.2866909663576527,0.971081244809653,-1.1393544411641476
1.8360052136230403,0.9774207507596179,0.07820045037874522
2.365916528323171,0.944431681610935,-0.05744135483770061
-1.435124716193658,0.6288280877044032,-0.42409412243941136
0.47341902915868916,1.210372397166068,-1.1041537168899298
2.205125601719259,0.7435622131412861,0.6436205594327605
-2.532677595247617,0.11533833050110393,-0.3160168098058022
1.9441578909722403,-2.1777523458321513,1.0522267152600946
-1.0084498993406295,-0.011516138308543459,-0.3283798451500936
1.8730432721946126,0.8497048409407604,-0.7255932363471311
-2.12278326893764,-0.07845031811661633,0.4391741183725454
-0.3762134168398808,0.7232162236341306,-0.3593488494070748
-0.4398086267280463,0.9703702596065001,-0.32849827286998645
0.7487156247257035,0.5909376359022244,0.16134709131676112
-0.18527106345267697,-0.1863552503316486,0.5681551112245327
0.48390233082111694,-1.163177986131398,-0.32101935599513015
-0.3373461446507109,0.6564265105271524,-0.010619257939246875
1.1523560519443101,-1.541788362626139,-1.9178309303831935
-1.0332113030921306,-0.30860848848477845,-0.06127971420160464
0.8000415789114431,0.8308297180987244,0.282244774610995
0.46813716401653394,1.058485540433931,-0.9972419037894585
-1.5760329619740143,-0.24131623643656788,2.151430374348631
-0.01351789652514499,-0.0409425139732518,1.0161315953613768
-2.7162101689379843,-0.1439988475216434,-0.9394819257707916
0.15503229025930068,0.714829290565086,0.15473520894669604
0.2441506533614273,-3.657961443657297,-0.45997791281612804
-2.0582010215607123,0.1242311897586098,-0.13343009356509833
-1.1795227000178685,-0.2763937229626791,2.3149904189493946
2.084531176092995,1.1144186392036597,-0.6247052846757525
-0.19292060291095314,0.7841308586680873,-0.4062987489190298
-0.758780564851474,0.4500775071428604,-0.4126225718042987
0.9440394719483108,1.2412080050702359,-0.9339893601033363
-0.3360932594086318,0.01260813425383101,1.4845309063589305
1.1397850983464488,-2.037965286448295,0.7561954046122825
1.4836953965832413,-2.3925643260451435,-1.8270101033314203
0.5859761996743844,-3.356915999005047,-0.9253759696133509
1.3174426193812718,0.6547726486019328,0.40214600693249597
0.5183639537523876,0.17439151019911867,1.2098857479976046
-1.5325635303984604,0.2397908520470285,-0.4599555507372915
1.9465036466462344,0.5984750794734834,1.8315762439566243
-0.6698952124580334,-0.08815462941255127,0.9717143365826789
1.9922534442045783,-2.2046971657409795,-1.8264430828541256
-3.6773839543516558,-0.7576152832320804,-1.3905866043985373
2.2586122844278687,1.1956063850711443,-0.22881261299063563
-2.234528671893144,0.1918958731304137,0.02613976528051689
-0.6967324238298745,-0.1650200534953755,2.3154159145377315
1.226692960196476,0.9140564001435557,0.8338239687428697
0.023122885129524384,0.16546470592221443,1.8098149878541052
1.689770811806449,0.4624772552136225,-0.3532417819772416
-0.7169459819811528,-0.16428651732402796,2.53555030083387
1.130688821579783,0.9853232335781541,-0.9423059289336037
-2.975476116294462,-0.3877386223494048,-0.1685487536230474
1.1094741961560677,0.09178540288183236,-0.7522584398015896
1.1941851146507545,1.2623187828695268,-0.9247645128035894
-4.5781261938043505,-1.6907515603673962,-0.9359519979747477
-0.7452999248089468,0.38353137876079824,0.7388662088222148
0.23082583853911134,-1.2165003585076504,-0.4824332610349802
-0.828960875784,0.24570213413760972,0.7461901703853251
-4.310974258743408,-1.8986281659306667,0.3720789923571462
1.969215983097422,-3.0156640845608735,1.1670647193502757
-0.631935494796362,0.7261100623721044,-0.9368971611714393
-0.1840383032459047,-0.20816449908992993,-0.28875237892188793
-1.685151087025135,0.09744468773453131,1.007776837585614
0.7621880383973169,-2.4056338028183113,2.099863235216617
2.2032582786752,0.8490249546798455,-1.3793976922437483
0.0787718792835267,-0.2501923153594196,1.6237001421480008
-0.7961450697137076,-0.02626851728633208,1.2791940765459335
-1.0125734607411345,0.1032619682131693,0.02166094462445774
2.248379598447168,-0.9652469985066042,1.297133301221921
1.6936526871069804,1.0479022308313166,-0.8012673479394239
2.1642650901801637,-2.659377987614223,-0.5023029801374659
-0.7654991206628764,0.34695678255458046,-0.36835675907839566
-1.0281769355684869,0.466157286908663,0.2999156389218571
-1.060142685166323,-0.6238428972045801,2.736335365471071
1.1230867586575672,0.3687847986462718,1.6692634121178636
-0.07810136081576668,-0.23847603999484304,2.6977476201115564
-1.163451043182722,0.41700577486122764,0.11567318547037377
-0.38670205579136807,-0.152699935385241,3.1891847131530153
-2.2667155448866567,-0.1891201254658019,0.18389934864046698
1.1894264665671976,-0.029247199138667045,1.2816457798381
0.7949888800379619,0.6376302800303988,0.3147097920054792
-2.9294401143916544,-0.3577644882746181,0.20774492197309508
0.6560285893822314,0.7943945850971609,-0.5709549626686661
1.707022692163001,0.9476077626444498,0.396521179900283
-3.310366084440077,-0.29231712007813676,-1.5755119302240328
2.3083918376201065,0.871788419191841,-0.38867351115425747
0.9040210041446413,0.7757635782928193,0.06461984037863688
-3.3127673466092467,-0.49574507613178737,-0.850771172181774
1.9545174538586203,1.0772602522174,-0.8499688594204087
-3.8433503546545884,-0.8542473122292781,-1.372044022242651
-0.26267800296906874,0.7266371784310348,-1.1305894803792473
-0.38261088513652797,-0.19170934759755323,0.17205383277929423
1.7084428740399988,1.0894822040176597,0.1925225546268416
1.4068793877606618,0.6516730067134432,0.3071958096830298
2.824360136593363,-2.539858063836531,0.8019336681173728
0.3035710892584246,1.109719235270025,-1.062651321606283
1.2976030536707286,0.39297093706231406,1.025378521251575
1.910751507137455,1.2737702310329957,-0.5400683399345307
-0.7510914850695939,-0.1054993104679252,-0.18973564843877214
0.8805175753480292,1.2179194606983466,-0.4887269459149434
1.4738051049221794,-0.30572836220594174,-0.49539450982704064
1.8255643232033534,1.1304148530831066,-0.3861490899235032
-0.20361687432334635,-0.24025090935060525,2.4032017879593615
-0.1085131770996762,0.5598392320689431,-0.4281951874376772
2.0163532838792992,-1.2553965066458297,-1.678104377788601
-0.7959318360774796,0.43843318949536014,-0.23047501697889747
1.1770753384412063,0.9000325093446238,-0.041635626781427425
-2.464815327126826,-0.2201230739180599,0.3830204792222952
0.25256139533597033,0.24433320057947108,0.1562247110401648
1.9034419452555804,1.0346161884964147,-0.5622364271034768
0.15485351455992508,-0.14728674346507037,1.0111997514565094
-0.9634694602458936,0.7271882000986363,-0.22406114035682564
2.346786410673006,-1.4717028873215732,0.4109196593229589
-0.41990095467022415,0.5775147482707231,1.2869413970448065
2.200737971220447,-2.1146060056378624,-1.7275261016541281
1.1438163302664819,-0.6338708603466289,-0.8002824218793624
2.1148447818751266,-2.7844026735413734,1.050688465782318
0.04079744285000083,0.877481881065376,-0.9819564873579597
2.0625670606337647,1.1044323766402906,-0.5126722862452442
1.5881436020497068,1.399300319490622,-0.6006489673976922
-1.5688166640811723,0.15435164425702008,0.017805595455736137
-0.5384601709105984,0.6173888144820798,-0.34415824290108427
-0.9611934260223899,0.8722667508375397,-0.9974293310580461
1.5933445111175648,-2.81534343652425,-0.047970671960282145
-0.025496535404471363,-0.5599310269012098,3.083394064270722
2.227633353067135,-2.0710224026259834,-0.23025524612465129
1.7220144226686873,1.0291241289334592,0.34633142288341767
-0.617999997092301,-0.13810784779034152,1.7979185339284776
-2.5518958394733007,-0.05502431876658084,-0.1859453463755953
1.3942858504662623,1.0032709193492397,0.12973873243323314
-0.2837904745205499,0.8471002424056344,0.03982200077434185
0.9137754544914208,-1.3909472243482843,0.9507073805466586
0.3811851585617168,0.44018372141539047,0.983129090657204
-1.9764444828228904,0.7473763888044017,-1.5400237978103106
-0.9481004142548225,0.498079662933143,-0.3626411469684134
3.4517491105384663,-1.2536169513683948,-1.0589541176888468
2.0132814903343195,0.7958624381303843,0.01091146594935196
-0.06789607833193498,-0.19044751651227984,1.467949487401954
-0.40151199085107725,-0.03407956603679074,1.2819992926889159
0.527915175070024,1.162728044505387,-0.9818373385047506
1.0285694927152464,-0.11404252225568558,1.6524929266981403
-0.5236625628390643,0.815964363229551,-0.559325590479735
0.7209671989871436,-1.5888765889187815,-0.5993056720317929
-4.318524960852328,-1.429307064732948,-0.9795783721510515
2.6766077657697713,-1.8580001591262691,-0.780878627022877
1.646588942097839,1.1951954900048354,-0.5375209811167007
-1.3745656790205423,0.8398450373890587,-0.9907865534489934
-1.1214416556233648,-0.3862140185534955,2.5080442595543326
-0.9378029823943604,1.055719304987915,-1.2290278899935203
1.8843949756902496,-0.6983464420501095,0.40357985295229276
1.3297658005877702,-1.5557724698336357,-1.025929789208563
2.9169368338149373,-1.9289028380240567,-0.1673224184856753
-1.227490825731422,0.2947906555529481,0.5716471918767214
-1.2948040327058723,0.5765189615576087,-0.8089064259355548
1.2597245086932405,0.993717765012263,-0.8033123865267096
0.7534732973845771,0.018674447159672362,-0.6955220381019033
0.6770292112568558,-1.3427990917990997,0.35525065351970864
-0.13432781033443397,-0.4556261910193981,1.0212556891790676
0.44873765339160526,-1.5981289606857534,-0.8025776906220713
-1.9958952703772046,0.10112825577248419,0.8038163922209713
1.8575066398487596,-2.4065118486345,-2.058812884828618
-2.9300458837440893,-0.7420926618926112,-1.344409983254815
1.711542137084332,0.4628635053154389,-1.0101805659381617
1.1461105064225519,0.08842306444126437,1.5697958899745006
-2.3812425045923695,-0.24047111783966763,0.5331710724411253
-1.127832601053099,0.47964373460643783,-0.2623769577003808
2.739944926642392,1.0243546588084198,0.045356550312097975
-1.3939777553875752,0.9020462848346672,-0.8614525681629439
0.15428980615987073,-0.22637825910557605,1.1256297183288644
-0.48552961387799054,-0.056929876721332234,1.3916977301262807
-3.2681166551509224,-0.646588479767185,0.21368227476711923
-1.2166846091667878,0.5282460479560672,-0.6904540250124356
-0.4022752234179564,0.5321962120440256,-0.10522400402373272
1.0293446987813473,-0.5544708582709577,-0.43639869697235495
1.5002011534421547,0.6555000270335439,0.05315925726910953
1.184179867009794,1.1562487595249362,-0.86206464465057
-2.1027008383128507,-0.31317232520810506,0.7805951838240645
-2.495599906270173,-0.4215442905199318,-0.08117792610394059
-1.5256798240811233,0.41176772903705183,0.2834845140224589
0.7121461690665997,-1.6203941419513497,-0.5277043646611878
1.1046773242513424,1.18281705618185,-0.15308145075136648
0.6273613251903792,-0.8094207058552302,-0.2997652385512839
-2.1433026635669163,-0.6840123966922385,1.9115043531465672
-0.20043181281737849,0.1380841326384398,1.8212438485295175
-1.1335446856729905,0.3063017003602588,0.4342543998585988
-0.21555027737534616,0.6673967600377677,0.28727854986284374
-2.060295682886647,-3.196611993710113,-0.5800144899586989
-0.07986423136497212,0.14857876225172112,1.4373541600925253
-0.3908599384890844,0.6636996572075956,-0.899631055582476
0.3959622058707593,-0.8824060842961468,-0.19274841905977044
0.5984659375101614,0.6966874122883506,-0.17675335199758682
-0.9234567532788184,-4.731187635367194,-1.0875459662930784
0.80678104312023,1.2845933792648718,-0.6834910962235556
1.0877359664715867,-1.5095796016734826,-1.205211965560878
0.9100210453685534,-0.21712865310311738,2.3253490133878256
-1.3377486006022692,0.005161509640866115,0.7152346071141954
2.31735574364064,-2.2963036715432374,-0.5762645330789418
-1.041653896310502,0.5271457877474753,-0.28458737982720567
-2.177810096607348,0.35554618923244047,-1.21028807373003
2.3493926705102233,-1.85191783956934,-1.3414843558420153
-1.8023687678831293,-0.05601060248593076,0.6279345385580475
0.35120989164041677,0.800786946782371,-0.24594433719880168
2.781847869912103,-2.716071136519107,-0.139145585361614
-2.5613980873477287,0.056688624169875856,-0.8599930922839413
1.7972616328604964,-0.8496105173548286,-1.138813017357656
2.182370928222752,-0.5052187295601125,0.6480877409487928
2.1568261598218594,0.12017377475403787,0.18623827312623784
-1.2551370007900946,0.7878897294060548,-1.3470335702393263
1.961320639358897,-0.8809971492104492,0.018010551918020423
-2.00043471201144,-0.6459190333251446,-0.6120923478965192
-2.272468310412572,0.5399144850712975,-1.8377278085834288
-2.0563032211279904,0.029170288408764657,0.6150592694765021
-1.2190404517800446,0.869141021157546,-1.5570590058752414
0.2753966403394197,1.7009552423618695,-1.1160723121330016
1.9291306200042992,0.7500181219448319,0.5791192700009569
2.8009973527573475,-1.1655331580253012,-0.16116843207572976
1.9729469235746795,-2.3963131740317,-1.6012682659023456
-1.6432125633059926,-0.009444100702170527,0.056290975283071816
2.352820404800366,-0.34926304522782436,0.09813937871778323
1.1507215218325246,-1.2121059835624344,1.4858082255772485
1.9627660499347364,0.8345447671277473,0.011733777983077176
1.7218836352888143,0.04044504616588709,1.81076060449694
-2.538029875121943,-0.2703650094820892,0.3519384939866934
1.5569896590526848,-0.424085448747148,0.06427722895925105
0.03061681572147494,-2.999330951359223,-1.3133611174918602
0.6254707675605082,0.8509139829766783,-0.3828023157279491
-0.8805911454380035,0.22055273241355197,-0.7944795918218398
-0.5192589100905965,0.7889742194656056,-0.5404314889978566
0.8852971169652917,-0.6414475353616145,-0.9586120220819455
1.4848198850097933,0.7856024573363978,0.06863353057762327
-4.731424257893654,-1.9451447703083744,-1.0778912126226587
2.7247034548652076,-1.483365753831643,-0.6620193715214738
1.8396755296656753,1.0458992734143797,-0.46240333027587394
1.9292768595629868,-0.47490917720068354,0.4486813823773013
-2.279321888709112,0.06798280652269534,-0.3542891887110391
-1.5076120175727878,-0.14324572950073225,0.8890117380402964
-0.43408522121144566,0.7739279624637034,0.08795254137764187
-1.1181434287690668,0.7994698070729682,-0.363114515809115
2.0475570817875126,1.5194478718924271,-0.6376259398659652
-0.795411935012271,0.04273738915316947,3.1158089942444165
2.229976153805729,-2.2980445981351814,-1.041087040079169
-5.199397950783891,-2.325890002046567,-0.664477382175632
0.943887641471703,-0.3351780155670885,0.19557150219011432
1.9616719949248356,0.8607885824257888,-0.14960856561262348
2.1401473412525793,0.9365108352568041,-0.4550855872741892
-0.9353064763594413,0.8279035481225782,-0.6232849809715321
0.024814339199199408,0.8069827760857785,-0.8114739333835483
1.2079963980452963,-1.1845498397118037,-1.0408958538345987
3.6874159755464544,-2.214990817474663,-0.16601161669892966
0.551437017751855,-0.7333716371801324,-1.3163998697132806
1.6388734315617783,-1.9229170665197293,-1.2026646800347855
0.8729073762891184,0.9220085071578025,0.25826875688529877
-0.0733729805741698,0.8740360799363925,-0.7652181338832801
0.04379218061575254,0.11667813579637598,0.370859979945437
2.194021483179718,1.4013535554074934,-0.26717860107113817
-2.247990432446976,0.3516578032687789,-0.6311809399079983
-0.9259786415092855,0.07003560231577027,0.866145564187777
-2.197024394535123,-0.5463589498509801,2.478169663507831
-0.14263323262546485,0.30181639360714607,1.333856923566552
1.2387416343918236,0.8833269332327318,0.13515707872995023
-1.1066323081199723,-0.04796617876949427,0.4224469047378636
-2.563816646928877,-0.3631463968121435,0.5973995913746151
1.2934508098379922,0.7724636985529687,0.34472324604123045
0.11498392944722924,1.2487475462932363,-1.01327184080176
-5.240068847420745,-1.9671469629613143,-2.466982574613252
-1.450466835827355,0.3105100643286685,0.9461788027516027
-0.6677641698097505,0.3979284659610178,-0.08550791934880839
-5.474905935847554,-2.6323952669812267,-0.48671721142338653
-0.16545669621723758,0.5556899918196336,-0.5964827355830211
0.15345610508456634,0.1813912369970978,1.5056577282859311
-0.22084106492948757,-0.32632084734857303,-0.7501992193331056
-1.7597116516629094,-0.1061094137559607,-0.571589881521356
2.590879265806181,0.45443640201276847,0.819790605132061
-1.5475142623863323,-0.0038714744759372564,1.820559828196839
-1.8394248201504884,-0.29841164601082915,1.560860152080103
0.24221753786673036,0.2183137434541979,1.4852651139144586
-2.2992531306214183,-0.06791228434371865,0.48391476189263494
-1.941544660112537,-0.09648269738576666,0.4485799439233579
-3.4716175245852,-0.5692407146692201,-1.6503842465839733
-1.5641094473611084,0.1282214388384987,0.034139891659447225
-2.9037853900283013,-0.007759363839049813,-1.449559427399238
0.4556750462108361,1.1493421002908388,-0.2496647559821191
0.8914226359346417,-0.25937253938238053,2.3377239901808067
-2.8511256916737215,-0.2930755885074676,0.195822178535494
1.4558554048890624,0.5039851470561507,0.46227300046333936
0.9568003977372891,1.2362708550244375,-0.9851405742676517
2.8169563082389755,1.2773304341865794,-0.5233631269156697
-0.12991412528831756,0.7647355297411756,-1.477397010655117
2.0114243026727454,0.904267797491593,-0.5628007274590975
2.758976793587122,-0.06692394416980445,-0.8229683623749484
0.2239728135488771,0.8262379711233059,-0.44112173244116565
1.7902169882878307,0.6307678398120036,-0.05025381192062204
0.7865492972149598,-0.7416713249525609,-0.8336728025987811
-1.578617291683162,-0.0872962380785759,0.632885206305359
-2.1298200354187875,0.5687158575626765,-1.0352173943842036
-0.9054529310027369,0.5591904868621574,-0.08014669346648162
1.9888394319505187,-2.531773513443041,-0.02747927081414698
-1.716626284489244,0.3040732878145095,-0.1294480245128963
-0.09872468320494221,0.8584129723507531,0.056663397436364095
-0.39810363394914405,0.6015041553260287,0.4673602062331255
1.4578692776913602,1.009333911337717,-0.4233369588635417
-1.9089767165617735,0.7011382405443527,-1.2820811735923776
0.624439644062468,-2.1324026800321234,0.40917122937294176
1.398499599200037,1.0939468274561428,-0.3149309226853858
-0.5416346815907956,0.5289623202830637,0.3527444563477807
-2.0195223515953904,0.31025663719537366,-0.3715737973105025
0.6270476124222928,0.6001998066018874,-0.16768023902994308
0.3158430097163749,0.46621552026955826,0.12100410221307398
1.537828599279276,-0.5273329525963187,0.9842379125184426
0.549665601217213,0.45627542948419675,1.625048427183062
1.067878597518039,1.0471763979446145,-0.48783206445393296
-0.09567422097887407,1.123475914625695,-1.1822880327423033
1.3015287071342325,0.8021797890895865,-0.8491853442756816
-2.4963683687545535,0.12448022373043564,-0.8822654057475152
1.7046142815665364,0.9166136914596532,-0.23724222866500114
-0.2241658203603215,0.25245398629289406,-0.03904519352518577
-0.01313524867548358,1.278557814912539,-0.7838124377795022
2.7284476271613998,-1.487959960396255,-0.8017543115168495
1.413226427815386,1.1191270771642106,-0.8061647415629839
-1.3433511334421937,0.05344959046904592,0.30924264376210936
0.5856535857993865,0.34670478499098867,1.3575232528052341
-2.263718700569068,0.11218363747748278,-0.48586318000881484
-2.4440017745365674,-0.12119341162250824,-0.4065956286727651
-0.5300805256976884,0.7402928761914113,-1.112967241678159
0.9341511392572672,1.056444855425771,-0.8936028720631026
0.06930330192036588,0.5131470352164376,0.12981449163111297
2.140867197818076,0.948593362453757,-0.47522644927163343
-3.530596961225305,-1.403922122505088,0.9387671019715791
-0.39140397884140365,0.7579113643085392,-0.20958487947224666
1.3501958933161693,0.7965792191214855,1.17496703379336
-0.6998766818219063,-0.6624272587986706,2.5073777871852867
-1.6390478447345906,0.7384895163722167,-0.8243317488462223
-3.3197143249146137,-0.8662334675421602,-0.19738252968655062
-1.7750779672004013,0.15651670066297502,1.0272352926450783
0.10638220957982343,1.048689917561544,-0.3979849658857203
-0.22704957438149104,0.6533512769501886,0.4899578026908925
-2.310176813614913,-0.022400762549216822,0.6640432405996929
2.94407013303258,-2.209851036824211,1.4295538358624833
1.5085002417238131,0.8209183383343195,-0.7752214315112601
0.47088187716915597,0.07241483779798108,0.4484842165691613
-1.7786459170767523,0.24855302473945168,-0.3989735912212045
-0.6217828515600192,0.5368058483889725,0.4017997374808698
-2.581113431759121,-0.1558179257734622,-0.6033568991989877
2.696354505508502,-0.6770455863359213,-0.07998479644034412
1.4208787736568682,1.019815680600776,-0.7019254850047744
2.0828588118025544,-2.0134230375750195,0.503543803068195
1.5690849992982283,0.8801343939349845,-0.4380994024218607
0.13102111210304873,0.7476830144441523,-1.0327410165045763
0.37282866461942143,0.15495991988395125,1.719589988018753
-0.22895403423411537,0.30881496517571705,0.5894587762596125
2.229920765580698,1.1630485282810226,-0.48451612217877876
2.9511427845460823,-0.6211938709789552,-1.0358889354440535
2.05573399481434,0.03530175939286125,-0.3109182675326136
0.33692267919154945,-3.4318240827279594,-1.0610796691213618
1.7623429625042233,0.7612546177013954,0.7117029228485353
-2.99661571451233,-0.3514344009921205,0.06971153368667539
-2.300402053729516,0.0052892521734321015,0.5816175106427206
-0.6680980045972926,0.1329578394333469,0.7833721633927839
-0.7930014561714148,0.42700196964240444,-0.22717149890555763
1.7073625551275844,0.8717704385067696,0.242335348862125
0.5610131562747742,1.2542775985032453,-0.011055476172819885
-1.7768967918362675,0.34969659734169634,-0.3537226218852608
2.435193895916909,-2.716653594995629,-0.046640989564189585
0.5816372616952563,0.9628325787948641,-0.7736960079206966
-1.2266973223973174,-0.1889881539444142,0.5303335511844588
0.5873205211874561,1.5074011579991928,-1.6011737107176671
-0.04570094046051557,-1.4872121051965213,-0.7262881679705947
2.3896306963804403,-1.4837166487005304,-0.9181453183173177
0.17366806280464986,0.5558227835352298,1.2792337042011332
2.259699190314537,0.5170411083311218,-0.5700547660834925
-4.081277120034644,-1.054292210000462,-1.5111877449274593
1.466036066951458,1.0795361721009482,-1.1162540620542374
0.02920067153498572,-2.570889759260789,-1.0622818594427264
0.613745364342465,-3.0994472300068803,-0.0614103403242028
2.163825464248075,1.3589001944786763,-0.073282975361052
-1.4359835796250384,0.4112396370084282,0.18192899589867204
1.342272350667426,0.8108926248894618,-1.0447368165939317
0.814526994045375,0.32620772580939306,0.2743174245782389
0.7127417269277285,-1.5826864879290878,1.426547747716723
-1.1902798846847045,0.7342561113753607,-1.0670766206291595
0.4043997583376335,-1.3699453571129252,0.46529767139472467
-2.5981483901858655,-0.41574861507680194,-1.1771545603811104
-2.0895288234294385,0.03548555251086571,0.13074181114171873
1.6344023749296308,0.9578035318348499,0.27922016443063225
2.292323903090168,1.408296842965931,-0.5474445513837821
1.7058917005378569,1.6421924930826934,-1.0375184763217806
-0.7629317284823867,0.5310502783638266,-0.9343421922261378
0.18013505554998224,0.8254054415042327,-0.11297196557299968
0.6898205434641196,0.9938774855024904,-0.8714417278458098
0.3267458179769864,-0.09384064720062733,2.2742302921285837
1.8744126414510416,-1.2918346013230144,-1.590377220065613
-2.1841985830294366,0.3160097785485093,-0.43660008376236975
1.3537781089841012,-1.2608328322471465,-0.1693448955775236
1.0887162583499799,-3.033574270517647,-1.049838249275418
-3.9868146876309454,-1.2606541742766029,-0.1622800477810041
-0.20177417900861777,0.7666271165499341,-1.02908589264782
1.8964818285164888,0.8933673299525895,1.044069905198059
2.958691421759958,-1.0948654901139097,-1.3927311619851743
2.2352154682088625,0.11239201832579564,-0.49186910409489665
-0.6970231915847293,0.06887684975060326,1.6898319917428715
0.6204860799321079,0.6440290949037122,0.4885094751558762
-2.205407168419001,0.08074335050860787,-0.27308347759992335
-0.6978539277398211,-0.9246737894757194,-1.4102998237563877
1.7117506203624424,-1.2781051332751423,0.9601633360317796
1.881786979892226,0.7561046509029475,0.9117493385631685
-0.9764387025635065,-0.29809776566783575,1.4773136220254555
-2.8178389146080383,-0.2185129738180352,-0.056854831207850946
0.4344653418076328,-1.1584198532660432,-0.0674731799368109
1.6131329833340773,0.7951718920875622,-0.7753406121689032
2.169489408313079,-2.1131598114288344,-1.550528439429053
1.7721689888456134,0.8898661738836509,-0.7606017525045168
-0.38122176766904603,-0.8868202959607484,2.166001076199259
1.445083347421007,0.9930135385053485,-0.34229237015420316
1.243849736476031,0.7311195362863395,0.06483705539402121
-0.6215744108095419,0.20725959983713166,-0.21669952831793723
-0.5532950445298801,0.16408739879868625,0.5261320267798976
1.0726676040931375,0.26529142186146043,0.923466024466489
-2.182553588803297,-1.204269129694367,1.7378023295400462
-1.5382345471135768,0.37918011471334956,-0.3687957605104155
-2.0760537755140622,-0.040556653328204906,-0.7066762037412413
1.0748434971967853,-1.867762087994997,1.2000565415957987
-0.029928653600867054,0.42866763322217327,0.26209654071911204
4.041277178726422,-2.136501032261898,0.28846994497883643
0.39805167535160757,0.4641522322697984,-0.9298939200391066
2.7386435581251813,0.5421013980974128,1.0252565495335269
-1.5257104321508954,0.13953895978544967,-0.28331555278358683
0.761457811967064,-3.63915529989598,-1.2371789231698638
0.13265208566294534,-0.7770774854674105,-1.269787203491947
-4.04777033312746,-1.433329794037718,0.3517288520748981
0.10607638490681986,0.0658728702599367,1.4503389261834574
-3.368169667591972,-1.0950026347018311,-1.2987341296161985
1.450452234747584,1.2346098457393824,-0.8722548212578717
0.7258076208739646,1.1346449641123886,-0.6708157723645723
1.2340208917618694,-2.0617797904244344,1.0590645503799005
1.2990079034925075,1.0919936418655851,-1.1163478994279188
-2.2230536397605114,0.44203136323164643,-0.8694745825170531
0.7392537262979424,-2.8778962644241615,2.176307550144891
-2.9470133615535135,-0.21092047534985864,-0.348560648765786
-0.03273263294814611,0.12627751031807477,0.01290643956003596
-0.5396533270279772,0.8883615560053312,-1.0169195926344878
-1.0792240140901914,0.7353012789504968,-0.21489493012056798
-3.2539912118736316,-0.8002219566529306,0.040913412628120656
2.43612426004023,-2.4019071189082823,-0.10153380440545978
-1.9272302316353844,0.05955261660997208,0.9853180126596709
3.4965743200602906,-1.8120653573556653,-0.21589595156851485
0.6336991855809316,1.24441418217623,-1.1409282228262017
1.0002422787927154,0.5098255616987074,-0.4220663769017326
-2.0535711453836245,0.03690973351757964,0.5920210219730003
1.370928757834468,0.9599709375965944,0.29392436543158273
1.069793845963861,1.4039103372211919,-0.47722489338227
1.7903694692269345,1.1178486858843428,-0.08309120677257514
-1.9446363745597899,0.4626929134084039,-0.3609306643498892
0.16628365413428553,0.571011629624116,0.6026108186706234
2.392495183256416,0.5947329812654585,0.3526460122326492
0.5963109372063052,-2.307833647824578,-0.8572316922489873
-0.6326346699105184,-0.38108019674008736,2.6311923072070518
0.48716206781461613,-0.040099345974995676,2.340920899562256
-2.8907375352098454,-0.3455870289822431,-0.11227032774810615
1.517213804030737,0.8824945257150053,-0.6385170126658523
0.08249794642340919,0.5887871614153868,0.09624794607264092
2.0738313059657627,-2.236271329043842,-0.3929464382645226
-0.6272064701063453,-0.24412575709017473,3.10376354601038
0.2076141719707767,0.49754611462273457,0.7795948122994667
-1.096125932163808,0.7244127655675564,0.07167299058167473
1.1290443751869927,0.7645467065735395,-0.32683419836280986
0.12289130360800947,0.6644475111568702,0.23601104783218346
0.08357300809933389,0.16152169280133677,1.2847439741896716
0.943664883311011,1.0627496218730683,0.3037252416289806
1.3547925546719735,-1.888056290437222,-1.6987809890834786
2.4151193566934843,-2.773016877601266,-0.4354400484748782
-2.57448633116771,0.3704210847822729,-1.3444345864201537
2.247892258819945,0.7728204738055915,-0.27768184289332737
0.33302108313789247,0.7395583455141183,0.1832636756433154
-2.468136623468872,-0.06939336918866675,-0.9955848940962927
-1.38070260523705,0.5283751599375249,-0.22820026724021134
-2.258129852074302,-0.239548088893605,-0.6683170792793053
-1.3360612560368141,0.7342692321214427,-1.274772367486666
2.716982714441732,-2.2344282992695255,-0.4340957427729813
0.7235267936764688,0.9062376782796714,-0.33805435090408387
1.270174206936696,1.0184102143865343,-0.06531196310740645
-1.9183335454199848,-0.3618065892919815,0.8196462930250579
-1.888354781357542,-0.705418535844413,1.1399889076687062
0.24926217411717788,0.5519575421885062,-0.0003751906031929296
1.5370199310079815,-3.2135792912132906,0.5009836722535529
0.5878836940182643,1.1231804205636793,-0.7662022464916673
-2.607563720246836,0.09982598380983504,-0.3890311440267842
2.595999429156225,-0.20518340964876833,-1.0202092031307686
-1.4316729712283724,0.42345076151344746,0.14557976094870254
-1.342899486181553,0.22418705335063183,0.1982197672066405
0.5602586327361995,1.5479319591401197,-1.4073326324218138
-0.8207509213212425,-0.7107555850724874,2.8158140293615093
-1.904840965080235,0.47796615074430465,-0.6901612130724906
-1.690268074762772,-0.03082941076840092,-0.29832178093375417
-0.40489702115106874,-0.16256726685019526,2.0367051336477955
0.764723686326595,0.7349475080548137,-0.11371083214478553
1.4886274562517812,-0.9080902758328385,-0.8734063012958542
-0.5832733942378011,-0.24144702972350787,0.968077621364575
-0.8692352980047517,0.5418814622382635,1.4567649148144752
0.42387321816360873,0.21333164502632107,1.4095924293552626
-0.6770751741637047,0.1647286865543607,0.35101983409638393
1.4339372926639993,-1.6729838459622004,-0.3780143103322595
2.1964358123013095,-1.33610719844958,-1.0829187742720376
-0.4345937468227161,0.8097415913957303,1.2860935699873435
-1.9979871198846115,0.22082285257636744,-0.9292689941700979
-2.3512395963010455,-0.05852317158950099,0.8319045755106891
2.031400769366246,-2.880302891680507,0.6614152216413166
-2.2719853425343355,-0.14485118110001866,0.14429505319371472
-1.3738839450106917,0.21661459737842087,0.28109556688249626
1.1892088856594372,-2.864552731053595,-1.9941276354045872
-1.376507124630811,-0.06764256461259315,1.1861085078444495
1.5344950397853372,0.016972666549826314,1.951150519422284
-2.8027899540243295,-0.366552802490663,-0.9955593222303311
0.06994739948406899,1.04344063788673,-0.6551704435482879
2.25408481417935,1.0848984643740844,-0.6127174396927076
0.9045556271869621,0.9331416169743509,-0.5880105794265379
-1.4513795792924726,0.5630487644206585,-0.259010910785928
-2.12431118895086,0.46712943389665446,-1.047312297930212
1.6985482075309903,0.2952714781335355,1.8164604546537646
-3.1149655884396137,-0.8803449718208466,1.0140416949396853
-0.15085180279088467,0.14451966015044146,0.6400041359535602
0.32909185749938064,0.4226066069315116,1.3712197857677113
-3.7115478121777894,-0.7749612055202012,-1.7726332544328816
2.188373606431203,1.1165568759062572,0.5853139563624857
2.714205239262768,0.335034185562523,0.8663345630822008
-0.8204137461953083,-0.6500991392894807,2.170851148471154
1.2372851277112233,0.8957137721569004,-0.5654763321428615
-0.558036792321374,0.6216333048052802,-0.8211978975436953
1.551903130542266,0.9683858131057544,-0.3555856249379866
-2.660861514294144,-0.47918840886548464,0.07546387062051109
-2.0055389717058287,-0.03742741881103967,-0.5968006735146573
-0.6907996556824224,0.36273357406961243,0.2639673786098514
-0.6021887847736467,0.6120444934723801,0.20855866776755005
0.1542959840497963,0.7336785081046745,-0.0007951691865270065
0.08235961523793776,1.2927494616550486,-0.24246178686167666
0.17044007655862756,-2.500308752716658,0.22180485151047422
-0.7613854660773001,0.6734835743884361,0.4656505340338175
-2.245432455720586,-0.06912793384854735,-0.6376900964434008
-1.2238964074448735,0.22724587008334735,0.519667783567866
-2.6794605630821575,-0.4516753803444018,0.053899614947161154
-1.0798609962287427,-0.38441332518357996,2.0580482269050218
1.4712108849947583,0.477150900671939,1.5508632844298538
0.45197835555854404,0.8287150791356753,0.3846619639360032
0.736779339233768,0.9493676672883641,-0.03082879781791393
-1.8814251004641533,-0.5513372093624093,1.2192521907897815
-1.6243850366620154,0.01666955501347498,0.4583723126165267
0.2948178602592922,-0.14704645069536726,-1.0307891144749144
-2.140430871912387,0.046744001709028614,0.6033125878154543
1.0628977984944104,0.7368268259153666,-0.551584176133933
1.3298590446796354,0.5255438055091967,-1.2785968512459651
1.6302875571466484,1.2418952047778427,0.15812350824265514
0.6812781596231221,-1.4642737172320013,-1.0018123188234567
-1.6262190798405427,0.36304984193005696,0.37076244779127654
1.1668957871715948,1.4443609519131961,-0.7990759303832496
1.3110252873663164,0.38323434539956425,0.42062779775628867
1.5054912981717925,1.0649715058690683,-0.15353524740973454
-1.4025195981666623,0.19221909183114333,0.6385943225782389
2.8841414989085687,-2.054480733291686,-1.6909044776671636
0.38577558770745,0.8000428029774005,-0.39734997307985226
-2.233176745645477,-0.3057850864215234,-0.8163618718842509
1.645095686391226,1.4385008034725986,-0.05285542791499017
0.9238441378677782,0.5021876596253866,0.2284800196528637
-0.8233627873212982,0.046909012226045134,0.7396872485009377
-1.1349196842460898,0.3029106198327332,-0.1122286641871677
-0.01583454737906179,-0.5950863492252982,-0.7324913741102893
1.0291499252729703,1.2671540937983035,-1.0529030965421018
1.180038903900043,0.9086800876816409,-0.7567604230885969
-0.9581589179396651,0.6447724413943848,-0.26249780947967516
-1.6101907541766458,0.2715306570466761,0.29797593036443726
-2.639520881460998,-0.5011457179310975,1.3237905164424772
0.7487575010174911,0.7888845144611497,-0.6772234476128793
1.7829109143614899,0.38055206093915767,1.7486907800254616
0.42443819704240654,-3.1444446079696635,-1.8550828088321583
0.9577964549823013,0.7072709131570502,-1.8869371624727211
-1.2518907753223072,-0.6560811201796223,2.351832026685437
-1.6754520740795609,0.380743035654514,0.13745584558049487
-1.0308274104656725,0.0056964234508306896,2.373369632615763
-1.5180780654422688,0.08172627068352369,0.32245807856253883
0.13374012558749152,0.9094697241381815,-0.879846005668094
-4.377796665923027,-1.7144043313124258,-0.4454108293362567
0.21570258911328893,0.6118398288834909,0.8840328924847328
0.8056463365306963,1.0835507226624206,0.16429474170748515
-1.5762023591764347,0.7623353936995955,-1.4639606361462956
0.8020601970424913,0.05625546798967756,1.1382952505974697
1.1877896447056018,0.8615751097518556,-0.035951685519227346
-0.23203845181427385,-0.10690555884593363,2.0444281464615295
2.7080776041697376,-0.511657705764407,-0.402453428207878
0.27986786821590337,-0.10616947583149604,1.253601726541323
-0.8008172408598552,0.38512893236144374,-0.13325087398511296
-0.6089141139608947,0.4775076381122382,-0.39217453292293347
2.4688543242986114,-2.352750736124233,0.11288814664751763
0.11379100382882183,0.9159952606589127,-0.8032602631850755
1.3452829367683978,0.9186596647074463,-0.6492030934839202
0.17535238781733165,0.833296121076565,-0.7924591213041201
0.6694716532940453,0.5163175160860595,0.18948838368243776
-0.9084879310884314,0.4889356959293364,0.03145877735402523
1.5885473038120406,0.9110490757643093,-0.6992194931306038
1.1994345113676361,0.8672821369591849,-0.35631919882426394
-1.3019519611704062,0.28048222254527266,0.4950491302663056
1.0420253934653345,0.9124199093416065,-1.003613301069082
-1.7679162141882252,0.5725293291800041,-0.6422107493327879
2.5597863540879864,-2.6397664827305367,0.277357964448994
0.5121764769969844,0.9977075981862881,0.008283988320275708
0.7267780098755124,0.7972752144912639,-0.3308445499211862
-0.29718788596571394,0.710485840023691,0.2928655988436525
0.3656471732666816,0.9194120699701503,-0.34601736241305725
1.5377819089900067,-2.3021702451376536,-0.9501412687468461
-1.1765039049838981,-0.5367438039211193,2.014138679241169
1.0572757756743298,0.7371280531552648,0.12333194278914618
0.13003929992543828,0.34391025211832216,0.39278423148486247
0.700920019564648,-1.478292332880871,-1.5376687481665188
1.9831755523674444,1.123089432167061,-1.1726629717402564
1.7401367203958853,-2.3092860042720806,-1.8419573371145292
1.3881677556645526,0.6057172288606609,0.324907669419842
2.5196147298160323,1.198375808286605,0.5776234866505418
-0.5953464836636315,0.2815582728817545,-0.43786670435155145
0.8265447597772789,0.6162826925699386,0.7633450907160353
1.8769325981887477,-2.334753300042709,-1.5584913540232848
2.074034359924486,-1.9692044787373613,-0.08044538967876363
-0.3451335481023145,0.6540987168533258,0.02703410843808353
-4.468418174469489,-1.3799698423312066,-1.8610656255042433
1.7331700042549822,-1.546260413683105,-1.1242400500709557
0.3591138353489558,0.24436164093483614,1.9155811936186637
-2.6658096693648456,-0.438692449123044,1.4830984522713564
-0.30111266674314136,0.8356785381622385,-0.8521391604200044
-0.12581296501448613,0.9795999649216438,-0.41974853559304603
-0.02839301395708567,-2.8229860558178936,0.01470194791801229
0.9972460131553454,0.7611139075534575,-0.5913810954994719
2.425232468734138,-1.2811753912854804,-0.20654134403416766
-0.716995547198087,0.5229095041304626,0.41614744961021055
1.1180396059909268,1.0479830971432087,-0.4151511953263573
0.019935387037758486,0.3720946186509337,0.6798350919181237
0.16405710091662437,0.7398908173972936,0.6367111799826575
0.2809337227906719,0.12558541288723774,1.4442024666832518
-0.9938054726978766,-0.3559845912959732,0.9487350000381704
0.9972377438694143,0.9984899072324854,0.025158932081244062
0.1642309902992662,0.6366339735309412,-0.46618600296844653
-2.01556955612375,0.0681047121348875,0.18355791245346084
-0.3800174348291318,0.2594875944636879,1.7238324043438642
-2.7168991094445025,-0.420303206786523,-0.2508497833127531
-0.12159165398691485,-0.9667258940277427,2.7041710272569897
1.0401217568337136,-1.8196995533796865,0.8575836180819436
-1.6411674695680392,0.10979684089910091,0.2711025353207553
1.1867369762902296,0.967034202042647,-0.177894277400176
-2.5812128376616617,-0.3729616142323401,0.688065155798277
0.9827778415020001,0.7160132312475872,0.22543035616325532
3.6405262510235015,-1.988564425302647,1.2727832015819294
-2.043884347896146,0.2609762098614032,-0.1941550627452626
-1.3831299882142678,-1.0798962243637933,1.8925280480965887
-1.5265168298463458,0.27544980532494956,-0.405233042987286
0.7966522545877751,0.5690680652655631,0.9636630440211768
-0.5520601327653442,0.8527114356506129,-0.35422136895994805
-0.3134162714144023,0.8024463459535808,-0.7488163761576409
-1.3408304651480527,0.6610576864952473,-0.5924363295350749
0.8903879052016616,-2.424081849390523,0.3977003410923387
0.5809963166772611,-0.5694369367737107,1.1165869049428354
-2.8572865271067163,-0.4306974778146126,1.0402800107200734
0.6418807405175635,0.6989007171718932,0.8738745296803108
-0.17101175427355583,-3.0548090309569353,0.8071031475307113
-0.426296686126605,1.0123494490349239,-0.7102303993597272
0.8475212726750312,0.673538078645061,0.5894965221734583
-2.2098119528007056,-0.12836019862484038,0.468551995278237
0.910523846322936,0.5382673359256114,0.6649352164975321
-0.15320022985583015,0.29847983839111136,0.8275904886005983
1.8399658805504195,1.0888794631297187,-0.09489473202469573
-0.31148332997671624,0.21975170561635066,0.6565573092417143
0.8176988338309026,0.7395909670317372,-0.3559462373016875
0.731249557097586,0.6739952307754132,-0.5708908852671204
-2.802399106558065,-0.8507054181481174,-0.5417448109300245
1.6695652194292474,0.7470088086448644,-0.6620463181567341
-0.21080722266800866,0.9337465877012971,0.2842770958035265
1.4676156035078873,0.3616719341515329,-0.1172090158915555
-4.765092757100849,-2.1002224464189228,-0.1518617121895846
0.9599211739702989,1.0907747790106836,-0.49714514186380404
1.5155959028039385,0.636435162557675,-0.7163238528929976
1.9955341534581157,1.0087601438811338,-0.3786102588415216
-2.1407181313815515,-0.24397478473393974,0.42469813757736896
1.6348838455097996,-0.22300406987911328,1.41059638708643
0.15554271945728193,0.5608210760265594,0.10709210844865558
-3.0520398201687575,-0.034484365494468226,-1.608387122232036
-2.195937566108352,-0.2092261571340093,1.1440626791038047
-0.9138214923907889,0.25942460383159094,1.3650469723837773
-2.1615795894535603,-0.8315402812094627,1.3801661042826818
0.6440813055842308,0.1357463841013936,1.6925683185337077
-0.8220841642471849,0.24545011277516465,0.7162162198424953
0.9668629123818926,0.5014718748728832,1.0256936960848333
-1.9144458020407695,0.3915602274527515,-0.5251264589955636
0.6452503606586227,-2.333324801029129,1.197629732004498
-2.2086059712916986,-0.39631910697124567,0.38305713196265956
0.6308245772854594,0.6891870765349037,0.24852977844949836
2.1254906381564225,0.8965879227993602,0.4855094986029731
-2.1934467479381112,0.1146249213183087,-0.3739398055596967
0.8023594486735234,1.1074145111799973,-0.9717918623328855
0.7611909007514575,0.3114520731678438,1.9111553188405066
-2.188866186724187,0.0678994767311687,0.22955422982435605
-3.314980256808339,-0.30538818292857967,-1.5366028899958972
1.0041798173594039,0.8431361673543303,-0.047463975800121565
3.188555260607121,-1.335739794967301,-0.6655404876967215
-0.04473910070438516,-4.017940313947792,-0.14867506815274056
0.7498573168558312,0.8309609002503858,-0.18444783683206104
-3.896472667796914,-1.4152428395816639,0.312838098146121
-1.3781362061696643,0.24206415502653814,-0.09708258031233491
0.8081939943037277,-0.08595666079435897,1.7369611530723172
2.954119392321442,-0.7784270219358578,-1.1269783100043136
1.2352494511522938,0.5330819766949991,0.25158739906068806
3.211525842226161,-1.128787429089598,0.13801728260362103
1.877027116774788,0.14399567179136127,-0.05387110853031888
1.2790552017427816,-0.22855815569495028,1.2909962663447436
1.6275223567605488,-2.2846848666641297,0.640423886649676
0.8669683418798525,0.2964884340395096,1.2003011079603672
2.2177785558356273,0.6477693037040866,-0.23030194886851243
-2.4263863218352495,-1.1984686160917206,0.44946903152151585
0.004589528799561116,0.8600009957434318,-0.7958428170135674
-0.0324513982322033,-3.5760358614874046,0.5035969351105655
0.6960211449651766,0.7147197903491446,-0.07678703521457875
2.3711924774358004,0.3185157591840107,3.0701042089509105
1.1261812907241817,0.8615695679620531,0.3692563114743709
-0.20259577689225045,0.8037645327898815,-1.0781856964120673
0.2825834822542911,0.19510445628986628,1.0779434277733433
0.7489549489338777,0.8856061073596747,-0.6848909865276985
-2.6015642374340895,0.2937145843704629,-1.1160999556076714
-1.9455185372741237,0.3627344124575051,-0.34714730579813485
-2.7366262165840034,-0.7445840277903297,-0.9179742954838
-2.3596208833204604,-0.269841810301024,-0.27617066519111433
-2.585502198325703,-0.24768417335417378,0.10378502116254441
0.7503431671740035,0.6954128720813025,-0.1261723240167592
1.5745673534333064,-0.25177436675071513,1.7201411045299968
0.7576958883674493,0.5961405470963226,0.6717126721520963
0.7354932867282058,1.1226177475588186,-0.6964622827227966
-2.4489719492933673,0.136102261240641,-0.2893591799079188
0.17868354216363538,0.3312246303773902,0.7544814762096312
-1.8194197441249973,-0.43317859334200687,0.08863042989255224
-0.008583630197249647,-0.37513601801077195,0.47370626104813385
2.2720209580556556,-1.617137691411788,-1.454132773868292
-2.657757035370104,-0.06209444649229906,0.06223829772575106
0.2960803269209838,1.173588517425179,-1.118695230576472
-1.7782832339139891,-0.06721463326588194,1.094966723827529
-0.002566384312859998,0.5896353122563316,0.17557276207458505
-1.3893361854520954,0.5816449688730895,-0.13372809131378763
1.2101826805239353,0.890963780871881,-0.7362979808445407
-0.6197953471626073,0.4252441399160334,0.4193985751615965
1.8669516491425302,-3.756424639935024,1.677173156807881
-0.7840768233701055,0.5892080865196279,-0.36480097534403133
-0.4210738740435853,-0.01176753753648615,1.4686244586293475
-0.15972862110121122,0.22154335732405844,-0.6754346403753895
0.3127883925568458,1.211914631618829,-0.55940291845529
2.1412869453988392,1.1921487545829077,0.13037682927419614
1.1773629085624615,0.5657261773474674,0.03522396926236285
-0.30859707373468653,0.40352389136121314,-0.04391724047690234
-1.2146160589423345,0.5261814008972596,0.45039160159230596
0.7562812383542212,0.9654846916124571,-0.6985696222285148
-0.5396955265659894,0.3395365661954374,0.3490815490576545
0.7003839941997083,0.8068018098994493,0.332103133049588
2.6234074284551987,-1.6337485894918347,-0.33716631742894604
-1.969754089784884,-0.39325667663089553,1.977039967678872
0.0738820801922091,-0.1770337235804552,0.2973548054471133
-2.4414422832009266,0.2565984955827854,-1.051000723906126
1.1167702915995867,-3.387322745449558,0.736685801524263
-2.6737007390231944,-0.14425126208422268,0.0526413081211607
-1.0579249889405846,-0.3831767380120551,2.648917662435014
-1.4594842170532296,-0.08634264332311263,1.1533073452789653
2.7311024834113082,-0.3905776719528182,-0.9356247363918003
2.113231742109769,1.0244117720063945,0.490607449552655
-0.42143615615127483,1.3579617515818063,-0.8262783315609068
-0.8698465563675907,0.42567264550944744,-0.3116807280900126
-1.0389628611519233,0.846879906238281,-0.35432706528184305
0.0076985679777803965,1.1419584201721211,-1.3711571396398567
1.9219073405088598,0.9862534273865904,-0.4470778715196467
0.9124493624899703,0.4662273147175811,0.7583747800889198
0.3138771858466154,1.0277146936626884,-1.1235941270998968
1.127280681610399,-2.243010741378157,-1.134632505850618
0.9859075092393825,1.058428968852016,-0.5678251358069719
-2.63839299436938,0.015470081091614851,-0.8872111408140143
-1.341844887022113,0.09101702172681353,0.7434320551243763
-2.049458379178742,0.1489974141068176,-0.20715248557630372
-0.3028772952925072,0.6368782050145685,-0.266919585022372
-2.6435981289020924,-0.019007486418700204,-0.815304841285805
-0.9735711107048289,0.19154222648114833,-0.07914235962477509
1.2086832297159689,0.619465993910138,-0.31080529252986905
-0.9505960003726498,0.2346832117728246,1.0050146477416684
1.7113194144259147,0.6869956528024438,0.3533460371035742
2.498022057481286,-0.6549944455836312,-0.45929888383379663
1.959630365358608,1.1154182593588065,-0.49759995063152246
1.0052448688868612,-0.7788508480029965,1.0092492388390648
1.2012427639020757,0.20373576118068032,1.8519274434097648
0.7266937477487088,0.5231486460849265,-1.0256801611691302
0.09241943949951834,0.6369620056002441,-0.5747479388347433
1.8357532487449586,-0.7383269205735588,-0.08808274823102469
0.8336178216970433,1.049009903810691,-1.420822652132068
2.4484020533719835,-1.5936555591833805,-0.43028956645185007
-2.6255079097074607,-1.0549688977357607,-0.5773493353494056
-0.1361230698096793,-0.6989174142419377,-0.34817262381167524
-0.8634297251422036,0.26525043965019385,1.0024904974684496
0.9513240641105891,0.027646420791028616,1.7962088851200735
-0.3259456343736451,0.5303585573632991,0.6754353439882055
-4.919074679742787,-2.47374482227257,-0.2536758027089007
-0.38667331487476797,0.47722727962318034,0.4613603777781622
0.9243447357996761,0.8840334724000537,-0.048696625394737826
2.6398084877245314,-2.5911749977976184,0.4127742222544814
1.3321389743556544,-2.1657880847120587,-1.2092970042428468
-1.4066093750721493,0.3974956311231718,-0.6175024195803239
-0.06154317040342173,-0.9567428581042415,2.9824661242872974
1.5967001154534985,1.0068973487369866,0.6376499044227867
1.810599178981372,0.9499436416201349,-1.3166120550910057
-2.754823968094935,-0.33408889618200954,0.12260781263452504
0.12961570149213877,0.0654483121382808,1.9047072611042317
0.731190255726607,0.6016915127124637,0.09136266705086737
-0.3643489279671226,0.5414760259001414,-0.843045666289951
-1.1375206781374332,0.1564074948869817,1.221957500117553
-1.5369598924391696,0.16516203511991956,0.4193067656041476
-0.5040211303497053,0.5960494315084907,0.09159586039820689
-2.3138884204821455,-0.44121460161325027,0.6823884240507869
-4.957403428184447,-2.114321930446703,-0.5596350502182591
1.4343590666471344,-2.6245791779888576,-1.8790112792335152
-2.207990107001214,-0.04249467742984836,-0.2832893434132591
2.117735475218829,1.019989990054219,-0.34254048833568895
2.274247525295189,0.36949162077268927,0.8968439112143561
1.3198744429483507,0.8573634154011087,1.0568970107595084
-1.9621983899331727,0.295751175490167,-0.17848036675521775
1.4651216768733788,-1.9199922352092536,-0.0032652322520020844
-0.030013042263463744,0.05775427050979982,0.5232055934736652
0.41330836544663924,0.6018112226695267,0.7438642931210149
2.534257563872824,-1.1815961680991731,-0.10413086116846917
-0.2309319784979585,-0.08233207537237795,1.315280768333973
0.3651514480206344,0.8144561696932092,-0.19639262613964695
2.716876550547961,-0.6944708442919696,-1.4327612928794042
1.1867732750829043,-2.952927270097418,-0.6141348699810493
-2.2096702723889896,-0.4967935709293986,0.3983763736813135
-0.02100658685237289,0.0293093204103319,1.6387042173558222
0.9904261836389948,0.8762463943717147,-0.46074071568769653
3.130528840685392,-2.3396409939351335,-0.2461069402314814
-1.6654042379231282,0.1188658188798778,0.4971487025449556
-0.24939917339872886,0.6916787754180453,-0.2197969466593455
-0.7346744307551669,0.16135158895966303,0.7415803012115847
0.436375911602126,-0.7368392131268161,0.21454684397895182
-1.7566645451460758,0.28811209980226954,0.2018303684322386
-0.5420011120743822,0.017313796759804802,1.797935952117619
0.05497249594832667,-0.3505075517333258,2.299127052243169
-0.22513386660325652,0.7184794021293995,-0.1683160656459308
2.038722165181052,1.074407984779669,-0.36527717778864127
-0.5106551386728617,0.733913333069036,0.05715076545813519
2.8948273979446473,-0.26225666674673026,-0.726690392421483
-2.088077112325957,-0.33519175742751967,1.565815472418824
-3.6472436207356296,-0.9495637397787398,-0.20377446515326858
1.8108486536616386,1.4579651200357897,-0.5211805251857833
-3.8517815416635983,-1.1692388879291877,-1.3482594289687821
0.8959172609452704,0.5553883735141825,0.2797110173500672
0.18301345177652092,-0.575794522841767,1.2287673221172144
0.9462312439635816,0.8749333347698796,0.29353230801244956
-1.0811221192892826,0.7459806502628905,0.1068925206410557
3.098532738101821,1.3653260046838378,-0.616471275319079
-0.5020074715483923,0.2913494409982175,-0.5701398858133405
-2.0517554494187253,0.5937361989077778,-1.54708320338149
0.0014323454153973242,1.1029378136058796,-1.1590601105933056
0.8274801120244484,1.0950134217491716,-1.1967463602142558
3.258622672791216,-2.2910973988706766,-0.02933073095900151
1.778581340781302,1.168154901711791,-0.2304093010804101
1.3694766722184637,-0.4375166763855343,-1.651432023828405
-3.9334353160327074,-1.1064631799742395,-1.3705500287317147
-2.128987205746678,0.21779269047973332,-0.24736172228640466
1.6680357114231779,1.0098338273858625,0.6139355589940091
1.6979730238134905,1.2564487742253376,-0.42368245962114276
-1.2289827029016471,-0.629953219134554,2.639039912467389
2.9351264551545406,-1.7945648671687424,-1.4633908865334044
0.8248465863620913,0.25739253493230035,1.4430952765143596
-0.5387590195554205,0.5310164153894976,0.4675954307884676
-0.19687038161456527,1.0329282713592938,-0.47536506154870334
1.3133305928743735,0.8740198017957689,-1.1352919431343063
-0.20370040090149688,-3.347337204702871,-1.5605158845022349
-0.5666228267344322,0.5731569765195281,1.7789794964042167
0.6708602787485807,0.5068087377958793,1.313568131703703
0.7693658317380333,0.6315477221170276,-0.6786124398712315
1.3054219079941258,1.0869728030204682,-1.137575335898318
0.2169357179357442,0.6570085515256648,-0.4322742248231652
1.4379387619362511,1.4218095841261824,-0.3914655658566051
-1.5250443149010944,0.4530328493350337,0.22209764492301065
1.1554832140107496,0.9686598210349565,0.08768889557169647
-0.5419782445170902,0.34714703269326674,-0.2106071851148549
-2.1964489244633536,0.3027459748234142,-1.0531160296505857
-1.7836581434079462,-0.17990022172905432,1.146635200496153
0.9268131551163031,0.04238185707199871,1.457799567668538
-1.4483674141420704,0.2014760568472438,-0.28704691933105414
-2.6229062136166177,-0.6477277003843671,1.1300312510225103
-2.308675977162614,-0.01687831510625644,0.5850424315422935
1.4181010154600635,1.1086726267149147,0.0067000641451625065
-0.6056926814685658,0.6815523440720705,-0.4320283153616436
2.1459801626887494,0.08324471726835826,2.989229295356467
-1.4489815825392518,-0.3452248689531502,0.8173620444715758
0.3742063884289105,0.7112442773287126,0.008531396321947248
2.314843839221049,0.38804680525701507,-0.5963164667811165
-0.5545008599962091,0.7866000573110628,-0.24959801944775675
1.5835469998609437,0.8748112238853816,-0.06654539284780539
-1.0339720485960322,0.7832908371576301,-0.4180815778702659
-0.25085264414804126,0.39100275117061745,0.7033663829893135
2.256266299499245,0.9985916679743936,0.05767662333062039
-1.763452162651735,0.3280813524409335,0.17502509937632027
0.23692081908866156,0.23898157295734537,0.9222122473455182
-1.5046235682772062,0.648309271530704,-0.5705506393555035
0.20929518182719528,0.015507956731585453,-0.7070417946758238
-3.095213292486771,-0.6307423755857964,0.901136288035265
2.892450204397557,-1.4814995226595085,-0.7243698312476939
0.1986330376441018,-0.3961085995165941,1.4247703493931134
-2.421091951309209,0.21805843452739904,-1.2826055174926156
-0.7956284200695017,0.5762170573625452,-0.29540602351743217
-2.389988025391537,-0.16183098991955627,-0.9157229043628851
2.3283246670157727,-2.412693460467448,-0.4614273575157441
-1.1630571693356417,-0.30747712258630755,2.154475266846266
-1.7371201073291647,0.18631693589535703,0.6854859268477372
0.8381769245315638,0.8974020781328598,-0.6699238881355477
0.24651978650142758,0.3667916398970322,1.2573058922988263
0.772836794080523,-0.24031437286289706,1.8510183356293253
-1.4799333268348942,0.17031337056181522,1.078626777296994
-1.8457896476098605,0.1348039649614513,0.2552308250023518
0.08469074052311397,0.49703539572638733,0.6421794591124271
-0.8128708536561652,0.5273725593424688,-0.15000908371755553
-0.9762617130683794,0.18425700752734792,-0.615772696216679
0.30360911889260883,0.8826379176342053,-1.1363754182383108
-1.5517601439155062,0.7694007195877554,-0.8278798212307068
0.7459828055469967,0.3969671835649619,0.872104669208832
1.9555938392187802,-0.4887060551773645,0.9093855337179969
1.2734826957738645,-2.431557193968112,-0.7056930309517192
1.530231248653918,0.5365817787641851,0.64530163644273
-2.1891551785201946,-0.26944667360312213,1.757003765228797
-1.3766966924452175,0.3036326531997263,0.4985398774480251
-2.3436468606967913,-0.3335730331432972,1.6787857078699766
-1.7290229263188441,0.5827735541642117,-0.7637638374972424
0.08309339868727007,1.3150645775145147,-0.8347411365983511
1.0049890079315944,-1.1720346853914663,-0.28355863268679904
-1.5719918717436796,-0.7141886220114322,1.390928367325385
-1.3791784875808573,-0.07521002205232342,1.2086347942923181
-1.9391288076887179,0.2619367263667496,0.3251328052037722
-0.24348796699019798,0.8643140169556378,-0.8517624047186604
0.12185333219722562,0.8586368059341125,-1.0178060983643067
2.3190790491754916,-0.7290867734347981,-0.3756097400165801
-0.9880281851842557,0.5224003420585465,-0.6464001419473606
0.045577137928434826,0.027836197974706052,-0.46207562344546166
-3.3003376702384064,-1.512961007704449,0.8288400968168109
-2.399209837317455,-0.09645010839042235,0.6719916984184616
-1.3457927485034886,0.6272680696612708,-0.5225778742293976
0.9885904933168118,0.4055560404435289,1.4917361924170653
1.3669365888057807,0.8514349942162923,-0.7833494442912099
-0.6913286254556991,0.4406688204544569,-0.40170569624537733
2.7439952203384705,0.6125197966582547,1.0325392493774996
-0.6863809615949888,0.35269429972864347,0.3888734423806493
-3.0628055546816437,-0.8867689242523887,0.46451795343108504
-1.594355650720565,0.35635733047727625,-0.4496593709686871
-0.19249820184452898,0.5965716532213552,0.28471240061860986
-0.6219874535199297,1.1638613870677108,-1.0741761160193357
0.166860889089615,-3.9059147876888027,-1.8351316477170443
0.19032099500789632,-3.202857261793663,-0.8576651421249127
1.0398910079135921,1.1404207178740986,-0.4950131850597656
2.026247581513428,-1.7072366582928469,-1.388066299430379
1.6895210864361736,-2.650498611178624,-0.5769232388422946
-0.12551290747268093,0.6486066142469674,-0.3472172931207032
-4.683280753565269,-1.9886342032222282,-0.04923544961775444
-1.4240233760774836,0.2371910065588739,-0.9027858772664128
0.16585893318229922,-0.3287661133974917,1.3831099538640352
-1.018981437237284,-0.009427765400400837,0.40474767449111054
-3.5855359135458715,-2.0026338872459553,-0.004835968511046447
-0.00037357412474219536,0.35064739121627436,-1.1382411479287686
2.4575534645982944,1.012719868807673,-0.3938983930862376
-0.8668841408312801,0.6487160287619653,-0.37736431504992973
-1.239005354843398,-2.3214131604877224,-0.586158243424811
-0.43159971479029313,-0.27817973304697025,2.875981463939292
0.2072364090629339,0.6475580626492053,0.31330436466121525
-3.5871490381844433,-0.6024341260635767,-1.3870005773034866
-2.549962834283088,0.22651087134099912,-1.5768711403287168
0.4017743595854029,0.6974906385089916,-1.013763337027902
2.359239387657326,-1.6742564793834025,1.1979571149278474
0.6527892080464511,-2.2107477757144864,-0.38878938921490025
0.3758469227123134,0.9483059983763925,-0.4320268197594627
0.10756024853274394,0.34422801666743386,-0.06506063309579507
-1.8532251377172624,0.21120015524773555,0.31158613107236915
0.884908912228463,0.9977464023225855,0.2280466247131165
-2.0578700600218984,-0.20838125070798713,0.6306436182340275
-2.5406427714648645,-1.0694717752607594,-1.7539800576482223
2.1480312491735143,0.08711381649980211,2.9742842916007364
1.5367857848134174,0.8200727766357068,0.349438326016374
-1.1885806234260763,-0.04104200595970184,-0.4051914575661099
0.167956707357423,0.23352992261966693,1.4980805955329537
1.6521271413088479,1.2624674007680325,-0.5262938406310791
-2.9879516132762896,-0.9688072511448313,0.5441481914249534
1.3117193640090232,-0.6719618693435291,1.1691211360028808
-4.305460626248834,-1.569191537200956,-0.41326533203904253
-3.2176849608707276,-0.6973733305402348,-0.2652392986406331
1.3206556115311412,-0.4029648399702321,-0.36385118506543906
1.214255238671844,0.9364340159772218,-1.078572824105327
-1.1510147245752815,0.728294831720474,-1.3638218711073204
-1.8477586387509652,-0.30228732870641883,1.6031211679581343
2.084801747203372,-2.591729686894326,-1.0967248695767446
-3.0284899315299296,-0.4417279272616279,0.3384910878941939
2.451570857997265,1.2882351785843984,-0.23166791730020045
-0.4844108977845919,0.6516014486228732,-0.07376756057137032
0.6985549349562037,0.169095806730859,1.8306025444397
2.2667535339131066,0.9233611160451952,-0.4418471860311784
0.8175763299180214,-0.0905821899212224,-0.013411608294514911
-2.2543817556355346,0.135655905339692,0.19355103047262825
0.020293519365154233,-0.9242208854234967,-0.82175376366857
-0.07122324662558063,-0.07599524046182805,1.4522808893618333
1.2459108650921467,0.03550791500266706,-1.3727217029122805
2.564338370350978,0.7077885690049623,0.41579541272037185
0.3511654925884572,0.6440044016225005,-0.15518352613905986
1.751488657172792,-1.4386982151540797,-1.5249631141456683
-2.289003752206326,0.13801545305284313,-0.27899132358258755
0.28921613667306906,-0.41829683732785033,0.9604890965511236
-0.028992654084005035,0.45138830238248373,-0.3331291079545335
-1.9689866771021536,0.18033262635388592,-0.18123856847359163
-0.6951826210163415,0.36925668203351586,-0.284822994428652
-2.280929264568164,-0.056740007603091586,0.4517715643010377
0.10848944663449457,-1.1040426706308077,-0.572919652322437
-0.7885230408566135,-0.9719498151325207,-0.6140165611829312
-1.5720038341103197,0.4174650670471292,0.6117395982103497
-1.0514017025195364,0.5767551827780895,0.37735826342595374
0.9219268012383612,0.6269207485460184,0.06302537531539319
0.20511274085861597,0.7407082576068702,-0.3669353714912863
1.2443092765596473,0.798114813608504,-0.5895527261601695
1.3863109716323476,-0.07540655554176119,0.8972299029713446
-0.22593659155081858,0.797345787629826,-1.5234837656054103
-0.9352906065079366,1.082064779197076,-0.720149734748529
0.3298499091643905,-0.043550102993060474,0.3432730862858414
-1.38833738317577,0.2509243927664247,0.6247140488733725
1.0545345986089634,1.0850855253043254,-1.1722660157094587
-0.892721821204531,0.279731069065959,1.243151783566479
0.10218600392733897,-0.46034791121330326,0.8663908924976131
-0.8233519994236768,0.14389504994833283,1.2913295130533844
1.3896534463295627,0.8658661205076404,-0.08609928798893135
0.0969919905233472,0.7865027718174341,-0.11635959622784317
-0.24680705457836877,0.756249567641767,-0.6837043418844889
-1.808059900697633,0.1819837876945986,0.5791941240105863
-1.0677442320890327,0.4335044620719966,-0.036566477161116044
1.9523064079522123,0.8044471662769067,0.3997822641392585
-1.149374245205273,0.4593561114043175,-0.20309982416021508
1.097819343776258,0.6164539155432787,-0.66865008803078
2.7269162801906837,1.0085338650987328,-0.4331690426028744
0.635643415366159,0.9394324311514187,-1.1107028876309102
2.0470183702922276,0.36669189129292235,1.747169959663816
0.20578087752336421,0.4687522629232801,-0.24782454058251605
1.3337617629324292,-0.7190165709060653,0.14915495706309495
-1.8948662232188949,-0.1978686754415459,0.6154134217776897
-0.6902114006753006,0.3227244814999814,1.564915664248749
1.8720768778391066,0.6911446843127482,0.3570583997056713
-1.647883235541126,0.479076701249451,-0.681110290746128
1.5393284262676277,0.6630246309466377,0.687202366842287
-0.043836210794591775,-0.3400326086293086,-0.6652675145950163
1.0577710579216333,-0.263794023436162,0.8727998875325922
0.6014255993037277,0.4085495782244073,-0.6040476619274691
-2.7275721978229743,-0.528265094491046,-0.18251834354776697
3.3227192178135887,-2.089791792348129,-0.5978392544515783
0.7553029866246531,0.6894414733385514,-1.2557956094050196
0.44991115390066283,1.2748036203511315,-0.5328546918234655
-1.60037864453241,-0.44720722126132423,2.4190979589179795
1.2168506112507629,-1.8468615144257476,-1.6089459199919944
-2.187719925099952,0.3060344937415923,-0.4069063425356344
0.9592801389455319,1.3031062539257756,0.025635141783981408
2.134915611693289,1.0350291832843963,-0.43992929371414696
-0.06648874482288822,-0.6377488219700241,0.6445785003425206
-0.733982706881771,-0.40360587408385956,2.81668791140632
1.39740289553114,1.105770328389318,-1.144732937760464
0.6387132731114555,0.7488694800609793,0.3893561644646329
0.8847911665087909,-0.1282954069731542,1.7535598600089777
-1.030570556590063,0.6182440509584873,-1.0201673675646672
0.5029206161147405,0.26825159490400013,0.16166934127931917
0.8875500955812944,0.9235196436077598,0.7488996082904726
-0.9956277443091638,0.4603993557620511,0.5898666241449606
-2.7063000212218937,-0.39623303105037916,1.1760694580493694
0.7893691055924564,1.084179988290005,-1.0132951851301197
0.4553388767397848,-0.14492504463009304,2.4981606451642318
0.23685423674657366,0.28021372893639424,1.4228526074313863
-2.1565891477960695,0.5131205593267391,-1.3955783859189623
0.19161660942713124,0.9286289956991053,-1.4272706925395897
-1.511378854225383,0.6489052682313184,-0.5416006109239402
-2.270237496890706,-0.14287737187340593,0.8877043956293277
-0.36211372269400766,0.48630537033391424,0.3386453055584717
2.3585289966559584,-2.60707034421388,1.6891286333344495
0.4415692817981345,0.620533686847078,1.707334387872795
0.5088294221787769,0.32436986956690395,0.7471909806909742
0.2615464547680513,0.6815013634125741,1.6976515783634296
1.96198212622553,0.7997621809977923,0.3635248316829872
1.0106541520391477,0.9196273023880661,0.6338672293570478
-1.5781962432036452,0.1260744657569594,0.788702028405691
2.2445255556207253,-2.0748453696330857,0.8953619589034878
2.2238266395768216,-0.1897788096981283,-0.10798048422191112
0.7532447219523765,1.0552081971864968,-0.2537151511814112
1.4460837380903797,0.9929065860432398,-0.9058239775682957
3.1121063982105484,-1.8286412567916965,-0.8808903654134643
0.7403852597995768,-0.02513209768713661,2.345753160494875
-1.4141098869049133,0.7221684470998111,-1.2082535507188739
-2.4922622961857677,-0.7288845527401114,1.3876762972187582
0.1742949002902684,-2.0802464071395677,-1.643728767414686
-1.6723333422034183,0.7630966650584168,-1.2698131122025482
-0.7327919575459468,0.6550545314896556,-0.12712734299829734
-0.8317312849568234,0.6113729596402891,-0.6114185650012808
1.215201156374307,1.3924495666812131,-1.0706917442182342
-0.3473585823549486,0.05680116880319792,1.6016227177088014
-1.4429316438901758,0.17740970345773927,-0.27685615579494205
-0.2656634897621049,-0.1413275737643696,1.6842687929308204
0.7875792119736856,0.5552321871725528,1.7111145857317218
2.8719533934925585,-0.8477578270854617,-0.4951878367922032
1.6886881557331295,1.2385680410633593,-1.4752493168830167
1.825419186157592,-0.7820908173957739,0.35513878399453314
-0.8173334957112416,0.24258869024767787,-0.6794359934623653
-1.3342896491403162,0.6993189827254277,-0.675605772287219
-2.679856030532391,-0.04399206691670876,-0.48789038504619764
-0.6132462386984334,1.2263817775620474,-0.5121113361912385
1.008063860671743,1.0288214738436465,0.4931864872182752
1.0417825005718309,0.7137046585234964,0.3939337534332576
2.3880667253604146,-2.183079797042264,0.9625317573368762
-1.8663740333680006,-0.2668813922006693,0.4543532260523022
2.20888191825491,0.9115085279615492,0.5213879999668984
-0.38915160358061673,0.4302378933912313,1.0963642468719443
-0.37948459894630093,1.1037876085002314,-0.3571426453831564
0.3250659082936493,1.0101617795184332,0.09746866798305619
0.4271989226369438,-0.10635939978065469,1.712806799547881
-0.12029811667558346,0.5439765265821769,0.8930482462635719
-1.5178861047522478,0.2976883286816434,0.7718691247648913
1.1790235689717508,0.39597413006664756,1.8108721256271036
-1.3059218880113466,0.6607808328433609,-0.1886555634245912
-1.8186122331507886,-0.08102192644669981,0.6705487090018498
-4.6168706585178745,-2.0341241888254555,-0.048789314844267
-1.1304543350336842,0.6491100861570275,-0.9167472993813299
2.1066063118578096,1.0201291958842371,-0.721708713636626
0.5516454372287898,0.6040228112234621,-0.39604484391707556
-0.48337949950180703,-0.7878149444147018,1.066414232773174
-0.3313776295875002,-0.012295629565109678,1.36706894050556
-1.9650035418935712,0.36553180065786994,-0.13315645216959665
-0.8729991100448502,0.016128692960456166,1.2647666643319844
1.7166264956660922,0.081251472587284,-1.2648818299732627
0.05155269005097824,0.17651995207314075,-0.568334076325607
2.033686755174837,0.5409989416418228,-0.24536901112858892
-1.8849987149089327,0.06446793005566107,0.4634886257318278
-1.6729564879617336,0.6441394868148324,-1.2301999491295859
2.516136389875674,-1.7330270819819051,-1.394681142471118
-1.2879273056826623,0.32021137410385586,0.37678612641499765
-2.782090162578866,0.05964958459413272,-1.0347845600490884
0.27386410513622206,0.7199067302046867,-0.0847274712715177
2.123903225753345,-0.011719840076019237,-0.9380752869752172
-0.35309786001937443,0.6715062240026938,-0.5199124590867604
2.1088872593622616,1.2790832346952947,-0.27544522291656776
1.114661716135464,-0.7623484362986582,-0.7860194507323571
0.6605454652650489,0.7339157907793098,0.053936119732262575
2.00446080054623,-2.2842462377407746,-1.3386213062139156
-0.262057673847958,-0.13224294760531435,1.655445793387857
0.1654431306398883,0.861922517299883,-0.6588738664406854
0.4808275630304962,1.1433769899517212,-1.173559181535879
-3.712581671247987,-0.9577606503927234,-0.329289036364949
0.6008510339005902,0.919801996311026,-0.9293717587835869
1.6682084677595646,-0.1877287753262951,0.09509775413886562
-0.7257887869893154,0.3804338640906159,1.7701185161940052
-3.0647172483867053,-0.16658571853197282,-1.5614851015539732
1.9790291982127268,-1.8674522167780092,-0.824112953979143
0.49775662665058656,-2.666452770155777,0.6439618253998987
-0.9073435705917203,-4.296974939778891,-1.182453556349639
-1.3734541875028707,0.15736388377001437,0.4278585294464835
-1.300193975005899,-2.120029450118127,-1.0230792507692863
0.8015267899191009,0.02261096719660504,-0.23165670613640485
-2.8225922719468324,-0.529040968057465,1.4522125637703442
0.14908104785414733,0.46546280212982993,-0.9787269717602359
-2.234975578849325,-0.10218440771131036,0.6743999295931972
0.5301935203375546,0.5393363609221864,1.7265324767560364
0.5083078707411224,0.753734623234464,-0.022861206428577398
0.4723710532256235,-0.28944752177916244,2.3645857452449905
-0.6203282672565295,0.5820978858460617,-0.3582970557242289
0.3131932635414539,0.044355697305208774,1.712830476381176
-0.6186164853726411,-0.27456792834960614,0.6156087080930638
2.028890819446809,-1.827525411158525,-1.1011445471522683
-0.7081900551910107,0.051487526268465124,1.2062999874629057
0.18344807751465106,0.40327707504673815,1.1903777655426797
0.6263720438428955,-2.046311094628693,0.916379088348804
1.0827543886665918,1.124920082726189,-0.7940864890765542
-0.972749036794959,0.07396439078083014,1.756242544090435
1.6805323290625407,0.2962838455098068,0.7785040203161551
-1.434383947203732,0.6901238113095791,-0.5143825623938665
2.1257345356808623,-2.311742026571115,1.0292945039925019
-0.8398581336599401,-0.287023568549132,1.710177237862327
-0.23542810323758817,-1.9988226336540742,-0.6571158995196775
2.232769533298532,0.3516307051227137,-0.08864945561335136
1.6539443090762969,-2.1557570602867795,-0.5150777802650667
-3.586907831500975,-0.771922210500364,-1.7371197948920296
-0.9154848933656742,0.48830314437167344,0.7526208566078894
-2.437390691760279,0.28780829738049013,-1.1131797633773026
-0.6821178989654928,0.7247387273120859,-0.45131986197368085
0.1252030915006007,-3.0573751936991793,-1.0696391874574942
1.1385057568643242,0.6675881817220661,0.32635617461495814
-1.6570992168559364,0.3752425176029625,-0.6250659163163427
2.378890419258681,0.3410377795804109,0.261811454845405
-0.028098021700565832,0.13870351572424786,1.0891842390073998
0.39850881280851175,1.1296947004977504,-0.6574818460273364
-2.565894026550846,-0.07026193171828822,-1.5458706346994249
3.3207975081643797,-1.8208829028538949,-1.2644570715173815
-1.6816368876987593,0.07211500371074142,0.14229787979592906
-1.7577992609755375,-0.046178847406939914,0.7781931008429174
-0.0949444354655812,0.3948572638332696,-0.38781922225875165
0.41368296522848663,0.23866263736319818,0.86184997715783
1.6636105554577258,-2.9100462342789015,0.7596626289459487
-0.9018156676603898,-0.2823651629755207,2.7983462986438323
-0.9414717992991807,0.7329439931552179,-1.020097939113018
-1.6504988196871178,0.17758210860483403,0.05178225423591861
-3.3796121331547266,-0.6851034997941252,-0.2871020499294367
1.204616050690159,1.2932375132580993,-1.14520766065954
3.5398046593000823,-2.084439838878944,-0.28692347109072114
-1.1664457902765155,0.23333564754675915,0.12560147494280977
-0.9994600797827241,0.8213553134292846,-0.06698434291346339
0.2116095983046213,-0.5946732612700032,0.008400788982572495
2.3275709154306714,-2.473327378334467,0.05332298870696303
1.9386116390404544,1.0742645144490208,-0.08646683318055545
0.9913873748570734,0.23910160416303214,0.8939524773594627
-1.6468452641303422,0.28488740647220834,0.5727068554503628
0.1641979607480281,0.46028166778454227,0.7674222231746257
-1.3314210294507165,-0.5495316776605778,2.9474099618146377
-0.8099095697530916,0.514322249697593,0.5448369036825661
2.2428843564665484,-2.494659386126016,-1.2149439019529036
-1.5234283687374284,0.5753064661453988,-0.38396506336541864
-1.4720913785026248,0.15229641641220068,0.5767946740046349
-2.032912629536342,0.07569891303737869,0.44583191180139603
-0.65191850217024,0.040624083869042156,-1.1348545605533726
-0.4790971134394113,0.4692355187119718,0.028180223105085292
-0.46658971749157274,0.6626205797266629,-0.16801685238446532
-1.0756887511529303,0.001428730456188082,0.08381776285087841
1.4612808905885604,0.9272183067784785,1.0549335941147289
-3.6540255463538722,-0.8086373321871784,-1.5531980583007559
0.08223453525588996,1.0974761268185398,-0.2287180182602683
-2.2245654577475173,0.10369465683108176,0.4682161292764079
0.42347930086040647,0.2787110079316297,1.3204921163642647
0.2090967602078792,-0.18779219927657861,-1.2804791329297247
-2.027411031202356,-5.617997786860939,-3.3382408408628725
1.0828451807490052,0.5337139191933753,0.2031526177734878
-3.667444815465194,-1.0265222615529948,-0.005413784883616747
0.8459337896191387,1.1514185221762585,-0.6690991759217136
1.1102093174627503,0.0062797063468725735,0.4308277753711587
2.6672956375502106,-0.08857223595495771,2.955152097930071
-2.2134420430318493,0.0012583039286805926,-0.3213577556931111
2.4895740463706386,-2.0138996413548615,-1.8708472760481958
1.126362704526359,0.7184162302607764,0.3075053152389326
1.1547621065905234,-0.07091957074830581,0.9359145675254531
0.854712410929418,0.9121411756928485,-0.8942108226199222
-1.4344728932712698,0.5134826505115991,-0.39523214153475034
-0.9979139657366836,0.02886843829478919,-0.13394186098875402
-0.14241314773205388,-0.04663607508270243,1.3010092268118527
-1.5074596242346134,0.7197089864903273,-1.2167691940966647
0.5343463975893447,-1.5616709618610598,-0.37775140882007613
-0.49440517802791484,-0.20005778579146397,0.9431636764650165
0.5875425119638985,0.3683301145716473,1.3184256369642238
1.876805887353246,1.5448158952533029,-0.5086237892884008
-1.21649559637252,0.7191893099068966,-0.9300543518824004
-1.9689246847109791,0.279674377398603,-0.8799089026288949
1.9465896178496132,-1.1002397249927938,0.2208215786376016
2.8404490270879608,-2.4942813315290655,0.6662639883745304
-1.705835720842779,0.4912976504023857,-0.3108259424197456
-1.6650700382873531,0.2732289975462491,0.1122817063275586
0.15888536455545527,-1.4598673045846946,0.9485258360349896
1.1231234628986198,0.9451927597935934,-0.4236623714829329
1.365469424696241,0.6722981114994435,0.4624059318847348
-0.5168091505852028,0.933342291612182,-1.181539300808893
-0.06402927582378895,0.5519430848028757,1.1895643174405182
-1.8925243669282008,0.7292830266131433,-1.459146753591845
1.9686942459480719,-1.1573355556534715,-0.4857933070478199
-1.2385192223538075,-0.6001762948038669,2.902865415029137
-1.1175585896362463,-1.0423532814059215,-1.4126427557446608
0.7660126849438724,0.7355951156212319,0.5675647030386657
2.0668150220622334,1.0808542838529442,-0.4978634968886653
-0.5614977175248071,0.8856778667109706,-0.9167585198933307
-2.0841654597302552,0.24432707117282407,0.13917117442240642
-3.4391379211911786,-0.6571029662069462,-0.48964253122565965
-2.7634608886970926,-0.25811862610057434,-0.569053873231772
0.6155175236855628,1.0176373647451145,-0.31156054909421854
0.6048596335533466,0.5513487909001471,-0.6899794480667389
0.3423775006896569,1.179681464015723,-0.7757809703431902
-0.9529521075346349,-0.4622042824820262,0.6533218379243725
-0.16860786663459865,-0.25863089309365317,1.1586752820675124
-0.9745052498174688,0.6251300103105076,-0.16385724489548742
-0.7824617513272552,0.3000348691968749,-0.2269023272960927
1.1923538098836135,-0.2904227034896641,-0.4173736966637163
1.5562724380722215,0.36466422090316936,1.627218556594102
-1.0608964936435274,0.9414029151894633,-0.2597579742023077
-0.16032971309909944,-1.1129459108518593,1.159910137949432
-0.10916262728560971,-1.356728752701653,1.310377513732691
-0.16707174173023853,0.11716451719114666,-0.36475059675469834
1.1205094304511851,0.5579631819491354,-0.12950924151694185
1.0141874489114686,0.6597436766774557,-0.9166787861296101
1.9844569439485058,0.6865357972379245,0.8504839081718244
2.081493287460038,-2.6582681235408026,-0.006771467343890745
1.2511145063003444,-3.4389635277602633,0.5107616683148821
-1.7052284449359683,0.356093597571472,-0.2535743517157101
-0.5340604684827768,0.6693171702633177,-0.43728669744980125
1.7471468550306428,0.7661326806886873,-1.0750506066839511
-0.5184818592225419,0.7319781875875491,-0.4629420754342353
-3.57707071432745,-0.573884172995504,-1.4719861125386255
2.1639737332093896,-0.7001711960550718,-0.28187885909667887
-0.40639133000995087,0.44280899260065815,-0.0921843582671503
0.8680906944911573,0.6726100268886411,0.5000866316006021
-2.7900184135738697,-0.9017888552695396,1.0485518985158924
2.643031790184992,0.7036878666885258,0.06842861425247053
1.4908759681282904,0.3884905272973945,-0.7793946860057592
-1.1063635711470428,0.6581573192075246,-1.0358509311809212
-1.6109063343532297,0.13555670867274375,-0.39176554875657543
-0.2322161637696013,0.9727693397514277,-0.7914171929828978
-1.9207093837634175,0.05949511083259903,0.8246195663935593
0.5097710426213813,-0.3376310947269762,0.7213837118662032
2.1718751042353834,1.2231318320998188,-0.7378736936307476
-1.6669582847458428,0.7388583239998276,-1.2591103876108027
-2.038795620750715,-0.41194483505905083,1.8827550208608277
-1.7758185974666374,-0.17495124307072124,0.908471828339542
-1.0269728962645623,0.45074909428223686,-0.9317623230742175
-0.8768583365116134,0.404102986103693,0.439249223690241
-1.7674877362772594,0.41410885219596555,0.2027105863308687
3.330337907106761,-1.5689024009966923,-0.9713930078569574
0.4136731727907401,0.4582855756636013,1.3708594841809312
-3.375670735514241,-0.9680234241775865,0.39049870104420636
-1.0219555533838514,0.2493974137189218,0.3161707552248757
0.9240175162562079,0.7175584549139249,-0.632137439385234
-2.4636565541172586,-0.19660404437500048,-0.21284259790381274
0.20769403897684272,0.8408325806636727,-0.25833943974231804
-1.7501559127322037,0.228822722448738,0.125276829452982
-1.8474025452909122,0.9163017363192907,-1.9236787252142924
-0.39856116248484996,-0.17845991229715805,-0.5941810560119082
2.8828683706246236,-0.26022415074516825,-1.0674819623422196
0.05746430702811453,0.4796094397449059,0.2296468974796206
3.3330600052000325,-1.1655737486668682,-0.09255067306370318
-0.9629889878088412,0.7083128376208657,0.3579789882671814
-2.1215566496295413,-0.15270262268052323,0.40716119123339134
-0.25803105966239714,0.09497197265461588,-0.06119493460426389
-3.1240608980401996,-0.13806922193753915,-1.765561466017097
1.0869854113328679,1.0952302503016447,0.4761441332243407
0.8096705304041261,1.4482329032721462,-0.6645178148409838
0.2682094041445767,0.06838305746479144,1.4505760435149744
2.2222082527352844,-2.383361250958027,0.6975231820321353
2.8409465976247867,-0.3650020296399554,1.6704558521695785
0.4710768954659545,0.9734831116606881,-0.3324287465375201
0.9179900287919489,0.9724959355345278,-0.7016382207464805
-0.545507042444127,0.8692792544811703,-0.8334908212116336
-2.544221300545649,-0.18873798835310396,-0.29399985143837337
0.2853883817435749,1.058275224707913,-1.0418246577179109
1.7945274189346903,0.9744693967780031,-0.4219303926734464
-2.150874253728697,0.23820211052358253,-1.4910807186076684
-0.4517790367280118,0.32489804679537115,1.0952161567692307
-2.360024748204586,-0.19712021612125966,-0.3758819002801601
0.09366926377158892,0.91585097872306,-0.15513041608016476
1.6773794919393359,1.107754200822357,-0.8128493178423455
3.592012580460743,-2.093705636818247,-0.0787029606059739
-0.9109938131009104,0.4263023074227061,0.0009353151127825611
-0.49025040986409674,0.8119524537119697,-0.7010039663037508
1.476462264279121,-0.07788775784450623,0.6277518660334157
-1.3273882745126009,-0.32054698497303286,2.047172344469455
1.111522376758958,-2.8894433912838466,-1.1842008203332113
-4.182234605586171,-1.6313929933855695,-0.7071745028683389
0.06370873104729417,-0.02308572600388254,-0.03969812921638353
-0.1459644304263648,0.11289905641887257,0.6628574340589795
-1.3783238740136097,-0.37570586760489694,1.3654220540933157
1.3370154765442968,0.2976739261217155,0.7236767872587685
-0.41057305606754135,0.6838766329087256,-0.019927537148361908
-1.8419871209336098,-0.22794307016678703,1.604136222443191
1.9997326139609757,-1.7988601285464827,-1.5334096610564032
-0.5925795477158509,0.6742776126794306,-0.6131483441099209
0.8887459385595972,0.5088362034114285,0.9343131240524865
1.7805131067348772,0.8069141655969253,0.4353243020006942
-2.5206229987816884,0.3461123259392341,-1.122159375693767
0.70817298417249,0.5546339984363237,-0.8580295822085581
2.2724205519490943,0.99324853607858,-0.5657932418087158
-0.2323526235037438,1.228205685279677,-1.5788004939754112
0.5981009335055096,-0.3667658249429277,-0.32296842247198454
0.8392180893772871,0.25304804134651987,0.6945124675835266
-0.06602598541517132,0.7410452964333454,0.5041564724891919
1.5499489334649788,1.445027710713622,-0.6251554939103564
1.6326006727286746,1.0759425370418516,-0.9974197316026153
0.1690727547042468,-3.496033563320656,-0.3908791224015399
0.017807688381753017,0.44463073081980975,1.1417613894704237
0.7768323542460012,1.017773957725444,-0.9959711332816622
0.5590994679114868,0.6036995890908596,0.2609160253661769
0.3698249125700872,0.5177590690569472,1.6138297345067965
-0.8984622233087322,0.9310736216574561,-0.8002490796839037
-0.9042770722973367,0.07181068041053722,1.3252665818832194
1.1392761287264728,1.7335665573555281,-0.8220486638130242
-0.5078831539759462,0.19356441189846643,0.8413435302658078
2.663343892847401,-1.9981895041726907,-1.3818311687304479
1.8351596638223897,-2.0266943728298092,-0.46211840683142663
1.8477570406574777,0.7871917374745323,-0.6560749751292644
0.06590501525333872,0.7717608554332448,-1.3741974282209655
0.3968375897972494,-0.14181497363341883,0.19385555725401285
0.6446642240484622,-3.3280924883832546,-0.7998129408251148
-1.772338462024587,-0.20753503504778417,1.6933015587049018
1.7899820087430702,-3.169237887920051,0.5963933168233209
-0.31461988736678387,1.0329165598159344,-0.24930609175289656
1.6689679485157964,0.916225010028141,-0.5058635685128597
1.2118886109450557,-0.5326874532441049,-1.1515509702755113
-4.667688649250083,-1.7675715509462058,-0.8571941079887141
0.23497084362026147,0.2777229944320565,0.31816154790919976
-1.9874549123699752,0.2242043051509003,0.03449543238826326
-4.553012048761574,-2.0308850897930077,-0.4025321029005216
-2.857279851549681,0.04327729955743975,-1.105239088991903
1.212309503383551,-1.4209379109856874,-0.8964900919025854
1.1511183330594164,0.2091593391448589,0.22290293880553413
-4.690323437706301,-2.008584772836062,0.010152032835716146
1.7346414858190249,1.4618797271817645,-1.1736245424928322
-3.727029574729195,-0.8188180611368192,-1.6420831852463722
-2.1220295265924665,-0.15106469085635543,-0.3469993333705228
0.4845416468333239,0.9048209208492614,0.2617729926337111
-1.8304881795844907,-0.1516555682099435,0.6266503286698241
-1.106734357427315,0.5377043659869348,0.251515025321623
-0.8374624167260254,0.668412000576445,-1.226070426289543
1.6426687501425485,1.256943201041317,-0.6057929562685875
2.021402338618901,-0.8820770984876043,-0.845575658808406
-1.1079088523247682,0.12310017584761593,1.0066140574850966
0.12235448158534072,-3.4548607819179717,-0.20085434963524182
-1.121700164936001,0.0862427006187162,-0.12697142053824462
-0.11516791614933777,-0.12849029218326308,2.4102897457742576
1.1696760892320506,1.4664013851168705,-0.2835180258086745
-0.41386012815099227,0.45829200669523207,0.048921165120932225
-1.7698654032362393,-0.18079691264628375,1.6444335066801934
1.482161848166561,-3.154307175193622,1.7816169121205379
-2.2084513469031792,-0.6310581549004819,-0.10726556647134991
1.3650974024316513,0.9478261767355765,0.46753384230251066
-1.0957884611106372,0.5112213523070407,-0.44854748778794346
-2.0242096001796854,0.3747056446214484,-0.31037909000024644
1.8748689455032814,0.10920879342722066,1.8884680125327065
-1.9447974769262686,-0.127640385138714,1.7539041273234177
-0.44542928771471946,-0.21956000952865776,2.4269360578110417
-1.1671028431164054,0.32842982090911443,0.6828753111072228
0.04676738681620445,0.23630644694752223,1.7352188446620562
2.3376397389752355,-0.05229392352581391,2.920877431469341
0.957144403246737,1.200100647785521,-0.5080884858212973
0.022409429495724605,0.7718503634715892,-0.1919337357269925
-0.04825375357751056,0.6910777438629913,-0.8803052571384965
2.150363228754845,1.0191161270994409,0.3322810727701199
0.976087182406129,0.2514903718192716,1.6331974871398145
-0.17837434350704318,0.3791685552984533,0.2669628878790057
1.4419190006972966,1.4005511506095465,-0.38018704762274014
-2.1035508174333204,-0.315580152575292,0.7877626386029318
0.7049387084634039,1.119357635498029,-0.984157927590177
0.4400711936866035,0.03230098335874622,0.772779760630991
-0.8100793447143356,0.4361142287447362,0.5245990808229796
-2.2267541628028855,-0.15364429715362204,-0.1747447319927753
-1.4941385632605637,-0.5360875193596449,1.5486058045398696
-1.8863121830607725,0.07971270945040396,-0.04518226544674702
2.259628539273253,1.2171001346604822,-0.823046457974266
1.0785653538221829,0.976129004037578,-0.6963899749774831
-0.4191054747569538,0.973019474218429,-0.12875068936790915
1.8684700290756806,-2.763209241320883,-0.19223795995204937
0.31452310898462377,0.7725916031701708,-0.3389238118130447
1.2864483090488166,1.036048408812066,-1.1117330975733666
-1.3157946262388107,0.3781929635157049,0.5494050496903453
2.2824937938522045,0.8646232957944424,-0.002271758714411451
1.7969708292352689,0.9480730119946725,-0.13398814573132592
1.0096758590798296,0.7202438670377985,0.09980616097018477
0.04033679782919046,-3.23618899564446,-0.31010349701756035
-4.347777443889343,-1.6890669425530447,-0.05642847626258522
0.582666374287955,1.0730019784537033,-1.2303539994219634
0.14626822722089425,-2.401107566925459,-1.2257967476499687
1.5935289592160364,1.0186936875059864,-1.3005483990890356
-0.52229256093939,0.42093857565383824,0.2871822534429765
-0.4151442997497006,0.49667187716109923,0.0005143662491893321
-2.724629071519183,-0.05490442086437758,-0.0783548958388353
-0.09753420217914494,0.3401816709886951,0.2588194910443454
2.4779084808330407,-1.7742998563751966,-1.7634968938302444
2.581980370484034,1.1505986593526452,-0.7130879321835258
1.0272173711670745,0.8475783054148343,-0.15725895962273503
-1.2209881951885249,0.5695382928728616,-0.8297980325051617
0.9913640398769251,0.9235194348687551,0.5843244227472245
0.9608221893242979,1.0273359533194775,-0.9703986856432062
-0.9398729690184199,0.7373087291118773,-0.5390671284349985
2.9235862382072386,-2.258265576690583,-0.592868865112884
-1.0903851703798433,0.6634521843773472,-0.5564832229996824
1.7704555118469854,0.972773568740249,-0.3113658939674305
-4.312693575186582,-1.9979806610719064,-0.3652264073612124
-1.5877491879282446,0.6888897372505132,-1.2442189943662765
0.9897388610433246,0.3244553887656285,0.9119266068718569
1.935389119773064,0.9249080452127739,-0.12211973705872292
1.6078841171953815,1.0456509649774712,-0.7137189687545132
0.03790735782587142,0.7960205911191824,-0.29460615616976066
0.12759117796594024,-3.6315686794826623,-0.7048745419869917
1.0066932621959042,1.001257589231618,-0.7099688346280347
1.6381995985731153,0.8527383047404449,0.14907432415534724
2.595662766812296,-0.9463593115548469,-0.1485787234252621
0.8573128646609149,-0.33662798294761437,-1.002201288819117
0.607413806911264,0.6369458341912312,-0.13299650836259924
-0.8925834841332992,0.04128625285226235,0.6260530988885499
-0.5438654810563393,1.0506078666449479,0.15007985910848057
-0.8328453629871941,0.4707886162135776,0.018426103585822175
-3.7407107392137324,-0.914297960941631,-1.6427450851656562
-1.542353463153052,0.7380533783193176,-0.9568851396241059
2.7551911781679186,-2.2248531829294103,-0.6162190419920321
0.6650281118894331,1.296522322031973,-1.4832344410781977
1.946162376869554,-0.007041919035942779,-0.8402820430446737
0.1265238824174772,0.3028162057820184,-0.7792593358316503
2.0370019220576707,0.6802838716641707,0.6243264810483328
-2.808201136156487,-0.2276983448638439,-0.8402455935594229
1.3113839536725138,1.6044040751141841,-0.5494539904216331
-2.409291353597942,-0.23922352983438563,0.033214573121247044
1.3092073418298016,1.1440071331963082,-0.5453343701769435
0.055925367104722255,-0.004229042789743851,1.7720442056841081
2.8864531594032012,-2.3442280503937805,0.2503198594606967
-0.5241493968268552,0.5784947689794792,0.2052996723253706
-0.8558187710353797,0.3088837612997665,0.347802071793417
-2.0679886068377384,0.0935273418591148,0.7072518494408551
0.6513463097689023,-0.18976614817364182,1.8557895597404712
0.4158988861431286,-0.3912838957053401,1.7711000476156018
0.3213908240160433,0.5005910939173234,0.867319252138774
-2.731117370116076,-0.8461704514563518,-0.9300691990298086
-0.8833758532363961,0.24821174012843655,1.1146584262287136
1.9729628776372754,-3.1433057029237736,1.1605376609335036
-0.5912665109861474,0.35231331828659335,-0.5563130023658421
0.8681354337709288,0.9225674792231561,-0.28042957400624235
-1.893019267599962,0.2950966812874671,-0.05734169330469944
0.1884577975190628,1.278874135810452,-1.5140129093390744
-3.054219330929657,-0.5116368657767267,-0.2026936375662392
0.8853399564542179,-0.03098792182868417,2.434390737117805
0.23329979116510163,0.6638999785714204,-0.5142364513010601
0.975101169153083,0.5442365992279438,0.9290068796944887
1.5189538516163834,-2.598124429159471,-1.6355692036255274
-0.9068634535568134,0.48094919389679053,-1.4061477155320823
0.870970553255483,0.8385234531649525,0.3838766931748105
1.3520690790981895,0.08659231201783739,1.512160063662121
-1.0630579671743565,-0.003962167773232781,0.7251395911490346
0.32741920575546385,0.7222474304138883,-0.588562061334263
-1.075951543146988,0.5871479480667869,-0.6438364017237952
-2.291310838390457,0.13147992162762168,-0.25953680346851954
0.6217070182035705,0.4294789589281382,-0.16394712649757417
0.4566769948920196,0.2337388818757814,0.5455309479177847
0.6699483395112034,0.4738142878794469,-0.5756516055654362
-1.249038919765476,-1.7863747048838166,-0.2899953448445935
-0.7064584746629026,0.4755359487979503,-0.25245368736618234
-0.17690805738366636,-0.9466992717307592,-0.924372419044815
0.6832455601447668,0.8767275189611253,-0.6779657196970424
1.0936387365316704,0.7699372490350869,-0.04614840430822673
2.2171191357180358,-1.5494191420467571,-1.306151733327577
-2.3894222520404287,-0.06574626049092722,-0.16869024458749243
-3.7911708147307643,-0.9030583537757153,-1.1075562532147896
1.9309174572402898,-0.20990901962285488,-0.9174047506339537
1.7092396469158,0.6656141770775468,-0.5963885225271844
-2.2586522890369722,-0.07008983527874052,0.17590636819054037
-2.387657422991118,-0.06499520698015566,0.6409208805146862
3.1052901761783125,-0.11445084120638564,-0.32798024824387206
-0.4954102781024522,0.7385476640321684,-1.2649125516455069
0.31066132499530047,-0.3325856496689907,1.1722263008589153
-0.30801421287829367,-2.2692758279667085,-1.6565107176909104
-0.2071966386027188,0.8465151742626716,0.26017533623841244
-0.6853254882495432,0.8294867805134238,-1.141494354316406
-2.007389808675691,-0.10662014521385306,0.8854192294820793
-1.2153111492834454,0.7208379858275867,-0.24823914261265126
-2.204680042447644,0.12056136868375394,0.3565601615717783
-0.30790129663125954,-0.7917327730833972,-1.3357019488083839
-0.4629452134757531,0.8666295339945438,-1.4583370620633502
-1.4355869713016403,0.3728983070848874,0.23461252705235328
0.6347285735127316,-3.2188099007299726,-1.3364806972869434
1.3532865781294579,0.9864400091636746,0.03787434863466777
-0.9989379749054116,-0.057210440517522304,0.8112420287031548
-0.3489479943094236,0.6837660213618827,-1.112983979195163
-1.936236761211111,0.6239157771252885,-1.0522106596129959
-0.3741916271062366,0.12013136165817463,1.894540843643247
-3.4936469266649954,-0.9884097143663096,0.6464831638062879
0.6569743462614538,0.6838306265038344,0.6981552878274462
1.4923582984783126,-3.0089839561537053,-1.0024449067268721
0.9517814572263822,-2.7274156535322205,-0.9070618228606233
0.13563765926786456,0.8565136734173022,-0.38621153012318393
-0.6630700744572725,0.4610185668103794,0.0021235274416622012
-0.7159739489840329,-0.4697265725553979,0.6327172549159739
1.7114309714616625,-1.4998388115654468,-0.5352363662502486
0.35258789329808243,0.5917457654958775,-0.9086644155712702
1.509536996027861,-1.5105625015857087,-1.0735893431293284
1.9570348559550705,-0.7845423450452556,-1.0862276406597993
-1.7473409565438023,-0.11698948741583175,1.4544959550402135
-1.1892352557959458,0.5225639142824381,-1.0351824633410445
-2.5000875710959134,-0.27709618467999486,-0.6917998263165148
1.8533013325639909,0.9350108760865122,-0.6663258261121687
1.9392117097021895,-2.2175258231378883,-1.999618489816265
2.62933586647138,0.4520379622365314,0.015411345432620918
2.5426304074150607,0.3324974880972266,-0.7152965343293859
0.1928266618716781,0.7817573192299331,0.44889848238548513
1.623904134022801,0.987837980134316,-0.4065152468190267
2.758770059559193,0.6176571682577089,-0.45675837411495396
2.4729076123372176,-1.4028975541872286,-0.9751866274159436
-0.4911649244323182,0.5462409127965364,0.10362180572810517
1.0202228607022563,1.3955183304492655,-0.3758669540163555
1.624961847721,1.1906432527527084,-0.3047781735064505
-0.2379774551881883,-0.5720120257949526,0.3569674219849598
1.6504925449373413,-2.237732669413397,-1.112296950917323
-0.627194730674487,-0.10445346605364454,1.2333335387725608
-0.6851747684543217,0.7258581087349913,-0.4392430213296296
0.4784522553353166,-2.235593354758232,0.42569078938147287
1.9292180439963837,0.9505057663816706,-0.6896519445384518
0.4935132308742162,-0.073981435247485,0.4223684389544041
1.4891871462642883,-2.6286332318108596,-0.4430044564888869
-2.4106450903820957,-0.2662723555615456,1.3888697464632365
1.9018737439279612,-2.726259679051623,-0.39237224525399866
-1.0731781308895987,0.009044860750088054,-0.4954308087554233
1.6422549995642524,1.2146847268041225,-0.5458486213604624
2.63257634412303,-2.499216584855098,1.172049531389162
-4.0304605111894425,-0.9103385309765047,-1.939699148492588
-0.9991857166168318,0.30710602047439345,-0.42553367586939417
-0.16932151121189926,1.0929431349466776,-1.371460201389294
1.200738431093035,0.6687019239585247,0.6054831179453121
0.8142695148722083,0.12381074102043921,1.5457849667499508
1.1145141139817725,-3.1176547045088276,-0.6189146795901567
1.2724293868237992,1.5608560719180513,-0.44549381612340827
0.9914860409415223,1.140864940230717,-0.7093255839396464
-1.1477662815144865,-0.6162407828274934,2.686687945646242
-1.811194798352517,-0.18068321374027943,1.9585854330498886
2.7163917522772802,-2.2558348039293987,-0.4010984834729061
-1.0530677263599122,0.9826141467322669,-0.778140505391003
1.0377163355458399,0.7337728380279971,0.3824931157170071
-0.06577823701224225,0.16663942732781162,-0.6530608736781963
-1.023262853622038,0.2851589286061909,0.271166639905695
-1.5639621359768174,0.8340009614773477,-1.42313402214807
2.4612625460540545,-0.04975530872119463,-0.5451366208416771
-0.538493930028555,0.6945162365662583,0.23587363145073595
-0.18747436108251975,0.5625446669442234,-0.24704373226659745
0.48874320727602055,0.9925641263695476,-0.5674775503343731
-3.1273620823055963,-0.7385686349929058,0.44209708321570834
-2.187758784250852,-0.26549095721417254,1.7452286609492302
-0.45028461833900246,0.7900800096315177,-0.9800606163019255
-1.4346637680015197,0.16086213465379529,0.26753060645173465
-2.1942264602900288,0.4829575067239397,-0.990187042733223
0.975242965788463,0.7803920289775776,0.7266100062629539
-1.566151514718246,-0.23134978455285357,1.4043159016973499
-1.5692798391062461,0.38963407166315983,-1.2968864587845697
0.2483003092452337,-0.15862930544046763,1.59783472700961
-0.5324882973812153,0.4174438929316794,0.8960677065328444
-1.079958735535676,0.712720691428953,-0.6724181733123618
-0.27067461217727784,1.0604495945110244,-1.1716081605839004
-2.068993498033816,-0.0780468778295243,-1.3739732092902734
-0.11888270150655214,0.4527372827098438,-0.36242355295085754
0.4664639664318882,0.6732094679330457,0.27562842816098015
-0.015791806101731313,0.3899147822962645,0.9423291245177614
-1.2060368299708697,0.7290845610204529,-0.990234004707598
0.29447492480341214,0.09066366830913986,1.1737665241866546
0.8154030069251152,0.8971271709554982,-1.1267288206365105
0.3568232990800323,0.7955863330631548,-0.1327812592863198
1.1423476656988798,0.9758920351097286,-0.2898785432295936
-0.07012201368383636,0.2482482172049139,0.8259484916748364
-0.42368086980590314,0.1757663521912076,1.4779189375314408
-1.0930668452012744,0.4784582697549577,0.7006858988467034
-1.7185035950864933,0.7297647224686145,-0.8868266526384426
2.736133449263508,-1.699742621512507,-1.358593978272985
-0.19068502867346515,0.057883531521143006,1.759901484702058
-2.6631877236681154,0.1191471002494156,-0.5964594841398037
2.8415901835409967,0.8039202868415952,0.3302236587994115
1.3836581725421424,1.072006579711926,-0.478705393924356
-0.23957132110024237,0.9372651955049711,-0.7103198500596373
-1.1195610682059667,0.14825580213943698,0.5939948961270881
0.7585218131660377,-2.731203113944353,-2.44274049098375
1.7020625762394688,0.6599407549374529,-1.1145127851229926
0.6981509052180686,0.991446085387598,-0.9044822292517377
-1.209075855747411,0.3704334879550073,0.12193355483022451
0.9675905792896925,-3.571619029840114,-0.015756096796708162
-2.422351364144705,0.25097810390690684,-0.5698653808184484
1.1888885725853866,-2.5114812882838424,-1.800151596154923
1.7765198584470212,-1.072765439430798,-0.6041288572972603
2.697383648762207,-1.6441915308518165,-0.7445115459308197
-3.7470695648021293,-0.8151193646427958,-1.623482726840781
0.04201995798807467,0.553554521542449,-0.23255475417583235
2.0117462015016994,-2.22840762350995,-1.8787600256818404
-0.7491584420053968,0.3128996481708743,1.4135228309393062
0.19245031761128564,0.5845695921175044,0.5984863572665092
1.2732770584532458,0.5683611898088828,-0.09814934224545038
-0.5395468513737514,0.14333209224334764,1.0523199427633112
2.521517078319108,0.9242896084159657,0.0033219703054880117
-0.1356502205875626,0.4898963679189513,-0.2105479062070095
0.6861241773408434,0.8569014757824424,-0.10308518368910255
-0.9448019552258146,0.5456857990712741,-0.3127580404586473
-0.291440974347156,0.17856431463827505,1.0519722719252913
1.6908448727157241,0.7669843625391325,0.3319374012241746
-0.4960251492798333,0.8551277352110042,-1.2956691963452074
-2.494348846805956,-0.2440845613247627,-0.010057562296443829
-1.2748789888942913,0.06308960008311114,0.9775927190436354
1.1606982087650655,0.3654442187903413,0.26111622007466745
-0.7976169081365324,0.31476114341632916,0.5098959144222486
-1.3710763725802724,0.6153457190905022,-0.9514931896424718
-0.7531305956792729,0.46051473282449457,0.10675081189924888
-3.3781024397105046,-1.0891263993168678,-0.31278551726281284
0.6118907738415316,1.1245554061527645,-0.3153364382728443
0.4874176420933702,0.4732785181570281,-0.3544577275185028
1.2973989659556877,1.1212670779085239,-1.019981935765759
-1.5939146433452072,0.4747985457136064,-0.487736650874749
0.6523247978758332,0.4589854216937889,0.019917571296116394
-1.908358504793723,0.5259962959139658,-0.6108161170755286
-1.1334990526976423,0.1895018581386841,1.5180385842480628
2.261955105371426,0.4171555208243355,-0.14209904489918082
-1.2209264145134957,-0.05842585700547029,1.205459911431643
1.7884639855921096,0.8635507843392213,1.0095289675083297
0.1356994833990157,0.887653058081197,-0.30065535457127374
-1.9568287974054936,-0.4481463103458584,0.35809574050389026
-0.15116748608976066,0.4480289440747868,1.2954598576759806
3.659667425600049,-1.4985101951057662,-0.6172865210644314
1.3392142917976049,0.3370002906253213,1.4794804487797162
0.950917502968153,-1.2254895972652726,-0.13667218900437994
0.7970470515961215,0.9726318656609914,-0.3317039994290109
1.9936392845911775,1.3366737434325935,-0.5691663183485393
-3.163828161295313,-0.8132050966132937,-1.5528606102393208
-2.5551462631359994,-0.24239622993423457,0.5842870003683553
-1.3098831058239828,0.7684580256975075,-0.8814141166518327
-2.4564545091765195,0.23380416928787046,-0.9524239919084251
0.13853631470074174,0.7691020071331865,-0.4087272336724862
-0.797484546686654,0.2751672269550252,1.1228854581237968
-2.6401539460904995,-1.0616775930159088,0.9400766639465188
-1.0565155396476542,-3.4441736339321802,-0.5552354209951235
-1.2503931922083436,0.2084735988779577,1.4845885889766581
-0.6875631526110507,0.5505018193133456,-1.1316056547943165
-0.7754448813623128,0.6062986280226869,-0.2967106204043896
-1.3131850581008628,-0.06467889919358347,0.7045420909251009
0.06084805773125054,0.5089273771826781,0.17309942962041114
1.6803761985188843,-2.0235886376337304,-0.38921099454726776
1.8534288824033749,-1.7593502602803979,0.47934235115861645
-3.0612620150706884,-0.5315874353905605,-0.14330615511276928
1.7223125229600151,-1.8955288800485184,0.2313134958782595
1.0739668474962571,0.45847744868476137,1.4644081427244802
0.7211745434829704,0.9311272824953474,-0.36279367216957775
0.8232224388135029,0.8611983774454031,-0.5509740312322362
-1.4516436782023738,0.42487224836113396,0.3636663030223076
-0.8825642075443845,0.6240298381071179,-0.27315601144026136
-2.663136564848029,-0.25124933718523307,0.02593128570132353
-0.170536898731521,0.8534096886675885,-0.6006914059165882
-0.4566789690818761,0.22092006719185603,1.0020001201532085
-3.947330723500165,-1.7817877766727948,-2.2221762843957857
-0.6450797110574826,1.0979414369540716,-0.32137274655332165
-0.2589070858415853,1.3271605336960959,-0.2233993737593626
-2.107603476754678,0.28134618317441995,-1.1858282269183302
-0.24318538668822065,0.4921563328819067,-0.03142143437641979
-2.0073787067717728,0.20799571315264492,0.6382077857516614
-0.03542558053793591,0.8633337875078768,0.06530413445752768
0.1721800334198728,0.7457165012249027,-1.2129712134203603
0.9407401670630834,-0.8377873835020051,-0.7598142274297175
1.9565442535912383,-2.5497671936141804,-0.15767409866037368
-0.007699838103352457,0.6641094901217469,1.8979354025883493
1.7214954879180473,0.7051510559245228,-0.3140539114830471
1.522443299446246,-2.7634277410653842,-0.23213263935571002
1.7381382163847068,-3.0220162344444783,0.3227298387444057
-4.36040062315386,-1.5676651843704679,-0.5984475950202872
0.33432778449902273,0.8318928743219866,-0.21564171976332094
1.730169871498651,0.3497482364202127,0.7786415460267478
1.4505745599569089,0.5386153171493139,1.9467176713305134
-2.216241295411425,0.2466779947017776,-0.886216725514109
2.4418626470276408,-2.5586272962211987,-1.4151285445963449
2.1175725250017874,-2.632277586134861,-2.0069125843369653
0.3191395972940539,0.9623476111191024,0.6195607767810352
-0.5232000212986534,-4.069759483085402,-1.333785296109991
-0.43570610136537635,0.357555222779367,1.4048934692558825
-0.943498605308274,0.5888427837291885,-0.3797764811700627
-0.8519586773315728,0.423144413612375,-0.3883545173819596
-1.0477940441253912,0.33319545033460735,-0.11565126917482293
0.23630576080744334,0.40053606443613404,-0.05683197796030458
-1.0864956012227662,0.5955408956535891,-0.4772261745296215
-1.9722973515892568,0.07349461863959605,-0.14697676769650217
0.3455394989151557,0.7228118604665593,1.6938717542394062
-1.5952056298410342,0.35394950311008955,-0.44249191618982037
2.3574614023114857,0.9978545969946332,-0.22474136013051918
2.1421419061576428,-0.3821717147183073,0.3564475010294842
1.1684332167145752,-1.5350557402283367,0.6157360127198829
1.7524855376719604,0.054758747299175604,-1.3490308992074422
2.152552883117259,-2.964953214942448,0.8353897709635629
-3.872040256763988,-1.1321459289966365,-0.42562412711114433
1.3554387848687108,-2.234116883761926,-0.7493838482114595
-1.7704625152352838,0.2687575268890501,0.2901678793172726
2.09204048746945,-2.6307951523192132,0.17173983309006782
0.0044776115116886925,0.8574732947519175,0.45498174274981595
1.0559118403935133,0.5564628833654817,1.5393952633025467
-2.473605708947868,-0.3789713822802676,-0.2386301794994792
0.8263502350995566,1.6521400697612454,-0.895555955144269
0.08286335482256174,0.8259127803272891,-0.6673533946211982
1.5060064182595039,-0.6196648682303302,0.267036306829108
-1.2269978419090375,0.061299305607813784,1.1942848157346104
-1.0335136595976047,0.11698535735575766,1.66985989722022
1.3983631480521652,0.8267674049152719,-0.4593128217064801
0.40077515433409255,1.1743770462614407,-0.598895401571804
-2.128965958014054,0.3552812558629185,-0.8679910918721061
-0.13712920372058124,0.4748582368156642,1.754793537800171
-2.6670607288290626,-0.6161521783182132,1.4119780884638597
-0.7830857541985772,-1.3644016750555552,-0.6861101505666736
-0.4028738019048333,-3.228077372352241,0.044527051680520575
1.5536373475568188,0.14141812967912878,1.6917250410152578
-2.3704636944340853,-0.031772735705502264,-0.3005444452013613
-1.7404196979914095,-0.09738289314016772,1.3961323946980106
-0.24452755279141414,-0.20071425923381178,0.516998320167927
1.1340304366424732,0.18956315587473427,-0.06284853035833762
1.8981538290029474,0.9510616739456994,-0.4208341121131666
-0.258088698460507,0.6843219693925252,0.025533880276132445
0.1645394245086003,0.06736320430552635,1.6166754515160522
-0.37475001197800734,0.11945905397519796,1.0779981731810873
-0.7577821283205991,-0.15940089522406573,1.1657492477954277
2.79732568136545,1.2427514995472622,-1.0752285275814226
-0.7808541750334479,0.028192725410282095,1.693486348470066
-3.2932500104323164,-0.5379157202702015,-1.0090067283228312
1.104668053022427,0.9920782717674537,-0.9661845836700583
-1.8541602697881694,-0.04309169354761207,0.21613225596021887
1.076135562452558,0.8700797338985548,0.02224684034752126
0.18975225593223072,0.8341193068501834,-0.2997804256764134
1.6483280238389664,-1.119897846338302,1.358503913550689
-0.9305061310764843,-0.23858168553147965,2.3069633322768737
-1.3574599582594769,-0.04675967969733642,-1.0602331178394924
-2.384621783275156,-0.0563958235259171,0.6153228277330184
-0.5985784966355936,0.798660939077277,0.059714505681699226
-2.3120009278980693,-0.06107796987520203,-0.7808430952861538
1.7691378142181504,-2.0450997608674264,-1.6100032027845435
-1.4366048815264316,-0.03751796701591403,0.7219758486587134
-0.04854023185327345,0.17931896952288745,1.1235309006154806
-1.0936666559794415,-0.3249167391943495,1.049927116531903
1.2691750580881211,0.8128821979534185,-0.031086560138258383
-0.03937524331587101,1.0081033407699955,-0.41612915319866317
0.7722228221644755,-1.740083934431767,1.2114497062389888
2.884024577024646,-1.2163066644848657,-0.4218469993870321
3.0629023036957803,-1.4550959412139692,-0.9245688452210232
2.1202540397614476,1.1969153734765436,-0.4710899598916714
0.6919581852334492,0.9093798925292456,-0.07282166269361415
1.1290329313741776,0.2860105652302093,-0.6050523291853906
-1.0287827839148238,0.5636071735934478,-0.3931231236214796
1.5273514194644917,-1.7983516012551122,-1.7392586890351824
0.38412496250873573,1.2461088162768692,-1.1846540941716717
-1.3926914069547762,0.45494834552068997,-0.07107668073732373
-2.352343214496413,-0.15860498735531456,0.2894776099596427
-1.0357360780974627,0.3095259762123097,-0.2657724582460191
0.3143894090825042,0.7939411052316242,0.058200119797764543
2.217529379462844,-0.6552670459135768,0.013799065736562588
0.15732601687428321,-0.0862069374477873,-0.3728379859226947
2.6641591878777495,0.5968401467365932,0.7225688152062582
0.2073749840999324,1.0012330324375052,-0.482742684326718
0.6978930425286595,0.24050168581937076,1.8637136423395335
0.24783212035457464,-2.190575498774809,2.0810940118979913
-0.023864828507494943,1.0181445679918142,-1.0579096867751419
-0.40372855544357866,-0.03865203233192238,0.6088874213649346
1.6007458063491211,0.41258489824169314,1.7898459808837617
0.9484290104683665,0.9787859741470538,0.2698962220068312
-1.0659673952750335,0.4188054765064306,-0.023535699030743477
1.8458701641126243,-1.8284513505459996,-0.8044115860965819
-1.1519964411557737,0.5481165718324585,-0.12098765881866932
1.3137665371453726,-2.8073027937921804,0.16280024383849034
-4.718201694123689,-1.9106652916247393,-0.43124250970175143
1.0068597334236544,0.5954603407672316,0.2875670552469243
-0.3010521091059023,0.7000432650636896,-0.23262706192114577
0.18952011500535768,0.7615761980551599,0.6224967822692199
0.11015762463121756,-0.08789669936599269,1.387897767042174
0.9609215406748896,1.3085967953384186,-1.1056025980832245
-2.1524813155814524,0.33110911704200563,-1.4838736738784553
-1.6528220716499902,0.1907332051486374,0.04335912560624544
0.8390630364971771,0.1585299943230317,2.6354682284086373
0.39923144868045907,0.46464180723364146,0.8701536165152814
1.997589527196104,1.0702825503310673,-0.08412712183623389
-0.02271140847194506,0.9578492761845969,-0.550302539724952
1.0441293914452596,-1.6951214688358698,-0.920353546579652
-2.361434429835472,-0.284795656809504,1.1306319240708829
2.1528312534781997,-2.5491388740312617,1.7076478556365762
-0.017785295464557985,0.7335028588297254,1.4185588267809004
2.4110810361214146,0.8825524211283894,0.12573444438619175
1.8290324672750853,0.9930374353703961,0.6462931602205929
-0.29106910210711323,0.1623588099991809,0.8767801096115844
3.3380383351199012,-0.9987537999838255,1.5351131489825849
-1.0442807122449704,0.5394369459458547,-0.29045070317871147
0.7918508367675057,-0.07010525008877376,0.7994692755157943
-0.9033726781807597,0.6822753691637764,-0.1320469218746444
-0.5455911133767853,1.0676625655329433,-1.1132635177296415
0.4029421936962027,0.3422764503629229,-0.3530629209218891
-0.6384925576646481,-2.9375315445176664,-0.16845551700342817
-0.003471666259867145,0.619100481034867,0.6964423983287519
0.24813190540096314,0.6315468137724087,0.021886220872576793
2.0643197552783796,-2.4124340127848587,0.3268097181757913
1.654915601283808,0.9727312799940468,-1.2117147257315157
-0.8201564138815762,0.7072210260938849,-0.6682793654091442
-0.7744432291013857,-3.7628673439435874,-1.198848966121681
1.6124170874009873,0.9526529394004744,-0.7334901415351185
-0.48271747637699824,-0.08772989414332556,1.8483647253228797
-0.3651315046799153,0.8520686529912723,-0.45914166530523653
-1.0299363270068893,0.560339407880837,-0.38339586356444555
-0.09069512309812017,-1.0359965448574613,2.53605965163332
-0.3110288275464079,0.49659455580447176,-0.1638232510508724
1.256118976978211,-0.17724744710585047,1.7497736410892462
-0.8792239359761163,0.005353022359363682,1.7344560354923424
0.2387854020218552,0.3046235544851139,0.820818284607014
1.6345566829503426,0.9793429741171199,0.11742078623298025
0.7001772930740752,0.859123597509374,-0.8579711335718246
1.271242448753857,0.06376030442234762,0.23097814214751594
-2.1896982584991442,0.2256806758930383,-1.1700415467752014
-4.158443081614394,-1.272888537407212,-0.8604852432174489
0.8634797414566159,-1.8398519788065204,-0.17049756184479542
1.9692848905925926,0.578191218715697,0.9394337394079869
-2.691120081075314,-0.17336045928110438,-0.38656168598113705
1.9242685415629146,1.0269651366662533,-0.6444819739862125
0.33904831187688045,0.8615843732266986,1.100144568862734
1.4983164058635368,-2.838708262762444,-0.28046722109542327
-1.132154293274623,0.6442944314226536,-0.9024123898235951
2.052722255713302,-2.2694911402299365,-1.5758267199049212
0.05518447044758303,0.276525459029425,0.9533637334106124
1.782145188038151,-2.621293589661148,-1.4229849667626395
0.6874136876176349,1.280502636517648,-1.001867346250981
0.6432901079385962,0.6048077495216084,0.3118398635877031
1.9746601651544233,-2.960401785268583,0.33602182224550253
1.350301566005471,-0.7195957959679458,-0.08990856569778805
0.9948495778902646,0.1935512824011475,-0.6428314815422779
-0.07832447603198447,0.9372325008247038,-0.14371741402515642
2.7922816798050945,-0.5558462592179887,-1.704277954294918
0.8288884008937243,1.1893598917213632,-0.6457998084129095
2.384864121059499,-2.6231376797695147,-0.38275484880416655
-3.810808296899477,-0.7620619215998383,-1.646455148062136
1.946508394160625,0.7647654104794283,-0.2074171173209343
-1.103486770531085,0.548610789909433,-0.46767334100936125
0.4664937953547248,1.0269953253991468,-0.3862037466898144
-3.2626185785015567,-0.35368326146776247,-1.273651004134936
0.3916816664886309,0.442750700405705,1.491894955739153
-3.769712410702389,-1.1196010470014977,0.15246631698605062
0.1421004650693032,0.6781959170500289,0.2637829137966032
1.4343418881950616,0.6313755896411891,-0.047345430151293284
-0.20497763802340352,-0.7698600025351461,1.3862714498289122
-2.0408416344057603,-0.03997356863466711,-0.3054552429089249
-1.9183588184444185,0.7140253954433466,-1.2589944685123209
-1.7618958614016782,-0.17795315596520286,1.605244257135963
2.9679037021154797,0.0003020184240934058,1.787255844086448
1.940012409999876,1.1957355589461245,-0.821378507675073
-0.5272863733510565,-0.15377968762162844,1.023994857275882
2.425190089231096,1.1663366487457747,-0.07369614695539795
-3.514305031433018,-0.7998694538569439,-1.7888936877931458
-0.8451704188443965,0.6054052332036239,-0.41324164435420785
-2.8219005219928337,-0.7009970918419215,1.36470944618258
-0.2918401418642649,0.018566117810551085,2.3956054869709504
-2.4335929330316155,-0.014484110455748711,0.08537894411011628
-3.4962079478512615,-0.8187713751466354,-0.008399138930293974
-0.38330843710770257,0.464816247800474,1.7108808061141836
1.754143882115226,0.6571550265873889,-0.4846792173617907
1.1408748464684162,-3.493721736490792,-0.03997870814111792
-0.7830174562630788,0.39558342760380943,0.33075800252712545
0.4945962144104763,0.9906147562322424,-0.7225444249885181
-1.5431143482423655,0.7753627822283499,-1.0064969044439873
-2.2652824950031007,0.12577949625838308,0.19111262802069476
1.2257127767533205,0.6600085952609668,0.245791059772139
2.155849911048041,0.16089827222530997,-0.3342791595410169
0.9864680112976798,0.6706827747385253,-1.1052512606527238
1.1348879540143644,1.0940045916877714,0.13457806158998217
0.15479996258880616,0.37932391738428445,0.9239008182714911
0.9410358742516135,-0.22309353482095193,1.336117163824234
-2.1285130491868975,0.3153245220311974,-0.19135957078215984
-0.1749727976528802,0.512107654703667,-0.5589864604231943
1.5680575145159197,0.9668236849704643,-0.42513730167442526
-2.2492113902412654,-2.3155689857018706,-0.47676051131941927
1.7158463285171546,0.7786114106259017,0.20515435359008122
1.076056962956854,0.6914266762267501,0.8306308600489121
-1.1595494065311682,0.5452502872353899,0.04841412539321044
0.8293963152893765,0.3503245313410653,-1.2811613289743566
-1.8752082512147092,-0.008234574313163415,1.145423051541091
0.5756164671960743,-1.4168159197421082,-0.8048192472570704
0.12646555245607174,0.5580146396640813,0.3695376834717374
-1.1387843512771336,0.7032398334380155,-0.8248349287330714
-2.7828861044620514,-0.41656103247602166,1.1173900333861215
1.8831215008522821,-2.3752159877726395,-1.660362736468115
2.3795865597043573,-0.8888266939579821,-1.1102100212946837
1.4259502671428474,0.994717401196763,-0.6886629551348624
0.9762431753288572,0.20679099082220032,1.695862685578395
-0.2162411214685746,0.5092869863793885,-0.1745872357907801
-2.1316377829340154,0.2670079073007397,-0.10898229840174328
-0.025845286407143096,0.38540311881356787,-0.1245368906827069
1.7344962522961709,-2.852725311753561,-2.130995970968226
-3.1886163577834417,-0.6180050702254734,0.2477875687599657
0.8458899701101805,-1.2495928393785352,1.0948629411344122
-1.5745521959476354,0.23556348927767806,0.05982599196801933
0.3310867071171498,0.94040747760557,-0.7807475436010819
-1.2121366386032482,0.8092644800266028,-0.9451418418615162
0.00034581035079600026,1.001726885006782,-0.024915661739475327
-1.3197804229312555,0.5043303427392956,-0.03743489022355528
1.7591291355613798,-0.5893535086462235,0.3828604472015899
-4.341974375707906,-1.433055952054327,-2.1821087322821087
-1.2934163319784395,0.5970405292991924,0.40403883221460535
0.4019494739489395,1.10117919562803,-0.7641926297124072
-4.319203885414698,-1.2543371077716454,-1.6503314676122682
-0.8585381067727078,0.7118235830337137,-0.5037702382148157
1.0700958884209193,0.26513694739714816,0.9355308009950771
1.6699679954627418,0.7650456265195306,-7.056116808589511e-05
1.398937462770962,0.973827593838597,-0.5384491648766749
-1.3862881823144197,0.5125522943817256,-0.18109985012194144
-0.04306401285939896,0.1112490327320403,2.0133227862658023
0.17421192844607902,-3.9734569269976063,1.0474584669985578
1.2269167402202723,0.9832289556866466,-0.5116070082266488
1.9288524530306046,1.3929698702455995,-0.7878649194628021
0.5417883044619917,0.14379271274355432,0.46062651597067794
-2.0203547830501116,-0.12234413504404458,0.9003875029216803
-1.4281514811942384,0.29650211679860305,0.17825722098233596
2.269647578502935,-2.481454862888714,0.02702307950883493
0.5741893472718383,-3.3878324094920718,-1.026053569544124
-0.7286248740988397,0.3398092273359015,0.03664446880363304
-1.664037920783926,0.27615278792069037,0.10357836838179098
2.0768732674640407,0.17046825554697118,-0.7233673542974207
-3.143233629659746,-0.40703331283569194,-1.5631842772030717
0.22851252791823276,1.1609116622385858,-1.229824719381506
-0.3106525035824207,0.488655987014317,0.5331865850356857
-2.1730540725675014,-0.16463806971949782,1.5371891781990996
-1.5282121681033163,0.34710345282033755,-0.3029226447365003
0.3815204553284975,0.4045274993732169,0.34254352475940164
-1.087122909017873,-0.17180368396786047,2.1842927106048515
-3.595014451842345,-0.8213409723348574,-0.6161833242542241
-1.2396494024103923,0.1431558201832563,0.708532955520023
-4.709749790321686,-1.8837451724451093,-1.260661309483771
1.7644332688065205,-0.16862422203057129,-1.25803091521578
-0.9087687945491624,-0.481993832667648,-0.07502325412081434
-1.9071994907703143,-0.23033297495033356,0.5193434713476159
2.815476662494848,0.5714233433236248,0.9400367135198197
0.3715682199109539,0.04324697386195444,-0.11866542054808359
1.5670521211868076,-3.3083379591741116,0.3691193473198952
0.519068088287752,1.4227464728883177,-0.9178876415517323
1.0238468123981905,0.9777786716829812,-0.3253619138559288
-3.0690461471048964,-0.9014698209912744,-0.24100627088765958
1.791808295198333,0.812256330701251,0.3777899399243792
-2.7685239598420766,-0.09854561449022187,-0.4446895596384051
1.9093656669592394,0.9454294980191842,0.6532284453415601
0.10750788844117162,0.3237075792374543,1.9008556911666648
-2.8061373631195488,-0.3025566552374102,-0.12116976242846264
0.4069442368254764,0.9586716270021953,-0.7159245862702339
1.4538815800506024,0.4505239653652643,1.9251757170435662
0.38291467060389106,-0.06923984791369632,0.05579624687017215
-1.8879070294554325,0.23185158754498567,-0.12212012800438857
1.5735950726229262,-2.308970567622286,-1.267258189881074
0.9081580284301448,-0.0844475751805638,-0.3875396395758883
-2.4742322740871976,0.006549960924796202,-0.12603473553466452
-1.3647126767541378,-0.05396358477917157,1.1146657117953176
0.8721344398424616,0.7975396742166502,-0.9423556624890138
0.7602039583575161,-1.066543492506392,2.2083898017151316
2.9705011659848677,-1.7624921819765635,-1.6281658238536332
1.2889397604488406,1.27578342888901,-0.5096561755051743
1.809447190662745,0.9998540895858918,-0.393527414589587
1.0973116683210213,1.2816433473982665,-0.25939626456277437
-0.02611739057732432,0.4180251509444842,0.9497750733403669
1.7088196911026843,0.08486443833360668,-0.6367108068591916
-0.1256457128134142,1.0989723192735554,-1.1473204406033575
1.4417112805258372,-2.4195031707612418,0.9330874696384499
-1.886759699950487,-0.15814953299200749,1.2771892046280595
0.5375929935212749,0.8194951992582274,-0.8041912860980863
-2.178686927114028,-0.2338371281668485,0.15243403756189533
-0.4752661986473249,-2.7906680056820803,-1.9597454031117392
1.73976294693379,0.9530162262912463,0.114079070526375
1.0787870967552822,-0.4507821192195565,-1.5320527517518607
0.2875703718085243,0.83515985704889,0.24999335387108512
1.1380782869306725,0.6067400507642102,0.8395813248149437
-1.5410784944723481,0.7416651193700978,-0.9676363217924066
1.4867760485025363,1.126205862507144,-0.5851730642596102
-2.260540535495462,0.3955394911748378,-1.1954857257478202
-0.09527442947190981,1.0661097624712863,-0.6772649465766303
1.0113692346911474,0.8835715664303727,-0.6954216132040041
0.24291357492754884,-0.8193009685194077,1.1682868371745985
1.5566997182179185,1.4627814906760412,-0.5495973247986486
-0.4397596397293639,-1.6151917173393024,-1.023807238700967
-3.710992054770829,-1.130150792317754,0.33378464326176704
-3.7281560161812792,-0.8817103466179282,-0.9904648106327824
-0.0024024154938865807,-0.5415429980847241,1.7055492480177867
0.8513611043127038,-1.882264565530235,0.5003885563444449
0.5887566764457299,1.1001924376305194,-0.8680890039464284
-2.2925207093052684,-0.49489841047129973,-0.2215845280645119
1.6366546575561607,-3.1331104440253275,1.0600902639599123
-2.7008247859083045,-0.5576159621539842,1.8063776301155503
1.425878765174905,-3.097024021671775,-0.5823530656138819
-0.48628556497703923,0.27447865006167116,0.6312077457165887
-1.0049386735624866,0.513961025991028,-0.559830265968765
1.393325363742891,0.4332421328509966,1.5299142359642097
-0.2974581872997554,-0.39686225504275857,-1.5061417028443238
-3.1265951315927807,-0.24568522313057253,-0.9796989459142615
1.8411299999510067,1.2042974691088582,-0.5609841280647815
0.4019814815238532,-0.09536391267195397,1.6805080394327232
-3.850912703540571,-2.2393669736345534,-0.5941989582990235
2.0163225000526244,0.7046596280608574,-1.3701130336061353
0.6018915111659858,0.7864590147476518,-0.7464651100636902
-0.43652466884545504,0.8069863474997858,-0.5055824822098381
2.051622384971426,0.827037185244898,0.223267119256165
2.5965481247709024,0.9689846719051839,-0.6535010009522133
-0.505116631371242,0.7710419163857806,-0.7093697697306584
0.901001234280184,1.0213254259130786,-0.006646860616691569
0.2612755820337014,1.2316501405303886,-0.9155903957026622
3.439711492869903,-1.857541317397398,-0.8862298355574078
-0.1598742701880519,0.9208690487112139,0.5032487884565742
1.8117750432745077,1.1397707660420764,-0.9375655116399472
-1.2920332483668906,0.545174541364909,-0.9071882644873052
-2.044350775251819,-3.250401924149295,-2.446761929154229
1.0650599653942914,-2.363761513958939,-1.494643039941654
1.8491806426773614,0.8354141466546533,-0.46959686941416995
-3.57807892261439,-0.7506559515143342,-1.5451543205686558
-0.8740679227694824,0.3162548227588856,-0.2697395114784219
2.0401492936318384,-0.9123110340052477,0.00809606275260679
-2.084612828656351,-0.1304591007913482,1.5239138457575803
2.1083619235464153,1.009171728739541,-0.06395107417978088
-2.6943429411281166,-0.3396509990948077,0.28907926829687436
-0.9940861539583862,0.5610232794733016,0.7042479560383214
1.3919732052411973,-1.967014727554952,2.7043317751233737
0.6461205470604978,0.5375986096459282,0.13223543892003067
0.5307488562308775,0.9955687334230569,-1.021057310373118
-2.9678535538138373,-0.1695197267544636,-0.9373181624497756
2.1697247845167893,0.9382776618938637,-0.5895871374516143
-2.623496044147832,-0.4330405121468458,0.4024989359625454
1.0971611705094806,-1.969464387263561,-0.9939429519426458
1.7631548674183726,-0.6840650075492886,-0.6984513439206452
-1.1229353837236007,0.3946872109126018,-0.16484405314678469
-2.1174795501520647,-0.49791692467115917,2.483885347701304
1.580410621970892,0.8454008292929313,-0.5698196895114949
0.9394122795606026,-0.3784660450629332,-0.4516487031375552
-0.16447479953774485,0.9292756912908008,-0.1777742504414465
-1.239467411991053,0.2805957127122719,0.6446258710927543
-0.704588593448381,0.6032494145622129,0.37803708713752354
0.2982099696772885,0.12167533749957773,1.538609196261896
1.2378224021601798,0.6452088874222041,0.343036111594684
0.05729583898271417,1.1252971524621727,-1.1409223037628757
1.0764256563001284,0.9552270143286272,0.030381349567373303
1.3352396657983026,1.1029192052583838,-0.6028653424024938
-0.6607309526428955,0.7020287013410744,-0.08631809770566218
0.08978334422065444,-1.9065570468787256,1.3605315606544683
0.9734853593508199,-1.0218823016628402,1.5325159702468953
0.49525782465530743,0.701248380955494,-1.1378596292574952
1.4038651358744552,0.6553018971220202,0.31445998898817146
0.8037449173973029,-1.2867220360578755,-0.5112697185444924
-0.21182654159551928,-0.7907493934392973,1.1472855108911313
0.04452500479127477,-0.015085019147652057,1.1483608050170253
0.5355242424956975,1.2225453051485369,-0.9683034669449534
-0.25519807954337376,1.0840551862971934,-0.7160224127013354
0.08974043011919015,0.3153563880655871,0.7439748483524767
-2.0834735618126383,-0.0645529821333934,0.11403925809501017
-0.3572817347935146,-0.23679326005864396,1.109282597514461
0.11946189471594204,0.6406783325402857,0.5472251014434097
2.098323536271413,1.2480407115204164,-0.7440168575304854
0.2826134427535402,-1.1832412137121415,-0.9806602059683062
-1.6647616882891103,0.7051119882874062,-0.6635275198007894
0.6985229448466235,-1.7736468617288619,0.6413333254035073
-2.6901648421449473,-0.15092202860672344,-0.42263071161501137
-0.589720694926799,0.7260046932103491,-1.1244479932935838
0.11852386898514339,-0.2910839310072275,3.181194279220859
0.47697982749710793,0.8747196914701796,-1.039649846799744
-0.3602818263547339,0.2364650873710566,1.6694676172936154
-0.9287783225383407,-0.6197808090934368,2.0513563272535764
-1.7882304992142093,-0.20663024619482986,-0.3030905366299327
1.5417963902224714,0.3070004687898794,0.9530146209647897
0.2644808487472889,1.4553814744592455,-0.9833218268851126
-1.1670037331411016,0.8194213684115151,-0.7332891464107795
2.265511887053977,0.92170832156826,-0.1362721127023333
-2.072555274779323,-0.48486951792431543,1.3812715060002585
1.6123243015622843,0.3031271397084098,-0.3808316790157138
1.0371812912386826,1.301137235143279,-1.0065361705344216
0.23182515905102066,0.03637697266546544,1.6578265959167033
-0.7197625136936463,0.3562037882084322,1.7797471458255711
1.1094716751255325,0.8857542934604331,-0.7073642619744438
1.5988286532245104,-3.237020423391738,0.5560121407201447
0.615049414670224,0.9588206692772825,-0.9153743837447122
-3.177709154574985,-0.8614597846951605,0.8386351495920303
-0.3550442418767912,-2.522150867388911,-1.5855184529411557
0.8033382038054286,0.8154274065045651,0.2894769618286053
1.7542468664394062,1.140444223865481,-0.08370147697972721
1.2681691684457042,-2.5637486184910405,-1.0537775208617337
1.8937180797672355,0.7444461219045261,0.8755632476990782
0.6818374641873376,-2.946032075872373,-1.5017487472530582
-0.783301234328858,0.292934567795128,-0.21320757474878074
-1.80841781591281,0.43729681840793255,-0.7643995010847265
-1.754559417517053,0.11888893669092224,0.16875392923147164
-2.1996493028601427,0.00036161301145110037,0.1764405504909295
-3.518278561776712,-0.7611237519639108,-0.6147950802453582
1.4864098936297327,-0.3063261987959636,-1.1100374880554504
-1.254528759292725,0.5342256193065638,-1.1890866443520984
1.195689968805068,-0.1993876382845816,-1.2107860584956243
-2.790563166149875,-0.2416830294904441,0.47763481057900214
0.562201822292743,0.2784339455407382,1.559697696931502
0.9604126112651764,-1.494707143396188,1.316180510895979
1.404012420403687,0.5913331825484881,0.8313358614094859
-0.30494215436996397,-0.39115480736235203,2.637519668250718
1.2357945532960446,0.5560021928298955,0.7744146183095396
-0.03858901892197454,-3.5879403146651767,-0.32340403066311074
0.9412014026759009,0.8730849153733796,0.7113754507912355
-2.5811024958978814,-0.19575581757293586,0.010656566613827361
1.9093046692664695,-3.048081831289175,0.8807879753897523
1.3764628313593787,-2.6923311823116025,-1.2634200738750874
2.5318810976959796,0.903769023011181,-0.014191079323090376
1.714580704754165,-1.1368645666218646,1.3465624152203064
-0.5429627856707516,0.016463481221863162,1.115483314395409
0.9213400203771285,1.0789412950564785,-0.1781538142538698
-1.7817932804435013,0.47325416152901495,-0.9328831459646602
0.9811111550320413,0.3857384084520925,1.4223215559729576
0.1340266470944636,1.028339179480909,-0.4910270414245667
-1.7675717483545323,0.531566814271957,-0.3890172123998265
0.6896529462860603,0.053778573969211964,2.0315291890901936
0.1210767107806587,0.10572217015844286,0.07781780931864847
-4.732274237014122,-1.947552597675561,-1.070723757843792
-0.545267697696641,0.5381139161374089,-0.7604476176836571
2.149552619901679,0.9825344016474788,-0.43098234039109146
-1.3213143243568866,-0.4814364809853711,2.8061571680363846
-1.662072481746079,0.00863864181138235,0.7034824417253949
2.438207532951342,0.7809181559931853,0.14814469785262965
2.086160526086915,1.241120770723991,-0.12118234043675646
-0.3898896654132137,0.4303577670155583,-0.14729285811257106
1.7983132081965338,-1.605295517670393,-1.3696396182918784
1.2035657531231772,0.8759107887630643,-0.12866972851781824
0.026323429568992442,0.8224028179001489,-0.28096650183064253
-0.6459490664592477,0.5095190894922862,-0.14224949024694736
2.7571672429568763,-1.302891732151819,-0.7602119140529089
1.7692846713429415,0.7530987380992693,0.43101329170590175
1.8876438421854482,1.259128373513212,-0.4171460824060631
0.13834953025321337,0.2991154026371042,1.6674438885838632
-1.507553948183271,0.6597404913836593,-0.573854157428842
2.485988751729399,-1.3896239680833518,-1.2745034214074977
1.3757988173142812,1.110561358922616,-0.4969006740100838
2.130014412088493,0.9174619401031837,-0.2526022899064555
2.8720057210299283,-0.9151609075885031,-0.14022868402584893
-0.9568826696621057,0.7475539458207975,-0.9714073647476463
-1.6980990779938734,0.08049794218849902,1.0889468936917799
-0.2692500483872438,0.37664465358405935,1.4942777546855257
-0.46522678641295,0.46985585915626854,0.5249823202085242
1.1282616461427908,0.7867164404268091,0.3342742743663804
-0.48309034045722143,0.18212178268539858,-0.632118361328711
-0.6450867239170647,0.4342348589138707,-0.17119065105230152
2.638794520400604,-2.294652101184561,-0.2588889667834002
2.468110849298121,1.2413946738943533,0.31823457553948004
-0.666460529223799,-0.0005620883986704823,-0.4149622836996889
1.2658392341575888,0.2008624528167744,1.4388899939687032
0.17111710806030903,-0.895326520231073,1.5191545748904702
1.4856637985067607,0.25781746893221913,1.5328738697486075
1.4374922578805196,-0.08661638696292602,-0.9909601127021798
-0.43524771129758244,0.4511618281930379,0.28568202528102477
-1.8894453391488863,-0.10307863748639319,-0.10043183652960941
-0.000645414530462523,0.823732350772111,-0.031882087102940666
-0.033715310425612745,1.0455758994249098,-1.1836736104987235
1.1103003066141062,-0.4574313906241985,-1.532101406456281
1.252088376458986,0.7607869539687871,-0.5723492497644564
0.2250137677348144,-1.1460538854887097,-0.6969418974715832
1.3162249758324605,0.786849987851585,-0.595960497756423
-0.047278990402229944,1.1626067651102097,-1.0259588830395094
0.4665078155053454,0.8284869060998382,-1.0598049586774334
-0.4778712476764261,0.17673739896308815,0.041909386228850765
0.2691435184517748,1.4093926534026144,-0.9385979208820264
-0.7235852523571928,-0.3770052486988442,1.4880695267930149
1.0128204968123278,0.41489138365014216,-0.13925722549163022
2.923749943532026,-0.35540186333888957,-0.8558620156686116
-1.0335681588048036,0.5100822559362768,0.26133526558637193
-2.254990694115214,-0.3907937566302529,0.7118241772061836
-2.766137333601022,-0.42286127689251474,0.10197943154553912
2.5961058037191744,-0.9300249835349365,-0.473739898871058
0.017112826135301764,0.601895968562348,-0.7486867432095623
0.24184252895417796,1.0830019505908781,-0.6205902466777651
1.9400766846203887,1.1715629137511867,-0.9179956877214088
1.8389289894955487,-0.7442171698932777,-1.172900039611477
0.06465948485554517,0.3957385296309633,-0.37437959959962047
0.3106057189087856,0.958913249470022,-0.45264669976906774
-0.9014902856296269,0.41375912786188174,-0.023175312078541378
0.428784958698794,-1.997814196092965,-0.8813989911902136
-0.8808243403508961,0.08075712656210678,0.5197400913131796
0.7455933062887284,-0.22280186485575135,2.8978956865857115
-0.3830292676187582,0.5867163031438996,-0.26751565865951077
1.7543875325649645,0.9282806690543249,0.7721274356041378
2.0273948252098335,1.0266750807320786,0.4423087513129508
1.0881170827511741,1.3599875192119957,-0.1993933985168375
0.7861255942722002,-0.17290811793810182,1.9587632631102432
1.5872788615512539,0.9248477153066872,-0.15404227578455584
-0.6300856020627352,0.4287647106274368,-0.09955433915560383
1.9542310054294678,-3.156904649063835,1.2624663685810997
2.071355503372061,0.8325430287935892,-0.3008123114082185
2.561015348192639,-2.6182591911717368,0.930783563919368
1.0069354680175544,0.2542715077719627,1.4930776499710254
3.173033814670917,-1.7471102059988954,-0.7089704916541896
-0.5711055260335104,0.3060528859631637,0.7976972796723835
0.8394306190545714,0.9238415795757012,-0.02351856447833551
1.3095241035176253,0.743025521239127,-0.11443199582127964
2.2855779214559653,-2.2831965354834525,-0.28525845423462237
-0.33355222184452965,0.06070655911791101,0.846217702688163
-1.378946868192057,0.23926367946701182,0.4678310817362326
-2.1741367389574813,0.1466165389413966,0.24939044054161436
-0.030312151490997977,-0.02257155211930035,-0.18289995097407222
-0.1472225301866813,-0.0035627146562633386,1.391589753002084
-1.808059900697633,0.1819837876945986,0.5791941240105863
-1.8209531807430277,0.49924604449109594,-0.6650394663415068
-3.0832189468452462,-0.31943447669430264,-0.6409768238195609
0.10291254802909756,0.960629926616685,0.16768127658422835
-1.5386054994365275,-0.09582658867321157,1.7797951055353614
2.1208981376088953,-2.093822633447935,-1.918461131700982
0.1754935425066058,-0.480072972795252,2.670147243473928
-1.2494192920580518,-0.4546649021102311,2.87637994523966
-0.12050592913804856,0.5653309171972917,-0.38309415696538485
-2.2359555538630467,-0.10248701310124475,0.4825932617596833
-1.008565571370136,0.7578029969204395,-0.6259773564077601
1.8095737650231574,0.6657726120116657,0.24332063121722486
-1.6170091003967073,0.8009210402499906,-1.010173612041135
-1.1785279939449955,-0.19574799517184355,-0.9212575682295232
3.112181057457807,-1.4507738032905462,-0.2921835044705767
1.9874901250873693,-0.058446774731393286,2.0492917359404053
-1.870632560238523,0.5151706886705355,-0.33650417283752154
0.9928160480811433,0.8724825921875022,-0.5981758496050245
-2.349655981694862,0.1031237011589135,0.1700865697347779
-1.6480257608987707,0.20432023100633434,0.0029142022112103815
2.5492634402030894,0.2728425959987677,1.819181762377492
-2.3622844089559414,-0.287203484176691,1.1377993788497505
-1.321309326614095,0.6768924723334107,-0.701020530905904
-1.1995578583906898,0.5310801766841552,-0.31236191204407093
-2.0510212080222163,0.044133215619140236,0.5705186576363988
1.5242065743107833,1.4073050329623287,-0.8867873991137293
-0.09923949583880143,0.8753354659552635,-1.0798590878429706
-1.1161916143953101,0.2585041359962168,-0.2638087266049906
-1.330780522527896,0.6500623959561858,-0.621154606227099
-1.6524530088574283,0.6227881835588789,-0.732962061577735
0.891831175887051,-3.4719092541534935,-0.6738427360251518
-0.9593768282194591,0.4464033285143501,-0.23953874187686655
-1.3810890496526818,0.881066876565486,-1.5778978350527786
0.7068808679152949,0.7828004917169208,-0.22174967188402575
1.1474464017411512,-1.4575590280799338,-1.415166626231132
1.8372326971375987,0.6271173563336667,0.7335989386441735
-1.4309653695019295,0.014178189115756403,0.8848080003875425
-2.087266284260886,0.022162468297977564,0.1396769008270251
-1.978516992207122,0.47013014632741823,-1.5978727641216857
0.6133813440959129,1.3254035471701435,-1.0323977804806024
-0.5644490834761311,-2.451819973882473,-1.6073613502719055
1.506379067935679,0.9651951459210774,-0.7071235558920254
2.0409070582143003,1.0303047487388401,-0.31287254421847593
-0.18469753254804439,-1.135054587081202,0.08945960334582946
-0.43962339615228996,0.7024553802537555,-1.164910994982065
0.9511775551121718,0.9657221225327158,-0.2829172350470517
1.020337605127683,0.2648160746203356,0.5977661740899368
-1.6518904279298137,0.6046494446116172,-0.7096920623346946
-3.6342493411845425,-0.732882724096517,-1.7479750111809738
1.883110786136966,0.7938314152212981,0.29487570807898783
-4.671738647087579,-1.4819817687240682,-2.292027149900071
-0.7015571313043258,0.03790324313110078,1.1964615935824998
2.2346369239624853,1.315813846129678,-0.5890268777373542
2.3703293684363302,-2.1882307254469016,-0.23702963076354042
1.0417325078425566,1.0469752204324339,-0.3704718119544303
1.0595100610370896,0.546923527872459,1.537067209763918
3.067709455899827,-2.203185824816098,1.426799423918704
-2.090091256393435,-0.0832996380636339,0.16984301315904704
-1.7470222946741751,0.49231996050798377,-0.5559561064866504
1.5737876142818217,-2.8594507171095493,-0.3271614886485067
0.12606511544999718,0.8292292119954977,-0.3067320991031828
0.006159500387175188,1.000170163061816,-0.7377287436633205
-0.30794118406443116,0.7779873443717371,-0.1808794053518292
-0.095168873734776,0.8122925067349579,-0.5814241149109005
1.9465984907572222,-2.962168030440148,0.5943215359746054
-1.6677644595065115,-0.3965568105557637,1.2685908985383507
-0.9421863710798225,0.847180391715891,-1.045650585440694
3.110389958157484,-0.28819983412884265,-1.6532985553723127
-0.06738694364819638,-1.207173446622598,-0.2563233253903674
-1.204728461851973,0.06518690858576738,1.0905400156040206
-0.07005414793335349,0.6476839473245907,-0.5920030406228468
1.7283014270680621,0.3006269364398918,1.6776220934240111
0.4938583848013096,0.03427065996702995,1.5170570118416655
1.5119645925985783,-0.9152383790837141,0.056153431285714255
2.197369849667232,0.8143618884925843,0.15003018706256596
1.6624568119905658,-2.387911879260191,1.0603392724125993
0.3509498707183744,0.2416417057533178,1.3977243448679817
-0.4175834359700783,-0.00017316293764876327,0.747388248075829
-1.050371125875878,-0.6345999888073789,0.3041411833912665
0.4750380449153664,0.4071893713059041,1.730325966707024
-1.228175752164767,0.8037976271876957,-1.423997588987122
-1.1941866932922907,-0.2802073098747697,-0.1099909766521801
0.33837925529504015,1.6247525759359438,-0.9923649657781054
0.47197827947538246,1.3767803878360394,-0.7749638135614927
2.2707950625584266,0.9535300741439816,-0.7640219309151175
0.42156422839276686,0.3249906992075995,0.27854902135766935
2.0931100273571555,0.7483647274708614,-0.1893272962411827
0.7062105837175908,-1.4105639977638003,2.8033919372996983
-2.4148440774181257,-0.0021079200315277688,0.04965201912908492
-4.317983714706115,-2.4212661795321435,-0.3335702364636512
2.7548192439236536,1.0484987424061596,0.0749627784267907
-2.816394701905722,-0.5622532337178631,-0.23237302743901345
1.3334061053427633,-0.5438125457322989,-0.35437257659973437
-1.5782162113394143,0.08775566374940627,0.7111730248917231
2.7390573031902323,-1.2061805294592134,-0.5555803593179313
2.024829399508179,0.6709422655883781,0.5615530038579193
-4.511231778289409,-1.3243593277147387,-2.1765177483559026
0.24922057737411238,0.8448600526968958,-0.5791731387698943
-4.235521080796225,-1.6878613264351365,0.49396761325385136
-0.10460827627778187,-3.853596260787324,1.0713164242626507
0.5799842049700442,0.8685088399187231,0.7442855294147747
1.3752171071300527,-2.601430644749729,-0.1309241672807204
3.3024565470477296,-1.136930706340843,-0.8932823400336342
2.275786148994939,0.9220516664482782,0.07630191145671394
-0.7044994994659457,0.4613529262396384,-0.24095879240270937
-2.5266688391464993,-0.39236467553860044,0.1464525818637156
2.9298267023481346,-1.2813384496226312,-0.703445397250349
1.0010322448691746,1.0880646489998853,0.013292133851547289
-1.4563829305526836,0.2165278506741823,0.4163191118518521
0.5359008553643384,0.5211592029229521,-0.3409759340220013
1.0308176999200447,1.1744190749489651,-1.060622102326949
2.4026852005599184,-0.02667344245879919,2.893091529302544
0.38821238521146845,-2.4900419224325083,0.5485330555147973
-1.4355028112607493,0.11851641548713496,0.8887115270434166
-2.461492192145047,-0.18127750476441798,-1.455727281069455
-1.7149437716239015,0.2294058071422757,0.5264977902852984
0.6504153505085462,-0.6639260332986394,1.4072860502080278
0.39126121742777703,0.34928523142064105,-0.18128291032246932
-0.6492163255640099,0.1864460045187122,0.6241522750908064
0.6894968869651127,0.5996566168498317,-0.1490664985397603
2.056592062452547,0.8338870965394015,0.45261699334901695
-2.065176631356686,0.3607975645417033,-1.4212199635963747
-1.017501287996304,0.7724587013644506,-1.164732547042469
-0.34822427768781106,-0.10413129013719698,1.7018636113175751
-1.8326655658026054,0.11355153743110563,0.7203365688755345
0.5097681156910066,-1.0719670064843334,0.07292139772966717
0.9438166803113561,0.550416286724273,1.3218629074311505
0.13943877452077466,0.5658983686829284,0.30095227605530167
-1.262876220911771,0.5088722311809444,-0.42689354934791146
2.521005909569393,-1.3615588289018223,0.5059723393127644
-0.7642350351687182,0.09500397470853571,1.5253313704827816
-1.0872761585206119,0.3206836385115453,-0.4796245403427328
-2.6852871808003176,0.056543588702557095,-0.41010565988925746
1.4671577373486988,0.8185285616923149,0.361735699688794
-1.4513503014347937,0.13927981997819883,-1.136070178090792
1.0282641081652273,0.9722662333490654,-1.0263998915002062
1.0848870618264506,0.48530061128105917,0.0018417900603404866
0.704271332364578,0.33545826387637556,-0.6626381959635833
-2.730842414338836,-0.26615376689352277,-0.0796168043406562
1.6746819295289368,0.6986412683784252,0.6303982628546823
2.9975642096505757,0.22717325292766652,1.635836265682522
0.5519996980505573,0.15378042101178888,0.9602686276683793
-1.751646464907525,0.5194522611190917,-0.08125793914286009
-0.563230095982858,0.2564926245114253,1.2584149631618071
0.7876059074640522,0.9530970223830877,0.29517877923531954
-0.9957734528503744,0.20466770774980286,0.821551562090306
-2.1865205553954534,0.42833063846794467,-1.1431815854917122
-0.7372027437986266,0.7799879970296526,-0.7103835555227642
-1.204132565697257,0.3806925361196116,0.34666453671413344
-1.4707842818163226,-0.3636889429640176,-0.5390154895238762
1.4061262729189874,0.9990543486746419,-0.605880845254575
-0.3777105308749527,0.1259154024180985,1.0803234981617555
-0.23767160623002825,0.6846690320898561,-0.7543945575122397
1.0907802039137806,0.14501391078123604,1.7001677939683353
-0.16384012606371634,0.46059925964786624,0.6461108573398814
-0.31954098217281485,0.5502083400782057,-0.0703749972357143
-2.797533591701814,-0.35761754163397963,0.47641249202752844
-0.995993152708316,0.22327373685014895,1.3534679648387993
0.49874465255995337,1.0406287197375603,-0.6798287732576194
-1.0029377105436628,0.32129709231956055,0.8195917653946749
3.105295677773705,-1.3273059673929353,-1.12310151728455
0.337680929014922,0.8943866431832672,0.07390083605553754
-0.7991216539573667,-0.07904640704667375,1.2354886916991428
2.1836812000586145,0.8653558920367767,-0.12033303812279664
-0.4632671234736109,1.1025383180606347,-0.41116596296914837
-0.17868685541260926,0.7200616633883947,-0.5087943825825364
-1.244656510629583,0.8548331264424259,-0.24155749269926444
-3.1153905779998485,-0.8815488855044402,1.0176254223291195
-1.9569993029449015,0.29151360691684985,0.2974250168628221
1.1305664097564587,1.1217313589822258,-0.44308616927286354
0.7990251355201085,0.7329507777120794,0.2951895445220328
0.14550038155118053,0.6878272265187765,0.23511309468113428
1.4966223099570812,0.12186074889627321,-1.288061143386178
-0.8015621081340457,0.5396756378232126,-0.2173561913216219
-5.197030151805441,-2.3191824829522605,-0.6844438633453339
-0.007441492752582718,0.032622895614119476,1.5738796221490452
1.7002959762328766,0.6462948818878028,0.45957360317820556
1.693645163798127,-1.9755613736879982,-2.2306991800847675
1.6768004975799735,-0.9657503512747402,0.41853985352265305
-0.8937492509572832,-0.8687678617205236,1.5562977232394184
2.003326869646232,0.8211182860057479,-0.410901219350394
-2.602999176848035,-0.06413676233004138,0.248956443873896
-0.40855463153598726,0.6050733988916017,-0.6083149932425073
1.9621660307438213,-0.04732833517605625,0.13258983317672368
1.8844371019859523,-0.6140584838432235,0.7143243351025582
-1.8658554597259207,0.2972969445996055,-1.0662182042482826
-1.4471285520568888,0.8111815941539864,-1.055377759040302
-0.8000701740717173,-0.16146021775034772,1.2260947739837953
-3.4630476783281,-0.9017279291475824,0.38845479176706976
0.5019462648801317,1.0694306941680782,-0.7348403579499286
1.820640124174595,-2.3360853438456086,1.0982972915369573
3.252403650245378,-0.9647159893747989,-1.170785946414136
1.0620451122166117,0.6730034013186765,0.7895288235839057
0.10346079819576098,0.2741480007767159,1.85852653309457
-1.3399131795078156,-0.21809523122897154,0.974260745074526
1.074751837324145,-1.905892047548437,-0.3879522775614887
2.588138097401833,-2.7955419341653402,0.7988017258282495
0.5899366667306957,-1.249090265366531,-0.7661003360235046
0.5423566645293562,1.0270815269122582,-0.9864560257120801
-2.9399723399853506,-0.8526236205368832,0.16757660621833348
-0.6250415496000954,0.078035275493218,1.0967764420219104
-0.5540173002634993,-0.4458613269472988,1.981909647370862
-1.0434424368591648,-0.1646153986841354,1.2902001441061497
1.4010716534934433,1.0254976717710964,-0.6196276231494547
-1.5753943128416281,0.17381338062792268,0.14972793826366992
-2.76148173767096,-0.15930093599883632,0.2324054649306185
-1.9681033827545829,0.5163848202021786,-0.9555515013853854
0.7718267804756045,0.6656930214434543,-0.18043227129878173
-2.233604692616811,0.2781954124659801,-1.4762783706254596
1.169293538578,1.1486759620442328,0.5927111809469705
0.23489949439829924,-0.36236662935560626,0.925768513364814
1.5288290945249592,-2.8481785729186018,-0.7022239780669657
-2.878286478384137,-0.01623043394589241,-0.9281005637427585
-0.11797142883311731,0.6308420677613596,-0.9141017895715309
-0.5434113704411763,0.4067373763268688,0.4020848794777755
1.7997775354301646,0.8563874174028033,0.28002080406687013
1.123670732663756,-0.8285562191296407,1.537392470502345
1.1193048707918531,0.36085022717202,-0.23930350015632082
1.178901145328217,-2.7935303489091265,-0.07372924536611777
2.5959526662459447,-1.988608829815202,-1.3932600053450008
0.5032321471186593,-1.1814712121571815,0.9438170191627552
0.742535759153092,0.4152624162496037,1.9780785129158407
1.1837696201160852,-1.4915792415603744,0.4837855832516255
2.2635710642168245,1.1463936556220802,-0.4800863669955307
1.1280229374755608,0.5676084407921266,-0.7343011105436986
-2.6304011369214835,-0.4723337343915352,0.4887401450484907
0.4942995358720423,-0.6828471126176208,-0.6098774391716048
-1.2022789982738156,0.4834028397758666,0.324689801272246
-2.888231830857718,-0.140592341874582,-0.9042367905681968
1.3389288028669537,0.43081966772742303,2.5942533147058287
-1.6117640569114446,0.2873102414809211,-0.2748488992581703
0.22669017370834746,-0.19012689170328975,2.426730449944807
-1.333848345837722,0.5439123389182352,-0.5889406496725436
-2.429738739891896,-0.2941695411391091,-0.5525107641792887
-0.6799513049127837,0.3938016053217165,-0.3868302733882923
-0.3150574427115192,-0.5761903682340945,0.21330249753257188
0.05128761982267537,0.5793039990509956,0.24737337263759565
-0.5443654777383058,0.6203926385498814,-0.32237566924838823
2.6116589616704733,-1.7806932925161498,-1.3267450935849832
0.8583024489708979,0.29765035144266994,0.12003031324862051
0.16129192166130238,1.1258129067304221,-1.307033372473023
-0.26450072847109285,-1.5714985364173444,0.17333444094161754
-0.902700739158984,0.46832480445676383,0.036715263804353866
-0.7808194322458726,0.3240829257452589,0.2905536984978377
1.279223847812182,-0.2647082880247031,-0.5042791056050517
0.8978564517392101,0.17247082534318034,0.9757806622557421
2.7733395003947208,-0.8894887281553777,-1.4514847967834177
0.5513612495384893,1.189177392972637,-0.5654408401664158
-1.5226140796406142,0.14831033090877316,-0.30942556662088844
1.587289007301176,-0.5430270412173083,0.9156426712181278
-0.16939530244058199,0.08048547306481976,0.8128583090586954
-0.7253148542792338,-3.710183406836389,-0.906606750684962
2.2818349300939684,-1.82407656353169,1.9611656069017105
-0.3352073306329779,-1.3821132793057218,-1.2309581659868403
-0.33284421763293986,0.6104863623246912,-0.5226176370945945
1.005891286937541,1.0250154603130228,-0.7404115041206449
-1.4700738992652242,0.3970795355662381,-0.9588858282402863
0.9775043139668499,-0.060854648334521616,1.6735094993046524
-0.9564006217009612,0.5540004876751364,-0.9627832067025711
-1.8901318411063233,0.5806064298162443,-1.5226606468145192
-0.13577322174901368,0.4826167686498789,-0.19832467345829527
1.7234620273122503,-0.4501584794684074,0.30641264964193654
-1.8605300312378061,0.09602479455069662,-0.37861885152772023
-0.8254099935244223,1.1560423257435455,-0.7524734090278031
-0.9786111194351529,0.39054638610848513,0.055138759045922706
0.06010580551352122,-1.5312706180182314,-0.9145271941505658
3.0186578868669516,0.49876687254745045,0.005420338531468971
-1.7653915526889365,-0.18190077441842753,0.11842557226473523
-3.8796615396477567,-1.2511950612159455,-0.35501309138408543
1.8835269626813682,1.2244411459175095,-0.34943487519923655
1.2098474511568527,0.7581490090590001,0.31004913124958094
0.040133763079914196,0.7640653328677658,-0.3910777187421626
1.6218161722221784,0.713809596239735,-0.7001117052565636
1.090720001708438,0.10121083375661453,1.5025189462485995
0.7618834078240434,0.9129888970603796,-0.6492920140301055
0.9664781557567765,1.1093494472718397,-0.5524369358722078
-0.26800642759440363,0.7926472729920443,0.6048704994093352
1.2691305431731077,0.8652677855631148,-0.10538660278615244
-1.4921253029520576,0.6861879286775896,-0.8760126615396246
0.5819414761957251,-1.3114416100600692,-0.12227320645588385
2.3786647590167114,-0.4128971523792952,-0.058268103530288974
-1.0746062054075805,0.4518240216115461,0.6570722939647556
-1.03304361537841,0.5915059285569871,-0.9712993155399591
1.8864924613043699,-2.2843361337057684,-0.9446927265685175
0.22430791575871065,0.1769745509164473,1.7547968873293744
-2.4749621072158843,-0.09468365447985311,0.5782671702326051
1.0451236252939808,0.6001842318213647,-0.1487682059631802
-0.5385186568719822,0.8499003524574635,0.2794210435037082
3.0041544010547194,-0.536218802844549,-0.831246778890711
2.15872902863096,-0.27809964883480615,1.7620232888687803
-1.4499919213704227,0.214899927959059,0.39044084975408927
-2.8824119909867454,-0.6131100080147543,-0.22978698582904683
1.2202855327430333,-1.449513153826314,-1.1535580374746262
-1.5843492714463672,0.6985210467192605,-1.2728888134817447
2.9736761491610544,-1.5950285820732923,-0.07058591370050035
-1.6200534764599617,0.4402171039452023,-0.32334869443988234
0.2949264223229924,0.4747521277816594,-0.09456868966143286
-0.6372067200045142,0.8081331728840168,-0.34071428477889015
1.7338191303127248,-1.3180728900818672,-1.3166318795777734
3.1732576632266114,-0.756507062310386,-1.2005944595381715
-3.1351576121709592,-1.1492190199165948,0.4668660086504979
-0.1132345766170732,-0.2192976789270041,1.2854169748862816
-0.012537726032259569,-2.703989305320289,-0.8200649085069076
1.0313788542400322,-1.584671035002058,0.26851136639652595
1.5764901498371253,-3.752076178799753,1.1187701020343845
-0.9041971632720017,0.6462034681898621,0.053472781811339104
1.7909505659651648,-0.8037307614592212,-0.31872415594553255
1.7734439909096984,0.20485220369224497,1.0111744530006268
0.4057299809390917,0.9552318736204998,-0.7056853651575665
1.475720323746106,-0.21843688289830823,-0.16100069909427325
-2.0646638273621507,0.30254894612588323,-0.783424537484886
-1.4773151742552633,0.8033957805644557,-0.7791594083640323
1.2458959082415286,0.38766743568459827,1.393812460897567
-0.6882847570358264,0.34791471487971903,1.5206552617247402
-2.2232171169235437,-0.24406153143817816,0.5599216825467243
2.0262473458694013,0.9684909020093254,-0.8498773838594308
-1.254662227218883,-0.3957022336196764,0.3862897446636917
-1.6111123819526745,0.3088887338098783,-0.30835811961387805
1.0054568054550548,0.261298024171936,-0.44451752476624845
-0.37502154031935764,0.353073718735247,1.011570873425999
-0.8447350547296167,0.8883533492991433,-1.2406147674292924
0.6511858341528186,0.3919626342817061,0.8721393006645641
0.3489563371309994,0.06251445860521108,0.7074068270678667
2.6415124327196553,-2.425773982458109,-1.6336646053418946
-2.124528236164071,-0.183830479611548,1.2183811447521482
0.2334955088141015,-0.17833618343610594,1.560595065758361
-1.0299981714344457,0.32407372731435835,0.377645671851227
-0.3310827746442083,0.26118572622425573,1.3735629947637387
-3.3787336248338025,-0.7800743583415657,-0.28816556199104965
-3.223491244771908,-1.0397097694387818,-1.6575124156472811
0.2605946700065677,0.30859007264828464,0.02923580454531545
0.8665279795644778,1.239081185291276,-0.19590510913397127
0.12056240500538731,-0.0628790095943869,1.306403708565876
-0.6115210093749878,-0.3017346678789043,1.1782618634903514
0.7725981780553015,0.12945200597434706,1.2963475125755448
2.208691858121863,0.33806089529136724,0.33776881361591704
0.14771894501931712,0.7327836183819451,-0.3973586821651465
2.696928793940821,0.34643069177952623,1.9146149442322447
-0.7716585419927345,1.3687097260593117,-1.4235001126072706
0.5913216479526422,0.8516355988656618,-0.10118414517925073
1.286934810675832,1.3078620019553415,0.1430257111700283
0.767589932382233,0.23277975283362937,1.991704865730635
1.8949239482969016,-2.217259012325245,-0.6088523843411928
0.6914673979141426,0.157450809833442,1.188773198916228
0.32062636519140764,1.1051903221599035,-0.14715192019695048
-0.7612032181061894,-0.1595283677163872,2.296679673898469
2.067127990646289,-1.8271081936795057,-1.2727790021975733
1.8948445669969205,1.013666799227825,-1.1839219125481364
1.103308073522036,-1.297110316060202,-1.4444081957905495
-2.0586974937338276,0.5173469303713764,-1.604572780476078
-1.9361799145263463,-0.2981474956270152,1.6939255039136214
0.1151744487151252,-0.31939119881501193,1.987913396397287
0.11735451979410014,0.31571690265047386,0.49148681370241304
-1.0519447699980453,-0.17607077908677501,0.7868297727454081
-1.4671168616100332,0.7367955845100684,-0.5008047993914976
-2.3347609442999526,-0.3604405970798057,0.03787561287931541
-1.6706169679299685,0.10162568202316552,0.7411753980530719
-3.5970454586708738,-1.3298759970713832,-1.3638133596369584
-1.7276303981590566,-0.33550598986822655,1.97110918280544
-0.6416537930324638,0.1062032144866544,1.3925960263183566
0.6177775744908293,0.44529882804788895,0.6488242765988516
-0.9572569623721691,0.29524770358010693,0.3910496395054089
2.5029690133492615,0.8845775416473355,0.011925146422508678
-1.6306582473300595,0.44843806386291973,-0.15622650619007533
2.2383668689191825,1.0500861051905483,0.06469377979525164
-0.00791686293934688,0.41379974734668373,-0.5032652357719872
-0.404825456706601,0.7988205889859875,-0.20846404220786866
0.9274450589270086,1.0190126398807775,-0.8093817941690261
-1.7345194093650584,0.6066679198846311,-0.77344263997772
-0.41826506768977745,0.11338119679415017,1.4105806975535844
0.8103145725935089,-0.0772171757575094,1.7163580294412404
-0.22776576449160818,0.5735953669755689,0.47432762933200606
0.42397531508634484,0.4575133664669666,0.08175359252068091
2.011890420289656,-2.6255998519139894,0.0018152579168897673
0.35080344265547736,0.8756560012524599,0.4709555655439005
-0.31169984427402386,0.7864587039648022,-1.292926495265758
-2.182862083927473,0.3382573795215578,-0.4095390930634792
-0.03905774039846897,0.7565931255019266,-1.0138786350822497
-2.6434052207005734,-0.4129831653768907,0.6583976509033422
-2.113632116780473,-0.2504233727600004,1.1328440585110295
-2.8812609433358642,0.05604806139140193,-1.6394969790392173
-2.6124077704371276,-0.04784312606186225,-1.0439592713647274
1.9095370113562526,-1.6246883035274398,0.5621197092632852
-2.0697542118632613,-0.20555942341831504,1.4329769396440337
-1.180526372531932,0.624457560714824,-0.528872981000429
-3.6370198141098924,-1.2314417290386477,-0.3092842672151031
0.6745870429986126,0.6557256019562823,0.6589117642030132
2.2937955919740562,-1.9402713686854445,-1.5276392274623736
1.5534708358514566,-0.2344400315614237,-1.342203137238469
1.6702588131562954,-1.30519532684646,0.9240399704089755
0.09192257590668515,1.181208506387677,0.4310739979910361
-1.3321645533755246,0.5684146216216335,-0.6311532079740182
-2.349457677533163,0.0839530361971434,0.19642833531161816
0.5515065662645545,0.5241957004786848,0.27525980255012095
0.7053849513022208,-0.29335432201209777,-0.21640110310799124
0.0026703145915355584,0.46301958154412,-0.062477900926233516
0.9948698080231729,0.4054856295576514,0.7762378378182235
-0.6157998396931789,0.890980645355389,-0.7493122308848567
0.9756079712766429,0.8200249954855687,0.24191062040335085
-0.28957053052954007,-0.0502278104647749,1.792442642139689
-1.1479619991634862,0.22599537918003273,0.6118564285868217
1.2896373896872575,1.0743400748073642,-0.36074446653197495
2.570831981708231,-1.235234670078842,-1.1793715333148678
1.6748147719097424,-3.2013993732998993,0.8567052197700085
-0.503393050601125,1.0091057326260469,-0.6588955222645665
-0.6464877698463173,0.7516640878214176,-1.336391609369788
0.2493259723234841,0.33607332519001704,1.4191188318632484
1.182478856064022,-0.04433778806485478,2.022843256090617
1.7405092009508571,0.965245546225983,-0.4656012361055227
2.214368410793429,0.7556612156343288,0.3253889445992771
-2.1276581998286903,-0.2523983581724545,1.8868942342016386
-2.2297751665907315,0.36549993784808255,-1.4205564284373098
-0.023016153100864054,-0.4093993770673568,2.4313011791415104
-1.562209739318937,0.5675899421527055,-1.513236534964348
2.880740154866218,-2.026357876614304,-1.0264474867123934
-1.8786748823618806,0.31599914322244943,-0.1502868536904335
-3.30995558284434,-0.9557807543722481,-0.2453147071268949
2.0268201475402727,1.1080635473798117,-0.22799825197762588
-1.2201197028117488,0.023293118099239694,0.5285236933524793
1.148477128020209,0.9433096523957438,0.1552155830378843
2.0813068564408623,0.00793299178124728,-0.047994764451606046
-0.4564384653821648,0.7505743920399794,-0.3376592559620937
-0.35643340931352313,0.8569762617013702,-0.5044744475170668
-0.19850713162000072,0.3623943006004593,0.9384406201065343
-0.5913706755963462,0.3288725477264736,0.8561854681983638
-1.9152786317128787,0.7424833945356949,-1.312982131093363
-2.763566610476905,-0.3588551205302174,0.19633020464573042
1.6770908141496255,0.9880378711322763,-0.08425349072076835
-2.380587027276572,-0.1608871955341326,0.549313206855645
-2.1578880894457875,-0.18087302402446273,1.4933438215776131
2.4488478288769073,-1.933147566212826,-1.6738375162654295
1.6271179952093415,0.9553297356522271,-0.3749482344480737
1.6246286098096794,0.5799104514290667,0.33222874459484397
-2.453221382925799,0.20476901552715499,-0.9900044130360768
-0.8216618454107408,0.42474228937957365,-0.09754843667720378
2.996296209860995,-0.8173930354970552,2.806846274105129
1.1293140670032498,0.8990865673024815,-0.2572425708068101
1.3408390875571687,-2.2311328726250372,1.1153913370589956
1.7784432734225026,1.526025139660124,-0.341686979046722
0.8552335389167881,0.911117579422589,-0.7645379620385714
-0.26038383777425217,-3.8424168376278565,-1.0820785203015364
-0.10529174460734742,0.7638839380287754,-0.46804896987638717
-0.5376765783928048,1.010145178915017,0.04820847666365004
2.256763671152922,0.1496785218858737,0.2177465029378884
-0.6018570743790115,-2.132354851218392,-2.056948215794425
0.41307193271220416,-0.7684115015400326,2.9100904318105205
-2.715946679961617,0.05039570693719425,-0.8880478338169023
0.3320047042025074,0.4619953568012656,0.1857086842745479
-0.7858944685951819,-0.22217594402114801,2.4965086904476745
1.4521754922714762,1.12179555072868,-0.29434997102927735
-1.2054765215496577,0.10551014567164549,0.2826720377351582
-1.1196958707699924,-0.26236998480537993,1.7671613670975546
1.5260761774849658,1.0233251544821576,-0.18670559247014104
1.5169786828405407,1.0186684486263606,-0.8297224512450502
-0.8684450801443652,0.5868035552506073,-0.9719628506990227
-1.8312298087617198,0.4898667563847934,-0.6063956966832081
-0.2656893254661247,1.2504571206434474,-0.7739692586239862
-1.314120194113761,0.26795504235068673,-0.6802369450028778
0.5886224750809205,0.8826609895329635,-0.6921870765192287
-0.4746226428442438,0.8376930982973131,-0.9384965709148679
-0.3058746264871141,0.4553555379904243,0.559619842281812
-0.7039880592793575,1.3050883044147579,-1.7636756738043964
2.7902648805694237,-0.6969725848014026,0.12638817388609072
-1.176607354257308,-0.03204462194921606,1.529886713918954
1.8895574731572522,-1.9031043509867067,2.4970509434536377
1.0874713194342913,-0.7169768475546258,2.492090389838437
-1.5998140962655578,0.28068928462972437,0.7965664069202043
1.8949794154378372,1.1264003434508423,-0.5228551931724928
0.17928606009913178,1.196015236556201,-0.9287052864145396
-1.5759425883460028,-0.10242924178471634,1.396492781650212
0.9615710893779026,-1.5435968235881823,1.4205173057363782
-1.9145935573159156,0.09655249337918607,0.7450338510308488
-0.8038406651177217,0.4357614204833639,-0.19179772849030005
0.11600852644769227,0.1345067167479497,1.7373927923248649
1.1719527153100278,1.0637842177687282,-0.8074014114684194
1.369153566688423,0.2089385530973909,1.9535355168948492
-0.5456322703897931,0.8109298491664227,-0.882118253870594
2.480293108666828,-0.8739287011658726,-1.1523285612457626
-0.08855893183165284,0.8519522322338039,-0.7989017807757601
-1.5273530179846273,0.1575957538660317,-1.055626466074208
-0.2395443461330265,-0.05677303662060926,1.4484810082945552
-1.0646467479455146,0.6783695260927141,-0.823206065358457
0.3090914779907304,-0.37820508912899814,0.9062601363581797
-1.4554783884724887,0.6900686099056605,-0.9786231906456443
-1.815048839505879,0.6147022776918721,-0.7875173751773957
-1.3407463051071615,0.4066757948974945,0.06166267045598902
-2.011123097926475,-0.11890247048902917,1.60870328425813
-0.6910423588960811,0.225121693871512,0.32838642409275354
-1.453944236793088,1.0292354238297263,-1.824769477835969
0.016430303017643182,0.6661432505874608,0.5398538353963932
2.79991192296574,-0.1245832847827353,-0.7570219069584788
-1.603497312656026,0.03466897977958332,1.0300674373485457
0.5831130572978314,0.9061093214848192,-0.010295696642258663
1.9862685558660043,-1.7265729599023159,1.0909310604755271
0.6199744121815074,0.532758123272753,0.5164877940195243
-2.3427842041483116,-0.1912274430775029,0.8509908387817594
-1.0973550742320786,0.8398294035305179,-0.6441238101490686
0.5419468838248062,-1.7181509933008259,-0.3230147319951867
0.8107482307171797,0.6941615222311605,0.29720430617794114
0.4168359742475315,0.6404954843539231,-1.131340560375013
0.843446932826021,0.820526949474582,-0.1570949517155603
2.84452299789447,-2.0894892714507813,-0.7770739950423877
-4.904156565999706,-1.783613090161274,-2.4432657761308882
0.9271722453877909,-0.5350333235498889,0.29015845488753855
0.7901784987121409,0.6337555991332704,0.4718066583914708
0.2239699210639092,-0.3592458825597396,1.987502981998851
0.005579474083963998,0.9388257666024701,-0.09071801855043149
0.11667508758834844,0.03722881773224993,2.4299195938125675
-0.5394363271593514,-1.4651470903301353,-0.39923741385579464
0.5202267702258038,-0.0426902983079242,1.9347217659578766
-1.1324404756231492,-0.1413122019609729,1.2261661704511193
0.8491076226086298,0.5330532681047387,-1.0278717615798592
0.8184506289507593,-2.5708118729418454,-2.273151915406497
-2.298772745233143,-0.9231194572902385,1.0680636573753008
0.4403277126363708,1.1889623329210024,-0.9260781060718721
2.0413267126528627,0.311921612713236,-0.7237032587288244
0.5720514395100913,0.7668725516670003,0.23378222548672936
-1.8868314965696649,0.01854030066014275,0.6013164986105088
-0.48495776261537704,-0.669372127323935,2.8437167313314413
-0.930113261357587,0.5293013850132121,-0.48630397069214976
2.3435493281241975,-0.6879783944283216,1.044927054371539
-1.3780220712887843,0.34402709105576174,-0.9962629202469189
-0.23149745592183044,-0.45226466384452935,0.6929905110793161
0.009190010533860435,0.021742086966769776,1.3839509381352764
2.176822052889684,1.0040487153929447,-0.7137815756751459
-1.2746150379480081,0.338190045664397,0.29254430397503123
1.1557358742260395,1.1544980490083199,-0.6020801223389481
1.2937719091873339,1.5818504878287583,-0.569436849163239
0.7582283372515285,0.22533261943708724,1.9144677045400549
1.1709441989015477,-1.4631581261739999,-1.2119113235574785
0.37017936020089715,0.9953095668099121,-0.3434906803674494
1.2772914116651342,0.9695710949651563,-0.1573784648975353
-2.7126575672134354,-0.19788467137591154,0.4971734432745746
0.9128999654905975,0.9547485769239344,0.03351428728471592
-2.1395994333672133,-0.02692113907746685,-0.1171710423166817
0.3929115278356811,0.2685482246351482,1.6002664813993044
-1.8948345015949455,-0.18102389298028235,1.3452800250272965
2.868067088256197,-1.8031311126400213,-0.2548446266626332
-2.2653788978210754,-0.3037964540145145,0.2733315405997263
-0.7062271512013387,1.0638575093608083,-1.1179998024430056
-0.8254345997232195,0.5497765418184982,0.00561820956877842
0.8104587150417969,-0.06381036288628926,2.386343761600995
-0.08021406583985669,0.4394622334578394,1.9793483444886302
-0.08015102247353198,0.012678493568062906,1.497727689979273
2.7767640130044104,-2.6132807991694915,-0.13063440920503908
-1.824137559403754,-0.17737869545586296,1.453619672086981
0.5062085239041921,1.0037777730584103,-0.7924513378707516
2.0238203666344172,1.0812605987385724,-0.7362730502565471
-1.203731087136121,-0.2277795013747678,2.4847693276304796
0.6751933716693433,0.38700778685653275,-0.6050623435417818
1.3358018820746453,1.2319783265871513,-0.7876620664207213
-1.891512531566839,0.47625819433582134,-0.7465253867687172
-1.7382351052766274,0.5369448004943008,-0.658068108297229
-1.9299087373295714,0.016680190339534703,0.1720590825445904
-0.1754907550268793,-1.4933623473524478,-0.9971397045493421
0.19390542354928922,0.7236576825958189,1.0835900237419214
1.9381559332360454,-2.693201635168541,0.08840216517491417
-2.5855088101302117,0.14257087971858412,-0.5469953584779567
-2.261831669954907,0.41161437809308227,-1.2126121923232605
-0.33933350108450433,0.6310642894783302,0.03415310564039445
-1.0692166335282405,0.3922170569632564,-1.2200407426245226
0.9352126422064615,0.8460977020252896,-0.8621929627999557
0.3513528608889163,0.6647716284602035,-0.7428552263750341
2.6919165243849017,-0.3707917223810469,-0.5276675067772418
0.6614287596126197,1.0699679846276025,-0.7203768131795311
1.9107064841300923,-0.2766005636546857,-1.2918626618071662
1.3487453419747581,0.8726139735567261,0.6455286314332372
2.4311438864505046,-0.5759110560473967,-0.9994109199300095
-1.8084735947168642,0.7312239536128192,-1.4747657596189048
2.406127771053963,1.0190221485918038,0.21741176813334143
3.6567157086319724,-1.0846197793072152,-0.06553880343830115
1.8500475867954853,-1.5825242785847016,1.0692617859820397
-0.8879255104533111,0.29331809492365635,1.2027068601714428
0.34777796684728174,1.1814070045026417,-0.800460418333317
1.1185255321006076,-2.6085428139903923,-0.06265732093732698
-2.2008714682269517,-0.2034705303608513,1.1576538758663661
-3.0208669070793897,-0.14280314054423807,-1.1667608279550292
-1.9288794292736253,0.4678644637633114,-0.4377732802714502
-2.3803664917126297,0.33044832730643753,-0.8678751727736241
2.159042597623423,1.0313783744202716,0.016335806772154085
-0.4545923273901723,1.2250758765158092,-1.0487385049673075
1.5764767840204525,-0.6714779703145524,1.443057871274975
-0.48933356811471473,0.34357132455303485,0.6785795045247438
0.058386422151119576,0.6905831089586468,-0.9266072171458538
2.7276057205118818,-1.3596545065321854,-1.8357916987406246
1.1330666476953954,-0.7992817164963298,0.8959597250607096
-1.6819700487515206,0.7967698888273614,-1.8970161626355964
0.44839713639970963,1.3285093586005898,-0.47040431066240446
-1.9832000827773637,0.5303425648608063,-0.7122200610958844
-1.1885231639700928,0.8181622533240026,-1.1939460472731227
0.23789676646961008,-0.5062122192253419,1.7406483515982933
-0.1905990408399381,-0.5153999229710657,0.8298221224314736
-1.7363043725928167,0.21304431420033515,-0.7993578590506342
0.9045795709990828,-0.027686491554069208,2.7721667629435585
-2.640522198203466,-1.1275743818710475,0.5408657949624117
0.9189018320435692,1.0060431475656095,-0.623249499973437
1.196658840061182,-0.3571794510836676,2.0087252652812335
0.14893185550611537,1.0656732746657094,-0.6113406180563691
2.6125036117955927,0.2425395714268697,1.5793481224048118
-0.5189379007434036,0.8693172932176372,-1.2132720186319528
1.1194406554203278,0.5150955970909373,0.06367069881954945
0.8953040095925566,0.8643131152432947,-1.138959394996405
0.5489789592449223,-0.23974054535143294,1.1341175621692394
-2.9621308473390036,-0.2537454049519679,-0.2210823459130772
-0.8018324206310674,0.00823023551408388,1.8143576151760965
-1.2728590049757784,-0.22476929384963876,1.1133180554722129
1.4229464757973729,-0.8348574714326309,-0.6059590994569908
-0.6273358395674847,0.30625658565939967,0.48808723406294935
-2.2349320997144573,0.5458103454742158,-1.3897595851986149
0.8243891293789082,-3.0747893087587364,-1.5268104423961029
0.4341172663129752,1.3657843143112705,-0.32831975656207696
3.241049425629357,-2.144253385945917,-0.5856363016978826
-0.7949346093252461,0.28239070905658603,1.1013830937871947
-0.32892451161593367,0.6008496611233286,0.5884988796836446
0.7845794244142612,1.377796461035557,-1.0130520578237086
-1.3004726227045011,0.7951161144056478,-0.9607680802750046
1.9258174604012253,-0.3531966612586576,-0.1350467744911308
-1.5492549926048096,-0.5952662851663335,2.5651087076074135
-0.5641212905519781,-0.008716675182387454,-0.9898125835802828
2.3516800627678456,-1.093784074674602,-1.1293616473780588
2.607849831853663,-2.1116442804257214,-0.41669150532787125
-0.9516716812220359,0.5849184281794291,0.21920681986640161
-1.9153170288938632,0.2516638347023791,0.10267036536900584
-3.1025914101869656,-0.5314737364845561,0.17084577125692615
-2.1169052117135316,0.11509430710584181,-0.28687077109707504
0.8956535423518852,0.7449874582523204,0.27454575558196953
-2.356008297768902,0.32172332466382986,-1.0949452621090907
0.2532479638622777,0.7735144802668348,-0.6273914407802043
0.24698074510699397,0.6255623037538386,-0.52196260943976
-4.2032491238219905,-1.3998154371917764,-0.48265798416002387
0.9327649155443267,0.3621538395680997,-0.006478975494522413
-2.9499499550466983,-0.5927581417465073,1.0571724258503576
-1.1061852807945793,0.22791570148112356,0.7856651994308272
0.01629517857231513,0.560114885257112,-0.6857639909432146
-1.0197304277266641,0.11827239209187294,0.9178575657521436
1.2936605066207407,0.8078750725388875,0.42363430418967346
1.1799430635514254,1.1051186052368824,-1.329628696308524
3.2582066268914676,0.7650750872023928,0.40857561528358854
1.813256548163535,0.47137970253566636,-0.8258963111169373
1.6876188150384905,-0.8297866922927327,-1.1054504525934998
-2.104825786114024,-0.31919189362607214,0.798513820771232
1.2204536292910189,0.5070475870925696,0.3537374821280561
-0.6201535583050207,0.9544050296728901,-1.0489374524544541
-0.6405576864201805,0.6868995800238851,-1.2363171319750548
-0.7694632572682394,0.9054622578663453,-1.7289303678674448
-1.3072114469466998,0.5021776240937151,-0.7791980005789637
-1.079087508682582,0.8526170841793255,-1.3002149976769313
-0.7025693493966804,0.8183964486394765,-0.3603102426772283
-1.7941715055809189,-0.022827176112453742,-0.17408986451216363
0.09730107583854984,-2.883403298125364,0.22695412157191522
0.27498726232912923,0.7768410387427667,-0.17098132833739205
0.6039139232201516,0.7318529304750052,-0.25070749574833096
1.977479633526294,0.930060769951857,-0.44815396543753633
0.22088154009695044,0.10954305560702804,0.4864763861583024
-2.8746383785173295,-0.4953359902491962,0.39012052565941086
0.26431141278422393,-2.916060653187004,-1.3028471889892435
-1.6354756578502851,0.16043854310027567,0.5672189880510319
0.1685138599191935,0.4918751488196558,-1.1013671851052853
-0.5083035054731527,0.7603074801323672,0.009306635544692736
-0.2941420823419859,1.03343561018235,-1.0297464905969018
1.0979445477571421,0.8927322896478692,-0.6649485041771478
1.7040934593676884,-1.9263511407662772,-0.5395438204699333
-3.029852400638637,-0.16825731556878468,-1.090990591721291
3.585370726115746,-0.9619310667436282,-0.4778066480705277
-2.0229890284160286,0.26173820397390885,0.20541966600684927
0.08085885613387,0.7199507551177314,-0.5099531649797499
-5.2219223974763285,-2.3896974272770186,-0.4745398305356536
-2.5701394168124083,-0.7234380478625548,-0.47084184750810465
1.31096680105206,0.6317547807696066,0.8923202633636417
0.41288422268823205,0.38732817282456006,0.6556596694573199
-0.24520156824970574,0.8380206567912344,-0.11749541603476962
1.0245968530308176,0.2519845898962458,1.2865118049491233
0.32810336709443955,0.9307536402208348,-0.6218651898179639
2.7080174815678193,-1.6836823577769846,-0.734807344329087
2.201275955184665,1.1170551730671054,-0.8510633896535051
2.124917932503724,0.6585976756401298,0.9893797915493602
0.43042856406431235,-0.15050847897393654,2.058698148964194
-0.9513448611986953,0.8610377357771534,-1.583768347622941
1.0786056975872906,0.41826288260716865,0.12158676238607158
2.3788490821083874,0.2771959921521857,3.0938159994141956
0.2616364750024318,-0.17551987685406317,0.3767594793360322
1.0284879222231198,-0.7145651832998765,-1.063739921344755
0.3966367569829256,-0.017346261186084518,1.0351092183872406
0.037708327506974955,0.2668204924260732,0.4853846358501364
-0.7972095392345009,-0.2513201190794147,1.7663947154116149
-1.4868179346892192,-1.3510597456382267,-0.25446925343868787
0.10221957753718619,0.9166295257440464,0.49576221508340385
2.9145901497601026,-1.5486255039257704,-0.8593496580639826
0.5554432195843056,0.980441074572772,-0.2908535525390168
1.8507698094066267,1.2678083764807655,-0.1330388000664482
1.6530147593910536,0.5836204675675959,1.0191928754163009
0.46513942534078817,1.084062558047361,-1.1506279800795183
-0.36909790028562317,-0.21037682745772143,1.2559514429210703
2.55543920146604,0.5962040632069481,1.0397620251406903
0.2885389053984359,0.6174661871893269,-1.3833239386119573
-0.5462295439912366,-0.21637646480998493,-0.6093803889623641
0.28130851357358716,0.1914927152390861,1.0886946099416437
1.5619099754986812,1.0839976876031963,-0.990876700347776
-1.7579272983686844,0.34373223032764777,0.12843664331368485
-0.9579165841694589,0.1910601509479254,0.5403295145310532
-0.7797055021791204,0.6015911986937318,-0.40166217134963395
1.3582215128480402,0.8649833599451248,-0.7615844434245875
1.3571872390618749,0.86121269522333,0.36453368588628465
1.516000729385673,0.6566604985182016,0.6704202003418014
-0.02731065136309996,0.089374018942425,1.7128895235350772
-2.266070333768777,0.08578949041415168,-0.43801905009537234
-2.9753868742996876,-0.48494532059494727,-0.16295677196142686
1.633620121552954,-0.24528145897923528,-1.2938232361483424
-0.7706205185062415,-0.15696469778941527,1.0898162180322086
-0.30617195196448727,0.6472774988530153,-0.26715133676191066
0.624104330100815,0.8934391341257655,-0.4384937806289437
-0.34221585963186163,0.8454897644833761,-1.1095859062112006
0.24845525082664005,-0.6833024618954793,-1.3596037171556221
-1.8094337676374956,0.4146864000644666,-0.7278185143952183
2.4515765381646157,-0.6460668630083757,1.65865308549488
-0.2651972638517109,-0.6677037260350127,-1.2322662871060306
2.109643294434066,0.8992193268978332,-0.1368506337567584
-1.8548206475968747,-0.5265034007017171,-0.9357935027182519
0.41609965330958587,0.9254098934578374,-0.7090857983840166
0.4427986152059921,0.8711950969254538,-0.7519394875404982
1.078782452670972,0.051589684611866554,0.20733093631411068
0.3668684146936602,0.9618324310975558,0.14573432625649468
1.9836504005067825,0.6730191885140371,0.743193616543774
0.4434909277755646,0.7269447475182044,0.4345628056981877
2.869049377899603,-0.33023922235202335,0.21109433084083146
1.9215190514619487,1.1235306359721764,-0.7682348185045187
-0.3584078670301948,-0.3852723755355153,1.88191323361518
-0.49740123625496113,0.22275364278870832,1.3110324359665693
0.08850471070398605,0.5478085106782018,-0.004087553205290021
-0.1291669069203117,0.952073104944877,-1.0552554981162525
0.4524467889841765,0.7336419796056556,-0.6019258946703762
-0.18411091789851103,0.16828812687573827,1.443839162224383
-4.070834519411735,-1.0247103309178804,-1.599245046496399
1.1253420158743483,-2.7978126215724317,-0.9467184188574772
-0.1251397463958548,0.864819163590264,-0.9491447230137192
0.2608779900406844,0.8969738480347739,-0.14537315123593467
-2.3764358638907055,0.44202004488842117,-1.665512797156028
1.550182560766113,1.177236644885904,-0.37974406508353925
-1.2483598611984983,0.21594026941876046,0.7756394437583409
0.5508771227080276,1.0131233959520682,-1.1347611223002814
-0.9816170141063311,-0.48049175032955843,2.184981860797651
1.0680780718208571,0.9618886032575384,-1.0586464564010907
-0.029281723866404905,-0.2859484335879332,-0.2471598333810716
2.1931057882398908,-1.8759260089097711,-1.1705463808258882
-0.6879713250837006,0.9369728989730857,0.09633901726695072
1.0661600633681847,-2.025615648986782,-0.08711306219695675
-2.5745408941274355,-0.10071184708201845,0.043340261298475256
3.2799709576575538,-1.738793498434477,-1.0670286996545595
-6.056060645987753,-2.736657756284045,-2.8150210905466957
0.09476631429804959,-3.9525630625208508,-0.09560375492016539
-0.09629140767159755,0.30181131750548185,-0.3812766818768578
2.25110704530673,-0.4350831350480598,1.9590865759925369
-0.6147155361726783,0.17777779967378682,0.4815558786752135
-2.319342703990347,0.131504753917063,-0.6932915201218336
0.05229248772250284,0.778776238715696,-0.46559228112509515
0.5142792272643861,1.24249456211363,-1.0349359155609532
2.949381642819723,0.9533479292493376,0.49628611299963643
1.7744040975122302,1.0131886217130077,-0.5542404202975438
-0.9249973937267507,0.8614726378106591,-1.143507860249573
1.2490938799629117,-1.031104035815636,-0.6230336195650304
1.5515428653313728,-0.4373243225668035,0.3656858713107188
2.041655084311416,-0.5592586825506191,-1.0894232386761271
0.7654570258850724,1.1680344124795639,-0.8931037856625659
-1.0052407076834575,-0.03432915877936422,0.742016937279346
0.8383268528955852,0.9606836933316485,-0.6283167312897492
-1.9060118055842787,0.25829132010332495,0.05221797260084157
-0.4874597436359718,-1.5939564273598286,-0.7876328543423448
-0.7314561281073053,0.5219143306877595,-0.07601928496186294
-1.745072055824511,0.12603238509912246,0.11676565329640713
-0.7099042450762014,-0.27784970997903014,1.1549371199315706
-0.0866830214758886,1.0887409340203191,-0.05790898609415238
-2.1822296648807864,-0.2443770488351899,0.7403859471139648
1.3970226126193408,0.36297630972410655,-0.5321396112775089
-2.143138072849707,-0.25330348881275266,0.645174624526351
1.9221306011236292,0.18339068020667812,2.132053425806501
-0.05531839373286041,0.5126069372045058,-0.17192650833061468
1.1800461000632647,0.37726271717135107,-0.4010215317457191
1.2803461435872387,1.1343647450487613,-0.012776822058401631
1.208937893440368,0.48189316375872543,-0.11809608920502232
2.993090170163537,-0.34057952214344195,0.1386079283286354
2.4232283934821366,-2.9077103591575404,0.7027223567250265
-0.8042180314625482,-0.0359492112404218,0.6393803014667245
0.27038253271798446,0.551796971622832,-0.6521666509771147
1.5835790354911896,1.109285826990855,-0.13553249788106173
-0.13561357915913835,-0.4591769163719576,1.45914508913073
0.9584685472870987,-0.855260790631362,0.27266569880701524
-1.9870060135932537,0.05156023069010484,-0.05095984097696761
-2.129573547927161,0.27285548804962234,-0.12638897429327858
0.43682645934625425,0.45565595030538597,-0.10431115478756087
1.8673900208436376,-0.07081749346960241,-0.27059202887342754
1.7333084424427672,-3.2323236972615197,1.0679490390119992
0.7588495941515743,0.1964191917228459,0.14657147323121195
1.0432314911980056,1.2490498030493935,-1.2213294162192705
-1.7201861717043623,-0.05979762730396174,1.2535270119158388
-2.7853447442556174,-0.12348573768083417,-1.0890102090206837
0.639383416652147,0.944114014089727,0.3754329367110705
-1.8902314130515419,0.008908991191395202,0.6299863177259777
-2.0073748587412785,0.6387532938863002,-1.1848442280269873
-1.7383551670573187,-0.36538317143480775,1.5034681213272127
0.8129938642401794,1.2035309939973107,-0.595810919123822
0.470840658310531,0.29618872412644187,0.3973978771615333
-1.618989540259624,0.4696852961658616,-1.384897682624217
-1.4142431693412498,0.49306248637122696,-0.5874888790871482
-1.3645964173304737,0.7903589571733595,-1.096521872599352
-0.8125945392881684,0.7247809469781521,-0.8568312048126465
1.3560021170993732,0.7179902571524079,-0.11819612226463763
-0.07594416566820236,0.729324032451646,-0.12308639996097509
1.389382465426667,1.0318492952448688,-0.5770863979553292
0.11778565918892817,-0.154040127861139,1.8751659729759746
2.027598982508087,-3.2021755041610755,-0.3756341694976796
2.011523947529672,1.2338935765578407,-0.5046351872388246
2.1745841299829367,0.5679800674654931,-1.0807273925928358
0.6713214370218097,-1.8934347459954899,-2.2400832250165825
1.5438688291738418,-0.6511286779951657,-1.2729335851718777
1.5872764145144067,-1.2507981082604758,-1.7834214078352755
2.36110687168235,0.4034701702711285,-0.6949726814968981
-1.465606489262561,0.6214087773690294,-0.27911222854205703
-2.966947943852932,-0.32411510507040203,-0.2964905599548336
0.9417985993281267,-0.16957859183431592,0.6988911018506793
-2.2794483962516336,-0.08953636216768444,0.2952417517296706
0.7651177992575294,1.5441102014236117,-0.8987933742027553
2.1217000592261543,-2.1832018832532762,0.567657359270914
1.8813288636563519,-1.8860467856988368,-0.5316866089058815
1.823830875296527,-1.2178226060255375,-0.05029033688489671
0.040304965601631944,0.8045191876744933,-1.0066270677218767
2.170342519446681,-3.1131401649009516,0.8337638009621933
-0.34788405289189583,0.19385851391874814,1.5432538559179223
-2.206185350920293,-0.09835431051072885,0.40995668319649337
1.2601528120126189,-3.2555003659762645,0.2104343589643193
-0.3518405484304124,-0.13167107127618247,2.8735453611929764
1.703037364276265,-2.7118797602097757,0.5653259871764684
0.789967119270243,-1.2285664499833822,0.32790127752789733
1.599030244705502,0.8656858624804885,0.006953184130877512
-0.7002700206119141,-0.12444034064148211,-0.6486013464742438
2.038048409679185,1.2704981128717745,-0.3758617340580645
0.30229832009166796,0.7140650495692216,0.22334019119441711
-1.2488726651930333,0.27418888783458056,0.13784401764685206
-1.0174958170649606,0.012861664787540805,-0.024845698562291043
1.9006671582497707,1.1252800539987242,-0.6768704326847063
-0.009589719540304303,0.3493595728438118,0.1529607883423025
1.4239199960530589,0.6181794664552687,0.7067062169628706
-1.964991326435476,0.4247636722340286,-0.2173013594564515
1.5890705845471387,0.791292338396464,0.5850245241892279
2.95599835268991,-2.1389171306287325,-1.7251012920027147
0.033002132871345145,0.5674736024559516,-0.21253981542957526
-0.94442296756062,-0.05994070703160423,1.0000080190738347
1.0867461308368414,-0.4228381346145212,-0.020108375106221966
1.6945297346562087,-2.3881584633695683,2.333668345044328
1.8820968201562502,0.21967974962085585,0.2852859208610904
2.7404728598995374,-2.1076799157037955,-1.8323739541849826
0.8608947093532788,0.4001387624946415,0.6531784586697037
0.1941838981998303,0.2891885053847584,1.8596653178072036
-0.13432734647382855,0.8005302235509096,-0.9493676071270479
-2.329807683979118,-0.2716593834460975,0.7759247253928467
-1.0576379116168864,-0.14638249146960175,0.2121710489076518
1.1858882923389404,0.5450813561682673,-1.131877829435972
1.362868400165765,-3.0049997575457223,0.5164678869708096
0.4956656816727422,0.2471106535760343,1.4722999955762295
1.1270154846816387,-3.8018843894548007,-0.19850527438326743
-0.9128722553313974,0.6159000491794172,0.004086261347275557
0.40840051918022335,0.3730402696502517,-0.42200305302654145
1.273517501925323,0.7722528718327716,-0.12632670446620467
-1.1918062929263598,0.24092793727593065,-0.33067952815837226
0.7673111103146331,0.5820398557062527,1.3372221374618507
0.28481662497787763,-1.372528802944228,1.0292078444793191
1.9089791905014513,1.0503202616142173,0.07935079080757104
1.9792672535141171,0.31258306901239524,-0.14731302427725357
0.8684313666033977,0.9677328833906707,-0.3457649525850525
-0.6972191940651387,0.46174018269936273,0.28374169799036053
2.3090306577712054,-2.8189254562255317,-0.1956550453300828
0.9753182161627376,1.2310579250418268,-1.1910611130122988
-3.1395269567827784,-0.28231859664563025,-0.8706512410643531
-0.8229516738551875,-4.1050468938384554,-1.1005738884886747
-1.5515695082203895,-0.23001063577198114,1.8954587141581567
-2.211444836696587,0.12334109103771329,-0.8642904476487754
0.32671158356913715,0.8700189354548882,-0.7935377023657066
1.1328756785489766,0.8382350923703472,-1.006020584101024
1.2929629148071016,0.37178233398094723,1.7655570760779575
0.11130291257070879,0.6106847967930724,0.49546952025897967
1.5260120109355495,0.3957974370966734,2.4073501938782957
-0.31860567984181964,-0.1713233505252391,0.15624487668699544
0.374447391055681,0.06071606205953751,1.8447687895765503
-1.06136734931424,-0.8714293186872439,0.39776011449165727
1.8169776780742626,1.0848294952901627,-0.6756504138388496
2.1365215618728914,0.6886742014383666,0.3369687341264425
0.3815650023440753,0.42438611501132634,0.3141539149600279
-1.3380002630980021,0.7867710566873078,-1.2087382589361715
0.7830874683156326,1.4127297863060784,-1.0557027540564554
1.4367134727196391,0.649603991324638,-0.6430543761355295
-0.3506547579919558,0.8333771984649505,0.0609027180105782
0.8098584352638046,-1.8437602767504222,1.4915855462675183
-0.3200686153208074,-0.8569261370118331,-1.279974584034856
0.15231010990915553,0.6553340700343411,0.24802584055830715
-0.5730032281180724,0.4783634973737878,0.6949573256241997
1.558303569813015,-1.8183029867452274,-1.5096321046303185
0.25245402831116753,0.15048614352975861,1.534598384690602
1.9087099789966622,0.898451760006144,0.1638616699538053
2.0696836369434464,0.6515762088335332,0.8174866871304575
-2.7348177371399567,-0.26066017059185476,0.6840392285807539
-0.6061386047551283,0.7604896856495015,-0.6066689266693706
0.14076924637470173,0.7545571294749283,0.029227238932859237
0.8421839193733704,0.5832070580828363,-0.6378427845289423
1.1644643601933395,0.5773454057024857,0.7633512926974444
-0.059862704605053337,1.1466919455786857,-0.947860593267143
1.4842223643939867,-0.08344425417126887,-0.9450788893551506
0.9609927769953045,1.2178830590277152,-0.41998366968689776
-1.0968221541381562,0.6829756576004898,0.13357182073675614
-3.0713370675102865,-0.9276919803855206,-0.19367410202985097
2.332505733958674,-0.27062867687461967,0.2095861457504058
-1.9850074253709835,-0.2368632991040689,0.6430236637769424
2.5408310436002206,0.868344518996097,-0.004511692642647883
2.559079138429522,-1.0591982904357349,1.4587615095634918
2.1754172450275813,-2.405513211420971,0.5080325681770752
2.1315820683385467,-0.5567158553091582,1.6758939425069987
0.21804093897419233,1.2071382419180796,-1.1154362351342917
0.5351067775750888,-0.231421058790264,2.0039920763187675
0.8740685402323728,1.0756646970713046,-0.9496845567329356
1.6174475294112785,-1.7258749553526012,1.3190213327348925
-0.018174379067582656,0.5586315191082296,-0.4011017670913803
-1.095655263954758,0.981568987786653,-0.720829920967172
0.5328789757959238,-0.0012980282234440006,0.10675773517883244
0.5961717955063904,0.7879847929327708,-0.7230713586961783
1.6187985562167346,1.1390517049479982,-0.20461824022060446
2.2342481872111812,1.0826770229994145,0.16724594992533087
-0.8083622189459767,1.2857385576169729,-1.2083550664150222
-0.47182118010443996,-1.158753867303051,-0.18120473871962747
-2.960377988711208,-0.43945053315416177,-1.0476673657518496
-1.5359186039375232,-0.02382970082713215,-0.3349329389004596
1.3543911636095398,-2.1676937321642815,-1.3828183132091312
1.7981554322384434,0.9323435544982498,0.18121588650716464
1.0492399074355339,-1.5389434918223472,1.1122179712712554
-0.11754576967475028,0.5889181049444172,0.389886143979915
2.323249696067,0.7886511812657631,-0.1165593270550647
0.11636201531598614,0.038552605040170516,1.1826787614386185
-1.4545826464921128,-0.052725014158221395,1.0839608510289225
-1.6601202663172487,0.5216346018475896,0.0018257557879988392
1.6629929509215289,-2.5057309467638693,-0.23415216009166254
0.5719421607454046,-1.1654452800186879,-1.3621798792305784
0.013223552905461242,0.39595939824258297,-0.7032013891588852
-1.9748761321574166,-0.05397999819154731,0.6672753622057086
-1.6271517914414293,0.5772697400144938,-0.9119562692602211
0.9403113924895022,0.897182163620412,-0.8270633779279805
1.8929555089314525,1.140075117416959,-0.5337170650740903
0.8970169928154256,0.7676584135661947,-0.3203050601419413
0.9104202387413638,-2.86658140277202,0.07165814613541212
2.64936517764056,0.0016953173320458702,3.038920534832384
2.4194684300627616,-1.778248391898519,-0.6405391900587607
-0.11910876917155858,-3.040302940847493,-0.11867434305966201
1.8694354737047008,0.8822451940802601,-0.7558156658617193
2.6143610722750474,-0.8463750231743588,-1.1395027390663048
-3.340182742007857,-0.8507378429708141,0.8213800478039275
-0.6212020702088945,0.3458726129573478,-0.15290371050681154
-0.09159812989733943,0.5280512657004531,0.23024729093227334
-0.5626998741767606,0.33688118285124186,-0.8584429542329071
1.08790846666937,1.0201180073923135,0.446691011363354
0.9947641043224207,0.7962268148157411,0.6180258048921249
-1.6539869944941505,0.638175119800784,-0.7480406839306412
-2.1085978707631807,-0.03876983941220302,0.8776333996796711
0.9240286000810661,0.5406966335926903,0.04424722768794921
-1.0741380963922416,0.5106407170793782,1.260886128615249
2.4708583603481307,-0.30136111999441506,0.06372208311261408
2.381214779356048,0.21893948333907465,3.0350461670523528
-0.36739382759605427,0.047631711719324746,1.1461609050568284
-0.18396601774431254,0.5388041932415616,1.445253195876574
-0.20464484088580914,1.1284333897551087,-1.0034842219840316
-3.178269845972211,-0.8003693207715791,-0.5569045285128065
-0.11560270072541845,0.42064650784073826,1.6033525041459478
0.13264889061679222,-2.4253007854525017,-0.10444152447774627
-1.148386005054102,0.5978090879155944,-0.20746061964415277
-1.5804575027753427,0.23856731334547973,0.08160856562071468
-1.0326129198744372,0.5325206866106579,0.22526623995249695
-1.5886209281366461,-1.3690492931839449,-0.2161613960943132
1.2400902982539581,0.21755077302842188,-0.5740080726245055
2.1911670078981795,-3.0541483944048733,0.6581611588799481
0.794459543609033,-0.05311469048001599,-0.5622078251166992
1.6008911302686486,0.02033439603713686,1.948151362785436
-1.711687808060143,0.0020348125140356634,1.8176396359664695
2.9180322776431886,0.37158207121076725,0.03475703914099178
0.9305472653446464,0.8306709258524174,0.4270286761359294
0.0904299267829865,0.6107529102040683,0.5874392161100032
1.976308526066344,0.7883522022455232,0.18499578271467765
-0.6688495282800921,1.0649195324263394,-1.2859630841006926
-3.2158028642468315,-0.6920417127986067,-0.2811100913652675
0.0508799276744191,0.7945071502957709,-0.4816948255892682
-2.0906203741303298,0.13155953784297197,-0.5582012629565503
1.149501735912425,1.036878321656993,0.14937966132270541
-2.098249400451844,0.1666717657990273,-0.37784103250995443
-2.2102708675215754,-0.4069904403902265,1.9133925065627222
-1.4858210584024465,-0.37560127917326924,1.4160959386577288
1.1819016612827162,-3.121677751323066,-1.1744716048530532
1.9772412182289854,-2.227491492035895,-1.7278663508564245
-0.3103406953321998,-0.37699665804143834,1.5248254066595988
-0.243495164246937,0.09802750828687919,1.3801749635912282
0.28246609171414877,-0.3318969948682391,-1.1449606797925034
0.816390422255884,0.7443850849241961,-0.48701848922841157
-1.023498257288806,0.40415747679801,0.038722886887954076
-0.12386927377659852,-2.8048353430579054,-0.9358004529367564
1.0378017108500681,-0.6754669149957154,-1.0339523865989646
0.12117170047752662,0.9721911656659117,-0.3546136488865523
0.04877465208177819,1.10065424292888,-0.5109895876488705
0.5689179185671496,0.7671404773119131,0.11609138111817124
-1.803377586103603,-0.17656434260544782,1.228877636290143
1.5624138405768635,0.8582713087332587,0.18041846447445703
1.0194896732681944,0.9643709348123799,-0.1569324074828485
0.2597854556701749,0.6200302109477256,-0.011415449713797744
-1.2328211882098012,0.20196368272788534,0.5949260587459709
2.056952372812997,1.105346109420951,-0.4888898778096748
-0.6201308080407592,-0.08026262166338366,0.2818935812130271
-0.6679137873450177,0.5030812576068309,1.342532404314675
-1.5295469296612476,-0.14789248392518253,1.6817392022195026
-1.9701134325605345,-0.10018947977143293,1.2692335144228613
2.089781422475015,0.7549537998690045,-0.40455466819928515
-2.8394910028141447,0.0936696865992791,-1.2552436782924796
-0.6276993901762029,0.8535954232997701,-0.31517355719998674
-1.6726931136285494,0.12092775973557544,-0.2275498325717621
-1.026408687138162,-0.037570181029213806,1.036544483132183
-0.7134033070859123,-0.04231675896916598,1.2304253156684468
0.07125003438895956,-0.0033801096137313306,1.4398439591061671
-1.4659308570759269,0.07228848507513594,0.5311905501029185
-1.9238760030422506,-0.32001667306354226,1.4741442721832545
-4.0267637062930035,-1.3738220605343856,0.17459032682575296
-0.25334073708189286,0.6200449496355352,-0.036172788089756845
-1.6071706703058921,0.2435986300706272,-0.4296110769230985
-0.2563507553930412,0.885077653255226,-1.2513492264545245
-0.09148198494537216,-0.7175132377729596,-0.7817786514048293
1.506488957719054,1.2213779249672996,0.571952841309816
0.3903622145448759,1.2835101741616255,-1.2652637316456492
3.2281889379239956,-0.6702836485728931,-0.31980898376479955
0.598662253793311,0.5573153122894818,0.5761086834476326
0.47022623447585593,-0.5708167172613817,-1.4804584110060106
0.2059735394131044,0.13445080342607219,0.5177573413528449
-3.5143052945486586,-1.16412282340787,0.8550434752382609
1.9207761815560906,0.9985859776292407,-0.4593065501993379
1.8930226216125436,-2.131185085920063,-1.7472532095423643
-1.7774137538448553,0.41218180465020327,-1.8159760437122954
2.7192872567918718,1.4441925505567348,-1.048272596792067
-0.4547833500840407,1.0093792901797667,-0.44834695824119214
-0.870669110601854,0.7145184096247308,-0.19005276151709208
-1.5694132107407608,-2.3648600573557257,-0.8042051731840145
1.0722659614312497,0.9763098246298657,0.020518795391428847
1.2527753542546611,1.0735569818461477,-0.6222800398674734
-0.9204930762452512,0.5775568080825568,-0.6617852099481604
2.319907060280255,-1.5993617011056036,-1.4335027382864503
2.3844004673998183,0.8001674837224472,0.4911848000666806
0.3124946648063872,-1.8911296761258296,0.21533243100947097
1.7527812953566464,-2.4301231265932333,-1.8581963866821607
-0.0907507786952775,1.0772177601916393,-0.02360759536671698
-0.14159156094424818,0.6394471967796397,0.5566254047484526
-0.9358687816562244,0.36706813212373346,0.3247851332737477
1.8087867778387132,0.5860003831400413,0.9174414151931075
0.9275959336331939,0.4307657212786646,1.1690969301690306
2.756044636399191,-2.515318036836614,-0.04630453923816969
-0.6260831865001155,0.8005158988744107,-0.9378044835120861
-0.18435525165109928,0.6022137911388903,0.36881147248583734
-0.4632816090572852,0.20789415775188796,1.311958499913629
1.9330666160110752,-0.19146502838861354,-0.5223427419405539
1.808329161003023,-1.4670836893647197,-0.3235054535601116
-1.2393692014742768,-0.602584122171054,2.9100328698080045
0.1273074882016927,0.6843424472822516,-0.23874995385945122
-1.8465292849665493,0.3096019342536687,-0.4150103094032311
-0.8984264126404465,0.5988276844450162,-0.16741182466369345
-1.9162774977417314,0.2089741401975493,0.7248752080719542
-1.7808047900385604,-0.0348928717603085,1.0602018296210158
0.8178405510072311,1.2403505373830228,0.01816942345643363
1.8525253033094389,0.06851788217730136,-0.9579265790888877
-0.7224764206228382,0.508025079008256,-0.09775021434209213
1.9555697053210699,-1.966827184335084,0.14951639392533442
0.20575425092955368,-1.199529197745553,-0.1462028295834021
1.1390277926843402,1.3782107609230676,0.1074081535731874
2.3777831511507754,0.29155621861203995,-0.6126200814240443
0.1578943526569909,0.5872152230898903,0.059247978535213755
-2.5481850775519965,-0.2794003222502223,0.4095583415337257
-1.9245277802911724,0.1680809148863396,-0.42742107727028333
-2.748487406720378,-0.3056724516887367,-1.2218039660363844
0.8719235605429037,0.16709649620097383,1.7870045560527417
0.6253900866304202,0.8124231933000404,-0.4598193581862838
1.4002532624961155,0.7974855812374128,0.13101445950546253
1.0266560626428534,0.6921556174483333,-0.19629207115058503
1.8506973031693315,0.9567227649961956,0.04124765799745894
-0.432691502563035,0.010816762352877088,1.7503408851075983
0.9908294387564965,-0.20290517531053173,-0.03212675722899359
-2.287792688743435,0.027231738058648258,-1.0129932052276083
-0.8996315156076721,-0.0880052749459052,0.020887140693735137
0.6076709095913815,-2.4672805636571593,-0.7215108308685025
1.8746055978334462,1.242999877047069,-0.895197741574325
-0.9305002926555225,-0.17963920459185576,2.353817313525749
1.1603419555887655,0.5781702887994523,-1.62268120891541
1.9029105311200833,0.834306136407484,0.8380950887460277
2.3200801373427535,0.8874437142286983,-0.46167356465864723
0.45903175704699994,0.7138150351746827,-0.8635653706792866
-0.13190564014265257,0.9618365621517423,0.18970573829562415
0.41179489882027687,0.7160856838011348,0.5897839207082101
1.8084532764512493,-0.06253590100717969,-1.4348959598796882
-1.010589922331543,0.40435403693376143,-0.3810452765726425
-2.269564888205608,-0.20144013480547338,1.0324195139707817
3.5391236785664373,-1.695376670627503,-0.6599642458166898
3.4402850138782806,-1.3985966094437075,1.3400653419245394
-2.8001218624916793,0.008569246875954062,-0.8827321265259775
-1.2137362710245547,0.5303803057254519,-0.2488302835689776
0.8126186039976309,0.41258469358520095,0.2920180976479847
-2.7813714770275646,-0.526484809124793,0.3808283464629346
-3.5272928985427106,-0.9068290617180402,0.25372492155398907
-0.8560065984565155,0.26654630730951173,0.9679088974249196
1.2266276296355338,0.5510637264595604,0.8233588409414696
2.6410602592712875,0.9559439781692186,0.2834033841810134
-1.0350954869635507,0.507966289862502,-0.9756663456749107
1.711131682365642,1.1765327968639974,-0.5002844561769558
0.1284910382090127,0.17915446082483444,0.5021661512741062
0.20309352407718298,0.9686734742253046,-0.8429777069012598
2.302466470495511,-1.7659594636856712,-1.2520763628030451
-1.1042349689524602,0.8591062471238308,-1.0664894146182304
-4.352749217466484,-1.2291951540459438,-2.159966769412625
2.450363487841279,-1.2734224273828136,-0.7966642066387801
-2.127849218499821,0.1845290457620556,-0.9590779368493041
-0.0871103858326771,0.9917774242140188,-0.7397637853142474
-0.08847115383089119,0.5529958399840713,1.9866038467943992
-1.6406902826047043,0.6196223809310373,-1.5342714608764743
-1.045541926377026,0.18087512065302352,1.206866075193039
1.7184506171221432,0.5296619236687043,1.5298054196269602
1.256475642200155,0.8836415777141329,0.6140343529039439
2.9434019925805632,-1.6087208160342352,-0.6053101367331646
1.38191216660303,-0.35545831565758185,0.4515463859248201
0.6012698371926927,1.1524629940395066,-0.17609189876677786
2.227369054501668,0.6562168573518297,0.9640503791429503
0.9230811422603696,0.8353253339286891,-0.6631216929676922
-2.2523075684370593,-0.2714520281300542,1.6130585960143164
-2.751085494600116,-0.6743074578334621,0.6858913093382764
1.2920753230734623,0.8128216403725602,0.42562437528219704
0.6217061304218606,1.2510225360587064,-0.5381743340597864
-4.79535483031181,-2.126247785854643,-0.5387962210407233
0.8939723411213398,0.8859286322075128,-0.6048202560290085
-0.8530630821058972,0.5830468362226032,-0.34668670712187055
-2.579135777263178,-0.3641002003066119,-0.08759773314223801
-2.647766673911029,0.16283196819694862,-0.7264975922706791
1.5838040710581103,0.9279708726225703,-0.442099819530365
-2.1016920200923774,-0.19261858508858784,0.17965208609196892
-2.655604375995416,-0.17191743624214287,0.012099469573012755
1.109342202331151,-0.846521257873207,-0.12503948383199173
-1.5437199644139923,-0.2652650205751984,1.2215062148858906
-2.0200778587485813,0.018846214192326016,-0.4805459239355362
1.5389290979072794,0.4143632724346262,1.6346376684453467
1.1045507054216477,0.5707655714597556,0.05583080669975564
2.016521411414547,-3.2491451777727436,1.9709485408345384
0.46586541967890804,0.8877868833251137,0.23954523345222112
-0.9036874739408324,0.9952011816613489,-0.8682429849300303
-1.4369510159344399,0.8210470144456211,-0.6214531819841992
0.2705029101825699,-1.4796398742279677,-2.3431115252782204
0.7825287008408728,0.7656532671276282,-0.23583777270162107
-0.5836622115080601,0.47258520622174355,-0.6931258207594666
1.5918188813996073,-3.1208192789283764,0.12715609987492446
-2.7187271050785884,-0.0352077837863084,-0.886271331284253
-1.838788701036926,-0.31336456411216007,0.8253619772185294
-2.118048280914272,-0.008817241528690784,1.0733524617952679
1.7721123303364146,0.7148501457878008,-0.08650065459751002
-0.6458041663050492,0.8800351558581095,-0.14083545659475663
1.612741448020891,1.2290420414049728,-0.8613976593652336
-2.1328170457790545,-0.08714165554657945,0.49577004380831
-1.3539988437171153,0.015851488586883296,0.9682933074607296
-1.4442180560755016,-0.23972218767309358,1.7290674361319145
1.0547035021670121,1.2201398752769128,0.01585548920499416
1.0664372372493662,1.23364686744125,-0.05507534578850521
1.1129085003093706,0.3019500748487611,-0.6344843659390955
-0.6521403439193361,0.45422218109951007,-0.7258166344116455
0.9363905990998591,0.9262347178900893,-0.720806158152632
-0.951092663495546,0.4737321892612093,-0.18460873799367264
2.7959500225746523,1.3284395896061445,-0.5012002366513618
1.7211415407506423,1.2258238318315908,-0.7464319411572844
-2.0506073712565565,-0.12265518015704775,-1.030937080771161
0.4877641978528576,0.8738014637110357,-0.658588882984694
-0.3680181732764026,0.37341693654142055,0.3944371837028273
0.7982244894418635,1.1814246183787347,-0.4992820313486542
0.6680651154133419,0.4031377088952727,0.6516798136533092
0.08155082466687368,0.8414230313841092,-0.1262216928713043
0.632766682582778,0.8125224485937765,-0.36232068680670354
1.7425330485747905,-2.3999571710924017,-1.855819875566977
-2.5567466494317195,0.3244855539562409,-1.5540250546144077
-0.2933520761977443,0.3510518022716454,-0.7245459780182919
-0.9563708404980575,0.6745170940667962,-0.7057303793397115
3.9334261566733146,-1.1742370231699295,0.2797987385570914
0.05257132485067178,0.9350202929523251,-0.4246046743502895
-3.6763361330394027,-0.8550840119491123,-0.6349297865780694
-2.2624673270985545,0.5072731873168616,-1.2135965244841804
-0.6257925667088792,0.7035429251501935,-0.3745917619775953
3.055355396954947,0.1867720836673643,0.4089123278311172
0.32006425547363626,1.3372832428363726,-0.6354813209421241
1.3542105181023245,0.9325506733307133,-0.8398175697833814
-2.7647932297850035,-0.2846028159663101,0.22834313178488375
-1.2574529620452082,0.6994218652588038,-0.45730028104568193
1.9036757877303045,0.4650813875442844,0.8319158197750552
-1.1249790997200948,0.48772715505342235,-0.2864391273151489
-1.896743533816145,0.22782275921255885,-0.14196520634785603
-1.4717705171190503,0.36956341968599354,-0.15841705688983
1.1513279502412797,-0.4762439518133455,1.6500365406547428
-2.473062251210094,0.20776091931259233,-0.9067380551308216
-0.0830153944960837,1.0628077148437471,-1.2854693631181413
1.568106012145451,-0.3243935706535233,0.0962114632206723
2.92426703676468,-0.7142026898681079,-1.7709020026161408
-1.1269791018419444,-0.41908556026996086,0.7735531036688226
0.6319478975951839,-2.319417247329215,-1.363834569744541
1.4760964377407522,0.39353122828409354,1.5160103426964393
-0.4345708029213694,0.010902161294772719,0.8065924363663174
-3.271377386662268,-0.35876285784694567,-1.2278062608674714
1.9367042223943913,-1.4982342491482858,-0.25561880426555955
1.0251049347512329,0.6269427495295031,-0.09874282744168458
-0.1711118430808493,0.9492404855604526,-0.602187699133142
-1.5711682972808814,0.12795749719368918,0.06564972536917792
1.1788083639353835,-1.8555321754609668,1.1467628022796945
0.5628747521775996,0.710232193542276,0.22316384617523097
-1.139693911558685,0.9367537112991378,-1.5776850872586101
2.0175305306706046,0.8991254682337845,-0.1545708889917719
-1.2576282313147928,0.16915912024874782,0.3240732137136214
0.415544947407006,-1.4449654097604485,1.2361964594332493
-0.3198992570677551,0.21513939939025215,1.257588454500712
0.5385204740907882,-0.07580474434539299,2.4590414175808792
-0.1413662282578324,0.8385850839136536,-0.8403287699033506
1.7572004098840488,0.2128610040235257,1.540650437102578
0.058737848148344755,0.5209753469418155,0.8546828871506208
-1.0154324786789486,0.48202343358601707,0.7785396343079243
1.4022383556634348,0.35066041649144775,1.607301244645898
-1.9132862570777287,0.06079097849191699,0.7900379663500295
-2.1940667012729325,0.109891211450615,0.3894360180456176
0.5631235990200676,-2.3934990707989185,-1.2236781142007347
0.14594365475807936,0.7686861043884975,-0.9993183958740707
-0.16763254158764151,0.19364934156665298,0.21742752429074996
1.011264076967845,0.3897262951500199,1.4141799774358215
0.9592209980590551,0.25740551575154613,0.4523064689510952
-2.509474606968823,-0.5583081526549728,0.0421650983533554
0.44502439054806947,-3.8739013163649725,0.8556373613536576
-0.5305017129008954,0.7970943924843953,-1.0597321595184972
-0.5548515564267159,0.7027280914973172,-1.37731177195298
0.7169307902080835,-0.18193841798135205,-0.12410201021618661
-1.6872904590382787,0.2909874017836701,-0.4368230543331243
-3.3596455841947783,-0.6822883977491252,-1.3296465877185877
-2.219429014459264,-0.407246284099311,0.44630855112165824
-2.294049589691858,-0.3502343008532456,1.909020543746958
1.0596841629132894,-2.6650746959754126,-1.6062479342765899
-1.6270342647739422,0.29347968352572373,-0.935011632341382
-0.9946526852066463,0.6580805179657471,0.5689554007646842
0.037191227019742916,-0.08440209178041973,1.9687287427166063
-0.47699046211909935,0.6258592833004234,-0.07193237877758413
0.3639103822730234,0.9723194478368598,-0.2829295527995336
-2.4955096713658524,-0.012485075739560925,-0.6270636145423657
-1.2776196349432711,0.057799352289717824,0.8006329218234902
-0.9066066220584207,0.6928466506713078,-0.13279063466981633
2.297369837016951,0.629059873793007,0.9888240728992425
1.5550926563651633,1.5556884971944642,-0.5423902800694352
1.0046735794338044,-2.8550127956806937,2.24506476402839
-0.4092149952266566,1.0612426199091698,-1.412349624318037
1.8243219923896725,-2.185597268100872,0.05510927447919803
-1.872349667927822,0.15702403948603139,0.4728538635968794
-0.9389824112820787,0.3470159919746244,0.2369493617597653
3.4187869745260095,-1.9163124273702223,-1.267861439689229
-2.0127237982284916,0.2303494927572362,0.2692449375582304
-2.950531432206633,-0.5884503520836629,-0.4542203896912714
2.8041302597630398,1.2827845790753236,-0.21262216472737502
-2.55530449230247,-0.4167601810858775,0.5039513375594571
-0.7454953666562364,0.5999249017197056,-1.2414451612480888
-2.7641052821880323,-0.5145643697273443,0.09118865942689208
-2.10058501583643,0.25751492028843287,-0.36449045511314004
-0.6418649276649224,0.12797519397444604,1.2302577600254936
0.5921630466472806,-0.36117653538028754,0.7753377739283248
-1.9738841586189346,-0.20237572248470898,-0.20892142245294465
-1.5606397950503108,0.08303313917659899,-0.8029494563308626
0.9667960764564801,-0.8240168049832926,0.34657459942574637
-0.08938730798827244,-0.08748166171870271,0.9913437791833959
-1.1845456324150967,0.5538745029790701,-0.4109386440417721
0.4994823195711281,1.1748109998877885,-1.3008683036062663
0.527369383911006,0.9438158065014914,0.8714266122072813
0.4588989119185218,0.08202194096661697,1.1775568099958653
-0.7375623231975251,0.5462362800076559,0.73603266094574
-1.33762475454361,0.4740172318588201,-0.47305415693641933
1.1511120407833828,0.8193527793390912,0.18692129283766784
-2.351864187698894,-0.6312038633746889,2.430901021226553
0.9491173948176055,1.2359981705383314,-0.9508324306667709
-2.3150049939537007,0.08409135865358358,-0.08774964051524609
-2.2622863203488337,0.2716954574267225,-0.4546028332910425
-1.0497978511693355,-0.12185297180395692,0.5699846689679879
0.4324486286409122,0.3238518109252008,1.2168442313867867
-4.50776499917862,-1.785516974772113,-0.818436641864009
0.9151837246590012,1.4320166776060486,-0.8150660131732558
1.548664547888062,0.7151771256390096,0.3120704704038136
0.8291293889978789,0.4470599458539772,0.17038721553190192
-1.2387957688965137,0.3404930070487823,0.6886456542510143
1.7732906082100788,-1.4112708325978844,-1.2339006150644987
0.7475862166225923,0.9799814723854543,-0.1219578657206539
-1.8227087698244022,0.6514335954398477,-1.298699614057582
-1.0793070605769055,0.7342991837579103,-0.7059273936680694
-1.3350453680646552,-0.10735017997990161,1.484946125176303
1.8782370152095855,0.9163148279723563,-0.2832502067449664
1.5812549310512494,0.11270742396764868,1.7377603002614208
2.2111971228439793,0.6088637738201458,-0.48145949150443007
0.8889293154951742,0.774631352588169,0.9524420225199788
-1.534799052522294,-1.1339078057240406,-0.1874563656897666
0.8462240066702815,0.7100844119456174,-0.7038044660521902
-0.23475281779220364,0.39664159167860913,1.1817101690592868
0.6757797274803223,0.9323584019043838,-0.0324291089488113
0.23000343387846198,0.027220015346560246,1.6787872013316565
-0.44095490622778455,0.20489615060266328,1.0859329603180325
-1.296356664076125,1.0214272633707764,-1.0361789272919555
1.4208047137712163,0.7243181284581387,0.143260957697753
-3.4387960237911246,-1.0296532984730162,0.8884446463862795
1.3727217067825717,0.591738026151966,0.4130709009379229
-0.6184654100461376,0.5877117420736192,-0.9333244714886343
0.3280748105749964,0.4034063558409708,0.024203872748021583
1.4064004930185212,-2.3472605441332832,-1.0257778718801234
0.8216303837872637,0.07359909280291657,0.8968132418839962
-1.5206649543451272,0.037406742290250726,0.20022965671860757
0.17920326386618762,0.5484131315630142,0.5777080211075717
1.0992608602793559,1.5823404443968805,-0.16969532939100088
-2.063174600457152,-0.46000250667718046,1.9939719727595027
1.5157196998743951,1.0600498058805115,-0.7507751691461101
-0.732764559978729,0.3215821526776349,0.639506174078995
0.18946135850304674,0.7544506418050295,-0.8766471847188565
0.9053467929029523,-3.3304488158786167,-0.702565658992805
-2.21013821536165,-0.20105651623125956,-1.0666623705124112
-1.443648383018985,-0.8193839081080782,0.44610494472732454
-3.596768973043009,-1.2972895589335223,0.7859264330221392
1.3260638069783495,1.283489208785181,-0.8163604377799086
0.9297303080891087,0.9259856008484626,-0.13298681166793266
1.1184634639179245,0.8130933179294085,0.3417946516442477
1.0061209705954401,0.2610986846010461,1.4871484950045286
-2.2789942675574104,-0.24192917279803092,-0.3763493387046349
1.0924553917870359,0.8559958765520728,-0.5889786346251223
-0.2713577601144793,0.629504627808074,-0.39691557954275886
1.8042054484513477,1.0681093221148497,-0.4650173523638525
-0.6971857946269457,-0.20576921078610302,2.3752669004702796
0.8343239709559098,0.8779784846007183,-0.6255128492215196
-0.9530690591609973,0.20794508937132422,1.0538826997663764
1.5074588344334356,0.9150909953885761,-0.2134654132429756
-0.985588949266392,-0.2379639439005856,2.6810631597322296
-1.7387529912250455,0.43801822555791076,-0.647356516079275
-1.5942393070858096,0.19952611246323582,0.19782372524948852
-1.180615466563088,0.5847403294386052,-0.47209376140168174
-0.30570969685650523,0.9032072794725308,-0.9258579862536745
-2.189832509479412,0.22232286737802248,-0.4107614116149527
-1.4695538045629304,0.23721195645936377,0.5770660156945202
-0.48901999505807514,0.43248067618684016,-0.5654451317968339
1.0496384295357601,0.7009163384837859,0.9348926401512229
1.063202569779575,0.18607766213250582,1.075218437083994
0.7524635042311367,0.7582114288762667,0.03935665586338247
-1.7565518559047297,-0.06364847771011044,0.8620333111405569
-2.0510689474612884,-0.08994886839486001,-0.12485439309657964
1.9113789062931565,0.8111285286235214,0.702201213157277
2.139903667238257,0.9311730519519945,-0.3163235431931978
-0.7405422434134212,1.044376534273513,-0.8069680999836667
-1.073583892132156,0.7307793966828544,-0.7261740841538653
1.4613487908416067,-2.3526106376380964,-0.23725929452166958
2.3226341141561875,-1.3005163186030524,0.4482625951913332
-1.8343596244627207,0.2843749483021254,0.12448859402665173
-0.19593799807629741,0.7622248632134668,-0.9165602431877998
1.6732034311012907,-1.159026615275763,-1.6079818951643754
1.5021821196230356,-1.1495502782170175,1.1577784793702608
0.2294536354510751,-1.4271561276159066,0.02737603718844151
0.9655423510691753,0.8069578916465378,-0.38463294493509886
2.2508813832198964,0.9794290566944616,-0.711047871394362
-0.9094330923016408,0.3933020591587107,-1.2073194672127574
-1.0361341139813345,0.3856214722819796,0.31733118243960096
1.2974427758169824,0.6725724393608155,0.33702439033348763
1.2846329270902144,0.6968517640660775,0.22851741949826165
1.339343233685977,0.7821964418746238,-0.004329478109718932
-2.760856850345874,0.13953189674282918,-1.2418485782645083
-0.06005593260392659,-0.40715967159766325,1.4772808690097923
0.08803600983417396,1.0366875332974155,-0.8573861928972587
-2.803146418382783,-0.17689195789951945,-0.18074940667112602
2.5637427791247176,-1.1957545977104111,-1.2030386535027455
0.727913194958909,0.04488028927436091,-0.19207366971329917
-2.892806704206964,-0.6455337326050972,0.6160145677332404
-1.0745562733174208,0.627741161847738,-0.5774771924581845
0.8140712782983605,-3.532707154545173,-0.24267104585120983
-0.17603549703187066,0.44980645867025254,1.5352768015248652
0.6967573923192955,0.7767959217853379,0.3906984451313309
-0.30388158771637613,0.6544074953736598,-0.8465800158352841
-0.5538919354500418,0.19878483694797683,1.2994246554625433
0.4780107827801311,0.48773797371744654,0.9133203809771034
-0.10684555041622015,0.6040281427413664,-0.49828539448289294
0.48633576795326916,0.6353711442166124,-0.5778266736718701
0.5292943233956039,-1.2382620704966951,1.4285681793415554
-1.2784795570154335,0.6015953297479182,-0.3576907593105045
1.7231825470887525,1.2374795295729686,-0.510004380929904
-2.371507505695904,0.19838333364060456,-0.2941144685666527
-0.9081067643660953,-0.3700475951375369,2.1307695492383028
-1.192668783432161,0.4531360973761076,-0.3641095686133875
0.20701315112082663,-4.037194143182613,0.8612483469606484
0.23897862839046835,0.26714113448075977,0.8728374602686535
-0.5372592894345344,-0.2992229669042683,1.1424500229163819
0.29887843678172343,0.4733286443563508,0.4478941635933038
-0.46530633570980107,0.6674587623770244,-0.31256429660984925
-0.6731472894536732,-0.803931964774305,2.5888945262845806
-0.23007219514948635,-0.35595583270205805,2.6826563537279586
0.3738520730945441,0.43050512770233407,1.719940509609331
1.4948292866708333,1.1278421141452293,-0.6226753306624764
1.572082227139816,-0.1949636621437381,0.8331407758973801
0.4889521360952986,-1.5580601131404987,-1.207217848093061
0.7550462491762641,0.6456212355794063,1.8598946889652266
0.1341059962016054,0.5434212225290125,0.3566157710490852
2.548803754231424,0.3067010728675208,1.7734291344548343
0.28074022675095467,0.45143432941506334,0.4274919877581995
1.3955439413680542,-0.3775486474323951,1.5001710644859991
1.961813864202205,-2.8488352750988852,0.7973824965878993
-1.2932587360417518,0.8555205388262096,-1.6357049117081903
0.21942076271758354,0.23080365605415232,-0.7953209238421988
-1.872321138727367,0.05964535357140417,0.4789578063141338
-0.7204944256916496,-0.1146372823624466,1.9233529275040497
-2.931737715571269,-0.3385857253771232,-1.3171906327545386
0.5455693789636815,0.4285321822086467,-0.25399457831841915
-0.13646178799088662,-1.6967420671417406,-2.5346154498743743
1.172713395045701,-1.2530514028688553,-0.7486304963864733
0.01922203265844162,-1.4378656147158961,-1.5400062683371174
-2.7900167510010014,-0.24013514046868095,0.47302716107830134
-0.5029395318404355,0.9129309603950129,-0.6563753069367458
0.08860729267504099,-0.6361926995393792,-0.8821866425250453
0.36991293872053294,1.1856124378805828,-0.4787193900843904
-0.3696625006769051,0.2115980761239216,1.056767150534371
2.6252063000467567,-1.0904543015472181,-0.3020129269323833
-1.6910830515532478,-0.06908503739565934,1.1369985604043447
-4.340199428424296,-1.4907066625962127,-0.7968082752899397
1.5847012026400593,0.09392675965521312,1.4897719431324017
1.0912955145006382,1.5606856410855605,-0.9237787510658882
-0.20081498975760548,0.7101470476791314,-0.9531323622510975
-2.013772446407613,0.1761060586143259,-0.7961591197054227
-1.5160965448367716,0.7956792565717622,-1.908430879962961
-1.6111170019366425,0.2324194315801167,-0.3963336083069296
-0.37842124508508956,1.0707483101895487,-1.6936875855506413
0.5204628992740753,0.3754888694422844,1.3108432879584375
2.806433696490447,-2.570907798247515,0.9250845307854755
-3.277720595490616,-1.1963085911083324,-0.4420749799177031
-0.06603048616000806,0.571843205933513,0.6125078233311068
-0.7784032838948168,0.4086544904542525,0.2918489622989893
0.4090028833044318,1.1137980577348847,-0.6827912873262976
-2.973594481640481,-0.46311289573022546,0.5520629606748131
0.07087312554436165,0.7902401320565832,0.1255573637209913
1.74822451845668,0.10643306736684459,1.600363563879348
2.8087427274982573,0.29484182985776514,0.3316560812415272
-0.012427351021803845,0.5954373834713254,0.08015820418007447
0.8811096053931906,0.6111898278108023,1.5140456997774203
0.011938299672360897,0.8396471703036348,-0.10998037687530676
-2.134071611673063,-0.596454673761849,0.4997407277513233
-0.5860873647941183,-4.543526058509119,-1.0761162331459138
0.017892727826147172,0.5602191133466266,1.8005262969145521
-1.225313641108515,0.4111856077269402,-0.030160219682352878
-1.0307252974058028,0.284255709139212,-0.25199796732047397
1.1244211904760197,-0.8096684972763196,1.597870097603195
-0.9425839646175667,-1.150053360870671,0.4272583677184728
-2.1916814569188854,0.19608186595152913,-0.30081118748001373
0.7485216478588562,-0.3698360135968305,-0.6289716286997428
1.7151561718299877,1.044886540097403,-0.3341814010273392
-1.4600367820366962,0.3830704118503305,-0.22934789188332935
-0.7243926401245042,1.0901252542500632,-0.9431497407821424
-4.273305012909355,-1.124314429943555,-2.0373740256710944
1.1172568237426808,0.845846915031807,-0.12772679600451423
-2.0831167144781717,0.30827012470068915,-0.5781370218021149
-1.0849561740331448,0.08816134355501115,0.9534772312549895
-0.34966082595336806,1.0727873299291248,-1.2660764015649282
1.9332696354370313,0.9817155681793752,-0.7518309840096284
-0.9215117532063267,0.002053112821854877,1.6323374324839202
2.7539331232971795,-0.6054791123294263,0.29094670803075523
1.0134507125696095,0.5159055106735415,1.9148413357957503
-2.4449538210434394,-0.02940837392099878,0.3532360574934629
1.8920240188503872,0.8217954774552687,0.2155428079197609
-0.8539692990469642,0.6865721579928634,-0.5526138025664017
1.8777410970033774,-1.2741713916266149,-0.7726787980497873
-2.302230468773154,-0.41160313640189866,1.9676888010783788
-0.6516451332640161,0.4534143567988439,0.5198883147954035
2.214914554670057,0.10143042964806674,-0.34635569359610324
1.8581771851352307,0.7643779295803874,0.5765268016825605
-1.713885379347362,0.02099291488827615,0.8499383274529017
-1.8124495871813069,0.5813297481395423,-0.6870626593599508
-1.6450942493594685,0.4289827040507729,-0.7543118540754904
0.447801388208612,0.8760798015449847,0.3358423694878501
-1.2802155012072638,0.4412235714532547,-0.3863913007501101
0.8817530152145115,0.49461794901841716,1.676703942739164
0.9253153322926507,0.8547012093564724,-0.7006089971865388
2.5988668289789754,-0.6654523280342688,1.6259929207264725
2.644057103123489,1.010873172464739,-0.4952349620420931
-0.5937931217456136,0.852185856734448,-0.5947438835261523
0.31913174872847117,-0.2113005188620153,1.6550148491628331
-1.9959497695844037,0.4942251543530032,-0.6047082394128768
-0.6301708734404582,0.6521792052303792,-0.8397214757542104
1.4536539134487743,-3.194402062866017,2.265710077017454
3.53963243871186,-1.8977315302214344,-0.5477328103682598
1.5735136349211627,0.669857887581601,0.26464262002366334
-2.575242198055667,-0.2993241484012952,0.7537461097829995
-2.7164195569245417,0.05203363876136178,-1.6422083584208158
1.330960058927518,0.3750255648592951,0.21516160740688256
1.4184981963553065,0.057520433838278325,1.4238879372617839
-1.0911956002275265,-0.4774259806705122,2.9294723209220996
-0.6061481876940192,-0.3203029085403021,1.181030765019731
-1.22510064738711,0.6750804329278336,-0.8294782332387213
1.2894219563736036,0.9453060412215877,-0.43866081619973124
2.0243536467193395,-1.459175955477523,-1.1306041290777595
-2.0138760617237015,0.3262514904202577,-0.4191861754844056
-0.7088242040119637,0.7051875942631151,0.05678581237194904
1.190279032200366,0.7962261252742755,-0.7740114264233466
1.4262565069782818,0.9316841503381684,-0.5995072160825358
-3.555554475921953,-0.6868485262838824,-1.735091872208635
1.706081847059835,0.2892627392163929,1.7912504276971373
-0.7601250784113172,0.655352138347109,0.12502883806320436
-0.006003174576059511,1.064377756759069,-0.7752367373109835
-0.03750960839795254,1.3069694455241712,-0.5846199971877761
0.19149642410628073,-0.07714781415891563,1.5697164536328538
0.4852092580297048,0.3658710686778579,1.7431799987240704
2.4347830110520015,0.5150797707858715,1.9520191428199358
1.3212517743392433,0.8788170223312237,-0.6166795593475053
-0.18644394677039788,1.0821967784109001,-0.5913000118613833
-3.752719213139991,-1.2998914364095415,-1.438408099655999
-0.0157169506470036,0.9634988577035714,-1.1482861742564994
1.3086414066554635,-0.7933229986979328,-1.480148653454639
-1.6561338596912702,0.3392791842246863,-0.08544561006022676
1.0867274625413048,-3.3349388195478578,1.8236979970656635
2.526306879633567,0.1826258244296566,-0.2649414398203502
-3.80941857818717,-1.232080982582941,0.48728884737027334
-3.7767373354615272,-0.842438660564514,-1.2572806331992719
0.8049106293691269,0.8274354124043584,-0.4241460921991228
-0.7291754607179144,0.2897846839235649,0.7993362793661584
0.23210100221924893,0.7171288038603119,-0.3219600291311543
-0.011105724919807136,0.28286387605617164,0.9419314393717435
-0.08223185024442214,0.3352786827405663,3.1188633386924525
1.863299455146204,0.8320894880605895,0.4591673508894605
-0.7791803074438834,1.0903764926268003,-0.43781345654787135
0.9421917584322262,0.941384616262297,0.3505058594808095
2.005424761994503,0.09712202784739497,0.2955972483667154
0.41480627172079976,0.50367495882903,-0.5026818793410339
-0.6756231552531456,-1.0652109811224688,-0.4807333048671695
-2.5060217211303732,-0.3943434953417766,0.12273251290179167
-1.8568869495723552,0.323973875339993,-1.2081902231485857
1.4180443854380025,0.2784295563797946,-0.03786106096152305
1.5684912022529096,1.1735610095202158,-0.32759901160936655
-1.2768647983272157,-2.597149495434501,-0.8620259386046705
1.3178697745402468,1.5258504691958779,-0.5989165462071301
1.7346167856685675,0.9715579048110068,-0.1884880935533226
0.9995098096280224,0.5324935995533587,1.3949830244314534
-0.400263028610656,0.025746527529562004,2.012953895673259
-1.1589302524688088,0.2795463053124866,-1.9738161954005655
1.9693061439241153,0.5567720206487764,-0.7456256099619996
1.7231074165407578,1.4454834358745947,-1.2301020481292908
-2.1763417577552095,0.045888142447478734,-0.48381927073167813
-0.003032758050232098,0.1628079452023837,0.9442667053014823
3.300184903140622,-2.741797463326524,1.013854736368025
1.987064604368727,1.459184142027092,-0.022781175860670598
2.4321440358243587,-2.116167172513243,1.0622567747446539
1.6657349628250036,1.477572221478327,-0.7582011611263655
-2.6441813476287974,-0.19457535125393724,-0.8920567767052675
0.1695041667095223,1.2662685436096033,-1.410641667500155
-0.0854736203104485,-0.42714799499988054,-0.5133203827636182
-0.1143454441448894,0.24581912570990747,1.7154281932021371
-0.014352842568157309,1.0678419103456724,-1.1703635660633518
0.754066566648684,-1.8062646751496825,-0.41599056834840487
2.6000361312949347,-1.37365650187693,-0.816978952348344
1.508185131892254,0.7176986519122008,0.6190549419946416
-1.5489607544579107,0.1683106098945595,0.040551199839399095
-1.0840749058801973,-0.24089635845922433,2.136920951796697
1.8735500508597123,1.1265520619489588,-0.8564323242269574
0.44307636460702543,0.12715824762598965,2.004188078498074
0.20689520256961677,-0.4162613078083926,0.03840651101813895
1.1004808881894146,-3.1549346587519893,-0.7006497204624964
-0.04669296222804368,0.8899141468961106,-0.3480779227497722
-2.6586598358835283,-0.3557595512256962,0.022539720101081965
-0.42870766831268614,0.08379931771156887,1.4986379991225234
1.2737046377135308,0.564170148049708,-0.09566178201928477
-1.9270376245782919,0.4588004963590979,-1.3835087209693386
-0.12964108155915247,0.36306359370567987,-0.1876615388168966
1.4502767962895138,0.9185845438561477,-0.2611996917534616
-0.005081461519573399,0.785778005244839,-0.5173849257851667
1.1980577893068258,1.175493081621311,-0.391757493551466
1.4789846569542289,0.8979918361076439,-0.49069008525814933
-1.1025885900016283,0.7658065924130684,-0.5159502520777437
-1.1709978222899844,0.182682406219272,-0.4717886177239892
-1.2825716064273225,0.20143619263840068,-0.36415145826935047
2.107939449863344,0.8848536232013395,0.44972831628063187
0.5209919747809448,-0.34937589560888,1.5051457331222418
0.2628136167837534,-1.7502847699766604,-0.3179679340211503
-2.2179046850869257,-0.28352556516611027,-0.8507846654379208
0.2345462306453508,0.7648904055368281,-0.5310915761866155
1.8536609408723632,0.04946733540256341,1.5079857979089801
2.8690002061967435,-2.433133755028245,0.4535199409705872
-0.12381167854791017,0.44314652336420285,0.19195491858046937
1.4655646264440423,0.7041173026595325,0.3985719762963583
-3.1677918693319436,-0.5590132997293951,0.07218492667772003
1.6973052698027464,-0.17689845281819208,-0.7781687103725387
-1.4692592119510222,-0.8134405389927494,1.175470640834227
1.6614626412705824,-2.168390566203254,-0.40111094131849184
1.7332635143505482,0.4632152494257343,0.8673640182484624
-0.16761956410379208,0.7383225293235229,-0.5837794212878642
-2.393345284388226,-0.19455540872651395,0.4568269838150055
0.8105978004499999,-0.12139300722080844,-1.3940446852934898
-0.5726749373030486,0.32383931982800673,0.6488501082930594
-2.9497789004885986,-0.4153803574180178,0.37925187561027274
-0.6788455329997446,1.0045000185962811,-1.2865230372732859
-2.029671404190851,-0.16973961976796573,1.0733089368995252
-0.9640052039243662,0.2538989590506498,0.6100354755065042
-1.372655053196191,0.7477979692160596,-1.0005534034563732
-1.0201822340954703,0.6260658272355443,-0.3891910447218878
2.2277220854202833,0.25362563214006656,0.6695712320382917
1.8962461531457553,-2.6773725691247794,1.1106022659571961
0.3565790475752421,0.1438094246783909,0.0010086195015071517
0.3797361959421539,1.1542425686961575,-0.47751217381013994
-1.0311952778724702,0.6739649683827931,-0.40713823391277265
0.6211878253393087,-0.3933433496783756,1.1970958441032902
-0.3126352517484135,-0.8608531979229237,2.8102286587882537
-5.022541580931954,-1.8248899220026151,-2.1558199372356324
1.7650692146504516,1.1912518645371861,-0.6318421086011005
-0.7249030124303822,-0.3817462614724729,2.615337045611983
0.3616970392789035,0.8502274415030623,-0.36239124856711624
-1.6856937271359682,-0.4708237416051448,1.7142088471397807
0.8747183706000933,0.5809004842067145,1.846139859785469
1.0868740766082838,-1.1406970156314544,-1.2895177428198548
0.6097330862892154,1.001893001277484,-0.8228984077683545
0.8424389164430761,0.4606411779842656,2.027407581275931
1.9277765583029107,0.9986434344528854,-0.49100382844954943
-1.0577688205643707,-0.0869425623389088,1.24496109035152
-0.019554343167344616,0.9667926349770056,-0.5769245146178882
2.4020777585272457,1.43841414117406,-1.079552306302253
1.8180259115282187,-3.198251635686864,0.9416182247332878
1.646947797109043,0.8490526504508702,-0.4440277822080711
0.44731942885415654,0.3408794299670668,0.5670242416994971
-0.8425136730583573,-2.4415916407901843,0.776013321353052
-1.0939833910234198,0.6729915398703699,-0.5541551694610539
2.414291292776341,-0.4039922939216914,0.498440792548755
-1.2115504624654436,0.39964793229074236,-0.2048896803114099
2.106065103167978,1.0398913954434967,-0.7469797097936892
-2.0562474423239356,-0.26475684679612205,1.3254255280106804
0.181349411784592,-0.13793100083290769,1.4379307308255231
-0.020930917264536556,1.13807965011737,-0.5499916080847209
-2.091064550632932,-0.1290031657453102,1.5503040689109777
1.187399430615861,1.2990496970347853,-0.12853992096015057
1.2231125011521384,0.9343573279022473,-0.5559840105212771
0.21680911108816608,0.3714153603714872,1.6442101140734267
1.2152075975254397,1.0532540463866569,-0.9849897743696764
-2.9717230068715272,-0.20021356554491374,-0.8766750061455
2.2591188395658133,-0.00018288599341951555,2.899174789385202
-4.179692559626127,-1.3330842215868832,-0.6812988737457715
0.15066590305858055,0.9965453012649538,-0.5192818146375132
1.5314221143013989,0.6663326276189334,0.45746741020368953
1.014341529352535,1.1532062269273375,-0.8271613535744122
1.6766086020798492,-0.06720220247303581,-0.28062123005544004
0.6787267613565585,0.8574915317352862,-0.6286321354184641
-2.0607959679076138,0.016443200896491296,0.6529443875933711
-2.8126225482868485,-0.4978211571507158,0.6099947375974903
-1.3557211175713886,0.5016834060167404,-0.43251231838827137
-3.8834542620960044,-1.1644796107845743,-0.3293754486520711
-0.6250575674152183,-0.03920202605951875,1.1312699945385385
1.6024965543890117,0.22623374369057056,1.4838928436496375
-2.5519663564956225,0.22083527826120164,-1.559976425492816
0.8827507017518269,0.7931413499658897,0.13226790184468823
1.3116379723649276,-2.593372512790981,-0.08972066915471585
0.18367886119745105,0.20780922462515725,1.3348460298673697
-2.053299765005893,-0.059781001720708576,0.5960771204677213
-0.9175481241635975,0.22963937624073436,0.866408038251453
-2.0548490562340525,-0.7275254857096914,1.8764553146785612
-0.9148027013278993,0.532704385823102,-0.0013046908989429926
-1.451978209923506,-0.4385984306371799,2.4709831183261692
1.0532927993573014,0.6337767178465353,0.32323090078552097
0.2887927858486225,0.5054094701044942,0.4472310267959392
-1.4307015665192646,0.4262025642188038,0.13738838405856876
-0.13748583933890268,0.8293410309046302,-0.28695846039481115
-1.5939591903607855,0.45493993007549705,-0.4593470410753752
-2.6273671750197654,0.22061982500943328,-0.8985165069634906
-0.17168499610989013,0.4970127454079311,0.20183102932750732
-1.9182474087999282,0.2630950545553345,0.0993668472956666
-1.848693531786739,0.7954526937157734,-1.8784339905293637
3.3061927244578504,-1.2821334089722614,-1.096381515030845
1.3695926880691924,0.5739410559911045,-0.10724437614053023
1.1916168086424517,0.8241694343026791,-1.5092812737545591
0.23502242101336518,-2.2039476940052056,0.7009517084571271
-2.431431347695288,-0.18899831639027895,1.0100448016263444
-1.1107994074893746,0.5875967893877583,-1.0481291288899128
0.8571188813109918,0.6302513438623027,-0.6387460637862367
1.582974654701111,0.4098939981960117,-0.8295289481703226
-0.14737587497834487,0.3303460966486056,1.1837540783364222
-1.7419883626631798,0.4863436732115714,-0.012313057035145757
-0.5614004653399379,0.5922049576610984,-0.7660608454545573
0.8774792964446746,0.6817570208946505,-0.9330919191929884
-2.7380355152388764,-0.2697755170533477,0.7111731645293219
-2.1160268513562257,0.1570473780801629,-0.35030548441905673
-2.3857608559729457,-0.10290270341396233,-1.5402270915807608
-0.6811402557621619,0.9202724292254569,-1.2888422231857046
-0.9270849031094558,0.7727680197652633,-1.138635335776774
-1.4438064978176908,0.46730992150351897,-0.28851249022347114
-3.578109507387912,-1.0507827407419976,0.6822363251191178
-1.2052475366441207,-1.7509911862882703,2.3379410034560744
-3.3774537221628336,-0.48236349441681386,-1.0097949637491621
1.3409075723010717,-3.182420401754022,2.228459519781883
1.1447248542545545,1.084112427933376,-0.5841468012619246
-2.733635202877521,-0.2740651996714227,-0.056066595781520616
-1.7649314373651128,0.6776772910253684,-1.1654571694348455
-1.510000898241184,0.06711193618774719,0.6683826792524682
-1.189650589091796,0.3822523454237386,0.28057310296087423
0.02644287143987854,0.8414087965108459,-0.17829976231817266
0.7769818505878867,-2.4369798037584105,-1.3518335223921973
-2.3020606573783713,-0.09389125529872276,-0.15619985013127202
1.8830204032804607,-0.5628176875536199,-0.07824598781918066
-0.39787050278877856,-0.12293006926733686,1.9494400024505851
1.780262455326247,1.09801425704661,-0.4004075276972904
-0.48344602883946275,0.6701183390432006,-1.3526446610748637
1.7471640047941888,1.097915121994655,0.00676010195702697
1.45023188571936,-0.7312445937984623,-0.01672044174348348
-2.117002580122065,-0.19602158589847782,-0.30534719370123714
-0.30682187130016525,0.6444283504393191,0.8544846104450902
-0.5150372477614683,0.6245441831726444,-0.4576303030887086
0.6573396413672618,-1.278980960902486,-1.623109660747464
2.219704035457445,-1.1725870838759909,0.42966403543377224
2.5377612527686724,-2.6807203011782805,-0.25673225148225043
-0.4645605696568149,-0.388449029684374,-0.43329515001301194
-0.8046027980639363,-0.36761167055919,0.6513413328844696
-4.7637903271004,-1.5658532537353533,-2.1922788566330693
-0.4992693939330516,-0.0349481285664123,0.7317135520857836
-0.24179520600599846,0.10284316302125264,1.3658400540334947
-0.23260712335975342,-0.5302363129952082,0.8322083800193719
0.8025983495301543,1.18702096140152,-1.0858622625860148
2.650273164164222,-1.2759024234034613,-1.347174170357571
-1.853746364052793,0.13497404145721625,-0.46383613850239863
0.3722201728682822,1.0552240397840429,-0.4358027089380892
-0.3060412287218616,0.6780439328303348,0.5084007378057036
-0.3098967396049553,-0.45575965374374566,-0.5622908336691906
0.8059373617979725,0.6743006781807174,0.7733104464786752
-1.3417855561148007,0.5016953262991047,-0.4939961026408312
-4.530666548028601,-1.8533701591939193,0.13282888915875107
2.4550634303364918,1.313239086465342,-0.41322217500511893
0.7137871227484501,-0.18365211550051422,1.1782843228807915
-3.339143948947395,-0.37383927522432053,-1.3328423898538166
2.4567472211993997,-1.3640185922872738,-0.8284305912284299
3.3284141690762046,-1.4636043183017404,-1.9288299830158675
2.170718764458701,0.6578507573671803,0.2275046716629785
0.10264383837515641,0.8792323989341575,0.9738061072197735
-1.5479120256392176,-0.1737258174737288,-0.26578484109062295
1.5379392985707934,-0.1620918924965382,-2.1024463566966127
1.0664658895063368,1.1998312390464507,-0.5663058101784747
2.264882077125705,-0.4667530863764943,-1.3585192403156487
1.2098626319048267,-1.8935036749079157,0.33423659992244753
1.2257528894053038,0.4270083619910065,0.31239052296563724
-0.9098166997057574,0.23857925138830727,0.1284846089952223
-3.3966775103123155,-0.8906072281591574,0.5052660250329825
0.8122100089931853,-0.9056391819165223,-0.2651884668244065
0.8560691445580539,0.3604851331205857,-0.08970382043910524
-0.8504778360789098,-0.22096029760185928,1.105810394308527
1.7980693183951904,-2.549250341846082,-0.009853252166584704
0.25717768787363604,-0.07769740143085709,2.8225404053094816
-1.161717769714682,0.755465796076707,-0.6658072022202867
-3.2317224417501,-0.7401163152756641,0.6112799182596567
0.7537637710704295,0.6845771457500079,-0.6847384146888524
0.6956451929337153,0.4604168139366083,-0.11052571515462176
-0.4572822946680407,0.2772056204775863,1.0567710854797685
-0.5477031423353103,0.19675136093200923,1.2764926923017517
-0.9972195447834761,-1.064627447635629,0.291801698091711
1.6599454504098028,0.442568538246571,0.7952812326012314
-1.8746407362968298,0.2677258096135466,0.45781483119431937
2.4014386928348324,1.0547359388926139,-0.369432823027198
0.11257909709574132,-0.15076352922532527,2.582859444343486
0.03407506814858683,0.25431750662764224,1.7659029368402548
2.1791491444217614,-0.1088014512740761,2.8498355348279736
-1.1190194416488068,0.22855036192686312,1.0379317294056345
-1.6304699591125082,-0.022006917325032453,1.2295004973060206
0.30071499385122274,0.34740549608207777,-0.07255993741981512
0.5945066821396218,0.6052446705602152,-0.03096907932585389
0.12958966221333423,0.8236956033766718,-1.5614958901200116
-2.838861559257617,-0.39525800887410417,0.15477724655792197
-2.520964959934269,-0.14556717223950566,0.29605292604676864
-0.09077053959825693,-0.15677891011976477,0.5383385260078118
1.7290057638262513,-0.41959060109064267,-1.3459353746135096
-0.6318708316813968,0.6473635504960056,-0.8253865661964762
1.866934685980216,0.9469169358374402,-0.14769007771844975
-2.337304348850754,-0.2761410719513466,1.5692744995409924
-2.4093761235723665,0.07137640016268004,0.05322687889230875
0.977990942920731,0.33664138589061754,0.9469249080530088
0.7560460182166484,0.7899289285048201,-0.023284171814514455
1.0074358812713877,-0.35101102299274556,2.804819787392239
-2.219762849198086,-0.4906031910281885,1.8774052938047352
-2.5515309800928394,-0.7349364014458759,-0.2109554131882821
1.2264169620521213,0.6479264493669333,0.8187907813911155
0.37059201124652086,0.8737185513975189,0.25440490663719567
-5.400150726658679,-2.12356549028705,-2.5860757035468547
-0.6248657727678762,-0.17779371822737036,2.441905950284123
1.3078034134118928,0.7306050045028281,-0.34900463947407173
-0.0339577177120348,0.6341161601832865,-0.9945121624950842
-1.645317280364595,0.6035374849037484,-0.7371062075993579
-3.5392083100381075,-0.8401461257671833,-0.41029086730810554
-1.507858643788104,0.42278686014084177,0.18923522220936326
-0.46107648600335166,0.11970929694220833,0.4098179583023514
1.7864198191719303,0.29056904694012065,-0.11553324656702471
-0.38803639391700906,0.8069159297153362,-0.2940099960751966
-1.7059730162829223,0.23679244398971808,-0.21293726653148157
-1.322962506585554,-0.4416197429888299,0.7547575525798353
0.9935592750907775,1.2819873725858766,-0.6559000788850031
-2.643155693966261,0.06167956267150043,-1.4891692930311666
-0.5397859217173083,-1.1675236292679998,0.2650240956422123
0.30249653897290923,0.9361360593584795,0.5981641952237545
-3.4554696628630532,-0.703367649190751,-0.35192500726028364
-0.7531439845860471,-0.5424045952231588,0.9907458613868907
-0.46593788737572217,0.820006332823254,-0.8215501322946654
1.5458821660151534,0.7815494704144434,0.4915261200345782
-2.4927863319687793,-0.3568501834812954,0.011125002773717202
0.3240703323662207,1.0099943708245482,-1.1438987380951742
-0.042387287821642645,0.6080261485271582,0.32645106189007034
-2.187840071091735,0.4048602817790549,-1.1040407935240373
-2.621276458391704,-0.14942262797800107,-1.0571884459353074
1.6861956401887828,-0.23020213055803626,-0.3532316834571166
1.1816421042641891,-0.06543687542004793,0.4720992066571625
-1.1189475812771026,0.9160903587195233,-1.0824950439292917
-2.1940604034747206,-0.49799366226635294,1.8390701059689822
-2.6339941095684978,0.04893456461966914,-1.0186637292855563
0.49289668002001347,-1.5126024309709412,0.9327129815277769
0.9798052704785304,-1.5755293032171933,-0.594454046198285
0.8246786580954545,1.6868696586340055,-0.937488304129649
0.28653430398445134,0.9111545662196324,0.14667413578625604
-1.3767687849916317,0.754170345895399,-0.3020752310902623
-1.914495578973849,0.3514503479841931,0.0893989678728847
2.0502191415639026,0.1714507601041639,-0.008119120426827602
1.400917289691679,-1.7144020548826466,-0.6027209583688374
-1.691408986100294,-0.26691156453948184,0.7634814333628063
-0.17032623114810846,0.7565469657602156,-0.5961233463662342
1.6844707527517815,0.8290032577872622,-0.8445615712495582
0.32515759336310707,0.607583209538921,1.2579811458366574
1.263936225571525,-1.9773209212346163,-0.7779421970208008
-1.9768747203796866,0.23444353160262663,-0.02670814254820205
1.4771574519243933,-2.526989302367465,-0.2702111066767663
0.26600259160692774,0.7560366963466905,-0.2319252919621119
1.0437080467333448,0.9088462215216437,0.5017961499288079
2.477228101391209,-2.1863017035622563,-1.1462898121689198
0.4283494002265659,-1.3846154064513396,1.2257930724271946
1.5136436339155646,0.14531555730499823,1.9946138241610192
-1.7433065987626064,0.5620430798983138,-0.671330638167141
1.2403996094215928,0.661010216136088,0.17919835210742396
-1.3442626958846189,-1.5987363317282803,-1.598489406642388
1.3855886185386443,1.1552022430682414,-0.4733144416781367
0.966098555018065,0.6129730122776185,0.4427662036749816
-4.187270575091174,-1.5314445015437153,0.05908092528158388
2.520011376702198,0.020651210694185164,-0.5687607784180981
2.4004275885553334,0.24537008322499018,-0.29757328310981696
-0.5619079688667743,0.9025414912044816,-0.24950997192085508
1.391129080958858,-2.1227233182751557,-1.2703421526238172
-0.2828208891870614,-0.033107129249080325,1.7398033763853917
0.9842751588887007,0.6820207166031632,0.39545968631704015
0.5124985131948308,0.043475453012953545,1.5522590151022215
-0.7110815313420753,0.24728426261871972,0.38531101642116844
3.5261666599441153,-1.7495548061424393,-1.5528911775189536
-0.03266830674029992,0.9296432984546938,-0.4663409266010801
2.2480179538737817,-2.796843704157393,0.3061459690913111
0.7825579536054384,-0.805831983730552,-0.4002729700193189
2.3737544940220507,-0.8811864315703947,-0.3681442001219186
-0.3418741691189585,-2.305677254521054,0.09234392870415073
1.6221799739870408,0.5520902760752355,0.6417893603374698
-3.166897343195896,-0.5367468567240987,0.03662786209947881
-0.48419437629382234,0.3576256405638167,1.1933209831212412
2.1979715898485077,0.8458122135800906,0.4013682903661588
0.2765414470841926,1.3521184552239303,-0.46457270737045037
3.11578825947837,-2.027322595241586,-0.3589496102888751
0.5098338461877495,0.9346138977968889,-0.15288827685282394
0.18270170872916314,-0.44234718602437734,0.18220869171636117
-0.7742449325496776,-0.8898085660983017,0.03870757553701087
2.5815193447587474,-1.8280388772978449,-0.6565826914583439
-0.33665426476343374,0.03768249713199526,1.4500615964784436
-0.6371255951835709,0.4358521739953706,-0.07658363853944933
-0.4145788208957554,0.7716952101247626,-0.6842964805762296
-2.480851483277245,-0.8107743393280641,0.5676649582273319
0.06507465405064364,0.6385964637636885,-0.45497760406025295
-4.441175889202046,-1.59986033496296,-0.6218017068448327
-1.6670789383810076,0.38422607015776405,0.6529410369721648
2.2783281169636505,-2.179602599913143,-1.5545266536766724
-1.4315164227138308,-0.5553166818235008,1.7250362719987922
-0.9983163450229958,-2.234602067582765,-0.4420920416276447
-1.4102138093028458,0.013766100366590877,0.7938622266477859
2.0735764026069057,-0.482573649563702,-0.3522183731613023
-1.1007832239871742,0.6537289209328749,-0.49681553123011674
-0.07171214567141329,-0.16033858881742954,1.4424320106180937
0.34545050017292434,0.841673140364878,-0.7054306024437703
-2.8492515734999655,-0.8329904915374627,0.2294381461286862
0.10255569592695783,1.0638151405709741,-0.829270285030258
-1.8477977898063633,0.0526590696518919,0.18415005114520158
-2.1212993742402935,-0.3515769544712899,1.8676318758767636
-1.4772024008028257,-0.5495185569144958,2.739714214957131
0.3262325174888414,1.0439782873540466,-0.0867872579364122
0.11595891793811494,0.218973975114321,1.8800368220462855
0.5701035115384854,-1.9859406923513503,-0.6327417487648244
-0.014177841614962399,-0.2662796526309279,-1.4229133639766038
-2.6576724133592973,-0.23577044696760308,-0.020145209305679975
-1.641954481466847,0.22151899791481217,-0.048281903352127085
-0.19052650596058124,0.18837623596030514,1.575636037635488
1.9449316111123855,0.014207893896067072,2.0069081020825417
1.3437915953379556,-2.763947478710606,-1.1496589367451586
-0.8823832007946639,0.3884521082169785,0.48583767975287706
0.2057532682400012,0.0749187408122521,1.7194702204322996
-2.5358235767273594,-0.07046684961253907,0.38698983216031585
2.1925657107104,-1.4598122046626685,0.6540120713226829
-0.9929560854318805,0.19411895415825894,0.6920827402178287
0.8342154287826374,0.9591792277415513,-0.7768530923909324
-0.5001235919824154,0.9401363729495977,-0.1500569569699212
-2.6390832144727527,-0.36000404154889654,0.49957937474369307
1.0813287153938278,1.0694985982928764,-0.02140288377247327
-3.0771126743719774,-0.6529455192514487,-0.09765980828551173
2.3572849564735434,0.6383926172727339,-0.1489989715714694
-2.359592983937148,-1.389838584840865,1.0439477357452207
-2.0254643140373116,0.002316555927940386,-0.3687796073176024
2.3125744634358814,0.5201135480477604,0.17711695633402713
1.611274771346412,-2.24862890078172,-0.025870825507978305
0.6615149178647407,0.4229743643641918,1.47199756490631
0.3188003706177905,1.1568096804643573,0.051654528299360195
1.99364275684624,-2.138828072554966,0.6850412995348751
0.20594307508954116,1.0556753942174728,-0.9790624325466238
2.716472433207368,-2.2173440142527605,-0.3240814410145715
0.6976484050782062,0.8149033930724526,-0.7836237617873113
-1.153320742878702,0.09362316274783596,0.6914025539991856
-0.20117677108233667,0.0432248179710773,0.4499221372358389
-1.1530580715292746,0.2695538449534895,0.7045125120302513
-1.0558556082273203,0.6440758665338477,-0.81329551113844
1.6815873041317917,0.6729936967247009,-0.26207114245872765
-1.0090268212805684,-0.23058066647575967,1.657645758363576
-1.7986045746353365,-0.04534736700267447,0.5961929531087781
-1.3394611725186913,0.7246379226526951,-1.2461025483711972
-2.862001477240341,-1.077038103304521,-0.6469085773936173
-0.2068894475567014,0.4175785018119437,0.8970686897533431
0.04657654740648481,0.40993556095554307,0.5067939703864024
1.24291405311577,-2.904289208595419,-0.5034862586935285
2.2137445924993466,-1.624586050355978,1.0887776850727773
1.4223933848841637,1.0035234530457797,-0.6843854598447956
2.0485343523909525,0.5510865619176858,-0.14298614888348424
-0.9280648781231775,0.7724654143753291,-1.3304420036102877
-0.9184281715750752,0.7387921906063847,-0.7032389531772402
1.3850160265715727,-3.0579396399673278,-1.310166889739109
-1.473438143802506,0.32537450901357057,-0.08832684984461475
-0.3813407324225577,0.43951287515491133,1.1790692431339156
1.547073597276581,0.09086941260342433,0.856939997325118
1.9109037141922987,-0.0867729191995822,-0.9998442334403216
0.43983541076531135,0.3391216888384849,0.6036313381123123
-2.099224104595953,-0.28058317832568447,-0.39716899316245124
-3.014100537306355,-0.3202609585660873,-0.5193261893134093
1.8346221598848804,1.4239476139333938,-0.020425009336199083
0.9989591241322445,0.7129915254438298,0.02650075084918877
-2.471560628474895,-1.5640262718258096,-0.7057876615064294
-1.7849684700269486,0.09619157494829539,-0.4833564848986125
0.11213657433256882,-0.10114747318620897,1.3976285521664162
1.0651102648026474,0.9572417212774431,-0.05286606210091633
0.20721321012820518,-0.20158818332455494,1.2822065223860784
1.5667534537516181,1.41240475181248,-0.6544619022652348
-1.007672176867326,0.543975747028342,0.09899515337403811
0.8705963543919724,-1.6560158193814658,-1.3171204728711403
0.9669836782834811,1.2859680801538325,-0.5413748220636755
-1.9002114445601719,0.4528867133725392,-0.7395167384797104
0.5782450978910527,0.9322881997575109,-0.5833522780044048
3.25005601895761,-1.844386716016424,-1.3444071087776914
-0.0591011181124635,0.5232576118686452,-0.7277034426898261
-1.06323173574889,-0.6059804522690259,2.854926093203934
-0.22122696398224168,-1.0438240087345914,0.08553460724846071
-2.981927838271042,-0.38628268730336635,-0.14215853046965135
1.2013013113377244,1.0019952160155914,-0.03223162361874806
-3.056615659108562,-0.4209656989564055,-0.18883109911379306
1.8908593633196136,0.010031019053384637,0.11013215432524612
0.24401065265395575,0.2404959944812217,0.8888121898531386
0.6559053228900429,1.0165629405947587,-1.3095755289561957
0.9023416362031644,0.4867157240542448,0.3479822586879373
0.5544004093451365,0.2966396541832901,0.4520586231999858
-3.234603192686704,-0.5516512864323889,-0.06892022794249963
-2.4648787014050075,0.09104149194042976,-0.1552253833319765
1.0128442742524697,0.1635212983323543,1.2017793228834766
-0.5083294127835406,-0.23243365643225838,-1.6794028183949685
-1.5158131607170895,0.030914491986584025,0.7454085893370119
0.966284704927255,0.660400051275694,-0.31207766703287426
1.6949401712464265,-0.2089101106663959,-0.46237098359169165
0.04022244891740976,0.6477664717486219,-0.9175822472961069
0.08997040615132185,1.040964697108547,-0.7399726846204441
-1.405211746879418,0.1278689601306763,0.5452674715893147
-2.5480986450047034,0.07165346255357113,-0.1859787016749274
0.9475100644132143,0.7582382785203778,-0.10532027714309983
1.7974546164346015,-2.8539842817486525,-0.17745611260939473
-0.26785600159546724,0.9095667441447933,0.1448911185131901
-3.6063010297147473,-1.1873676934580706,0.8039331174962088
1.343588479156767,1.0268638839265232,0.02489928589840487
-1.6165779610018796,0.3311640097383773,0.3735055472324268
-0.48041116214634083,0.27309391578579,-0.0821172972628898
1.1542380903567226,0.5719431612378695,0.9489766474203938
1.0430190954051914,0.6872291608716321,-0.8220153793331851
3.0700549472227863,-2.432022212798386,0.15178371514875585
-0.9489846284707647,0.8348533967092989,-0.999510257847204
3.2401162182390997,-1.662639699651249,-1.255841954871679
0.5107506072790442,-0.29598641519393315,2.204274447981656
-0.3008918249931366,-0.029933084460735386,1.2556980672566023
-2.4767758346564923,-1.0903364551965096,0.48598557404072606
1.1771811288292888,0.7755055396313838,0.5595297597572818
0.30483033498187595,-0.03766626949099744,2.292986370328124
0.9541619831411188,0.6992346023751308,1.6241925716938894
1.5080646827797723,0.8176411087037914,0.479573349300361
1.8305315245828002,1.2770575444408059,-0.7461769682165407
-0.3120837683065514,0.5308602957147357,1.0389254270595294
2.4364150410592735,-0.643095270410491,-1.1119754217675952
-0.4986759090084283,-0.05470595730559455,1.4465260206556072
-2.311125126734474,-0.21746442565214572,0.5520389375912046
0.9809853183402061,-0.7317678038554695,-0.14298268874406717
0.6615985345738638,1.1481760055804593,-0.7001389903199444
-2.129663320861567,-0.055497835608300516,-0.31698579287734646
-1.4669967336973104,0.14649211678487295,1.1199257624005066
0.8759167223686399,0.05314735352133981,1.371082207642126
-1.422647254710279,0.11844639090281925,0.07818682874327648
-1.1992419309973799,0.45424805708397653,-0.3366954233487243
-0.265966739930961,0.11130372084009732,1.0336003399016955
1.7624193778742951,0.8475495399223861,0.030877928257529733
-2.1881886440488247,0.303435836673073,-0.3366088714240022
0.10304945165409535,0.29442179252315215,1.1421781813578475
0.9843950621224737,0.8232615377167873,-0.36032534042507264
-0.2981856617366393,-0.050509381128732295,-0.300401238041287
1.043553696093122,0.35920651382966334,1.0505688713670227
1.9205375139676868,1.078605717098434,-0.011870527725761575
-0.9053988083808616,-0.32227773650672636,2.1812147896526146
-0.09665731010830882,-1.0014301929828773,0.0017009410627025132
-0.025208362013968925,0.7255861667779637,-0.34358371583763386
1.5494722157695606,0.6920562369708958,0.3412264484866857
-2.8021625712580596,-0.7336102734425431,-1.0698306322723208
0.04624581448937625,1.367843255732266,-1.1724877941583396
-1.9150231849391783,-0.47259840222190125,1.5842382005308306
1.9348761678149105,1.1200805931503552,-0.8222863644305798
0.5564236811796243,0.24572132749528797,-1.29016040609658
-0.10938448640279622,-0.8596526788966686,-0.9313802156408114
-1.210068749202985,1.0100414202738246,-0.9752683642431922
1.371271179783464,0.9388680005971269,0.8815458928186448
-0.2923394711002544,0.03009007527557884,1.8221044914405187
-0.43577153643381505,0.7905900131593598,-0.6176446281907814
1.184666095059732,-1.0066101947373747,-0.7585041214773875
-2.251032599756355,-0.26784028707927354,1.6023074138460147
0.8167378291221613,0.8829354055558895,-1.1124356157818867
2.011369680273976,1.3206143409795594,-0.75490062985563
0.7165717124032674,0.3842275374891517,-0.22628484283341335
0.7226989049419699,1.203565650934668,-0.6229320525007848
1.1717196755542152,1.0597958726849166,-0.11320578788789193
-0.16960316250890467,0.5450038104370807,0.6177410597645929
0.8604103448873585,0.6105474626294718,1.7382757745186257
-1.752121037763754,0.7139666892022563,-1.273480952173486
-1.6434554144832696,-0.010132051378509616,0.05833881950560527
0.12472614605899851,0.5885049160308852,1.5824754098458955
-0.12360780749306768,0.810156141287042,0.10440927142025332
-0.33593662906250304,0.38954820104942556,-0.655908172747058
-1.1048235836393452,0.3087333682921741,0.30411937657461174
1.1015057851193135,1.5876096194390878,-1.0055997969912887
2.816954422942555,-0.08035944175557803,-1.491962565884319
-0.41480755302822625,0.7120445454180825,0.3841043844711093
0.3922323115068719,0.8562294789495994,0.18194137517270711
1.2063087952958438,1.2964639074345514,-0.46971609152446353
-1.0695383663150104,0.23179638270919395,0.6830546703248089
0.35190210061095845,0.8168248090653545,-0.8307191630973463
0.41118147307887276,1.3222506808272547,-0.85473055665882
-0.47300827220467,1.1346448107755684,-0.9711433086243643
2.2949116598391797,1.2689040820964501,0.32459889252660135
1.3158797290749347,-0.32055256986778397,-0.5008502521434054
-0.663226563702643,0.38103207136523787,-1.0002290599802979
0.6331961162456724,-2.6336575352547453,-0.17554836488017447
2.4055159361420078,-0.8073187349672393,-0.6518392764236974
1.6213485433923485,0.745301212966379,0.9332906121779792
2.2628404367523616,-2.890576200822888,0.10980241072005553
-2.5274447491413894,0.03397333984360851,-0.4201433005395833
-0.791010445344212,0.647293550189566,-0.284663708975341
1.794845846091934,0.4588704765932341,1.7169949938692965
1.4353770844915574,0.3852546241032532,-0.13727759154573985
2.618707600693945,-1.8464213959628082,-1.5634716951810281
-1.1016332031076435,0.6513210935656882,-0.48964807645125
2.3337457937011865,0.9861864982207827,0.02729335935115755
1.4985503457057696,0.22762919882768265,1.5183830458842578
-2.2229981749627536,-0.06952559261745044,0.6397453842999887
1.0075164209373808,0.918861919322228,-0.039728767084980056
-2.361942133797064,0.42210583464625867,-1.0792666311736492
-1.6654192809077644,0.01641675066532252,0.9037606957651371
-1.9740757820064085,-0.22860597981468003,1.3370045355556581
2.7546716885990072,1.0622196484121667,-0.07342879091461002
0.15998625061052077,0.2117561898588749,2.1215352786987007
-1.691215021236701,0.7096084999730514,-1.1105932239005707
0.7084957654646776,1.3582498958671692,-0.5158530119727172
-2.163919692099871,0.39191753227600795,-0.5692709424210898
-2.767405792767369,-0.30705199073721384,-1.1715635764549044
0.6452997484493268,0.8451737176764723,1.3419901323442451
0.5210553897573196,-0.805593933233341,0.24589037816865242
0.05037025352435124,0.6962377329433269,-0.3417444479660193
-1.756234473631958,0.4464912068380731,-0.45026037728663776
-2.272413141542051,0.30220538826572374,-0.45325024428712524
0.2267344542390259,-0.2218687763348355,-0.02145762840483268
2.9703845103105344,-1.0532020515907488,-1.0750144739471557
0.5192426748097768,-3.860280834033636,0.934283267186606
0.35456398150986074,0.6913898772373769,0.45193382658477316
0.048787846726136806,-0.390080032302706,1.9553681324244712
-0.09557754955265099,0.6544780355605784,-0.48759153751735756
-3.538922505448405,-1.1363991434725769,1.0562837600525203
2.410201340517474,-1.7069235855032705,-1.9480961033712896
1.4928178183325647,0.39685153784638305,-0.36854332299913
-0.24619782291169695,-0.4654067606695446,2.9079776812571665
-0.592191018790226,0.6656667143836426,-0.4707783170331464
-2.7967000923663825,-0.553152906941978,1.2402210967877842
0.8977318852102774,1.051865573875564,-0.5944248451953745
-1.26808530576513,0.5533131632158125,-0.4670098058502969
2.2582527380072435,-0.2579373222531554,-0.4646147511146566
-0.12800267176981303,0.039379428428845877,1.2460041495032637
-1.7431737934218732,0.11167737487172585,0.12877250931551332
1.6982757682162197,0.7817447248775806,-0.8384990511201883
0.2679122337616602,0.29097200575453613,0.5812086336509156
0.8219595376272759,1.053742437492543,-0.68673895761116
-1.2661710255473693,0.6561954545411524,-0.489496502347819
-1.2770336817402481,0.919508784648949,-1.1087336929792575
1.088683575535899,1.1798112789285555,-0.7676281237290946
0.9978198584620314,1.2405737330865299,-1.305940997638333
-3.836418012277337,-1.0115025392748485,-0.7540229155116714
-1.1986907298218605,0.8868189985014723,-1.1145524936996043
1.7105192080777274,0.5858342665941892,0.36881767325863607
-0.23892158138014508,0.28505264624342397,0.7992828283782021
0.49803767078209976,-0.2824021337795713,-0.422417965420844
-1.7045099073482854,-0.09311686662569214,1.0996673535359436
0.7754358829452225,-3.525312559430065,-0.017153839620369846
2.232294431332863,-0.6516835506672085,-0.7849724249151663
-0.42978433283169104,0.06101691169901824,1.5357309468676645
-1.1783732978813386,-0.44276097681258214,-0.4471625986726229
-0.48543770915973394,-0.7590414410319914,1.0349210514102385
1.098076180484756,0.8145373326930829,0.4296686590502036
0.5366621222839224,0.5710990379523239,-0.28488129982039195
-1.937740687796753,-0.005506218972401462,0.23810205872129528
-4.445353988185214,-1.7885893054510444,0.0899082730670536
0.02117498655296909,-0.08485648490918106,0.10392429790545032
1.715459379023208,0.16807536221294025,1.7893475994198194
-0.6753497212439518,-3.19701227651025,-0.497335371855288
0.1221457485914367,0.17212873515596097,1.0995489086368202
1.9341966729259978,0.7372747630028647,0.705292975966709
-1.285535643161192,-0.21968124570330388,2.1476514678183736
2.932551240450051,-1.4462462593120065,-0.7830262794729447
1.8279068006810142,-1.9364883605833088,-0.5199036919269311
-0.8680215181446042,0.62576163508033,-0.3397594062491552
0.9608003183792307,-2.7288355439861434,-1.5049153002661315
-0.25468791473623165,0.49824351153191615,-0.5481900126495599
1.151282731016204,0.5538747093533586,-0.9476066485229763
-2.3537685999361253,-0.14588790895208573,1.0316312785444508
0.38122704182736666,0.8761165547674301,-0.2232334025295785
0.019466929869092108,0.16288679897372257,0.023746251662539755
0.94108799227324,0.9782267300182442,-0.2542923073306042
1.2928351666077142,1.1127697016264915,-0.9865988682393477
1.739676499923686,0.9813354166369744,0.6336368878482159
0.44448959822540546,0.5675256651810369,-0.1668950184766775
-2.0580890019826885,-0.38291718952871495,0.5508199164807631
-1.6135294958942887,0.3427772263694623,-0.4103487185982226
-0.3025287242773446,0.28120253468055323,-1.4082841594204614
0.730407955674624,0.8133966309676052,-1.7477202026358565
-1.8595908101225627,0.0012259236723411973,-0.38019432464496705
0.3186695744700466,-0.7077906673954356,0.8436396398381418
-0.8937167797181206,-0.7013670890205534,2.8295381811522495
-0.17697738172616306,0.8138110631600257,-0.5179405752445
-0.47215823512273125,0.27108499309723594,-0.6746199965724894
1.0588831129217466,0.3699609196522965,1.5270290180666526
-1.5795864238858672,0.5153876356176136,-0.6085594600042236
-0.18490723273872714,-2.648887194996178,-1.4410415384345812
1.1729829100363902,-2.09846460896536,-1.0214667724238224
1.611430603611673,0.8862327008583923,1.0394025903379476
-0.022192981552625616,0.15014202190157724,1.7362123754287275
0.5175668261124854,0.5423357950255564,0.7908257179921294
0.3743140902367592,0.09431512231985324,1.240182224427571
3.9171469756633273,-1.9574583639074756,-0.6942356585261104
-0.4181607277969722,0.6246240081269996,-0.5917195770334925
-0.9170206092697831,-0.4352676742924722,2.8200412902292222
0.05837922465147392,0.7552567059936831,-0.4605488411759829
2.4514553574070117,1.0872562830526415,-0.08051504711920349
1.0756944143070437,1.161293638473381,-0.6844423418216461
-1.4717396131220413,0.3679443298940732,0.5331254124369524
2.4794723755692494,-1.9828730408723287,-1.0111845191288849
2.1679935889697686,-0.07572305063894881,1.8654213930250456
1.232607137365166,1.0543278423145541,-1.1950951642442968
-0.9026005613029698,0.3311802144117481,0.656320711278789
1.250890396060652,-2.2605227716840006,-0.02596412840458013
0.5990979675793876,1.0308252138607232,-0.8152221786297649
0.22255205104650458,0.8081362568113054,0.14979662612497868
-0.5857541580884288,0.5825801836406719,-0.6434989536623609
-0.1291299175302654,-2.748604074047303,-0.10729436556295759
1.1914321023125076,-0.18377049901862227,-0.8245467349123786
1.5061213172042782,0.7930453404194772,-0.03614040713493636
0.5786938984576725,0.16863386327501004,1.5089771491693635
-2.2788968991488776,0.0691867202062888,-0.3578729161004728
3.03267020994379,-1.0325534662540772,-1.08277813837017
1.2717812762562895,1.0051632235636754,-0.18338487668746908
0.29762914087282505,0.6406328434197713,1.462910475360075
-0.02252890104648631,0.4065843082840464,1.6380910344140835
-0.5633014814268709,-0.18102594092339677,0.19699961526732176
-2.6587446058579527,-0.04515962122863071,0.042552025872144315
-0.9295541868597635,0.17930935704584983,-0.38794292369859923
-2.9442862197994124,-0.49728015311501517,0.3392793233205236
0.3682639732570022,0.45584659554558943,1.0192311988577027
1.0104651228409127,1.2322494298972966,-0.23155427082398236
-1.0403567599800818,0.17703388615578555,1.0574307721508618
2.473132783603704,0.8452208661319773,0.46100628641550956
-1.4383756527169291,0.507373834321017,-0.7624627234215091
0.2576549110672798,-0.08426498477045101,0.8934156190758201
1.6723456998755797,-3.0675521350962645,-1.126530646243925
-0.7510960215061109,0.32764730659061025,0.8437697676504999
-2.660333760365196,0.20793641181884837,-1.357004160777066
-0.09177418717040015,0.8016725523732563,-0.023958116957294794
0.6777491530687972,0.8612910287058918,-1.3190035036682757
1.8082109739974728,0.9902726887123411,0.18499909987002164
-0.4458730116101438,0.7427460803146015,-1.0625276514816013
-0.6178514061111544,0.6668414382241402,-0.357513752978711
-2.443318377953848,-0.08277013683228789,0.28976175422113526
-0.4418475745733973,0.9670941641496402,-0.4453721070605032
-0.0951716708942541,0.021833193981696218,0.993840995598445
0.7168214467657972,0.735056497914559,-0.32979761880454933
0.310552970427538,0.42558431254521034,1.7112997725881667
-1.1862247868142661,1.0973192021931661,-1.204346707850846
-0.1993929214087557,0.6922324104457119,0.312770819865192
0.6987149330084331,1.148061382675074,-0.17587567815680616
-0.7938514352918842,0.4245941422752177,-0.22000404412669086
1.6621267445265684,0.585347762932274,0.7146004953443034
-1.4036507618928662,0.5625335843991119,-0.7328373613104684
0.7831569286017916,1.223399358322216,-0.36174129416254036
1.0784679467952776,0.7993692411467374,-0.7105515681504811
0.9553004215374827,0.7264460376570451,-0.9144240281811885
1.1426802914562328,1.3904315082355694,-0.6139535243771596
0.5246203030656489,-0.42502921741646954,2.7514345245382317
1.1700021483169973,0.13403850250602908,1.5316518086508155
0.09995553089164223,-0.36653711479645273,-0.5813103807774901
-4.246840910143203,-1.5233025835946457,-0.11506994621526538
-1.5195898834292743,-0.2566104357170409,1.660148790356
1.2907766901473536,0.3779344376741167,1.7670656107064773
2.1957424665235807,-1.1480440334754083,0.46306841541033716
-0.21106644699329502,0.3162255747151333,-0.18870574092318146
-1.9763730002100095,0.3530567345080415,-0.06529738350989711
0.8812070055416782,0.18079298923916845,1.7271145754765627
-1.4143645949298882,0.4927185110330575,-0.5864649569758819
-1.3230253026701564,0.5548395160463007,-0.6521920688315422
0.6657715541682167,0.6699600595549371,-0.4386370138314534
0.7459194571815342,0.7400827943836745,-0.5969217324856615
1.8678289339165712,0.6933396142969601,-0.18553316431061598
-0.5773625979483533,-1.8070083449127723,-0.7119931338839985
1.7335918324845598,0.9334170421744443,0.16908379563408285
1.8409216764553216,0.14691392779659573,1.5577864876054701
-0.1202115180650726,-4.228424914957392,-0.8297203120892177
-0.6031267017612278,0.1430514381881362,-1.1976945545319257
-1.4297839031202042,0.6289092975836053,-1.8910677289671705
1.162640227629643,0.1872337853068794,-0.05746471046718741
1.9210127483483763,-2.5212268058147367,-1.3914172568032042
-2.855699789046755,-0.499681267471324,0.18073732153157288
-0.8768187234863001,0.12986247886783112,1.1217378334806782
-0.47214706129572415,0.8232668872997593,-0.23955489506967972
-1.6808505787837082,0.6595352559799406,-0.5278578400579468
-0.967159297680798,0.738174657714495,-0.9127635950893476
-0.0893369390503383,1.1606566119871968,-0.7056634240022138
0.18174642732239957,0.004412126231743368,2.05597534748953
1.0218928988587115,0.9440105916909195,-0.13876611618126158
1.5492304129743262,0.789447976552071,-0.6521795786259872
-0.33940604831758175,0.2723184793543239,-0.41124949784936676
-1.3383956555770713,0.06005231954167071,0.836719316162954
2.0745379046869976,0.7924441308580576,-0.5184937407731328
-0.4199810437458391,-0.008671759492960363,1.4594091596279475
2.714243623310161,1.4412577748170805,-1.0216474752992297
0.7429499110014993,0.7204542662940889,0.26344130423877676
-1.6224385728503907,0.21710251992252705,0.4292697123461171
-3.3500771859151226,-0.6988961785335516,-0.5298111802499988
0.06435396274528962,0.5771903304521028,-0.3660995798758693
0.9583950413594752,0.11847244996514705,1.2105920640953043
0.0230764144017095,-0.08819410411449079,0.657484414010196
0.5163518291750802,1.0091225250685019,-0.8463230867784416
-0.0522951357696543,-2.4115539590985784,-2.105099717795567
3.1654458309231654,-2.3386914059874386,0.023877563821919495
1.8786383789724637,1.155184735214768,0.1973278949211106
-2.0420195486842276,0.0499007626746623,0.5226260701464013
1.4816677630395194,1.0375827531098318,0.12063697431635835
1.2093627121755124,0.9246644342228929,0.33784175504182384
-0.10951774187880525,0.3592503236501146,-0.27288239196910874
-0.006669503542005925,0.023577966286435985,1.4532783430745277
-0.4428157287934078,0.04617442585976697,1.0551092801079776
-0.9080573817084131,-0.1333395666862348,0.7457523108557006
0.5639049874493962,-1.2088287453380326,1.5305559899108536
-0.4283593456093667,0.8318237726181514,-1.2662396940471266
-1.9298448321117574,0.13107564638450986,0.8953097820213108
-1.2897263101463778,0.6886340023118919,-0.9890139858617425
1.4879282786746264,-0.5847890085655423,1.4165656931419854
-0.6711743889718048,0.1625052703175765,0.8870111807440534
2.235270346593336,-0.9477409113147216,-0.2155903308734136
-0.41487200932418755,0.572941778796638,0.023009888543829238
-0.1524259727680814,0.3560090119140427,0.6122333801411769
-0.6508617208452228,0.6527632816486297,-0.7492876630700879
2.09554820841974,0.9269341577372525,-0.5403065352166786
0.26318270147698214,0.9893635029360821,-0.2880495380180472
-1.410221386697913,0.5224812107079262,0.042386511824092005
2.7663928881585877,0.8291484606518312,-0.05997794754826619
-2.1989398905972126,0.11581882589285757,0.4025152537525466
1.9420554058604542,-0.515993934598492,-0.797213941865394
-0.9015512943511826,0.6874349992363197,-0.1474057535436456
-0.08218507209775178,0.49699331506855016,-0.02975691599685614
3.5959226804206805,-1.2905868388118547,-0.36365420182343966
1.00648733045521,-1.781256317733529,1.3832489805847956
-2.051319690039929,0.20044847062592652,-0.0754285554148772
-2.8870898335604265,-0.041168645963185035,-0.8538662106759198
-2.0773207657446258,0.5010781263926384,-0.7454117818907681
0.11838084706195003,0.14043382801123894,1.1596523908547973
1.7941925156493508,0.240274831548378,0.1798880258858069
-1.5521421283884018,-0.6352481930748398,0.43738324034055187
-0.7390477071599696,-0.3889108902060078,0.3232974248366723
-0.1483652121851135,1.051772266099302,-0.7175425461961245
-1.54975299462855,0.3452797018714011,-0.20532137727351044
1.9636458761230469,0.6389532593340261,-0.23784796753432633
0.25091356432202033,0.09929756768706274,1.484100242869416
-3.2942710441108853,-0.7177013319658776,-0.32391872330388033
1.0609810127113497,-2.315076724126634,0.2113433683933786
1.7667339620767804,1.281777254100396,-0.8962951864877124
-0.2262491640942056,0.47210447093461183,-0.6370371666212219
1.4899055554073453,1.1002538103208885,-0.6922419804678883
2.704514529386706,-1.2674172295718622,-1.3806963840228073
-4.505640051377446,-1.7794974063541458,-0.8363552788111769
-2.566312021330559,0.1007630529505873,-0.7688728920074125
2.6323158276861403,-1.9435936460099987,-1.7495760324396172
0.2340166052650742,0.526291539563908,1.3500500232691577
0.1070534718563029,0.10805636192279226,0.13935701963253827
2.5400073892166746,0.36176877243406064,0.8390729471966134
0.6379878665389506,0.6318820852638267,0.8538416215889022
-0.5699625963462425,-0.25132940025840883,0.7270084029987118
-1.0408039171900327,0.529553615114662,-0.2917548346060724
1.1717455331398898,-1.8960536255484488,-1.5990824096409915
0.9410142342005852,0.8743988028580495,-0.24017187971958612
0.7009135235840126,-2.1808575401561225,-0.38398150201294406
1.8387505629189012,0.47122810936930265,-0.3037727063058295
-2.7258652448015144,-0.35122054140420383,0.5765607621970792
2.1587372146839128,0.19604462873362,0.46052571852461915
1.4202269771912517,-3.212524899195402,0.16353874766593318
-0.630726236652769,-0.4287791375649819,2.5600413166581824
1.9496045716938375,0.4820888252026627,0.6034428129551541
1.1324362254939941,0.737953937033643,0.383218470118708
0.8474015884496066,0.888931170110653,-0.6984949858618673
-0.48751218428513754,0.3487309546255781,0.6632206728557426
1.9726369470676155,0.5088813677669535,-0.8616574671145515
-3.5566328820077286,-0.8895065867945138,-0.2633580443413294
-2.0281672273514393,-0.18691763347087606,1.7804419896348473
2.3906234666387105,-1.7442077303022543,-1.807732648898748
-0.4472336719199026,-2.207815086687291,1.4783376541317796
1.486303179639408,-0.6596923607389957,-0.524944212920461
1.128182734596896,0.27498517337898887,1.778667151338229
0.974443385764766,0.4955430795671951,0.31075053941097147
1.0654065489911375,-3.041042821453989,-1.0666288966043544
-0.30663612175500726,1.232762991942289,-1.5524262412094552
0.014705166862863517,0.8782788637618671,-0.04662667463478546
1.2117398533225257,0.3550296485488541,1.164457588790825
-0.5273299093780275,0.8241052894539085,-0.42268931382839176
-0.772817706817447,0.4244773560100519,0.24474854518071945
0.43497131079770884,-1.1608671224980622,0.9588887269452442
-0.7392024979204672,0.5552861809338608,-1.205520670724308
-2.0655043162609146,-0.19352028658238077,1.3971396657496982
0.6541720566154647,0.9508341096686743,-1.2104904020803957
0.38949411844356113,0.5891312941728889,-0.937701137471363
-1.0945436040135847,0.4236649720025383,0.22593376478127797
0.7734543707628913,0.525128719591138,-0.11985653489280482
0.4541058940898259,0.3274228550346343,-0.6893555161399526
-1.7701081064498978,-0.3184087928443842,1.7088525521630957
-4.341151857907181,-1.9614055763199294,-0.1596102247857915
-4.4985924332461495,-1.46544771386634,-1.6066209808544594
1.8520831232814332,1.3165871077635283,-0.07851939806893699
0.9797386792191137,0.3411829945255125,1.6236482197970883
0.9952378943395779,0.7372541758381329,0.1404221654397898
-0.6169918607284496,-0.19890210510753706,1.1888101967252809
0.5040862346710709,-0.9725148554981958,0.7767153933404727
0.5836020526732855,-2.797039911794828,-0.8425998201899103
-0.3899183425772871,0.6646603824519468,-0.21576800209019356
-1.2452462750287656,-0.42311112497435704,2.813176983657217
0.9218832826516549,1.324658722884401,-0.693087318570438
1.5870937048628946,-2.9952370716482934,-1.146493192468229
-0.04360026411117191,0.703756158521095,-0.3614680900969325
0.7892994802576349,-2.187947876453267,-1.6661582860293938
-2.2046049924901308,-0.9151607365830157,1.820675496240708
1.2698014392560935,1.3370535372190373,0.30917243488512397
-0.09997267766997148,0.30626683125202414,1.566215774273288
-2.9082721349369494,-0.3545234660247682,-0.08678262387974262
-0.09614027844388384,0.8095407040296013,-0.573232738020766
0.3779388512136219,0.3468333412697315,0.4419424239470326
1.7224762410857828,-1.6431435308381306,1.4225985708422593
-2.4383301478879176,-0.3168007126881423,-1.171866724661766
-1.825931629877205,0.4851430556261444,-0.6230586597795709
-2.212196213485134,0.1584667692934008,0.33589842518346025
-0.2387855362967805,0.4071607591413835,-0.0621786876647687
0.6998882260868008,0.7551255664037692,0.5361728426787246
-1.6343323313406797,0.14485836280476452,-0.6639470128894088
-0.4168213919285396,0.8233370963452039,-0.6157025667475682
-0.09110701609621068,0.6481766149582437,-0.005542621231717484
-2.0702015170368306,0.2838842350623225,0.02142013162673162
-0.6677189896131097,0.15205730362496006,1.4439652176420252
1.11719836321775,1.3976798226265712,-1.0692106053670745
-3.07588886451136,-0.2789373407660199,-0.7308017602949394
0.5132606365952143,-0.13863901828308808,0.29756103740885925
-0.3873179505252926,0.5253951239169469,-0.7205705213927773
-0.9139917071996109,-4.233396614794763,-2.554674777634879
1.6813298412314661,1.121036467443713,-0.16004791103161814
0.36901505411831287,0.6945687763334245,-0.30570007649526987
-0.1861564006139247,0.9658194152035872,-0.5593662646229218
-0.8994347869700651,0.067502155760215,0.620644876849508
-2.0844289487066225,0.0499325167139869,0.08773708246851578
-1.2740140598394092,0.8108708665504512,-1.0998381932442978
-0.9645568031137172,0.5689905446498351,-0.8175498764481702
-3.7231456974595343,-0.9876865048134744,-0.240207812684743
-3.285750153137186,-0.4192105633890621,-1.078593841938623
1.8356559789498061,0.27412165274426264,-0.05261374158173466
1.2556505050824338,-3.227808008591453,0.36036216702936413
-0.8799800350387831,0.4736854786641289,0.91159484982228
0.41598839754617434,-2.4824359023636826,-2.0300309807287027
-0.8157027791939261,0.7132612143400603,0.9773376150021041
2.2885151275573277,0.633503225445426,0.5938420274397276
1.9331887639284693,0.4795639161983211,1.927777644960386
2.6412390710765963,-1.674075428478694,-0.879204537938493
1.9424788040234902,0.7794609165499153,-0.08019118174446435
1.4423236469068834,0.8474961373768135,0.4323741354707304
-0.8522734571693499,0.41575256210644956,0.18225364138849914
1.4640795343349113,0.7714085593274396,0.31203270064609995
-1.1339484275006007,0.44258635205985086,-0.18279124233767022
1.2088056774377616,1.0759465934584576,-0.4312027097756505
-1.2009263153140506,0.9774414924676232,-0.5439676700887238
0.8864746646330868,0.29072375549399904,-0.25825576565845243
2.3236325676319853,1.0235100507264467,0.7099269406544461
-0.9369886932975465,0.6287231697512896,-1.1544883932489902
1.672593730769325,-2.1028060901145538,0.1847936178133325
-1.77016676367115,0.07892469462882196,-0.5241300751862992
3.282683206036307,-2.179027975144371,-0.4228294885968
0.7602449533654448,0.82370126466612,-0.647082632796879
0.7947021637017289,0.7984317111526625,0.35331248549848904
-0.3970103597605429,0.1938281448042705,0.6452585110128315
-1.1024992000432359,0.5316759646457647,-0.4479870691557544
-1.9709408843515241,0.13406102162019812,-0.0423867734836443
-2.643489528705083,-0.02167734425737672,-0.058072550348090356
-0.17141935737309133,1.0272990467602123,-0.7116504498855714
-1.1451431768655302,0.8024184297368508,-0.8055725704081961
-1.2996683222328471,0.5415716332373314,-0.17901635089445886
-0.5398131497976001,0.3971980208338457,0.3997568259391482
1.482689542345913,1.1539587586860673,0.7726415751180965
-0.3451834729990122,0.7509127669065288,0.5791883340461632
0.9426373232125249,0.865553629584234,0.4543872114701839
-1.893680792460202,0.1767976228982993,0.4743278554270314
0.5828665041117519,-0.11936025488693337,1.503242710321237
-1.138750326779719,0.5782781761859607,-0.09180634410716376
1.5441853972563235,-2.352660341136794,0.7170641981032261
0.5555740026496041,1.0100537203924769,-0.46348959906564463
-0.9215132080857883,-0.5849186913265068,2.9202976096064597
0.8834168395409399,0.48080142971426226,1.5569623809237214
0.9761123884957591,0.469671263085714,1.587437205222935
3.040029575354508,-1.9863986573625607,-1.6244615245879102
-1.130929937232999,0.09785474106395939,0.5866338317573282
-0.6173168468213605,-0.04001035353913865,1.7861553065685922
-2.644088765246911,-0.3144825106453501,-0.10033093325092607
-1.448574427332074,0.4932681392529559,-0.30433482537154966
0.023443651787782346,0.03061301093381246,1.4395697305253516
2.44163831971264,0.6237598187760346,-0.33603405334901326
1.4016333346878957,0.7448232406670591,-0.0983453396579283
-0.48459670648325437,0.7764737901207778,-1.366316052740174
-1.8710333446550342,0.06627092779903038,-0.2900495889031476
-3.40652406681689,-0.7416074092296563,-0.08818095102759525
-1.5679804759428904,0.27220569571593833,0.6681990185426568
0.7470977918898737,-3.214811111958473,-0.987106574605423
-4.463093207951291,-1.6619478835025643,-0.4369837657611862
2.0975212961228804,1.1549815356213247,-0.05121299332659076
-0.47927314328786186,0.7024677315365121,-0.727549617473682
0.08991001003220624,-1.636173672492764,-1.5896397946275747
1.7406612000697517,-3.0920921620961805,-0.27829243888838273
0.8216385282800829,0.9733993637405114,-0.013898427977063317
1.9314067782266393,0.976101711951817,-0.17680356824522242
-2.397077460084833,-0.46222172079202917,1.3431775750346184
-0.5515480003760578,0.18197490001985084,-0.06631152780896962
-3.9474714150250727,-1.5597124816128751,0.7428853848781488
1.4590849588738664,-1.3296211099839308,2.9645104420096193
-0.5727117563672761,0.4058749101058407,-0.648175979520487
2.212604324848498,1.1880346610008707,-0.44222544721462137
1.43842174191264,-2.7702311975123877,-1.2648056516315078
1.4069248085915174,0.8866243721120299,-0.7123232965432319
-0.26040658489347684,-0.33317778521151836,0.1232166763031944
0.667160773953465,1.380123538689133,-1.4807897877689502
-0.6651116263710326,-2.8615422212141066,-0.3489513154047596
-0.8302076111914857,0.4185595662157248,0.6383028927501425
-1.0806862211867965,0.08252070185251938,1.3694952643476765
-2.6303470359316727,-0.08190669364969226,-0.162552195647644
2.034391390079374,0.7305309753109831,0.43575586315845005
-1.6554772688212953,0.1634791197398825,0.0937630607978546
2.334736112560044,0.960004605877271,0.4885734611643762
-2.2523944862505174,-0.6753136840802344,0.15088743375164376
1.8217542785076724,1.0810986622772234,-0.5630244186810048
-0.6974373183989884,0.30566811613181855,0.24224213015992108
-0.8529352322833595,0.944053513517882,-1.2835225809493835
-0.32419883431425667,0.3215688942602969,-0.5481304210184286
-0.8711770989966274,-1.04681562011927,2.5619190827005633
0.09399739139317234,0.46590871498120434,-0.04406010549503913
1.9113516152845105,1.5057529494407789,-0.7375584286834185
0.441718304692984,-0.5529368672116234,-0.7246931913466981
-2.8799257238307563,-0.020874101011181145,-0.9142776152406581
1.1615535300694597,0.8179672614268626,0.012795854661185026
-1.955082167606193,0.31888756594993206,-0.9966360233133033
0.844998418571019,0.8693950977639023,0.027538764285910414
0.9006298240100563,1.1182368216746212,-0.5679372053254789
-3.8696868819975085,-0.9258761274352247,-1.9081091371467511
-2.938059589618215,-0.2023110827865753,-1.1541974882491315
0.9399335725593041,0.7296233692842173,-0.7197167498171586
-4.345965402317852,-1.3271698366611857,-2.182812855126934
0.16071962071677678,0.41882947040797947,0.1538242687239279
-3.5755289852529817,-0.7434324694127735,-1.5666566849052572
2.8838161337646904,-1.7436282367410483,-1.1758894873003614
2.064327334613011,0.6137329291415479,0.3359360325314705
1.1790813739704284,0.7671568907242888,0.5634817307077803
-0.3756170036790456,0.3500169907384086,1.1490763302693432
-0.00841748674525653,-0.21299152906047678,-0.1440501855954645
3.3629024002169863,-1.5762904531496957,-1.0668639261283035
1.7845012416672823,0.9675938455843984,0.45243362710254426
3.855406904062822,-1.6970341562325844,0.07454212536279171
1.343191563858903,0.5860642594742307,-0.006381024578907941
0.5496699377468278,0.6409988166501666,-0.5061766469426416
-0.8415273563273717,-0.4180354509103555,2.8879360138938703
3.00665837248145,-1.3215262191448787,-1.289660996176999
0.9301663508538024,-0.17092029503323977,2.7287969641232706
3.054843257627244,0.944637108482638,-0.7281701994071406
-3.5275787031324133,-0.6105760440126468,-1.2128497058066359
1.733941948110592,0.5647142292395338,0.852331845430503
3.0905380636660706,-1.7621530796305884,-1.0471299623172219
3.8037342600306636,-1.5136712626886586,-1.8360335128557865
1.8916403597138973,0.9800170921294178,-0.43232613385228785
1.3616358955857304,0.9486010978446558,-0.2064059956724226
1.166498110434096,-0.16695017467702647,0.25252945294646817
2.779765253944196,-0.9961768065355968,-1.3306978821367428
0.9340635051648737,0.4783447214045405,1.8924396642062202
0.10297541710615539,0.9616487886331235,-0.9502454758365099
-1.197045038613411,0.1466538623280321,0.38362984698202723
-1.0249813888718107,-0.035233554432184205,1.7163118481793982
1.9220130187830728,1.409925392548709,-0.09167800376783258
0.7519024186965727,0.5021394898216652,0.6968592757768082
-2.5504713779734183,-0.22915317941470661,0.5448659990845853
0.1412970747510521,0.43958599094941786,-0.34888081918998276
0.01571622014981405,-0.12936564874965092,1.9970166391621138
0.12001471297988354,-0.9950010010870501,-0.7394390121706634
2.722232506316801,-2.1252122121000823,0.11767135265720169
1.118054196245576,1.2029745648420742,0.18614242399631648
-0.34473342461804646,-0.2599120726999113,0.526074712747844
2.80637903988229,-1.787517672793779,-1.2865743534545602
-0.13689351336650463,-0.05123646102643628,1.840556587818289
1.5655775085956487,0.45185406136292167,-0.12198414308649871
1.5851394596180926,-2.133125790699816,-0.27956367070894544
-4.264423711279295,-1.7470269957736193,-0.04847278605738674
0.46890962045955586,0.760688778857172,0.14252211987383925
1.224214614506616,-0.5017550475707554,2.178562624699605
2.377891609761207,-0.2231755971368458,-0.9566955320647997
-2.791344079104745,-0.45429826776322313,-0.2995701961794282
0.5290702733897763,0.7861914186475236,-0.718382858173135
1.0234527268349647,0.9749556682074675,0.36976428286028734
2.3517184256538535,-2.419567222317438,1.1192136029227961
2.4246891600188327,0.9333814021175423,0.1236071343948677
-1.2509198987151455,0.7585962310575898,-0.7021436345986489
-3.287526989951185,-0.40451157782349595,-1.0916246200689956
0.3976276574665354,1.1566291374232436,-1.119196931688816
-0.2810018801540381,-0.12370709529924383,1.0390060181068617
1.3040329359627703,0.438494715522549,0.24569954275943579
1.005982280637517,-0.023285438030679888,2.7420158049769303
0.15278942329927994,1.04031903582905,0.09858672025462016
-1.7842399345741777,-0.39322225271041983,0.4340960932373876
1.3604878957786675,0.4115897341818169,0.03249932705471592
1.2647837644283928,0.5949206268692481,1.9696824539753461
-0.7320461066021375,0.873525448447042,-0.8659228012821965
0.3928292077097213,0.7800554807917608,0.15727601027949237
0.6872577878496696,0.0856946315064875,1.1790046336364908
1.1665558587070681,-1.8674770096252848,-1.5756769821500896
-0.40482516077936437,0.5249727299424649,-0.0837216396871312
-1.9366059719672912,0.32878472823680827,-0.3382606736893843
0.12724455543354243,0.8147118369064988,-0.9792257250288215
0.267964314941096,0.19500483004868632,-1.088360383322268
-0.5410104041992432,0.8840131914240419,-0.44739828108522023
-2.918831541164529,-0.30798001821575754,0.09027408849351483
1.3423092691472052,0.8042757363953418,-0.4756776638899734
-0.1430345632229824,0.7733645015797643,-0.7418766660894256
-2.9999978716123135,-0.06395275441005045,-1.370753079836648
-1.6513522871583182,0.3347986719052794,-0.7895553540383049
1.297519561755786,-3.1101827058819937,-0.16068894879331647
1.5284690076447462,0.36575074897971677,-0.393082162090739
-3.0418356624553033,-0.656427035781513,1.1275071872067175
0.1044929658659338,-0.3311160325019675,-1.6383184189531592
0.7252855536223282,0.5622913380056661,-0.3859277312772812
1.3021846583131893,-0.2267778031890307,-0.9579968987200672
0.11464705973394411,-2.5949288220988063,0.005397049495275827
3.5461026241305413,-2.0468664933251026,-0.36804506962033195
-1.1103455747223883,0.7090518378009342,-1.844462621844955
1.285353370641676,0.6965725057413861,-0.2014827094063795
0.1907993413915924,-0.460514299024598,1.1627017591450977
1.7001700637597275,0.2942437878523947,1.9024253229795856
-0.9665249201340061,0.5433460851150833,-0.21362088982875713
-0.7294402424730568,0.4498978658219544,-0.11468770582425053
1.3317950543372288,1.2103532096732883,-0.6081771147480199
-0.9383256543694253,0.5257696776557921,-0.44506687692538566
1.137620032323797,0.59197431363519,0.4362447521574146
1.671600004609091,0.07898848474077502,0.6934174569652097
-1.2602086603187521,0.4584342586440966,-0.49907119056600674
-2.7465367573002926,-0.2282016046030261,-1.375555828336524
0.6013513751683549,0.8111714133770102,1.1571507718102714
-0.462908946597531,0.2963457753112059,0.49548687983922984
-0.8132471137054662,-0.6709689277365314,2.8582494717763134
1.2185983507257903,0.8015198084239012,0.4691416542125538
-1.9558466797699279,0.7859935806551158,-1.6857009469262818
0.6916183594591071,0.5460001667837332,-0.6407352105066814
-0.8783143119420379,0.6360689749430521,-0.308993285334597
-1.5623557711063722,-0.03901981711051135,-0.7541209942565003
-0.551701857870404,1.1877803763385664,-1.682184820696373
0.1262858100733849,0.4604201172120171,-0.8680656516444365
-0.3417482583086253,0.2692346984728882,1.5411971440691798
3.4665476287504484,-1.7709860592808482,-0.5288981792175346
-1.106201548863472,0.7572784097289872,-1.177287019122158
1.2980530168392437,-0.3682293416823363,-1.2084633367058861
-2.5714043005792475,0.06907865809386281,-0.8979885593141151
-0.047602438298503726,0.12227426479066089,1.7577425993375357
1.4760431978340034,0.6806715943376612,0.2559250489305037
-0.11011438504507454,0.45563315343568267,0.8415323414337934
-0.5493804499425126,-1.8881826252374698,-0.29378460201570195
-2.012673632317952,-0.6463128577033257,1.443113377499404
-3.055356708242981,-0.5345912594583617,-0.16508872876546596
-2.1039438127386187,-0.5458891228650834,-1.148235340731109
-0.341110987263435,-1.4097899035526336,1.1725535255842654
-0.401162652622882,0.16662255517555352,1.390213756755098
2.752102721677984,-2.432486856981224,1.1445175340137403
-1.2834010957123192,0.5296588985754735,-0.3658732685744291
0.6746831404338254,1.0454936663658765,-0.61394980498809
-0.3977529044642705,0.019895463135844123,1.3190591172014987
-1.0653605632590777,0.6943732122408011,-0.15339771210781483
0.9444813666496285,-1.6721747241451894,0.35181683886191534
1.7232266137222454,0.7791169825604759,-0.5570789783660052
2.456001277150073,-2.5009872298051237,1.1065213261820253
3.0266958572888902,-1.596180188599769,-0.43509746495030394
-2.2855753065239934,0.050268076606963356,-0.3015571999808021
1.2617130310266045,1.5322053319510514,-1.0469311396587182
-2.101694829539858,0.2556418979607479,-0.4214769387783046
2.615810870244037,0.9349489800542581,-0.13258511139464707
2.134957656038532,-1.5706914186464844,-1.897099287411928
-0.5371534625268853,1.129323017681856,-0.5486389326233777
-0.3121503247479598,-1.3112774994482508,1.0757366562566415
-1.0250954692400915,0.5937850493766438,-0.45223039675885573
-2.0312350506612655,-0.29306769050882703,1.8126559461894036
-0.7091536445392844,0.1321403992237701,1.7870187148667285
-1.511133507606922,-0.016297084785887865,0.856334278006663
2.544212360375221,-0.021301666295525302,0.5392203421338134
2.8068972311952844,-2.2158082542523663,-0.43178049180595995
2.0185344777288208,-1.9688608537581271,-0.6879092187852518
-3.256314463836504,-0.7870708601091274,0.03249028399844812
-1.9256648435981998,0.3627563418489141,-1.1886698767523716
-2.277738422066547,0.36655360879287097,-1.078478395747318
-3.9571659611674863,-1.1102418981175408,-2.0789761589814697
2.3972441899333683,-1.4203915448934716,-0.015287740415269112
2.7814995051698337,-2.4169055718824923,-0.9820522697127055
2.32860138692685,1.0164043689912576,-0.6807528410597855
0.28978146095625856,0.2961964518163694,0.6057288696632652
1.0491687544839985,-1.430313688423148,1.4274278275174312
-2.025060396927095,0.35383394500107784,-0.34153576914420386
-0.44645986026050877,0.93783916230562,-1.0746853640671967
-3.417616748795417,-0.4759681966213528,-1.4636265104854818
-3.88474539655545,-1.14840472386633,-0.3465019152275105
-1.4425303975037498,0.7070153554516928,-1.05979324675181
1.0310435086967098,0.9494580585729123,-1.5656992978368105
-0.023241509878458497,0.7996908296720482,-0.4554460402201434
-1.0285041585028003,-0.007454673092972619,2.381792761245436
-0.18894640888001596,0.7413905077909084,0.19542545378244036
0.23081279343094843,0.8895320097834127,0.12982127732906817
2.3564162344213755,-3.4102898978014506,1.4468891789855838
1.5986629101223415,1.0923142491553812,0.37939227487841837
-3.5168770855534865,-0.5999928422227508,-1.2750772028543684
-0.7320613524637869,0.40199986839041163,1.0795982537061322
1.4390684828811455,-3.042751828057402,-0.5874366523974035
-0.7032224792349125,0.2098461521621574,0.9611591548010201
2.6104606263950485,-0.5415673937866737,-0.9130482837359598
-0.6023645744620437,-0.1362254582510448,-0.4084186093246102
0.7350031385077763,-2.7605728115954564,-1.050566222289001
-4.83625415391397,-1.967754979912835,-0.8767350403899041
0.33519469653531325,0.7547203964058334,-0.5352485247798442
0.3903683743964887,-0.9147338404796029,-1.4998364976798322
2.2370925602367078,0.9584254058657581,-0.48950697830278217
-0.044782040476455794,0.5240192196795886,-0.2331023702364147
-0.997449900092214,0.8095280041934021,-1.30580204665774
-2.980068292272876,-0.5897113783444949,-1.633432293002732
-1.363581597239025,0.5768756826194317,-0.37257328492882097
-2.365132976298681,-0.0011877817497039035,0.4509833288747068
0.7501288046043706,0.18709364368516948,1.5751748848581943
-1.4916532616951328,0.17460844491250552,0.7634198399450657
2.7880436967678386,0.41779603685888456,1.836569272636033
-0.7054141417013802,0.5376916107485504,-0.3453019325988048
2.6230467467662373,-0.7784023783438898,-0.07710148401582839
3.880919687215367,-1.7136715702160406,-0.7442439232422972
1.8990737583114072,-2.900003528667773,0.2918231814330454
2.0607583193981864,-2.1566225032927355,1.2299925631115902
2.880672453164231,0.23424189478835802,1.8488846330196578
0.14325951346679497,1.0537008973507775,-1.126619042181204
0.05769381957133216,-1.7158630323807234,0.7702643118545056
-1.0919393358684797,-0.08678558231134977,2.084837429225552
-0.9170441407274462,0.8204399649409366,-0.6932403514303201
1.2634049418547706,0.14135867509370467,1.9595585242351337
0.5129739575612875,0.18242736005998716,1.3539898395109724
-1.2430157077379314,0.19332101815209193,0.09479969902330247
2.6302878745574145,-2.067732982242114,-1.5643915030300048
0.23701261505016258,0.9111420768669315,-1.1767568646494397
-0.24629933253771685,0.5408257558737367,0.6025981025564433
2.189368626646906,0.9329571657255975,0.4475070308118354
1.5397286280666895,-2.906628721759423,-0.665299465566388
2.121872145090401,1.0084675582105576,0.47437669727429804
0.5731147516587811,-1.568420391995116,-0.07242079398065837
-2.0059211558172563,-0.19864837135460456,0.8130343241975669
1.686890102348455,-1.0200234312541785,-0.5372213970486539
-2.4033242023426786,-0.005961673335708685,-0.7496095359471209
2.3865194003733574,-1.1034538360652646,-0.7098991455734258
-1.8265498416452555,0.6602850002565316,-1.294323716296421
-0.45043806265232644,0.45325078457495194,0.9086706361890886
-0.7066209408373281,0.7871866468417719,-0.29813120320605163
3.4364330268837673,-2.0673156385695663,-0.2788783301856136
0.482398183789952,0.4659176658689142,1.6144561673136462
1.4811948764835112,-2.0740917643646024,-0.45565953317657953
2.2603491258387485,0.28106526888378375,0.9148781873570013
-3.2278450972910466,-1.0005077661823394,0.5032587684962114
0.6575908252687946,-0.298388097533159,-1.0603689244406775
-2.524842373363039,-0.23002985211384705,-0.5174132681347282
0.16813946452779577,0.9407830231725745,-0.0938253545237587
0.1885295869447783,0.8294531118689071,-0.155744942506664
-1.2645639636946142,0.5632884480227295,-0.4967035470770322
1.9364285774278893,-2.3645449110908934,-0.6638964423446448
1.8638358873384862,-1.188832192595498,0.02528803106851625
-2.456416175748062,-0.13960610132362367,0.4282229909816818
1.3362614521182112,0.6234543124058125,0.1019970765522496
-2.1904061742318843,0.41732342764651936,-1.1104160779311776
1.516969814495884,0.9847338736478212,-0.6515755842882859
-1.8910525489652596,0.12675229855379122,-0.15559599306076483
2.5365953462548934,-2.606296008945289,-0.22523128539873025
0.3182243037497759,0.6313246743156556,-0.6812656593431528
1.4720560622553618,-1.0202401746157026,1.3711136677305296
0.43429018297299427,-0.17648902884090442,-0.323943161634087
-2.0776084779437776,0.26290173943398004,0.08387938041400206
-2.0460429068516572,0.19516013400585305,0.46616664981409406
0.2801935156261245,0.5421205798380297,-0.2548594252033226
-0.7592846349106019,0.035217721073149424,-0.4797662490845395
-0.608977826550585,-0.06850133169581114,-0.31523777215611865
-0.12140576443051906,-0.08536105399195583,1.8192317011410246
-0.4333243102028188,-0.37715003952377624,1.2170749863068433
-1.5702046179304587,0.7763483397621423,-0.7563885676050185
3.4588274346967887,-2.2923936840080046,-0.3238995020019656
-0.406273679459352,1.009873508256741,-0.7950326404318833
1.027001443774656,0.06775790774599505,0.24829561388680657
0.9476171003855155,0.17116441594162182,1.8731861602256228
-0.11556207482782793,0.1466197762055054,1.040228887705275
0.9962422862479858,1.275254000820312,-0.6569674396567392
0.9851597112527409,0.29904910295890386,0.970174162750158
-4.816052959184406,-1.89079645813858,-1.075095720659556
1.8610084476341942,0.9419223508877502,-0.8021760377739672
0.9557925576776972,-3.0180081853399883,-0.9091727082634192
-0.8191689664502428,0.6267231433103887,-0.13125868644831346
2.9813167032188774,0.3736122741086813,1.633396273065012
-2.587173775329805,-0.21295458448141347,0.06185267217716418
-1.103060501373995,0.6489844669686587,-1.1694154414984648
2.458508669738309,-2.053840711436609,-0.5588965990958653
0.27891389778656533,0.6937825449720446,-0.20197124675212022
-0.9211450652103182,0.3383484951093898,0.17057771869041025
-2.1085708104985095,-0.5619740188923722,-0.3510700874539925
1.5750547749554908,1.0652385279744672,-0.036878756063087666
-0.5359023713227139,0.5652700153010716,-0.2829261157209012
-0.12773604533206623,-0.3396167096990559,3.060264505076537
1.4965527425618108,1.1895131068530733,-0.7182448574674967
-0.0013136676224315186,0.5269609557071896,0.12685378379847298
-2.1266916653573205,0.32048415210374076,-0.20671840245116105
1.6546448722149194,1.4767836365446936,-0.0192875282981445
-1.3738631592479824,0.2733972716391576,0.396948704319289
0.38116462584174227,1.3926728881905808,-0.5582743831229636
2.4900770989836833,0.8849650306344011,0.7587094648631566
-0.6583730216449749,0.12053797468743746,1.3154718603042599
-1.0148595858799494,0.6413111518214145,-0.4328332018475533
2.6053025845347255,-2.0990466582979077,-1.4097308066521717
1.776310816864731,-1.8019741033947976,-0.2698808603938779
0.6125175466742682,0.8137159736001971,0.2845035574472915
-3.938631108307333,-1.4976782233038703,0.8123818179918436
1.5725575758955015,0.6876653633856745,-0.4436057507333628
-0.9488772329481675,-0.5830019946771332,2.48091132134118
2.2121837847160863,0.7217981887405118,0.38221374855023005
1.824218091639629,-0.16023435582193526,-1.06846037588473
-0.20480622808369736,0.08872726214922412,1.7800917929961844
1.1642115569252596,0.45039164492397865,0.2558806715583268
1.6489995283524082,0.431255640679643,-0.33604220875685387
-2.3847322120877132,-1.0699334306540702,1.2948401837761263
-0.8723470199556551,-1.0092944077545407,0.9697044802382289
-1.4376995556811,0.28918668072131787,0.23075745797303432
1.6593409548814548,-1.3647651561410712,1.1879033753444377
-0.13453866966424144,0.5808588341005175,1.5928790076336006
1.7193999601005876,-1.0990010019978966,-0.18183909822230152
0.2384307656243388,1.0258442340693232,0.033195103610252345
1.9811277562050957,1.1283507916644437,-0.4807434716875952
0.5091698803174002,-0.6739444724784673,1.3235935070162947
-1.8851253884941324,-0.44760498880069005,1.9742444757157702
-3.2085220968761092,-0.6109485652164337,-0.49289210799469246
-0.07771285650706236,0.12860660974655294,0.7260440177297375
-0.5457704603913224,0.12740843978862063,0.41299750111113265
-0.43019689883393486,-0.024499884322621908,-0.279183174431452
2.434017211655728,-1.217767639991732,0.09443144966427582
-3.009838347252012,-0.7307680104567721,-1.498424513179174
0.24489408630179804,0.18659429582506687,1.5188631901848537
1.8613527569924229,0.0646501166413219,0.25671666487757855
0.011671755266033363,0.08917554497851216,1.4097015995849655
0.7963726932819267,1.2531526001412914,-1.1518294522279664
-0.4648369470976067,0.8254452212204886,-0.40690883505902536
0.08165920628487827,0.5453247734945986,0.15977600837019978
-2.063097806095183,0.5216366129894513,-0.8373330201652357
-0.9922996244464636,0.6467204988829491,-0.11467590098805966
-0.9414643270623487,0.729823216538827,0.23250007206045023
2.7576358557194296,-2.2376603041350442,-0.6088198354736261
1.3325023168951513,0.7705201900281271,-0.6483224943725229
2.0559132301189673,-0.7037727931859735,-1.3411922756641115
-1.9858440481601924,0.18930272860905523,0.07693974242927665
1.2686012137200677,0.35282106054667195,1.9004973991903582
0.7291938670182845,0.49807259785661506,0.6726194929293553
-5.244021854608531,-2.4523009388238766,-0.288186006285108
-2.4424427428329314,-0.5937103427752026,2.4838686966417254
1.1024290656014037,-1.270359605195685,0.36831323707808095
0.422365434546181,0.865432565427967,-0.7835914931407404
0.4180174399571376,1.360145473803278,-0.8066635426320486
2.583731941075865,1.0913055414720143,-0.6378369223164664
2.000741215952919,1.123879597907779,-0.6929627172055901
0.028653120346349367,0.4121372354195356,0.02560572589185124
-1.6552451124914165,-0.5757433381916638,1.2037244163117593
1.2769357974908293,-0.1268436012589827,-1.4139510193916105
-0.5963926880764826,0.6679285656425676,0.10365510893926626
0.20921071438135205,0.2853605797797458,1.80016554519069
1.9992722822653426,-0.43273662667461293,0.5065445349856111
-1.1786647076779053,-0.7332327588082147,0.23267284110487446
1.595657733249114,-2.1456664040232623,0.8870874216625753
0.01988184418119,0.5134831693561165,-0.8994173100528918
1.3940977459814632,1.1433001769320548,-0.493884517606692
0.563629589787661,0.8327233318250923,-0.5110314341370619
1.3713498567169027,0.9616023328446085,0.421799569024643
1.0335831751026032,0.5146491265723142,1.0078648526494687
1.2750485431156031,-2.775880424531804,-0.7253460263465089
0.5581734459239576,1.1307479539645293,-0.6445541844238397
-0.71420118313531,0.3561428412404718,-0.18081872952785696
0.65511088595038,0.19340906414122533,1.5621808540813658
-1.5236190955040603,0.08576202076583386,0.3411688858814343
-3.4789845584605366,-0.6468338968892149,-1.7042900962891283
0.8931558048951851,0.8751149458970867,-0.4558293671551166
2.1170793836826993,0.735643085637893,0.4881464761677575
-1.4071436111964657,0.2156757535272485,1.4470867967027585
1.9172388985430417,0.7379712967897297,0.779643480876921
1.0383322954334426,1.3111917700072089,-0.46654439535969877
0.3626705543937261,0.5169353801043751,0.5303314017020946
2.043852672993782,-2.76422543280553,-0.24620336540646517
-2.1466679852248367,-0.2608295763042479,0.4748703210294394
0.07832935574100613,0.39787446527395787,2.057758563636643
0.047043993220553366,0.4006520109313792,-1.03084470920665
3.429598753731065,-0.2716694153309988,0.06970373218011616
-2.172329779339875,0.3513384514810455,-1.2284869199932922
-0.011870714003694915,0.04536801415198937,-0.91777271514877
0.4158458655984277,0.5196986779153787,0.419294998380396
-1.1850475005483923,0.5721852295954166,-0.43472060434044574
0.057613817926352985,0.7933465177337324,0.04761331430450186
0.09814522888196524,-0.20777678971360972,-0.2756059197056949
0.04638639274247466,0.0009635382851631762,1.117568032528072
0.6073641889705892,-3.8072751754818865,0.8956900912795149
-2.058729991333989,0.20216643614345453,-0.7991031684203277
1.2834694477394895,0.5065172204622003,1.1905191491524671
3.7188368217669825,-2.1654464484958833,-0.374940184973899
2.590143090092564,0.3107760944251259,0.8941484867398344
-1.1198230133981966,0.5206958835886623,-0.2254476195007151
0.7108371004538963,-0.025772825515845275,1.7891342574109392
-2.2755943510755334,-0.23229786332928354,-0.4050191578201031
0.958035037917524,1.2203602413602188,-0.967623208642821
-0.26810252746255875,0.5088231380675318,1.006256520193447
-1.3696430724429463,0.28364533101408657,1.0531658608073697
0.8062524285781789,0.2880139936812112,1.0545433036872067
0.6742592410470325,0.7306206022977098,-1.2501835759515072
3.405614233734666,-2.2863381268595853,-0.09374644615972486
1.589884769913869,-2.675723613680742,-0.6589986317088
3.3105192136308275,-1.904990115421438,-1.9196137252373207
-0.2791445945846606,1.0381623983001607,-1.7919880431776447
1.1871982357259823,-1.3123895654420987,0.218543224086388
-1.637453146303549,0.7232745677993963,-0.8097650875489496
-0.19236703336592836,0.36335652157627096,0.481771473121042
-0.2793903895425147,0.44923993651285865,1.6982280157083758
0.27889254050513773,0.5947231913028223,0.4975975421176213
-1.3756463576127202,0.031751300476881364,1.7305833176180292
1.8581941794265107,0.9819016632628839,0.40152773436038597
0.33579772619424136,0.9722827021636261,-0.714761892627143
-1.8887693719976153,0.30713581812340135,-0.09317896719903504
-0.32882495774977494,0.6810694200604452,-0.6405519740532521
2.1883035543735545,-2.6492763006332294,-0.7546909129385069
1.8004613826300653,0.5320366613712303,0.471359888619063
0.07391604672815397,0.5639722642130092,0.7266926232422795
0.2941899450341118,0.6781117485571123,-0.9368792300660073
1.5644091020197397,1.1511433534513362,0.02011553995116344
1.3698092024820645,1.5048710041099311,-1.1915883016088196
0.7035167131703126,-2.5609833333964738,-1.0587095134738262
-4.394540405720829,-1.4043053446370064,-1.92359070057366
0.17170819259770362,0.8607310270776075,-0.12595428612681642
-0.1750285776304345,0.21254646360789817,1.4729636171927203
1.0228857926757318,0.8745202542960014,0.513373682420887
0.048984040068335365,0.9046217566458746,0.19173684500115362
-1.3335421349189422,-2.3187657055551787,-1.922021012730141
-0.052235980168385134,0.7737484619413221,0.3971531544375031
1.9117512867973279,-2.0717396532640486,-0.9259004109088531
-1.6697038647850875,0.4394689533324631,-0.7251919652411374
1.190313885576009,-0.4704586773345983,-1.533386504724326
-0.5568390618934942,0.05437771475471264,1.8122423094316369
0.8311506168160525,0.8251586962575068,-0.10943411596510136
-0.6552395515505646,0.5209591422684448,0.5718677231042588
-0.1510589069716557,0.1869057224270225,-0.6645001640441056
1.6407097749455917,1.271126223599629,-0.6172878512320606
-1.0940127991711586,-0.04397963244691247,-0.3296183518401369
1.8411359984321436,0.2449805643875619,1.5496347006656832
1.8473716171898724,-2.8894722390822016,0.078096566733161
-1.7477595845532983,0.1381515556284171,0.11141429100053452
-2.609343403738078,-0.523581409932233,-1.7300858378773933
1.4485878360191198,0.557423689417406,1.10999607795795
-0.5334658519249164,0.8856530344215298,-0.48300380324001774
-1.6637617543795475,0.6104851050781355,-0.6656149539736701
-0.7521341681995013,0.034034560595123164,0.1797544254768796
1.5407751949834017,1.1534707138299556,-0.4368652599842308
0.9931474463571818,-2.8155613834924056,0.48673229080637703
-1.2884377417397481,0.11099468570458244,0.5423496337888818
1.0666812082201664,-0.708596931585718,1.3263682552056155
1.1724289765133866,0.49309201468996555,-0.14018443246618276
1.1972340389829277,-0.379320363000101,1.2701643253061647
-1.321476726778785,0.6944440475032609,-0.03581982715596254
-2.183784071383265,-0.2147665151165277,1.6556839337899463
-0.563617435408479,0.8999095621234525,-1.4849757000152373
2.172581099185082,-2.126842934954481,-0.42783362331343594
1.0667501658526848,-0.9661506412109974,2.2845402879230314
1.5972442028047313,1.0692363817692663,-0.6992682181778157
-0.6492873229107254,0.6335735299614597,1.2071340662617172
-0.26580142285299746,1.054521980068782,-1.1846873962908295
2.418116367053752,-2.11715936449201,-1.9664274866673923
0.4333346301458123,0.7213196020029969,-0.8914142464639793
-0.6773933599263476,0.7145285997803441,-0.5879318830186752
1.1112823655724675,0.8078355683179591,0.5110426073237029
1.9160505838487123,1.0837691688245907,-0.6873814609468546
0.9098407304488811,-0.16000994420898348,2.3759579077350788
0.700217887232653,0.8217993128638215,-0.1171867278316921
0.9980645622270637,0.8842168765219094,-0.6376747367683718
-1.1897509149114287,0.6563208649905158,-0.40140354577392956
0.44860438176442263,-0.10136041329345523,2.4679254772513057
-1.3286000076388134,-0.3651510717537829,2.80522129345202
-0.3567946488776325,-2.908013469315785,-0.9076537154064025
1.2047841337000902,0.9773962401303345,-0.27370716541083656
1.4306671221680491,-3.0381422483216225,0.86012477830392
-2.2016781799286984,-0.2851895054655611,1.8345900939455297
-0.5313516920213647,0.7946865651172088,-1.0525647047396312
1.2693991625728562,-0.1487164838970796,0.9230477185937631
1.9869646798877219,-2.533725363563655,1.699334174182446
-1.7289449798650736,-0.06487722368314504,1.2993717551833042
-0.5050448347520644,0.5943520827336308,-0.03349706371310895
1.4049878803996467,1.3087336518441246,-0.08559306390394575
-1.100639482785201,0.16342532410681365,0.9173010820653521
-0.36316930531950986,0.21059636723289715,0.47070834328557043
-2.293773275323861,-0.1528259132175621,1.202198422651867
-1.3419129086032509,-0.2990136849389497,0.7693837091602929
-1.1505516975138257,0.6299363338360955,-0.1115010181273832
1.7105646028078576,0.7032515893128967,-0.09434131980579138
1.8719799809161175,-2.149536996801472,0.3481206728366845
-2.1652487617703855,-0.002121249516614815,0.09277258044334472
2.8995289567498927,-1.1913429335411725,1.4885054239472448
0.22604573115896345,0.7197804602034931,-0.43105513162923453
-2.5670282114406766,0.021007142975967064,-0.7845030653662977
-2.6237866347641803,-0.567810546837185,-0.29082627054789956
-3.2752617896543708,-1.134830135737549,0.9031003529458704
1.0428701521422168,-2.980861517369587,2.3411679640763974
-1.4156061004198726,0.6858272069416217,-1.280488051680139
-1.9425274445737397,0.35147518027363434,-0.3443557487804289
0.7409131871285959,0.8443901630948163,-0.5894067654096884
-0.32065378060632993,0.5087937600271268,-0.13868870174828205
1.3184505342846755,0.9681738657615415,-0.6006437092756964
0.2033825656267067,0.5780854330161288,-0.13027134050633288
-0.9458872882595352,-0.06565767164755974,1.702121563101845
0.12580160311188143,0.18483353785747597,-0.18319734404290408
1.0309983674498853,0.6099604410142289,1.8356760672905341
-0.6604028462250289,0.4449245931667353,1.9493299577720662
-3.1022559766278026,-0.6506929451996304,0.9605237704887356
-3.183912943420405,-0.7021407056205727,0.21447051019345012
2.031794064393662,-1.9148092357403232,-1.9815306516505797
1.3034214208306598,1.3460648013340764,0.14610769918841038
1.061562549814415,1.045491996732507,-1.1466910549565397
-0.24144816289953458,0.7516978545522027,-0.7008792660364848
-2.635255139303396,-0.20704733004460377,-1.6031022237226749
-2.7822483917453362,-0.11471436655751067,-1.1151202228579853
0.172152681648931,0.1765298378781509,0.7377553295707852
3.002830730811043,1.4117724658782955,-0.5528079930894716
-2.3746620825066658,-0.12875601154343067,-0.08136595061149186
-0.6007567432860321,0.676733768261959,-0.44841688564555754
0.03939299408998797,0.7027696092625896,-0.30078927878770684
0.77230003981698,-0.3399446132216431,1.6572163739352321
-2.819251474656122,-0.2027820622379602,-0.07295737567202461
-0.5385990418748338,0.5375617037373025,0.32714640356611224
-0.5284605297724634,0.21483624920785674,1.032114557500219
0.1530919762822691,0.04343538146082752,1.571100695880101
2.3054158991988967,0.8756019223338461,0.9977228919808556
-0.8799727968021617,0.6317075463636928,-0.8543269598722679
-3.2571098799972478,-0.31834575561202333,-1.3481171089413129
0.755115889321572,-2.794019213228789,2.2857083422901727
-2.569193234237078,0.2085221906714136,-0.7125905311870732
-0.4007094436231641,-0.7782952372479405,1.113447616982287
-1.0214488992239097,0.662109739498308,-0.43329670532663006
1.8957123690134827,-1.347443335919949,-1.7388487825345342
0.2973648619680569,0.14262512886220732,0.8888815746533367
1.5687224858888407,1.0849765759931105,-0.5943753455679772
0.32868083420393973,0.7937585099289162,0.12744083126848701
1.9411976556903678,-2.112814942942808,-1.7280075608346728
-1.355456309391174,0.18125389834310432,0.4449845305623272
-2.626473530263185,-0.6398074346832644,1.8239017738879209
1.9211639611690305,1.036974377876099,0.04402748989788681
-0.821867283076652,0.5418562761173956,-0.6882523132966325
-4.12289884733404,-1.3688242002828777,-0.4557201449460454
-1.9590846377207614,0.011253531263020807,0.9978322636004268
3.184598106090013,-1.5253220330761803,-1.3694014779230113
0.8175691008112852,0.7844355873175269,0.9587854068950165
-3.0385394121801705,-0.35002674560011776,-0.3692731424362769
2.2715039547490674,1.0686625427589413,-0.5371605875500856
1.1385033241063007,1.4377962306448788,-0.6627731188253126
1.3922653531940576,0.347024076522304,0.967500639166359
0.20136958362730234,0.1402276865837504,1.7781051224643898
-0.6880627097003188,-0.1996576883924113,2.326350390869015
-0.7108955906020898,0.30580565560255163,0.4334264880244962
-2.9006894994879353,-0.079693883838175,-0.7391869342140449
-2.4325113526014053,-0.18908026125695904,0.26100388757876397
2.304522845481498,1.1063632428034003,-0.4385434759571208
-3.312500586215483,-0.668905113599837,-0.9346905623801053
-2.5108205273227764,0.25795978249407203,-1.2368052968563097
0.738065218868609,1.1135285035812599,-0.0072721225409918605
-3.91336190844252,-1.2861935902659964,-0.22122139546098735
1.0743563508420049,0.7890191233414139,-0.67622246439238
1.3503463536921239,-2.1719678547120194,-2.008649244487877
1.7358863366691493,1.2663903938196106,-0.7370422156191104
-0.5002370165815371,-0.18482079719777503,1.636153994713729
-1.584607431168454,0.12198977075702402,0.26382664601625083
0.025074282931414196,0.6599967937052382,1.0698341679938836
-1.3293942921663198,0.3396677256407152,0.6640843261522196
-0.5220926812535989,0.22708981502417763,-0.2598919515591158
-1.6449174046465393,-0.4549824272172322,2.626587559179162
0.2637601685377619,0.6707546530453701,-0.10096017687308098
0.32910930287497736,0.5020897423381191,0.7009390614117826
0.027348889594444117,0.8428295105902701,0.9322531491319664
2.037236566440292,0.7060577382052359,1.0154520356289496
-0.4172122943081993,0.8014892706388224,0.5317631849806398
-1.4062182925934892,0.612750896412705,-0.1034254738783062
2.211098386745318,1.2120099676225766,-0.4694615619766536
1.6014434077237476,-0.9703229782336732,0.46286624192858433
-0.9986102170894758,0.25503575104795984,0.20369490411785385
0.7980524495384067,1.165381873961849,-1.0367296600112894
1.6587944565029815,0.2378201133596592,1.5162910842883526
-1.1582670084190152,0.17707084746659624,0.7267674567882346
0.13604066127738323,1.4048486693265172,-0.08102189422875908
-0.07961659416104863,0.5802897653237931,0.6620568950198116
0.7788562884851599,0.6509965642475106,-0.748223240822489
-2.4097568801233202,-0.12759871852701396,0.8272747047652317
-0.5380742868130425,0.10674149667089138,1.0962724229405603
-0.6201981362558364,-0.5610302110969647,0.6312004993185726
1.0127301405450897,0.6550466886037865,-0.6413566733320328
1.5229779995079746,-3.1778747533286897,1.0721195124555545
1.9290394146082839,0.7720733692331206,-0.43850217105112804
1.3188948909256277,0.6270453155348606,0.8638980986025927
-3.42268968792093,-0.904593430758943,0.08249424228750803
0.1093384716652911,0.8718435901720142,-0.8513561028182207
-1.2811434905340306,0.22223669148861408,0.35394004070068863
3.010904012214473,-1.7937598357872893,-1.5039468684295991
0.031161009311895218,-2.487360956499288,0.033002991375130575
-1.517389272899369,0.4949545594701643,-0.4285452651558678
-1.6782529890320048,-0.03549098837324768,0.14812161319708828
1.6500842721141817,1.1422282087474793,-0.7396772658525721
0.6853038946065959,0.2570528474170097,0.5190027203435745
-3.357182324417243,-0.8988943903145512,0.9647291433812701
-1.951429909725333,-0.16445457924605864,1.146043061804412
1.5947485073234617,-0.06424458692464873,-0.7759262797917958
2.583995061085391,-0.037750226250022834,2.9569595214640434
-2.4835415074472165,-0.13276486510522414,-0.8376691372216774
1.1387304389563242,0.6482601416365158,0.4804147094549905
-0.6959645521306009,0.5965632355568458,-0.3401343299255116
-0.144726531665676,0.7363269868078375,0.43304631894404066
0.7403506062009814,0.8625289020420778,-0.6126767646527281
-1.1505007047364177,-0.09501385376452394,1.372114661256975
1.1263732766277854,1.1887827093605599,-0.519783412464757
-0.7928296115807817,0.7415691551547327,0.08233934252245836
-0.051706904763696306,0.044485313920025776,1.3273056363121811
-0.7649120993755864,0.5446686650607141,-0.3875789188642767
-2.777987412318131,-0.27953705104281107,-0.4745728296791378
-2.773926118939633,-0.01468275366313454,-1.0972833987867054
0.7708977344644553,-3.2684542168377586,-1.3047148458434894
1.2225983972643426,0.6883098870398514,0.3509766474344868
0.9618137525797051,0.6334761919503256,0.9927523774868823
-2.4407484724566713,-0.03722785272317388,0.34578839339850087
0.538990846323881,0.27358561731843317,0.9795794435698096
-2.2620138083378647,0.41109841508582795,-1.2110763091563603
1.1123643794827986,1.2202333223357604,-0.5401138593109529
-2.070626506597065,0.28268032137872906,0.025003859016165322
1.0623315428769813,0.3549099094617055,0.2844633820807507
-1.6604926694969235,0.11228008458321867,-0.007986918820742159
0.2183525920642874,0.052054769501150074,1.1371530691881078
-1.9122256103738473,-0.03366391704826899,0.7874385711215163
-0.6229390653758751,0.7116263455971779,-0.3986539315923635
-0.8962331746498869,0.09630413019073278,0.5656332921571989
1.2451668219793564,1.0150282187366453,-0.6387280919429896
-0.9625020058574317,0.8088585023491764,-0.34427507327755613
0.31803417410787715,-1.3226296266931832,-0.1761047619708474
-0.7079418679569502,0.8358480205467467,-0.9207320025007308
-1.3423577065129024,-3.239283946393966,-1.8006190607938823
-2.010465061416966,0.1590209785677704,0.22852867247330938
0.4299521660621146,1.2107711023327647,-1.3386004460200969
-1.0552379428951562,-3.345175686536604,-2.2332909813508097
-0.6668659342928102,-0.33590020268615484,2.292781675230123
0.3738665518191137,0.9619243850732803,0.11473645360239781
2.079319218332786,-2.387863459069563,-1.921142077839277
0.989394233551729,0.25660348530738813,0.44894053589325067
2.1009366531575977,1.1425815643975616,-0.049085940650152225
2.312832938348431,1.3584936610721954,-0.5695863781841446
-0.03354637112164877,0.7954560880356433,0.2840528491831244
-1.063524320566603,-0.04404951932580353,1.209452483349834
0.12563531836255543,-0.18538470328040335,0.401482900225756
-0.3017889635693423,-1.2180835074096878,-0.8947585640507696
0.8241007066202949,0.4801936404081995,-0.5817987088636868
-0.7373010818204568,-0.06529182897664189,2.616808404466939
1.5750702020270924,0.17348675794416285,1.5514949622500687
-1.8732096629924393,-0.2966581041073375,1.8394065562950024
-0.7908624784336682,0.43005740457600977,0.4469365814990255
2.2092075057069906,-1.9430485475413968,-1.446098903302123
-2.3021020119704545,0.0004735974390582319,0.5959524202004554
-2.033764715120536,-0.17759084056538293,0.8414105002367481
1.6520174163549892,0.9773939603405274,-0.8165663641867482
-0.48312912361357385,0.682400077435005,-0.6818538704461924
-0.7455493697116721,1.2645761608449497,-0.8334624373993532
0.43921499841394696,0.14639399290335137,1.864278870028407
-2.6172662215431406,-0.02384797344251527,-0.36721521507475674
0.5148214737886948,-1.8111740241272516,1.176281672767766
-1.8151268770311648,-0.22660274520007287,0.5978195167777755
0.409117386035637,1.1794791705566112,-0.7749526795069173
1.3113246926681945,-2.564045484450334,-0.3368373539190026
0.5949084250915968,0.4285760932925863,1.8916602110406768
-1.2153270191349501,0.4666767547530887,-0.15137438883565435
-2.044331716822242,-0.11380996210276952,1.1905876085899127
-0.3796778865823821,0.9502562987001602,-0.2739609044600895
-1.1088404322924175,0.5734137668294463,-1.0366342339264396
2.586058173454397,1.0945729952192305,0.03624487107908577
0.9594705410188805,-2.256084513825043,-0.3150275919831592
0.24127696984910035,1.1130859643105702,1.1450485048650203
1.4029572496880263,0.999457675595025,-0.5926690567487563
2.8609888788684144,0.3268318368566273,1.937224865740535
-1.6001731431139716,0.2999086224456644,0.2135023561849308
0.2551882789955973,-0.6329834034211553,2.2700895085605217
1.9689661993030316,0.8845047908499588,0.3434526614772911
3.0854661399875747,1.2780889511492484,-0.5653846695294958
-1.537055284268537,0.7333296775606684,-0.9735481027204681
1.5232295949039563,-0.6159517419786019,-1.0625671064791162
0.6471054103910177,0.4592481871527564,1.4858672557126096
-1.9987332848347177,-0.21527788502522854,0.6083801723966633
0.22141654112178416,-0.8521998434495581,-0.014417823676238957
-1.0898483272842632,-0.19704603139235574,0.9854079691999784
0.1694621975200575,-0.5258207882182444,1.2192435600914666
1.6443450419136365,0.15894121467392086,0.27478095261514873
-1.6260192001547518,0.1692010813003964,-0.17631175721081566
2.3814110964973576,-2.5169301169541916,-0.25427035909261053
-0.09331325476100555,0.6598842952629516,0.6094702790192419
-2.151871309221063,0.2294226414645341,0.033623084380427326
1.7349361523736782,0.7764011862029485,-0.6973072030314393
1.8090673240277073,-1.749058273637175,0.796089145593201
-1.7420600113187392,0.5261095773419601,-0.6258145617923271
1.4880473029650447,-0.9113565960479914,-0.23163708291582644
-2.2485055089479133,-0.19552925471694715,-0.019340322819770158
0.2991605978636151,0.20089275655095573,1.6859877874553306
-0.6463293610402862,0.3912498619250409,-0.1046841713965194
-1.6336592080109726,-0.12850094970115267,1.262738375971843
-1.4250708505718437,-0.08581167267433278,0.3113831621823999
0.08971995025998959,0.9242658864790523,-0.8372275499383646
1.950483533641923,0.7668578204382206,-0.2284614679072791
1.2103503029597666,1.1128559048618083,-0.4890696840721522
-2.972411947378045,-0.47651792480979316,-0.18804286368746206
1.1809889057194463,0.6381360642361783,0.4757016291614632
1.9992670634053722,0.6704953585180321,0.6759140558270557
0.3798639193290041,0.5467016703173594,0.9710979920019571
-0.328223059724084,0.662538032920844,-0.05953576754051152
1.9489118831627303,1.200876892177547,-0.30909055001403324
1.2959400286654754,-1.6250754352465155,-1.2456669291307263
-0.004033559445099385,1.2841047014448066,-0.2744707790554334
0.39153073902700436,0.08695027909394591,1.7306523324516898
0.37487860529886285,-0.2680318261095548,1.2256320953252826
0.011102259497697354,0.5848691893229553,-0.6980025987018593
1.8454280838563082,0.9599667250857896,-0.7579093770682892
3.1026819068738303,0.9091010915527499,-0.6837582245262519
1.1441973233840073,1.3708299586302357,0.09504203911014632
-1.4075373643989162,0.17850875115853115,0.12282892187047477
0.8185663669501448,-0.2783382585087927,-0.482997314337599
0.3866517084621015,-2.040607432644389,0.8756467180220144
1.8432853298943332,0.18464731442239538,1.495109051494011
-0.27197817381096356,0.28998670893006107,1.629338558219623
-1.2005420388759689,0.31114090121941235,-0.12929252983800377
1.245961233198344,0.5985979397994303,0.24181218466861157
-0.609307624048162,0.6916861646605167,-0.9896744207823213
2.3601423637111747,1.0476217662387592,-0.7350832004084245
0.5378795560081292,0.3301002136317596,0.0506432367607826
0.6155188032824183,1.1168071281207468,-1.0097189221938885
-1.326260737860818,-0.26106486674484897,2.779150869565063
0.3756734226577877,0.15863310478230502,1.1428984931326585
-0.49264296300496246,0.33590308021437715,0.014682932202163268
-0.3966450993250087,0.5678776932379345,-0.18071403094137709
-1.4582922767801794,0.40774468222281385,-0.2720724112404379
-6.609334073329747,-3.1791700085882666,-3.116942857056952
-1.024981473082902,0.9659202055343873,-1.1423588324334473
1.7955617835674582,1.415203008699496,-0.6541641162376355
-2.2741630427587474,-0.09727389610317973,1.0368350016822898
0.9543438103760039,-3.158402661335838,-0.705275656262555
-3.4629373365643197,-0.7245221324881782,-0.28895379741738
-0.7921364521453694,0.04038118553641475,0.28264516389899247
-2.1982313649309395,-0.13204196425993633,-0.3312215208536026
0.10294119078217813,-1.7692169539092135,-0.6041122940317618
0.6068069169338386,1.22734574350238,-0.3068252621162694
1.1511602624887753,1.2392670503781233,-0.7007858744194299
-0.2246686389584872,0.9879905448105418,-0.847907801098938
2.1048337272305306,0.6248152800846298,-1.4440706426265557
0.7033031080509631,0.8321246878969177,-0.9650324020182973
0.40658370585752385,0.4241464908088494,1.4507027533714096
3.111745975700176,-1.6282897524745752,-1.627793911968244
0.4325355231581207,0.7556114868514429,-0.11517531884436158
1.870970184567324,0.8692029105618402,-0.7436562665569788
1.0741644813463087,0.7866016731667446,0.015957433386864908
-0.36715663863577264,-1.0480542739036904,-1.4392008286719362
-0.24241112297117712,0.04452117417615436,-0.4862662481328806
-0.8606021938159436,0.5690520727630702,-0.42399236106291305
0.5989345635316196,0.06679924732661635,2.679361141219211
2.4607876951450085,0.8015412258885408,-0.1128430562760867
-3.5477848318522427,-0.9816336886608732,-0.30361080594717293
-1.2411449908661303,0.6493623162584774,-0.7221981632952525
1.5687378640736962,1.2638692850244293,-0.7148763161234438
1.0329710289580547,1.2199838869740667,-1.1348079978172319
1.328521812004759,-2.838393363951639,-1.2379610048210785
2.226145218573654,-2.5995687769085674,-1.6815521736936552
2.1450218549329683,1.3743319517475305,-1.1279247241455856
1.1550430841657284,0.4598149484462878,0.841713728529379
0.8311973796030023,-2.8835515165668135,-1.267015290550051
-2.3171868521921657,0.1359052325431098,-0.019667687742218425
-5.5850242117415725,-2.4069376608601116,-2.6121418592188355
0.3104379752014653,0.42046041748632,1.586582317710959
0.9682949501818873,0.28156414344132913,1.7571494542855914
0.8879371706968238,1.0878490263791532,-1.0279231065755556
1.0925728278236253,0.6954232312387045,-0.4943680282390111
1.0339091184400608,0.8890913231983172,-0.37585389657443946
-0.828501207188717,-0.3214335822886303,2.13597327237614
3.3269654863415146,-1.6479560447160428,-1.2731296871390119
0.46557923733038176,0.1021802499414873,2.3681237937269355
-0.4685377568272897,0.6368657104855017,0.4345017184648755
-0.2198574188265906,-2.7478988865541405,1.3495026029971968
2.6796200423361434,-0.5258132076190579,-0.943899694237409
0.6023230271461377,0.8050733090244034,-0.21562280227537636
0.829731422992732,0.6122678256104984,1.4437886598862755
1.8956434122970487,0.9424739955366731,0.1605124274183715
-1.3821225378244795,-0.709982477923889,2.5774363606283757
2.1135353482349637,-2.6413260707705564,1.2455650637195346
-1.3494960809933436,0.4798528923253381,-0.4289770485753935
2.301321188303145,0.786779338751903,0.4525043694121045
2.6806195046087296,0.7267515316327651,0.727480683569751
-2.40166486811566,-0.7246491040791189,0.0286407256083541
-1.2604698018175544,-0.2649266699865252,0.7871062493728719
3.0804251415653616,-1.0483450964174441,0.571348838796536
0.1614910139136086,0.7867315275124933,-0.6671928675261367
-3.6990043846863396,-1.292817670798313,0.9371906311189184
-1.370034450848843,0.3422379247680764,0.4143465125846138
0.6939764526115969,0.5854287064842285,1.7878046331444386
1.6490559569677823,1.197309848349616,-0.6813225731365777
-0.29964294665542385,-0.7741450124107689,-0.5264985579756325
-1.4250213695660008,0.2281460658377482,-0.42788466720678586
1.3623403971475612,1.24762282791511,-0.3680875174058768
0.8256528104690904,-3.5020758512051224,0.09099960816289394
-2.448146410329017,-0.11320194515124848,-0.3996599256334364
-0.17863916169572436,0.29977787704652376,1.4970653767578341
1.7959428622001223,-2.3280911577044066,-1.6360648801684101
-0.9466707021933117,0.32591002264180224,-0.8168567913099729
-1.1525314765525518,0.09585900244593797,0.6847470602759521
-0.1691066610844103,-0.03930205739541831,2.2283889560063543
2.5458368379351155,0.9094935610086038,0.47507878091155203
-0.9935531974309247,0.6436733936935929,-0.662182887145092
-3.7641029244085322,-1.2776261695900872,0.023494353891983656
-1.4355446238000098,0.7847993673730199,-1.0690174133794201
0.09073753265276858,-2.219452496062444,-0.38667905715324785
-2.3839839225948234,0.1085269128708331,-1.5548162272507209
2.0875445177657643,1.1880736982023015,-0.4809544828960191
0.4291916814562549,0.359818902733079,1.3108198212675084
-0.6918559287141155,0.5933319913005424,-0.3535783477223689
0.9076511885068088,-0.3213810274470641,-1.5456080465026998
-0.7667503459662149,-0.22091810911224058,0.2761223366817671
0.7416193612945651,0.4728717568432542,0.7856086458684527
-0.9755232210058219,1.006355756601423,-0.3031905513496383
-0.7466328260113764,0.1632301754061544,1.4813708618923758
1.0936156172989968,0.8993609187645213,0.46093787339418574
0.9271310030824684,1.0105462439671298,-0.10928853103959829
1.3971402744898607,-0.4018830449548024,-0.22626633824301387
-1.693753578846014,0.25167533750673327,-0.2879637899700479
-1.127903181827948,-0.10872649881058992,1.1598914425348759
-1.0300133535435683,0.7167779777025379,-0.4731327525129209
-0.21819593054869046,0.07117106801502149,1.3048714175324785
-2.090258970564422,-0.2833778835379938,1.6338974251918523
-0.4901884812254489,0.04706437431187649,1.3966251788934225
-0.04992705406932286,1.0374093579254033,-0.41119283680531277
-0.260747718285245,0.39393615810460897,0.8728841716650964
0.13944669550719238,0.7948013850939383,0.2406163370903958
1.8476660001459086,1.006102215882525,-0.1438602945092325
-1.7893640144407172,0.040026630274370235,0.43422996536565095
-0.3392444070533485,0.670781520754549,-0.022626113958353046
0.16006743811462446,-0.05620706380050444,2.796519364651008
1.2410269764710955,-2.3145768618822706,0.22509611633371301
2.7040754267613187,1.1362728299453744,0.5687184536960459
2.6575602826284657,-2.0682025767686523,-1.8160357230358732
-1.713011898066926,0.27484730435246213,-0.10389842930778434
-0.7444761274113667,-0.04564848212917211,2.063206343218862
1.0621113188664486,0.6340885834661542,0.41510193163453335
1.4080201881784873,-2.6897186476728487,1.0315521890782613
-1.4409633083560713,0.2979668847678441,0.9220681755602788
1.0562474503283037,-0.985253120827504,0.2783478428617847
2.4624258779440233,-2.0894189396644562,-0.319477886860231
-2.286935714842444,0.20186846377830325,-0.2467466447038942
-0.7399723494815788,0.08571922475816551,0.1832531146328823
-2.28443427481726,0.2681518297869383,-0.3518819552717186
-2.2476715476425673,-0.31035872890249694,0.007985774917990579
-1.033665971104192,0.6097381514972411,0.05574523920110377
-2.1183512349523355,-0.06589521827342766,0.4018009613113095
2.175454292626537,0.8653075149238358,0.7349591564462755
-0.6042564858347622,-0.07307830648590191,-0.5537449218438134
-0.5799467136771109,0.22065064553877586,-0.4220136191836114
0.9476516630216473,0.4199706781837942,-1.5700799913410817
0.6801189935891099,0.2130598467463712,1.9814984823634796
-1.2505270085376838,-0.33890428880910023,2.15955922239765
1.7241051381122292,1.351005596023035,-0.5426074727067886
-0.3646968588552963,0.7141649114997596,0.8494464462178156
1.6453135190152484,0.5380434395189013,0.8562926457485045
-2.0050840020884153,-0.1992543771642639,1.5641230824676813
-1.5386215172516504,-0.21306389022594832,1.8142886580519895
-0.5194448508305819,0.7304528264817736,-0.5885469606011837
1.5045755170825934,-2.799967985136858,-0.5279891660066691
1.9127413916547615,0.9239489440887904,-0.4490710140045728
-0.1807820250129712,0.7602330767082853,-0.5568287795022785
-0.08014336442037762,0.26618256705861465,1.271624150796982
-1.688449398090524,-0.08708537792536085,1.020264932336216
-2.0993419167432936,0.3812058083997111,-1.1674794417914163
-1.8372068279975136,-0.33159334586182726,1.5981848515647854
-0.6710061531011141,0.6548952470886428,-0.6634614998866647
0.06905152999863934,0.05777460106099099,2.8748444734821
-0.15324991812927974,0.9221128023257743,-0.7744779555158388
0.31584250314235934,0.7726695636055755,-0.4769629412808986
-0.7777791544668827,0.9006292911169917,-0.5706649763943794
-0.8340089220234075,0.016246534274785278,1.3875386015621105
-2.2083177281529154,0.2674173018908779,-0.2612291934196634
-1.749740477146202,-0.1405417889714018,0.7445958329603087
1.69850725616371,-2.1228381302878283,-0.7608526243332546
-1.28606473330368,-0.12354759872735342,0.4704999339575021
0.9697394972016552,0.7653057869522871,0.21494029400025727
-0.1733909236302027,0.7121858903445756,0.7257524174437063
0.8734502850082007,0.5917031071594653,0.32875215513510814
-1.1329664992847104,0.11052073226074502,0.576135145874457
1.0781921927453566,0.7599164546942814,-0.09446254508446741
-1.2040334557219532,0.8716840836220122,-1.0694999208038685
-0.5387502125082557,1.3996564813829384,-1.7760747232926823
1.5135863941884764,1.0774615253966655,-0.07734096157814382
2.37047679164892,-2.2138508827160064,-1.4870090544812304
0.5159463141690784,0.5028940618016139,-0.09501174320465505
-0.9449162473102409,0.4473985019570532,0.2526279926952069
0.921528231662197,0.14674630022606283,-0.8494616034764046
-0.3523654127259626,0.003152936331112346,1.6998707828138515
1.272107418289074,0.26291996660984013,-0.221639493127443
-2.3726534713929026,-0.3135995424133415,0.4670885063140746
1.510546928999729,1.0584431856799525,-0.7258032245776868
2.151722019121312,0.784818083265741,-0.2945995514368458
-1.2064615236038676,0.45403278829333693,-0.8619078747974274
-1.8262785250200506,-0.3006355654265669,1.506031861550777
1.1594327717187685,0.8203810732168876,-1.0991824071654261
-1.4321420903495636,-1.1387065158938903,-0.7956661172576572
0.9589093289871506,-1.0485129267281432,-0.5881796209328063
1.4665911341070643,1.0131788737308685,-0.46728703833596635
0.9292647192688751,1.3357742951429725,-0.31369585651946347
-3.6324279573549654,-0.7277230940239736,-1.763333842849975
-2.9554524399638873,-0.23482676135264247,-0.27739806203274797
2.6414394633019973,-0.9683996714865989,-0.4917700200066479
-0.6159417700511277,0.28624690887362025,-0.22304494714693548
1.607903021704415,0.6181746447229239,-0.07684698952793897
0.2766831094168486,0.4922074032316393,0.38884778183622715
1.6983789514981855,0.4644696365267518,-0.8611712505643848
1.6050797863676163,-0.4086926054638667,-1.0296211015168453
-0.2694216173863956,0.37820200652373953,0.24460258443023833
-0.567775255098821,0.907993550317234,-0.7905430432452796
-1.4731309254375005,0.5211638068573335,-0.10360650161292279
1.23896877749249,1.0156634243735119,0.07856717208472691
0.803271351821943,0.7505475420912635,-0.30763349124975353
1.4252637065729312,0.9283677117713879,-0.03305767086706795
1.5857162894330328,1.3589272958508345,-1.2237701887390513
1.072193438654875,0.6046288946271362,0.15097864697061614
2.57039400739802,-2.0987698046460217,-1.8135115727626552
1.563913320049258,1.073813086037836,-0.5557929329249239
-0.34612542621350517,0.7266958617398632,-0.36685740488233676
0.6261569130823557,1.196105850141372,-1.5965842571694482
2.0131950703283654,0.8745789618829191,-0.6589382161458467
0.1018078834809506,0.3832127432024494,0.037301646940723694
1.914681978792722,-2.2823172596527637,1.4992915108299882
0.06446318397165977,-0.20491825388817622,0.5105050311273674
-2.5880237544502744,-0.21536241184860017,0.0690201269560309
-2.017336690999898,0.31644819328242546,-0.3900043953133035
-0.6488935017383387,0.2045930732102232,0.7274833700953162
1.9524444809865047,0.6791374573516243,0.4448974258981127
0.4935352010794854,0.8423819976730598,0.737755856980823
-2.5481642917892873,-0.22261764798948508,0.5254114789705172
0.7979309847096365,0.8952911932124205,-0.3578604628012591
-1.8151075188289294,-0.13206590479320693,1.349459826053869
0.4598162816470789,0.6520505886952187,-0.9114692406201788
-3.057020245882101,-0.9278708898044884,-0.1920278699496465
-1.2982819439076525,0.09425303340009948,1.1685937827452284
0.2822873778913562,-3.1933440986546535,-2.009351311740813
-2.5673606186190243,-0.10010393009903945,0.010806505477478167
0.3140065615211505,-0.8974020197744517,-0.23308535036262143
1.5795385278754002,0.9012142038719154,0.6030312086632982
-0.6172316188190119,0.31702139792586226,-0.2596646670407924
0.47480128426869406,0.7362072493593407,0.8406716253473001
2.2309745757556065,-1.1493719648314489,1.3335911604267
-2.299596621624625,-0.012161536097490456,0.6028396656632274
0.8474669453962326,0.7117820789139753,-0.7117310593946925
-0.06911664109366372,1.1387962306466144,0.4814883267335812
-1.8820960465763825,0.1688792683705164,0.49901233501073744
2.555810419354789,-0.8551120720100868,-0.8274753486891072
0.33651132979165954,0.22897311509249035,1.349358032214323
1.8436575484567703,1.2376314917716424,-0.32088140396571124
1.1225919339316326,0.8247884794271734,0.3069812998611785
-2.1282957697989766,-0.17179325394893336,0.46398886840869524
0.9965509570805678,1.2328021454763567,-0.7283286548967565
-2.101855114279396,-0.3162275283331863,1.7316819868178266
2.166038536991593,-2.437202872451378,-0.6920278560667664
1.192376772784695,0.8979855923091854,-0.23874122850698978
-2.4814939001890193,-0.18793654750976568,-0.14647095483445835
-0.23253485188885026,0.4986460067486642,-1.3359450452381374
1.777545989203344,1.051496021095169,-0.8815881416656131
1.2569187474903278,-2.4832791846524804,-0.5048535603744614
-0.807483432776876,0.4254421603382771,-0.16108006515229706
1.9635568524818214,-2.795424249297571,-1.2572716949840996
-3.814997479707505,-0.773929070766688,-1.6111298352234331
1.2165654217430761,0.9038011195056427,-0.22318919181483524
-1.4305368735119037,0.34723539181945023,0.8061332252475987
-0.6565577876499912,0.5966585489551872,-0.08714985802773645
2.796318669093569,0.32052679060257616,1.8060787229168878
-0.4674668255710114,0.09511130183348336,-0.15056750687891501
1.3353206834803952,0.7024829254100431,-0.5633696374479916
1.2383099341495698,0.6753200059001475,0.986979721620412
0.033267151698338486,0.2144379104898211,1.1381816744942579
2.0336802192284416,-0.7304027150942166,-0.9457244942780795
1.047301003304143,0.4730105796823685,1.6940106887997344
-0.9457326152763722,0.5047871820274493,-0.3826076281381146
-1.297214436126094,-0.9664676152278295,-0.3264318435976759
0.6275449619524454,0.7165372397963271,0.35430998899887844
-0.4328492415661994,0.8344158617682135,1.243369050630235
-3.0951682835012777,-0.5301778688252383,0.13626417121339632
-2.2359857789568056,0.18776816907237912,0.038426830615717576
3.712684677336452,-1.5659095616174346,1.086022028071711
1.623489467794966,0.9392207472464297,-0.8946609521844008
0.45211666620470353,0.750586588697225,-0.1959095845021154
-1.0083352315781913,0.9731069350641419,-0.6686226958641741
1.0942526516681146,-1.4799896955547656,1.2972562062478163
-3.2934338903820444,-0.7183073377755367,0.427170034966234
-2.500504748248686,-0.08760732775793628,0.12352205029832397
-2.6461926132790787,-0.046089584158370556,-0.7654128671498284
-0.21164382316074798,0.5210130055373899,-0.2130120279939476
-4.140537741280483,-1.5162512979011744,-0.3006355350394813
-1.7651966679082516,0.30340708206845024,0.21774961873342877
2.618312591846554,0.9417201754047902,0.5350668662617551
-0.5328321256869679,0.28346284050975906,-0.980344393907519
-1.2335957163176838,0.2177953812068877,1.2652463730522465
0.7214724062785016,0.5161680556823222,0.12362508118197789
2.0602743767963463,-1.1964778986634714,-0.2808983993515347
0.30748235616307673,0.28134382843802,1.1078476193096638
-2.949839613282918,-0.41555234508710276,0.37976383666590663
1.26273303102919,-0.14915794362968432,-0.0329693193935112
2.4349051722179262,0.874926484007389,-0.10012266558354826
1.0578105769962254,0.3564808011480924,1.6805294232988826
-0.550211075737718,0.045424531965028984,1.3683934299366642
0.9060773622129419,0.6933234735893056,0.17057038383308407
1.2915665763833093,1.2634922706906309,-0.5037928521536685
0.11142923373479681,1.0036226128130117,-0.35774324198650626
1.9510069295323362,-2.5581351218083603,-0.16003378339369564
1.4173898959510953,0.7426119881482625,-0.42597291886237776
-1.3870490674037332,0.5498616982907577,-0.23071161494182288
0.4142502144796284,0.8320018773099289,-0.5707036054550401
0.7864636527195283,1.2275421459828961,-1.0702423109117105
3.000355858116978,-1.03505168459268,-0.8052077933687569
0.9526106329783569,0.39457803529652297,0.8093128148804593
0.44454837075656845,1.277348484010098,-0.9396574259147531
1.2819288517080132,1.1973674404635253,-0.9266099057797875
0.6502336469516766,-0.03143256393393967,2.327974272272096
-0.34152329205092274,0.6919975129521035,-1.1587648898761405
-1.7100361354392828,0.7932162520785325,-1.0142564979145956
2.1998825187935576,0.7526484766529636,-0.1660514179353442
1.8137709517622602,0.9317483976001085,-0.44686998710398446
-0.7025528138942448,-1.6256893121619633,0.4504674256112232
0.8333397770655894,0.259185210904793,0.24544001528339293
1.2086551971706634,-3.0843218200437534,-0.9172083950914935
-0.1091873793879265,0.3016024109811679,0.9241017756034035
-1.0522464517225043,0.5945986192413514,-0.20161009886425355
-0.5354514848709995,0.5486887881830556,-0.9492762089789396
-3.1239653582472138,-0.8431607939000492,-0.3103353964321129
-1.9582088598534164,-0.11723490453786191,-0.4634764160160326
-0.8584298803117836,0.27991806437656946,0.40225152258118013
1.3357531272260001,1.4663913517299498,-0.8547267946282735
-0.3019853442724664,0.7811227852720979,-0.21296412522711713
1.6277135622714605,0.8342652070145642,0.35158937213120384
1.0056949664935941,1.0255241220022655,-0.8704439313212216
2.1686810457382957,1.177580805149408,-0.7911020229169623
0.8713096220988172,1.4451581582409414,-1.0655475395360332
0.18587695064478105,-2.150856085212702,-0.23221268990819507
2.558095134734153,-0.4714602357550069,-0.6465881460652645
-2.1328281296039133,0.0897201657746553,-0.18061462326487326
-2.453335527046607,-0.030442211108827,-0.36224717862185457
2.3773509123314427,-1.440126267046127,-0.6281598980383839
-0.7720000592544604,0.4662584393152879,0.18182579291437162
-0.7863788913528802,-0.12438208199819346,1.80244600579307
-2.0611361694143637,0.19611703690356502,-0.2870803015918579
-2.8501909425788274,-0.6012676911373462,0.1686424179855648
-2.1838057770630663,0.2196630186483906,-0.4335679073789158
1.74500479072621,0.9772861245852028,-0.6327333639246859
0.6886885768742667,-2.355859439951743,0.6048081994618386
0.00039555996488719653,0.4171107941808492,0.01273191667531564
0.8969275673913962,-1.4054329698462251,-1.6566330749319687
3.542292943711102,-1.588409234627997,1.3189137004126816
-2.1171435908704592,0.3277995881810257,-0.25921863944185874
2.359303822157542,0.41319689152731337,1.873198716706885
-2.8784681547971793,0.06395949416930168,-1.6630471875983523
-2.6257948559545854,-0.16817738184396647,0.49720909827952364
-0.20965532565023243,0.8798557977846839,-0.8925163103888399
-1.5299505235252395,-0.1485317617473518,1.1270647612836027
-1.780549261433273,0.10573284161463797,0.23752657108913258
-0.6673708786259356,0.17277585760849315,1.4130158025644852
-0.5027970702353178,0.32345760019331893,1.4558996794583938
-1.8110633568197305,0.2709350778240719,0.598176273019367
2.837700997280999,-1.7550282477458063,-2.072503690957818
2.353336862761197,-0.8188013460840673,-0.8314889324972567
2.195608357987097,0.2700906556690729,3.0644088895926496
0.9404488312648687,0.2322625270605272,0.14451934632991895
-0.7341161112565365,0.24525091248206488,1.3098507310214116
1.8270519177080837,0.14409035653377733,1.623653403385876
-1.2868621371904299,-2.4610275689187295,-2.1907345379789795
-0.10537909300028586,-0.09056805089997906,1.755725426617266
-0.41968671680502023,-0.6119300569446859,0.600216260840516
-1.7846420595023857,0.03196396303295289,1.1142290821524055
1.2258618540120774,0.9533775420368477,-0.46507647267349433
-0.6256673387632131,0.7618923304649405,-0.3259643293186338
0.9058987065570366,1.270785484144915,-0.2503871121577003
0.8881863806766334,0.29718839811445746,-0.2745845193990232
2.0181392622342895,-2.485154061353335,-0.6917691584075722
-2.0808755710058615,0.2943824046263768,-0.010943763791474501
1.077584051654133,1.3711046646754685,-1.285277021516079
-0.9965646611780502,0.41912117146599914,-0.46360149284252977
1.4384873239243778,1.3268174691942212,-1.6392856622671985
-1.4820403853696158,-0.1669948510148282,0.6133782936693384
1.7037874231201828,0.796286028547211,0.36367852121384614
0.023792752475445125,-0.14536212366163195,0.7354857886294498
1.8086404628983357,0.9070253962331503,-0.3900696294038286
-0.37645671190801255,1.1333000615230762,-0.5444146089656487
-0.11936281856199782,1.152822125543496,0.12727721183248977
2.7307463014231277,-1.9205819552899959,-1.791057680517526
0.47878865648523133,0.4353917744678601,0.8540955946822674
1.1379349392160876,0.3748626417846802,0.34842389359456305
0.3802357734899866,0.03901848599053238,1.7195019404918512
0.26738769033526677,0.20954833313382626,1.8138432147772454
2.8821699536533782,0.9521231440078886,0.49919430098314205
0.2907466059764319,0.6119843260582544,-0.9579541146963438
0.7972024792871378,0.901352574553299,0.32631148847584285
-0.19375362825951498,0.07889824987813097,-0.8821882259093468
-0.22948144138763146,-3.3326818928083535,-1.1410111618137175
1.6356624498674992,1.2882893866043197,0.3295253953582466
-1.4375843436795819,-0.10373823019011623,1.6387701285512488
2.362602242504954,-1.7930891698125382,-1.4843429101945829
-0.40962006426651554,0.2685052420360549,0.16753382283618595
0.12011149766449974,0.6558742726408137,-0.16490064987693284
0.1800479927727502,0.32544339919716847,2.0032740943653615
-0.9904447774261668,0.8486005659148366,-0.8348090095296177
-0.3004405961911371,0.07882456303731133,-0.2100336181861387
-0.8331215293915725,0.13645629905613285,0.7876194259412819
-0.721040777087996,0.7480446590606006,-0.8683389023477268
3.5774644828706235,-2.2039094846754383,0.5696513498155014
-1.4345886129161698,0.4529495195435071,0.8059410634584059
1.6375175193463116,0.5062137982002736,1.6247285065424097
0.6074459256845541,1.237239249882662,-0.32538277209038413
-0.3720707689259809,0.5950233221257725,0.36023571742197563
-1.203338365380842,0.6770274986916853,-0.37086917659891205
0.4503353991594503,0.03764341241663188,2.525108977465862
2.1505362249125244,0.9535868537432085,-0.39518629840026975
-1.5505508220193862,0.47874135009547925,-0.12724082275356274
1.2259484091459274,0.9998815424643853,0.02786334295951612
-2.280890931139706,-0.4301502782145858,1.832418547191145
-2.463364770952831,-0.7989960567777779,-0.21556699763437956
0.6708632178059849,0.5417823357660001,-0.2828947033468197
1.3130158799729437,-2.7506003399247128,-0.926551288144627
-1.1304401185151207,0.3748658930374251,-0.16666421020037428
1.7647482349717167,0.16668969236921022,-0.5723477868298864
-1.5225803481170648,0.18990843775524996,0.05964981677256665
2.21262620758339,1.6030605249641723,-1.0622052874032224
-1.0262775415326122,0.68789596957866,-0.44860707941907535
-1.573123766048047,0.47399380877210145,-0.020936217344805157
0.25238344241438687,-0.3398435730703318,0.4583541433822421
1.0596332229823935,0.7409571973334227,0.27644074131176877
1.8618956314454125,1.1999249524912137,-0.21816205839429728
1.7220754777663876,1.0864008484463445,-0.981707140935797
-0.1909162907633255,0.5637684137341371,-0.5601953919698013
0.7269488005443164,1.215604787770602,-0.6587693263951198
2.5523062769692224,-1.824141358748863,-0.2727266037749926
1.0528833172762033,0.5519308247481146,0.3106352017803104
-0.06221338635127283,-0.0765657287805734,1.4136001434489214
-1.6716183474790653,-0.2574709483091673,2.3026461148688537
0.5055350897518813,-1.6636394835188624,-0.7046724355229964
-1.0472825928429759,0.4537101404074376,-0.8448845247488639
0.7792409032737989,-0.1535144069622926,2.6513674249806707
-1.8854487453188913,0.0010183116190629114,1.3094734734570974
1.364008453152464,-2.361301948854657,-0.8165096656752395
3.0704697044090583,-1.2639481311545797,-1.2261456325939526
0.3535155859612687,0.27828876339307473,0.08777660935234072
-1.1983784932554986,0.375553659252635,1.0179603155551216
1.807420749160545,0.9772896830171841,-0.35176258050124043
-2.0530025625850348,-0.31526602010312726,1.9401827066186674
-0.5522965381807912,0.10721468173554445,1.1598317644463194
-0.9697527141770735,0.08295642242740857,1.1728982840390656
0.040562111126860666,-4.243962511416112,-0.79813030074338
-0.0402151198921197,-1.5325849776704354,0.33683752720789606
1.9680421738689773,1.1307466987492663,-0.4264271422139021
0.4759140553832212,0.1528958591159289,1.5611583351431066
1.7244824857831302,1.1271004936447282,-0.10077386285506129
-0.5817710685533127,0.3950272071875782,1.2772865311905104
2.4169564915858355,-2.6085150953470206,-0.7401473201571988
0.5908119380334407,0.9468579755965933,-0.660966319751803
1.847508586070024,0.71410073715522,0.6953247481747972
1.674327908075341,0.28353715939116014,1.5127314123275823
2.823649185750156,-1.328237537211451,-0.9308030355368565
-1.1067169120517182,0.6171875013935425,-0.41876569903430644
-0.44114742959739106,0.30488680227703224,0.2569246240982507
-2.247880074991112,-2.1734013895057887,-0.3957233832219956
-0.5773774317489929,-0.08323725280254891,2.655565870591644
-0.6618151628170134,0.4464486740939055,-0.6061084116892343
0.528185578971599,0.9657508771373388,-0.8372757252044832
1.0017853606805478,0.6668950990620315,0.07994165453561555
2.1418499487085967,-0.5380981522117849,-0.5389086342648374
1.010142481437178,-2.650482428460493,1.59611325363608
0.4464658546972072,0.7353721433033582,0.40947671397215313
-1.5090209232274623,0.06741454157768173,0.8601893470859819
-1.448291963129484,0.21971558269343283,0.37610594019635446
1.072952456529582,-0.07060014561057214,1.5606680125521826
-1.0365043926182251,0.7186265609409156,-1.0044887366292243
1.5179555576782195,0.06320465110227377,1.9598387683071814
-1.2532490683379014,0.10463058230826676,0.8232122319818967
2.615351866611197,1.2387224880549867,-0.036075778169971116
-1.9309866176929047,0.758957851396162,-1.8889890759630745
2.38561538467814,-0.033140597778820585,-0.3602023852369407
-1.480188495760418,0.6200696285881565,-0.7702550410028628
3.0339739988100267,-1.8957407706595752,-0.17846626451055522
1.7584245294350633,-0.17793884422051529,-0.9570296744535546
-0.32277112369344796,0.618785051562315,-0.021467355260658884
0.42917513059332385,0.5277382506928128,0.2216568065884896
-2.6613547940437647,0.028150800123172448,-0.6719161557581153
1.0158096817775193,0.8973531078731422,-0.866591032322322
-1.6362154431705924,0.4721604419142545,-0.1653933476149204
0.9866782188531039,0.9502142761487008,0.009731958218179265
1.7247712811369038,-2.363065804918259,-1.4003073602474045
-0.8451705041248542,0.8466469079546521,-0.06475940590171003
1.310883582073876,-2.2678206241370056,-0.2820587828887872
-0.10338551299449708,1.1615271579662436,-0.7769519796954691
0.3141911049208051,0.8131117701933943,0.031858354220924916
2.5637188130349364,-0.6551194793737001,-0.584487553202097
-2.177359137040369,0.061031890250141795,0.18854888779713133
1.3542792182252665,1.0410998774542812,-0.1733310651652132
1.2379690577677336,0.2847244334029924,-0.43816432740674466
2.652680407729809,1.166549250599347,-0.6223708101400341
-0.38051376992422703,0.2969329161563556,0.556261768681993
1.5608113168134232,-0.04165847598135583,-0.09686639624165141
-1.6322567481181283,0.40564758245916244,-0.22044452225757546
2.512921770188952,-1.6089962739305066,-0.04655409919100519
-1.5720209198061528,0.9283639030418094,-1.3895367542654604
1.182648422422533,0.6799818645548926,-0.01824517412079283
-1.2897964289513117,0.18096966001731235,-0.30322809264897965
-1.2930604318800527,0.8363498738644392,-1.6093631461313493
-1.752931804913984,-0.6166432765137516,0.21713758753733994
2.9341212930172635,1.296565559880937,-0.6435488024684293
-1.110056115739276,0.6077281795938799,-0.3906078409744714
2.298666562899824,1.3288048746361207,-0.5945845584523985
0.4067074463745602,0.5430213126766292,0.2990598411422396
-1.005577837135925,0.27776654619470664,-0.48572355037917475
0.4471175296559774,0.7569506356323153,0.37596749361644544
3.215341653153572,-1.5547915776867285,-0.737871415884426
0.15304826497269172,0.5335183177636346,0.7142183287986985
2.1556358803518103,-0.7356103094678569,-0.026751907877323768
-4.827030891131329,-2.098788047564159,-0.3060461025167331
-0.6498711515709644,0.5142237035255355,1.80449343660438
1.3210905674652682,1.0845111878480942,-0.5139177373194632
0.4079023016367136,0.9388290555233939,-0.5618367423283331
0.383561222628896,0.4034278920322457,0.2047784862285663
0.2854128280590294,0.436710084342222,0.4276321938805864
-1.0727497828631913,0.4790259929755431,-0.636476785155735
1.0708512292829093,0.7441291596900903,0.22118474358258935
0.89433418175006,0.7521840889905845,0.27109031672930844
0.040475945311377555,0.8408878296604618,0.3182682355628689
-0.4701311859661497,-3.0644914748926335,-1.1957848094169314
1.0247537872364092,0.6811113819916466,-0.7311749229131537
0.38521915661442885,0.34722059772945557,0.9666429143401032
-0.6411770479005282,0.13447015206914614,-0.22345650332826583
-0.9403080175089654,-0.006160193444041348,1.1677923393096983
1.243892636231507,-1.8170637234435807,0.4136048114743891
-1.4703389818447445,-0.11411460291244162,0.48669216118835723
-4.0353782475293,-0.9242695321723715,-1.8982303029862853
-1.6915247987954176,0.3154796753780236,0.301003174067078
-1.3642768355437545,0.9084561970715199,-1.1335752303941469
-0.2664394197444692,-1.6165705004472761,-0.910253891932845
-0.9902292396050164,0.18160713543662477,1.2551803097834027
-0.48030275451704985,0.7945079219273407,-0.7217057581020113
-2.513132695460791,0.09424905771664022,-0.5688437584127984
0.5517172089408645,0.6278199646129011,-0.29987774626711766
0.8249879731391533,0.6437496295799418,0.30574416782614966
-1.927034598197476,0.2184702145690174,0.20147884910624575
-0.018335217043222028,0.40010168078786207,1.4982575240321105
-2.093608126443601,0.12011830888097201,0.2251410418184652
0.09005456619221289,0.7865828055107945,-0.08587368462938016
0.12073942944946142,1.205854503280131,-0.9777632338000749
2.917550913065625,-1.1475920762551821,-1.0061309477658709
-1.668409241974911,0.26376967574658666,0.140439564387393
1.6590966386917045,0.48276260969340196,0.7416516652158611
2.1688767671072418,-1.9804166210702343,-1.9411947535187377
0.13964090133590662,0.8098594296003195,-0.46965231456521345
-0.2196818121453355,0.1994279047397673,0.5072981533415108
-1.3480700896428364,-0.24170621474775558,1.6011216948547309
0.8359181701660254,-1.749616530037152,-0.005630684019476257
0.3545821923061005,-0.6602087359651148,0.8763270685746616
-0.7236244735673603,0.8179485990432185,-0.26680466365930583
-1.2904820290707169,-0.11803516039343749,1.1715379116017794
0.29814694380228923,0.05028993811888535,1.9007690893024223
-0.25173100450534724,0.3490496801962963,0.7668010963112959
0.815313049455185,0.7005710072501794,-0.4215636447145617
-0.13676349939419208,0.43813599668404374,1.11593459962707
-0.6650650082861331,0.9443714561028926,-0.7045798238023897
-0.5967588226328326,-0.11756781692421416,1.673589007229843
-0.5542676650833165,0.926395663162508,-1.5638177025827757
-1.5866725234092398,0.7116721432630637,-1.2813119421114179
-2.407626536361967,0.25322586388737317,-0.6380046587942417
-0.03841842886141237,0.8558636757764864,-1.0256141494114706
-0.36339144606668694,0.8309755464667263,-1.5535761296763206
2.3669342757211034,-0.009057997819164576,0.41581375416852223
0.7028630983151525,1.1586064521697312,-0.34157500195738816
2.4494995831100845,0.7525757153992803,0.006882574854931441
0.730391984444916,1.1459249495018267,-0.017670382210292386
-0.922265145111664,0.5318011663561234,-0.5244692981251133
-0.9483221656630932,0.7718042071617508,-1.0435938735919508
0.4466041695041638,0.7961070911745339,-0.7939244427106082
-1.013495999275074,-0.4744692370013855,2.4490401750273216
-1.7769415738642407,-0.3695698992434008,-0.3855954464875975
-1.119952364965839,-0.28453564091174915,2.4891412904462453
0.01870434619917095,0.3113112410308172,1.0648848645288151
0.47871813946290953,0.7112513714956427,-0.5199354844349533
0.05499536175385323,0.6693709039942968,0.23335997761865834
3.931626280709567,-0.51523601134159,-1.1025090537835276
-0.05471477643686854,1.5128508144400168,-1.0943459794902297
1.9941611665151757,0.784959113085773,0.2406248100652143
-0.2570892133389405,0.055311695327946296,2.320677219461937
1.5792164985445853,-1.2673392247915518,-0.26895164781871084
-1.614612772217802,0.7102498734296694,-1.024036150493582
-1.315530527328909,0.5163694795752298,-0.07327216411789089
1.8626203481517243,0.748089926313514,-0.66690169816232
-0.2810728775007537,0.3234204301435036,1.6219878092777724
2.722203346074046,-1.035609631704949,-0.12093297207749076
3.398808316029613,-0.5215811325463591,-0.1325105041925534
1.2970222194799348,-0.7282324201310483,1.443387687106036
1.1662895730958793,-0.017320573669189994,-0.9436686148408028
1.2112862565389553,-1.8354180097341497,0.07713861842962039
2.8019525411790633,-2.307038665201497,-0.9698315595958421
-2.160972078534355,-0.2673364530933887,1.4976801293884279
-0.5085238930734768,0.13204802777003535,1.4888662164343316
-1.2651987009211698,0.16773504922085342,1.4757108244941175
-1.9190223534492792,-0.5189793119873144,0.3549831338500814
3.2629892944061236,-1.2618068421911273,-1.2308335406428619
0.5092068980724065,0.7576512895767267,-0.16292646855008922
-6.449252194091813,-3.0227514812625307,-2.9978497281233505
0.4176493608341945,1.3011081178121917,-0.8532431310684763
1.0632834500953545,-0.019795254241844938,0.7682197295611776
-0.6001145975751718,0.2049365600026335,1.6280662333092393
0.8090616080162396,0.8062428292576667,0.2771655823280268
-1.0385784956056088,0.12458073444409039,0.4346743784419329
0.7565893035210544,0.9479948532948471,-0.805637625049952
-0.5917670722035988,1.0945197785730634,-1.9304263410474258
2.689743869132212,0.8320328174020889,-0.01959419913118294
-2.1590961317450517,0.20895610884344576,0.09454645000079817
-0.03722691896799813,0.2430335167782341,1.803006460162431
-1.8024949614193542,0.004100049467899585,0.47861177071589345
0.5906412392707336,0.4728610818176781,1.9777541497364493
-0.06491297989474151,0.9709042038565421,-1.006577887275535
-2.147501946530183,-0.14600010211869802,0.447544223291678
-1.8163514355490062,-0.27422066515766874,2.11412467880932
1.6065701224248128,1.3403267781446147,-0.8614084179298297
1.5209530722910238,0.8653832635755492,0.4849833908573717
-1.2241265719542118,0.4997439727123741,-0.027488680998589164
-0.6624000682248659,0.7380664345283933,-0.5569007643802998
0.49606933928926106,1.1119797618430138,-0.7693250428403478
1.1918461961293574,-3.01577971564756,-1.236659511950439
0.9910061043653431,0.9737061696795053,0.08732850861949437
-1.3140885181632787,-0.0879523259451278,1.9223330267956067
1.6058917065129314,-1.4255731383890393,0.18360611796495344
-1.4635137250552523,0.5298776722032844,-0.2904149617163366
2.379849523661332,0.636027150822441,0.48254268966994546
-2.396907621371062,0.4802161306056382,-1.4328840814582728
-0.4740812915701937,1.1735434736545987,-1.2181933128897264
-0.9501364159884581,0.6687012553131563,-0.46387293088036236
1.9114825673507831,0.6428057073959753,0.08173208069307779
-1.0018968840119313,0.051599465250060275,0.8018345679125619
-0.9737608264828536,0.6997413738152297,-0.8290821912815693
1.4564393681054142,1.1254393647137637,-0.31922555211546083
0.7713600766397672,0.9655743929063698,-0.07622247141004429
0.6784313435468258,0.7321404822749263,-0.7531026215274061
-2.468849639234555,-0.526403490475128,0.6361437038807735
2.065350077260371,-1.3059245777945934,-0.2804165108316755
-1.2800902732615977,0.49957297676800183,-0.3377638680911491
-0.4194794358425856,-0.31992250802643085,1.0758370122317926
2.25713914413358,-0.6258216109691943,-1.3618630617224985
0.8973135336760665,0.5359516936496472,0.16903757557032056
-0.18163497667022782,0.744243887279472,-0.5287762387621684
0.9992750251999056,0.9270380782281049,-0.5717676571064775
-1.5259594969152928,-0.25441787714049363,1.1277688841284295
0.21831235088832177,0.40479618740951856,-0.7711622335690189
-2.982674151184767,-0.6854594953832013,1.3331194348367421
0.9288211891333453,1.2584974133056968,-1.0234283044832988
0.28336897354240165,0.7640608363058817,0.36946357399664237
2.3247550225053346,0.900686764748226,-0.5010945659424165
-1.6967014041276756,0.18362342195308118,0.3790134163125424
0.04681612077567628,0.7040654769219077,-0.33537087883123745
-1.6501186730696977,0.43277526569384067,-0.0481542658748788
-0.3216517520737963,0.4043007086541154,0.7019415583235731
2.240856107410586,-2.3449508633146086,-1.1545017750640292
0.037745039615064306,0.9707473596412425,-0.2779124707492612
2.4322045132973784,-1.9149932076032394,1.8470854801245549
-0.7276967136926972,0.37428570406467737,-0.016906710375811408
-1.5763524800082067,0.5048163541100821,-0.6078157472090516
-1.164291366038807,0.275490292318935,1.4350124791617256
-1.1253089933781986,0.192203457972603,0.9852570658781626
1.2671459718593696,-0.05291526791787429,-0.020720174069327378
1.2737084264697793,0.7238994136073958,0.37032176428249475
-1.6024304523650235,0.3334829704890012,-0.38156855056944955
0.7627784857027113,0.5600720187319479,-0.15958908410109543
3.1152679433202937,-1.6621270287673973,-1.1286577816313497
2.277063035969394,-1.334050322606862,-0.16085369536852115
-0.3751816470962173,-0.593330044334783,-1.2738033361835637
2.811152955790133,0.9739709109444152,0.22637157503298375
0.05414476630916075,0.6490684883895607,-0.06083174898767496
-0.046685076036784935,0.6126428968236983,-0.22041758242765888
-1.9508450973954754,0.3279128696090202,-0.27421708415865786
0.4860101277365098,0.25981227883648156,0.2482392172579149
0.2439710437894397,0.6535999400267097,-0.4165060281819419
-1.416024216395393,0.08775907757657819,-1.35251025601742
-0.9194278095574012,0.5595712147721325,-0.576409116483622
-2.7568658237359274,0.03364578134968743,-1.2411444554196818
-2.820200563751895,-0.6961814371075475,1.350374536624845
-2.1118697041784444,-0.06556007585846119,-0.31664369222450217
2.2149159383385784,-0.6242794964951468,0.539791769971378
-0.3048560633426265,1.100544466338057,-0.9457452875226834
-0.09208302429070694,1.1734506691947604,-1.8279176166075577
-1.7380740666626755,0.26304826859660846,0.02339657938194159
2.3535954854697754,1.1044475442850648,0.03376689296573187
1.4271281674708571,1.0919486743014863,-0.69847009117659
-1.7702129885009714,0.7434202549374417,-1.857399064617237
3.0908137034999443,-1.2282167081594118,-1.0674543159571979
0.8392951635293593,0.9264617377218931,-0.7145213597188188
-0.4730752785797916,0.4119804072586875,-1.427874527138303
1.7895592417275792,-1.448497276003457,-1.941195472792691
1.4154445298227023,1.243870249971891,-0.6006113212718242
1.7446657009866826,-0.6364581196488278,-0.08497012284658031
-0.7447571640534831,0.19014990828422182,0.7469784058116568
0.41039717227938505,0.9084626447328514,-1.2187353794548457
1.4073905173738492,0.5303601018377742,0.7711151072650876
0.9998851830293424,1.0375121733442012,0.6466078873172081
-4.794378491612438,-1.8293968602753148,-1.2578658175206692
0.8816605194798287,0.0282566425451797,0.0932556851523158
-0.3051310981137678,1.0023058420780058,-0.9370815395272624
-0.5812076519196978,0.8868300201812329,0.41528455355277466
-2.996361779510195,-0.5276082716370163,0.7440483565373257
-0.3058432040623499,-1.4462180701648728,-1.572151806891012
1.1255587655435746,-2.4446964641573636,-2.1691381463615262
1.5911616117388476,0.3016447314802351,-0.15520042118842942
0.09469364068650865,1.132071793242762,-0.7581319409333597
-0.24695207537719738,1.1473834010921962,-1.3996625820802877
1.5712008820107932,1.0398200782413374,0.015935261403509177
-0.3049647655698346,-1.7430763593642329,-1.3026694480353949
1.5066892200194124,1.0198955208389662,0.5925743924410711
-0.1684437107505569,-3.0784680954381627,-0.8205547750092551
-0.982030341648129,0.026737207842253564,1.9962464964031639
-1.8432633054586427,0.5335052558516102,-0.48325370164131426
-1.8818817245995603,0.26694590496148285,0.49086054807094964
0.5330197015167621,0.5121315793623162,-0.7422741253899221
-0.8151360999820474,0.47928004632585336,1.1750013715361103
0.9677294847934437,0.838118533816599,-0.30859339578626677
2.109238910261974,0.05518265141813052,0.1908844781100256
-1.8913026816103669,0.36093159917526474,-0.7802814611411879
2.794367096282568,-2.133607764338755,-0.9185562741318134
0.7494520847845866,0.9006819728668399,-0.5765597469018946
-1.690793897786021,-0.2114228467647434,1.6324711732922463
-1.4183786617298868,0.4278639554516486,-0.3769822848613834
-0.27978025172830784,1.1338212075239402,-1.7929723753385653
-2.2087430317194463,0.04858356756307465,0.5412082422526333
0.5682090533608152,-1.6750124730017046,0.35846686091973157
-2.8256133447043945,-0.35475086383677723,-0.7150864766191328
1.0490988336397562,1.0676753186852814,-0.4338295154561384
1.0521551403296963,1.038238297507462,-0.536058117037337
-2.968861762100778,-0.34629150527329383,-1.010486370479806
1.5739116708050345,0.5937623915119312,-0.3184610206619567
2.470205294196581,-0.3319428456013266,-0.1501723348196669
1.4263885290448017,0.5068345583781604,1.8384416934831702
0.10694267010496321,-2.492892063535454,-2.078161977541132
-1.9498337656547575,0.27405398572272455,-0.39877355954121757
1.0659418583340228,1.166252325361094,-0.5165537852883406
-2.0815882727652473,0.05500210398412507,0.8219311259027293
0.9105260589014716,-2.343081778955753,0.9221712855592981
1.018601889557558,0.7297395706357981,-0.3461424200952852
2.7299085377607537,-1.8637579110810236,-1.868035133025514
-0.8300421146135062,0.5192025766523751,-1.1773957391114613
1.691282771504102,-0.36009861218772304,1.0908917440670203
2.245437415663129,0.628888527106889,0.7914886193827448
-1.4261370231204638,0.2622398180789271,0.7753759719592498
-1.6198631507484036,-0.12420008178819163,-0.24752016854521414
1.4109745601172339,0.6607088093508747,0.01438913511434
2.723211507782121,-1.280258070200745,0.04869137750103164
1.073975411067394,1.0809524003238178,-0.5627357018606809
-1.8742703096963211,-0.20220320856715115,1.8420059515235143
-1.5153834032092686,-0.028336221621822137,0.8921715519009986
1.7899006136138278,0.49309185792961535,0.5726932389307625
-0.34332060469279324,0.03330593503179699,0.7976445441094044
-2.9853838475632712,-0.31961668221143696,-0.025001261605497618
0.11448628379008204,-0.9870901474873855,0.6522418124506907
0.6647354031209896,0.4935053080551883,0.11091808401876914
3.2485096698991742,-1.751307721828916,-1.3377120251041108
1.4866840455656076,0.9213112011302368,0.1313145966156957
1.9585485189890568,-0.7060079630784057,-1.5014656646840474
-1.0216524333031103,0.6610291406296295,0.12649734616560362
0.006517029672966671,0.28966127586824697,0.7224420444816277
-0.7923337633975217,0.5658177635240984,-0.2951742717778935
-2.417410850221597,-0.14503257593900895,0.0673238020594903
0.9245922172810543,0.22677698949101366,0.7807249714829837
2.6374499028093976,0.690536424169111,1.789417771378583
-2.4803270007656937,0.24390507328315603,-0.7294495910180248
-3.7017140810648437,-0.9269748576265487,-0.42093006532332145
-3.616230466663358,-0.6848162195551845,-1.1417712316551027
-0.029443247173549795,0.7038913936183743,0.13325844975330772
1.7226507386496346,-3.138932225037933,-1.0182924804713365
0.48619689698903384,0.5555440334718351,0.09347797279532633
1.676271341034809,0.7914178397689403,0.7540847853007064
-1.701188001072706,-0.30006460975439936,1.8041614210924088
0.04487301543022406,0.9724097305547176,-0.4437305275717072
0.6074237591028849,0.22399031997260244,1.3039177330706242
1.2532078102864173,-2.7467052219415686,-0.5105554442609117
-0.5089318811489697,0.6210990380583336,0.6350556156867294
-2.186741238923014,0.07391904514913583,0.21163559287718822
1.616673510266149,0.8689820919686126,0.9103404122013798
1.027464263924511,1.1814080426449218,-0.23731203211149812
0.20303671140506607,0.99204783461482,-0.19196139416231414
0.23486528788312772,0.5315402501683851,0.2223207162434693
0.30121633555831007,1.2066676556668288,-1.0562933069919667
-1.9479806602012313,0.29605839825653096,0.3157342120393892
-2.0297191436299236,-0.30382170378196577,0.37793588616654594
-1.0123387116120004,0.42764139287912795,-0.40623354711214055
1.6200339764147726,0.7498647875871345,-0.3162319555683764
-2.472759001244795,-0.009008962986193695,-0.11044415212612531
1.4379985369842734,0.8887750106846288,-0.5936493698509998
-2.6910354590645076,-0.34703645975640846,-0.46894519301256804
1.3268771195990066,0.7562066414187949,-0.60131542622983
0.3752578902706701,-1.8234352934064881,0.009698865168125306
1.3283760786461352,0.6439555407462311,-0.4503738904017423
0.8416673736338568,-3.3581907479511,-1.0393701271757692
-4.406922789381138,-1.6797211109203813,-0.23416307514886886
1.865467380563182,1.047004911359584,-1.099865099543509
-1.27502400969312,0.4542234335335402,0.26163447884783675
2.6687159867930164,0.21314773372941243,0.940957248466178
1.96014362043746,0.9191290426670976,-0.35508618155378857
0.5777297378898201,-0.1919234293641213,0.3426176759499942
0.7031815687650397,1.245736295073082,-0.46469649635972704
0.7018888671597089,0.2449754264040786,0.4611543077529145
1.278230834083095,0.8753415081024357,-0.4219889854771594
1.3760571768371368,0.6698419167425441,0.4185860088483917
1.0529164582140378,1.3133777931354353,-1.0928163742639974
2.1673025988789196,0.9470125559355637,-0.5917504269031475
-0.5499074842762546,0.5241419565024313,-0.1631593471239451
-2.76610053002319,-0.24884130107904107,0.1833390164657031
0.23309930576514998,-0.4676081948948831,-1.5932460379179676
0.05702680608254792,0.6930215135286766,0.19263312963517173
2.0619231627291232,0.16638076834476695,2.9487724042919483
1.5557964170162,0.7661637808010857,-0.21874098630836034
1.7609694345007612,-2.498825866867106,1.2035385412191373
-3.2707590269305995,-0.6708287319990941,-0.4941700030902528
-0.22138465884240627,0.7199250064935148,0.500859725517272
-1.667146636715921,0.34507347474296945,0.1514620882455787
-4.47344784617628,-1.8879062242063203,0.3548238905690431
0.46167651250171216,0.396945579212158,1.2462106597792433
-5.236554180907264,-2.4311464555264495,-0.3511572161280116
-2.1531157568807715,-0.3382921408033929,0.6132831002134315
2.1828307407892016,1.009085782230361,-0.7476597630777128
1.539054389269152,1.1144619298613874,-0.24286116907082353
-1.8425631331636483,0.49602386427349365,-0.43312997576580087
-1.7649922139119594,-0.18672452708852635,1.6313542709732645
1.1332427102355698,-0.8631828422402866,-1.1589244996293269
-0.4210162224088264,-1.4301497296033185,-0.9231245431050455
-0.9413847413319588,0.7717241734683906,-1.074079785190414
2.042413572491487,-0.8695427764045884,-0.5301184406043891
2.1888297920746465,0.5862259692649541,0.6763965634467153
1.2762172536383574,-2.8507061075132056,0.8586700603790517
-2.859470132129141,-0.03938355875937396,-1.174783979682153
-0.19391004494757197,0.8863641994455821,-1.1017447725974114
-1.217930387822847,0.22441403368463048,0.4973732488595375
0.24849385959641562,0.9610581269171125,-0.7390914689863989
1.7971009638522117,0.6757955698889002,-0.144065927378937
-2.0563144529164665,0.34295603925176094,-0.12369659885705048
-1.4025083026256588,0.7426631714329573,-1.4189492884406856
-3.5253261799080082,-1.0751734444517165,0.15547062179792426
-1.2900682712989586,0.19695450413315208,0.42919831587879365
-0.7928115453662712,-2.939247055503776,-1.8155954927825284
-1.8556983444692279,0.32138596236799644,0.2980829818367093
1.8231244085187728,1.1202677880448295,-0.06369365987477787
-0.027900377225916904,0.9036850807052567,-0.45051859145300094
2.61582605244782,0.3937495356657208,1.9115197187312305
2.4060910371378355,0.9163854213533865,-0.4575007976861483
0.31192491135884276,0.6315054949079435,0.03564311102575927
0.4400423975302426,0.20764593220801933,0.6574463803926184
-1.2640202334066009,-0.33547887006204224,0.90142914591143
2.1323523005811227,-0.4033466881832635,-0.8173406186986096
-0.7168726940489747,0.48549931332250307,-0.22066364434035782
-0.35632928113686313,0.6409131721111707,0.22715355598796497
1.889358104438251,-1.1388475391840074,0.1412652046630927
-0.9919401783112952,0.6038893069601904,-0.6789477969881456
-2.322809546853664,-0.27156742947037293,0.7449268527387499
2.273546863956977,0.4915172878693481,1.8470767352001
-3.4043379442514823,-0.654709962020156,-0.8430940560528906
-0.0862212375777496,1.1307165329106281,-0.25155623408378325
-1.735231797118148,0.5849174398865892,-0.7394214585663792
-3.3984492651724314,-0.7187330492413812,-0.1562717714268329
1.5293630856400695,1.1727023685219424,-0.9709773597760684
2.1386741311591457,-1.6327443249951992,0.5765255587228136
0.09394223707986908,-2.2221897354312916,0.1747341059970888
1.9194668549932394,-2.4739654231344823,-0.09799927453573973
0.927475092424305,-1.98074683257668,-0.5176798856212981
-3.1186945769299164,-0.5144121158466776,-1.093631876605768
-3.0620641067884677,-0.5368371082655087,0.6216055516594459
-2.4125992976314663,-0.31254396029523335,1.5277215414531837
-3.7536871114193078,-0.9707899500947975,-1.5053077705163753
1.2503097813760802,0.026976538170317955,2.7374771857758304
-1.2756732734217975,0.767908397477609,-1.1635442482561646
-0.02420676475297293,0.3259780827714852,0.9400082233329864
0.6485087912703204,1.26209659650296,-1.2310698578500825
-0.29614688415137613,0.9285902537269203,-0.31469340266133056
-0.15409277842863117,-0.3189378120530031,0.9157680581060369
0.6140675505768226,-0.4406907597753555,-0.75922856351388
-2.396056574369882,-0.1455121795745915,0.5957183687552983
-0.7428100931575632,0.2752291708240643,0.7478118814060873
1.164690754905504,0.44654159278737277,0.8176137884822332
-0.10829474160876812,0.8744054553108006,-0.4815019462631354
2.6515816878685805,-2.714984583347382,0.9619607957910502
0.6788189289554366,-2.6273533600859076,-0.595826035035532
0.7681275780600436,0.9083492950148172,-0.8019670611181645
0.15559164014504892,0.7168232133554127,-0.5414426229114517
-2.0222098803241786,0.3223758077246682,-0.3769251596063752
1.260770612288428,1.2468901459718322,-0.5116955040879928
-2.558435985817715,0.06210218677818385,-0.12682297096099548
0.18459020871923967,0.5269231520191937,-1.2196480602781328
-0.692922228687042,0.4524736017743521,0.9673245421665477
-0.2968043287576913,0.2845848061818686,1.8771826741064497
0.19165553653622455,0.11270965953018668,1.8600188913657274
-3.2228856233830907,-0.5184576662990272,-0.16772871167973952
-0.6932552690951731,0.4154785870747195,-0.3574452937213692
1.7989235784991822,0.4550406033888212,1.704158674597585
1.0107787596487603,0.05850395420783983,1.9173443718746803
0.8884000747017637,0.925927470974947,0.7417321535116046
0.3694078600846833,0.598222016433306,-0.30266790011181594
-0.037825239864025785,1.109953706080827,-0.4355440833623853
-0.8108871880493198,0.11830156074263258,1.9620648732621822
0.19058292938561375,0.13869078137019097,0.7110819169774694
-0.26406369150167686,0.5279717630084336,0.27235777507062164
1.4363073970053974,0.9073341379654303,-0.18381976082493315
-1.3496065707207425,0.4395710251876951,0.1860603393486881
-1.594128965322029,0.37673190912264026,-0.47958486393496175
2.0576264090671716,0.9029532501928267,-0.46873871797634786
0.2904097086198902,-1.5047451219966914,2.17845015237632
-0.4212061920373419,0.6869299134670444,-1.0940668534570952
1.6232765647780907,1.1337112542831673,-0.9061681789205155
0.8678773367320025,0.45035394849018634,1.6671393252046198
1.1070913312614457,0.1078558598631417,0.5990481278640938
-0.534070188499688,-0.055805005006386466,1.0468409429901904
1.2082492534894822,0.7142418589011147,-0.3118217431120416
-0.7416506155000537,0.8436030352168788,1.023025851485326
-1.6806682924371321,0.5231272894654335,-0.4670225219644784
0.949558868348093,0.644487833124505,-0.21549363478689446
0.5138035451388623,-1.5262861620361032,0.39147845502024053
-0.41779032610356603,0.3551819769878911,0.2127659349281102
0.8305305028035127,-2.164459708279613,-2.272222912977571
-2.693717905839412,-0.17774209587490372,-1.1228035736378834
0.9866702291035794,1.1640498557850474,-0.588639457316068
-2.4045991710233827,-0.009573414386488899,-0.7388583537788205
-1.7382974806438154,-0.12488090197564253,-0.08203140980400504
-2.4754699772201545,0.257664086809938,-0.7704064754686938
-0.3529011313817676,0.8270136547088137,0.07984527706901307
1.3885236293142753,1.438986814843385,-0.6232362849004864
-1.816510062932865,0.33493932301304963,-0.026027956329558878
-1.4190682210090702,-0.15045175449489231,2.180780379682743
0.7621539287930363,0.5524812944239385,-0.10736627006178254
2.890765195360341,-2.3697710920348904,-0.42181654732857404
1.5715436381977876,0.8715376583449724,-0.5687017254714672
2.143440969904076,-2.0558272745364015,1.0196344668025217
1.4338622362829083,0.9094642079408336,-0.7328921465379572
2.379508278298871,-2.4234842913266896,1.0800995936093432
1.2433173502751125,1.2062452091748417,-0.7670645372810709
2.957715241715718,-2.160382065065358,-1.0143872404359189
0.9509324022727682,-0.6991511348899262,0.1155731023902206
-0.054865594250950535,0.4752180027810671,0.4380189820677982
1.9555192681972846,-1.4663942465250779,-0.9814907853787768
2.3775877597659423,-1.3277090650868568,0.9297347520435134
-1.8512600968968034,0.727209948460789,-1.1483267679140083
2.6461835428441964,-1.845810391620668,-2.3749099666791307
1.378911042241134,0.8637242379590412,-0.29517050355344815
-0.855115874677496,0.23080732033822995,0.8827004780764518
-0.052662995923243285,0.10743465239519992,2.3584935352804397
0.5855862640985178,0.9775372339633519,0.5654241125348854
-0.08018822858027227,-1.1807245316506296,0.4401393564618461
1.2508689767087675,0.5583416482515909,-0.45264590006700506
0.8373928320387114,0.5523648658430255,0.2448860017835746
-0.1938669254924678,0.9439769812298205,-0.49434721055748404
1.6863218895656107,-1.8270157906356896,-0.39158788918360277
-0.021427047917695733,0.39054990183352134,0.9665936175690466
-2.0860090749620754,-0.2713387467020595,1.5980601512975166
0.2705730526656122,1.2591906954999403,-1.1277166992716496
-1.1047120079521764,0.21235677757013316,0.8012557828393678
-0.0433336900564918,-0.029083925015509736,1.2624351402155514
0.13460116908086742,0.23780866595748992,1.7711728889108613
-0.3529306148152602,-1.2173557237355632,1.1623640312403616
