CP1,CP2,CP3
-1.4720879649874499,0.684338478059868,-0.9181211732765939
0.7348209717589533,0.2949591288026272,1.6280050585610288
1.5707920277195457,0.5956577940424407,0.4031688761791025
1.3985327871696298,-2.7071152663353164,-1.0349641262931788
-0.06344815686384066,0.14182170026240898,-0.01059607060205681
-1.9283490009339912,-0.2608724275453784,1.5534071702153038
-1.2323453920524094,0.5828849270289178,-0.13430757806680318
-0.6384532981616385,0.6515998743116155,-0.2497655202633251
1.175867744513897,0.3773289597902053,0.7441337103778032
2.339961277423222,0.924218594651534,0.1317393589488565
-0.366879537651598,0.7128891486035718,-1.0915381176667922
1.5918475188562256,1.0555777116916032,-1.3150784146940766
0.4285373283999501,0.08107852391643247,1.4343564053058067
0.6560269916175238,0.33899859663994414,1.5979317116939957
0.3924862692621266,1.0735566562416508,-1.0957124314927418
-0.0392642307554031,0.8153369805384332,-0.2793145521944784
-2.193217662794884,-0.2508654093991155,0.2649959144803545
-0.7341335096462059,0.5150828174741934,-0.9533784036645256
0.8903020001734018,1.0832843115206088,-0.5629752262129556
0.873674187422468,0.6014198748060039,1.0152525227039486
-2.4896081443171347,-0.23065996933023644,0.608745597709482
2.8076844349409904,-2.0198907733471074,-1.0745328312539022
-0.039840073092270986,0.44977288004158145,-0.18153857318591826
0.9113723664184951,-2.891775501154816,-1.8493560247548078
-0.31115346278643424,0.8052440398524643,-0.8950588804854835
-1.1519650214148784,0.7959435802973168,-0.7960071762393491
0.7623809935200182,0.9387189897887563,-0.6700484598947009
0.5602437100931752,0.2812911547908897,1.5653759175493163
-1.4772187004403319,0.16205474938222258,0.5471958541826215
0.9843039634848477,0.5619695737767001,0.28706957916977477
-2.9577156962608036,-0.5307031512399352,-0.3412828960600467
1.357178157145371,1.2799906499222917,-0.9434335046042632
3.1935812014303497,-2.106903806902043,-0.8809656633214004
-0.4766208827521662,0.6597036766740155,-0.15594458911428943
-1.2161187704608274,0.36343874719097236,0.40982319250328303
2.770716265563339,-2.692899587645861,-0.18364017324088333
1.1537107847922659,-1.3301129273252728,0.052691476840511196
-1.5630417678013382,0.7816217767012968,-0.8333582196895011
1.3679840287408829,0.7632875686054761,0.4737599096964222
-1.3738389193276077,0.05431148195024024,0.3993544335173901
2.597142654389833,1.037325423203483,-0.5888300302676873
1.6356643207565118,1.037271816662732,-0.9411769838766213
-2.1619298320310802,0.05426300165908233,0.7051946517643586
1.760538881541676,1.0068844279883342,-0.030774756782546174
-0.1658390191372104,0.8117642999619044,-0.703392013864737
1.5430480906048634,-2.127652746556935,-0.7296707578755615
0.4831377769825323,-1.0822214798311438,0.94972097933808
1.1096918243928027,0.2607561017979318,1.3162097401519635
-0.461203695455474,0.3165858384518302,0.42233566218111296
-1.980853122922612,0.3051059978452768,-0.18421769792273407
1.0034578940971859,0.8076490337299772,0.14852178375229266
1.2345110429481732,0.6380196918486203,-0.3128002599270758
0.9992655110255828,1.3830684293051552,-0.7823504277710849
0.5602147287418938,0.786486994558059,-0.32430554497866787
2.166180256416597,-0.32380238829425545,-1.0985195395657947
1.1466657554487267,-2.5969141918992786,-2.4434410749938666
2.7343069441223964,-2.6607316619188555,0.8962680018439988
1.8062681404227032,0.3857300821491702,1.9099245677355765
2.041509250550259,1.6199691775335132,-1.0033069679203885
0.9184130581033795,0.5849286003217539,0.7269981615088714
-0.3436687860632293,-3.51534159197437,-1.2489201494614195
0.9643573364727266,0.9004536912288671,0.169367613227907
-1.5607114860638898,0.12102450799216466,0.5487386794805174
-0.8271371384339135,0.37262994641137365,-0.02442459362445145
3.5006956631826904,-1.9736856301053523,-1.3076547271477674
0.41342441275685576,0.350834525262438,0.8382646843351318
-1.3875120046241058,0.7285567076673265,-0.928867151972788
1.4502023078575508,0.6579865295799817,-0.14917787872036908
-0.5770155967890943,0.5806858553238695,-0.02141976279353231
-0.2783631763930694,-0.31316532846924977,1.390485715293557
-1.2042451537133338,0.5105162689207191,0.9774718709154443
0.05981803915987375,0.582839054623292,0.195496986597756
-0.7138776717539101,-0.08932932590668521,1.8234233547360372
-0.369804817591609,0.9990898993031746,0.20663366081211856
-1.126919614208979,0.481163415118692,-0.2995327329288203
-0.21978530771861243,0.05063368290867013,1.867887452212711
0.48684963559489847,1.1395440107482977,-1.3138110821437172
2.0462805747561514,0.4472910742813811,-1.3094853750351154
-2.7348067645407603,-0.1745182902238621,-0.8361668288439793
1.9305034086922994,-2.104012731115945,-0.5778290833412539
0.9006667161371794,1.0432416705629688,-0.5872910605931634
3.121767921906287,-2.0431975538908027,-0.40872188976900725
-2.2519650859833202,0.17516587612559684,0.0757240232822161
1.5618177481957742,0.9252542359053759,0.25240626396529503
2.171966779902851,-1.991184079517547,0.037733040162670074
-2.4046584687623453,0.046016817992156386,-0.09075016219146476
2.060924207984799,-1.6717305998590932,-0.0065904435319313935
-2.0864762912948427,0.26457905581532126,0.07473108093348833
-0.16745998463417078,1.2058515613727412,-0.6856530815894754
2.8911263274914503,-2.2958463660147403,-1.0363251770744561
0.3638778865215306,0.6335373411450943,-0.8604243454877717
0.0489461801175491,-1.393788911383265,-0.7172768920134732
2.1174426082228726,0.41584447284626463,-0.20558832333386484
0.9925737886482191,-1.4486702882182978,1.3900567413369955
-1.7699376258623427,-0.295800491265121,0.889865088444606
1.4819445289765674,0.8793505478696092,-0.06475879049618521
-0.5311404126387955,0.02730714293848865,0.4535238432875566
1.5085832853011523,-1.985444081677726,-0.15859779437964125
-0.5598903178270099,-0.5652286134215894,1.4317795239993152
1.2832886904056504,0.16284224696239072,-0.8584457211384742
-2.4712927458625007,0.22403520172316202,-0.9084217120862573
0.5705740030338967,1.0118249966696111,-0.6413448414220733
-1.9399951039651893,0.17102220505884316,-0.4661974149547842
2.498779346592211,-0.4937399760458861,-0.910099776863627
-1.8124426838330814,0.4180139542948996,-0.17713372415069706
-0.13480476641448175,0.7219151399098885,-0.2804720841462201
-1.6407297855964758,-0.4169626667928566,1.942484591351148
-1.9835941996402802,0.457849172341587,-0.7827551823288721
-0.9304079645989233,0.8665875521802042,-1.271960678699738
0.2470375001798669,0.750567565108292,0.6844256298020939
-1.9853279166976725,0.06685285167863803,0.6264270535090931
0.8074910399993791,-1.0923605166013126,0.5204774287780116
-1.0867720898350404,0.2016485681477816,-0.49024002423219665
1.3352540179431405,1.2741646889655247,-0.11303794236432099
0.8363882436135448,0.9092985691858638,-0.6553505387189167
-2.2124182239576142,0.05335389533794911,0.3027911462036683
-0.26741263676795896,-1.4949397581480173,0.3779157077867289
-0.4655695889808278,0.9112924184711579,-0.2831366011489307
-2.0382868589214485,-0.9362677897859952,1.0906470518486353
-0.37734028618634136,0.7026943879946972,-0.8915599239311296
-2.219562520274759,-0.41783908329966196,1.9087420600701617
-1.9794885749357547,0.1995907742185036,-0.17916397324458844
0.46525299284907773,0.07460849098112417,1.8346737648149403
-0.4259011631687749,0.15328367333143883,0.8043886756811686
-1.6381659531417077,-0.6049635287706405,1.932747001106011
0.9524921815764308,-2.7131135829913116,0.14396625745243322
-0.5493125790019464,1.0234892245478557,-1.0237938399992785
0.7511112359631275,-2.131490538233587,-2.34495956784823
-2.196223251354121,0.15229809951198334,-0.439988213096717
-0.23545071201087941,-0.18324460011590699,2.813902066389738
0.6395309671606497,0.4156885570012005,1.0277000064115573
1.4110589843737993,-2.3153214746096817,-1.696586382029021
1.7467427475315918,0.5164215554997353,0.8745067353201669
-3.3091077430940214,-0.9714354895804765,-0.24085073687734723
-1.8086625948274415,0.4916388438919273,-0.18340027361842198
0.2521531866007772,-3.103064778884332,0.9438042074227402
0.8922716372226848,1.034728546818379,-1.087572811856288
0.23633704586255166,-1.5972501954502465,-1.6403714244374226
1.0348204011552067,-0.8010330272144196,1.5417661917663923
0.15460282405250025,0.8761664796365817,0.06471700406559641
1.1319513450228187,0.8295150555610059,-0.2892299444827176
-2.381959564941775,-0.5990638415785144,1.8459638673824037
-2.068040562513511,-0.07853017984063693,-0.14486587366939638
-0.021730606715101457,0.9830562962244872,-0.5712486907748122
1.7850837316964354,0.04381496126474543,2.0780199306629292
0.4411403555303444,0.8745654911438713,-0.20236718336884962
1.7785297389270749,-1.5679943023525753,-0.030279183146552528
-0.5727796252718594,-2.5348303756735966,-1.668562923494725
-1.2372398246473462,0.4615482135919079,0.6091053108710188
-0.15739885304500179,-0.14140635463227377,1.4745650476115577
1.4957207474192136,0.8217334494124957,0.12297551731116961
-2.1124155388376606,-0.22377458268298084,1.0256439187650848
-0.48400661674738854,-0.6344460212125733,2.7364509566331567
1.4899141877663173,0.013468778789506655,-0.6839596955864755
0.5013473179864129,-0.1945302497548213,2.7796603381531324
-0.19152311349229806,-1.801408841718696,-0.58686015933171
-1.0781234241076127,-0.099975516655232,2.0322774334268834
-0.8649967236125102,0.5754381951919683,-0.4272500932308643
-0.7253914328595258,0.6829976909408325,-0.7644994100722438
0.8786236372008032,0.648923565779657,-0.21503186645684857
0.2939560525517341,-0.7591224789120569,1.0802631969867784
0.6213771191862908,-1.3654234944521024,-0.5173810372338643
-1.608370696592702,0.4644214496544651,-0.4468013644604663
-0.40935006767824345,0.6166060782803471,0.6184218897043325
-2.0739421063665606,0.4405371556744868,-0.8089916236108451
-0.11719000480925569,1.0788367689494118,-0.45882871394538277
-1.2230873540720872,0.44070224003851144,0.4630085429669171
0.35741405110043134,0.2596162222502022,0.6359567051977774
-2.185532002971028,0.07683299431423664,0.1710015241655917
1.9142793406948626,0.8925543815729887,0.17771042356283132
1.9035295903129688,0.33050193087812246,-0.5605531473474546
0.9211275694872163,1.1975257819053318,-0.8461327102656958
2.2671245223375833,-1.284000179888911,-1.3632234900072315
-1.4387053266438172,0.1366218570486283,-0.4708399528159682
0.05602534790739209,-0.16892711779865455,1.008185108492152
-1.632866348789948,-0.017083540219224914,1.1770259912429069
-0.48574692178031065,0.513045020946537,1.2402527317577194
0.44793876798802595,-0.0015898884948356712,1.3111156023151098
1.5708195239281186,0.2955129386632368,1.6520041361954347
0.5738905748568331,-0.13783305918457658,1.6484665997441639
2.4853333859719484,-1.6849318602191865,-1.7698740173079024
1.2797033750588234,-0.12101180510112663,0.18558401354604323
1.480692076385918,0.6029447678665868,0.340069740595381
0.2515384772218518,0.9894357301310187,-0.7680964029324429
-4.0790985831177675,-1.4486284385823196,-0.11385883365661788
0.9962831813478938,-2.060326740435983,-0.3674236401301073
-2.0672853865341745,-0.24602098159538205,1.992729344874088
1.7588371689146458,-0.14939814359115314,-1.0914747583545636
-3.465810787115348,-1.0349905426179524,-0.31450559431481573
-5.254017324772348,-2.0723064270507128,-2.224680031508014
2.0018961418686505,1.1504272062693874,-0.5667224290995141
0.45248405731742997,-1.3534609179109618,-0.4088371785755036
1.8384320007769972,0.7098127109058718,-0.35987083965340516
-0.8441371116583772,-0.15965114970663835,0.9525849597675324
2.1519761533452892,-2.510170490739589,-0.19687537496112412
3.272360561604034,-1.7030105243515035,-1.5411082520472967
-1.1919695324087152,0.2475879809031765,0.16253626357471476
-0.32665095658553944,0.4187419934236596,-0.06116292842849002
2.6262614144916125,-2.061027915879187,-1.629358268825135
0.5995493729422112,-0.02690468468340929,0.9386452740777158
-1.7187481961848112,-0.06486265947547196,-0.26916746068607256
1.2315637672753066,0.9520269187188647,-0.5917729765156635
2.8691387267494557,-1.2548648154731565,-0.6599672660772351
0.6376360431054443,-1.0232728986886308,-0.4939780659191651
1.0743691740015477,-2.2695572061682796,-0.8430486754769329
-0.20501682880871305,-0.09545125798945872,-0.23954791465783026
-0.9430269854847814,0.7813058814651485,-0.5160391033269756
0.533532680503244,0.6707199510016533,-0.16370045126791527
0.07178110222999005,1.0065421505631016,-0.6154185311546286
-0.629792893351892,0.5480616832524917,-0.16817641325045118
-0.9404682820937244,0.4132106158811121,-0.44533797479261
-3.606800802248413,-1.0379413105123776,0.15288976379132638
0.9886665871899687,-1.957028701849578,0.9907004649992441
-1.2134906782299313,0.7479092640471681,-0.311153499513183
-1.1309007793589732,-0.5316696546254536,0.5737701755447336
3.5821989963997427,-1.5799310117439282,-0.7703940444626478
-0.5931666404467216,0.8749223690715915,-0.5126651027449124
-1.6477911025075693,0.26498425081901217,0.568710962121943
1.4040058799706931,0.94061568891572,-0.6245723708268794
0.853955501927108,0.8749869750089058,-0.8092117272164832
0.7444071675025982,1.0188657633572213,-0.011407880812180114
-2.0927221207721027,0.34136987647304956,-0.5634043932712511
-2.0215713692891955,-0.03379819901733591,0.19503845996529778
-1.6570338587456204,-0.19172415328101142,0.6596821609940866
-2.8374469943581193,-0.5568855623400366,0.7600155067058652
-0.48971088251862893,-0.01874247874221881,1.4531961167524288
-1.2850961292539123,0.035586626598879165,0.46208276454965763
-3.619240555271485,-0.8933650193949856,-0.42801763259797737
-0.24114295119749973,0.6541202953455252,1.2536619655030479
0.479516763574653,0.8037258091194921,-0.5270095713083062
1.1091501061983595,1.4261530193732486,-1.5763699490641576
0.6695234346999829,0.47394217725109195,0.10877147318872654
-0.40834970529614745,0.9050707699928311,-1.463686439278877
-0.1259576668955029,-0.06430722813309792,1.0947762656617923
-0.22252110841776485,-0.4117111502238732,-1.4325139540525507
-1.5779007055378373,0.580191309243348,-1.29642945330198
0.15791200179474835,0.7141877632865458,0.8385197463502918
0.4677245711089594,1.0207559547380958,-1.1771665262001005
1.636020420944545,1.4500629514311516,-1.0973388151120953
0.5881786606196971,0.377841916883173,0.7479113025544051
-0.7867350395438435,0.6870876743460456,-0.37974542151181095
-1.7869594290028135,0.14952613108967053,-0.37660913139882773
-0.940147731977426,0.037418511394506776,0.2505856885284884
-1.2880545375849628,-1.304256734849475,-1.6835402840761369
-4.041275781747392,-1.7550560073592774,-0.43340297056111426
2.1686749125212956,-2.1287441308828785,-1.4758754327147066
0.07523430238133307,1.148643375345739,-0.07644911663612489
2.520257833212812,-0.013219098071383495,0.647712322380104
1.7189595214056503,-0.442248398658543,-0.6148851760040354
1.5408519806474783,-0.7830795150736197,0.7553183785446838
1.8570098408402351,1.0207336152459856,-0.6021026961068128
2.02282986386082,1.1948411269934924,-0.2833307616907227
1.4215911549460503,0.8124191421508772,0.04478282067912885
0.7271855497288243,0.5742022549444324,-0.9523398764856834
0.07272228707489592,0.744707912436582,0.743764348660952
-0.9810931964446284,0.4348997713987073,-0.7097673798560339
1.2809999551324338,1.3048316734545389,-1.0344761986394138
-1.5976120142505414,0.7243070998235835,-1.267311783315662
-1.189688453403674,0.21300735915260577,0.9143586780169053
-2.25374714426913,0.5526767737860899,-1.347111714928032
0.9211077741452497,0.9130316637836654,-0.6332336154289198
-2.5257767540105958,-0.129268375369639,0.2517254990484877
0.36964803425877824,0.4266971851770664,0.5023585516954258
-1.4747108013392558,0.05990462442937189,0.542535139162564
-0.8847540830514765,0.40775720132588417,-0.2427348772859026
1.2300301734280479,-1.8439671808552915,-1.3453656482150298
2.5042639903019013,0.40198691310406026,-1.0251027403708313
0.5053752423663377,0.5999205267023778,0.07001294312516419
0.905842414617149,1.186431393672796,-0.5393684976515604
-1.0420367896704559,0.8666368372552602,-0.3734532348031234
-0.40045706241895973,-0.9138712643171361,2.218526220955517
-1.0911835962607956,0.09351614241039859,1.4931168367135248
-1.9153427932326215,0.27283231261401697,0.03180108671904678
-2.4103465920260567,0.30823778604416063,-0.735045484495578
-2.0818837372924976,0.0885693934897158,-0.6915731895953147
1.0749300755677085,0.7023964740537335,0.15037864672738102
1.1930533561599108,-1.164524785152578,0.10151292253306791
-2.469584533754323,-0.05905751711389843,0.4654933443316985
-0.3423705327724289,1.2257490481268247,-0.6811882046627853
-1.6591317775456946,0.4337114491310569,-0.7279638752363135
1.4071907862222037,1.32932507825219,-1.208923433960892
0.22173242867125645,-0.7784072861981489,0.8346935147320661
0.5711446298396755,0.8677496448399897,-0.47356794449575385
-0.17036440335396252,-0.015002463110918948,0.9154374663345213
-0.21797877951873107,-0.027489798933824198,1.2784449517021665
2.407167317535717,-1.9610436150406614,-1.7727678692242854
-1.0862181243268607,0.6388294563638067,0.007954769652881413
-0.708925248120285,1.1704332873943601,-1.106022287893323
1.056175811545405,0.3512316767807533,0.325897735836206
2.2267353571913038,-2.454239476900984,1.7348363099432598
-2.8835273341298437,-1.104235663378592,0.41402152578269547
-1.7589720155314648,0.12810474343797584,0.13094954555741303
-1.914449271298423,0.10603127216701769,0.7001860034396256
2.6020055558567816,-2.2052415141917394,-0.42582479869444306
-0.053439561422474594,0.8790823793258414,-0.8974163031642952
-1.0021972068195568,-0.15696282760260022,0.7884113129815881
2.00531055126253,0.8798157258332305,-0.3494614398369128
-2.780039251848135,-0.20071458706988812,-1.1536782299605555
1.348995036254205,-1.3498082569694578,-0.8228641395438453
0.3660847808935549,-1.5341558637047528,-0.5679989211747184
-0.3064450776171541,0.8452175697746076,-0.271132721309746
-1.9494102539636178,0.16080733589975754,0.33187858171610807
-2.200936676803995,0.5151611406724645,-1.098587976524718
2.2779906847506606,-1.3641012664334529,-1.7502171700715985
-1.3052937858281972,0.34206813941054104,-0.17843507314975288
-1.1625455187531606,0.21863678588535063,0.6685135185837983
0.8890928655992747,0.4159792755559871,0.9281680120307619
2.8374444841740196,-0.583457263755493,-0.5717611603053799
-0.19623290830340567,-0.25592080497677516,0.09859101410291621
-0.11089904856054882,-2.1957182671687203,-2.0415080916184127
1.7192642627142036,-1.1997805677099787,-0.21882747072325542
0.2758847694925925,0.8251326017654952,-0.11795432154941346
-2.2480232339176274,0.09761430225044455,-0.005894569203516756
-0.14609250245961197,0.41502549075257006,-1.2192080507241196
1.5634871418661762,0.1264608814673828,-1.5010347884091606
0.18305776311761415,0.7878840306086959,-0.18625259364003266
-1.4875168523500928,-0.1790704181538293,-0.06531794144298946
1.9018380316079593,0.34138611272447666,1.5869346432880835
2.6675826396335545,-1.4907553311284987,1.4506695081708127
0.6175529001558095,1.377990681513871,-0.9520709476975879
0.22836803652319132,1.155770830168988,-0.536175512192175
1.8258281811029595,1.1276508920358668,-0.4818669582928244
-1.8032955403786943,0.7924175800744481,-1.6609552211920207
1.1653719310280102,0.9625883713665926,-0.6208835170688721
-0.8752462158911342,0.4357406534564,-0.32351811267096486
2.1679335410865503,-1.4241388469081688,-0.3135535218115572
-0.6169616868286945,0.4006175813569683,0.29212985291737253
0.20642997995423795,0.950896878575308,-0.9519328248005725
-1.5001903318474488,0.6016278948639765,-0.6793504712207461
-0.8717201671752904,0.15184893567878732,-0.21130432079150524
0.17147251477855843,0.5464817530255179,-0.06514845415681461
1.066052155892088,0.29917386661763273,0.4817939261468772
-4.51024652259569,-1.530616514521957,-2.220940873064453
-2.35736747126054,0.17344517849598137,-0.4819317446665806
-1.238985792745195,0.29613677371251645,0.6041119864673571
-1.0181617153869966,-0.05914406994273916,0.8755318114287498
1.8516264176342434,-2.7032866864136027,-0.7105050567095931
1.7624950790912381,0.5854482192487566,-0.015258206704145755
2.4880647502112367,-1.4912451441612715,-0.22752827931112168
1.2774897376853074,0.655505601879037,0.58713543740814
-2.413673049104312,0.11725855531793879,-0.020181077531044308
-1.2008888918503033,0.168284355916802,1.0201473790498932
-2.822844178832687,0.18622312195176519,-1.4830065795588128
-0.9385562672381821,-0.15740258320606493,2.315274295540937
2.458805844017728,-1.1381332119681007,-0.459692303172539
2.0627982795424553,-1.1466576301713645,-1.2026926096596757
3.1542458628621937,-2.1667955858168124,-1.3233587372484683
-2.7236285623208683,-0.216158674864215,0.5216666104209535
-0.7034700707367504,0.4992265954583792,0.3497470695620333
-1.0406027820078314,0.4444900004838404,-0.32967160324744654
-2.2208262241378423,-0.42155840288662866,1.9194790723681745
2.126422564848686,-2.324593518266314,-0.8376803110034557
-2.136214476686707,-0.5701816767628108,2.605654917092381
-2.4604392402596704,-0.14138995145460023,-1.0635965929010536
-2.3961005349116586,-0.15701637563331947,0.5656373543940797
-1.9174021148443885,-0.155478625377469,-0.21258513364498963
0.16909469076715142,-0.19386105284195843,0.2879214497150459
-2.3661879554802336,-0.6564386519042262,2.457313663219452
-3.446828071603908,-1.4802835340997527,0.20660268079542998
3.16526193451897,-0.6387865842423671,1.6382053303582955
-0.6495326753826656,-0.46456430126410014,0.0002209465287060606
-0.8403314192776397,0.40954439124862313,1.3942924749903298
1.391648564087771,1.1233084631257062,-0.5528740121982978
2.0571527581874514,-1.3817502002513906,-1.1637972052090215
1.1741717455757286,0.45971723731245445,0.772335390673264
-0.8621599479727001,0.7558180816114249,-0.44214937147607264
1.6612913600239803,0.866091600862041,0.16140009512389697
-1.2286941418371153,0.48409990074999004,-0.14868273278506505
2.8975444446481617,-1.877566422481916,-1.1743914789825374
-3.002562854977086,-0.5474277734865071,0.7518168709297612
1.6627360329408014,1.0997510039521066,-0.7099365190581862
0.9410317918340977,0.5497665647352216,-0.05286555028581846
1.350985480502523,0.00017418777700901788,2.760469940864724
1.5664489320591821,0.36622844656507336,-0.3886006052561501
-2.8424335226120805,-0.07613684868079429,-0.6087159731186612
-0.5097273307750766,-0.5770996158319825,2.917089284915577
-0.8734960047725454,0.6871799408172469,-0.3139591993421289
-2.8115987889390754,-0.46331370397708216,1.2584777316321583
1.1825604592483052,0.8257564362940797,-0.6903400620100899
1.0469219762704745,0.9140056816986234,0.3637544331528502
2.6339421849589066,-0.1898839375127957,-1.2101508508262382
-1.661306875490016,-0.06551541118625567,1.386796063346471
-1.5848671201966464,0.044192200734498435,0.025270988906298118
-1.275875649554622,-0.06677372890066682,0.9827141689131575
0.6025025600368689,0.007065802222977243,2.735505420004651
-1.8249990491450225,0.21301946399286273,-1.4687133471646212
1.5398669552614757,-1.8546966179609354,1.153927845306588
0.43012916182702876,0.6537939359868694,0.14449503603474326
0.557264774472617,-3.4006822836016077,0.4015126487899209
-0.8336645007772896,1.0443903998092778,-1.3921103503022332
-0.05371564598679028,0.6816135738802658,-0.27681849562364413
0.9354275014349409,1.3646119322298789,-0.9159298747905555
-1.3283892848538068,-0.03650699665991819,-0.5063435030754425
-0.3217859225237037,0.8404700038579385,-0.6615945918537557
2.708838403394148,-2.115266641804927,-0.24673716116003291
-1.3043573788406166,0.8038656612862456,-0.9594106072229691
-0.8346103855747012,0.2556930059573619,0.16400263707504412
-1.2866661623982574,0.8585341331718656,-0.42454339032566496
-1.9777574889600302,0.0002634455895219855,-0.9540564461940614
-2.676378751267069,0.20788893905779324,-1.3117436018868438
1.4332112752857864,0.9187941085544923,-0.03585904799254165
-2.684186414338949,0.20842549635523053,-1.26665528140028
1.2423494639469026,0.6721100164465503,-0.5284069645400016
-3.832670930456276,-0.82713886905824,-1.4622694253571855
0.7989560502391265,0.5368937634039208,0.33786163489129567
-2.2278397591960837,0.34996491912556216,-0.8746085893921517
2.5036168699483823,-1.0551221576808016,-0.5757083930676866
1.0738917622669872,0.23880522998056922,0.9398052884513769
0.8270743514049528,0.09898100838205588,-0.6378306804825403
2.0877746791635823,0.09984779468062006,-1.0417477911910398
1.584447814066563,-1.411939883198771,1.9636607453874082
0.5065501536182659,0.962645498719168,-1.0135062311601286
-0.9255097670050109,0.5902836898707455,-0.6103291852462803
-2.4523166257559077,-0.6074534475771433,2.4752292253877903
2.5920358185471675,1.032925842048576,0.134236905824893
1.3179596931831659,-3.988448400901328,1.7501653889671853
0.19054329640996426,0.4225313641368191,-0.14678749244734152
2.753732266860796,-2.314329420831238,-1.263413487531004
-1.7331207234311552,0.49751004669838306,-0.10676385807822461
-1.7353682487903648,0.22369095670810635,0.5943318065628366
1.8057965283063757,1.4023495683446814,-0.3740993599036524
1.8129224588813346,1.0654715376257964,-0.33896605115662987
-3.2905734197687972,-0.916885468971623,-0.3983269172482275
-5.930209459380535,-2.5934059144596984,-2.8988523844292557
1.2297642412023737,0.9071793250431531,-0.38826997952734865
-0.30294560291344563,0.46044045244972326,0.5347187330988101
-1.881845176961358,-0.21917635278972025,1.849492109783293
1.070235308978252,0.031158733625658363,1.6735095144635987
-0.12424749475731604,-0.304890226456277,1.1721598354601073
-0.25146873869421227,0.33040948986785873,1.359463503763078
-0.024367982247332103,0.9153945029694602,0.11048880806421714
0.033934847449348035,1.1557254690109025,-0.9224846913846743
0.4030800006683846,0.24247118668985926,0.9048941294217393
0.875373951830055,1.0827688143397467,-0.9500252219082537
1.2544469084033298,1.203165045482896,-0.7876200418799617
-2.1459343142331737,0.48723450051780487,-0.8251624371511996
-0.15160750120323702,0.9032821986598933,-0.1816279885752078
-1.9331512350656792,-0.17723295826303803,1.5881862138823413
2.8851535197946756,-0.18285935596357,-0.7437284107598576
1.061167028190673,0.7346771352114911,0.28456133637643666
-2.649239206397991,0.2877657549493288,-1.5423337231442051
1.077625397963748,-2.3531594589641576,0.10491642383291132
1.8614104320825422,0.9206017246462403,-0.7573600654108498
-1.0933732193644343,0.3751919775952808,0.1232920706948132
0.8427333501011981,-0.9109272524386158,0.0025258639690740564
1.5585024179358176,0.8348655394089038,0.9462618061179032
1.9886392592867026,1.1331952825831457,-0.48955494090486434
1.969347046846195,-2.656690903398426,-0.3116605372587865
-1.9133932379859033,-0.012149962065031925,0.7184856088678712
-1.6023172720616552,0.2892909918230496,0.19899182896938852
1.271263256975961,-0.5408357439631096,-0.13887650440736585
-0.2796725732976874,0.5836620826805112,-0.4380370330890924
-0.26668423774335653,0.45505824166256226,0.8127647264199979
-1.7616679414779488,-0.21989932695732292,-1.2536122084913535
1.201347556193279,0.7730962110200224,0.47184906191308695
-0.9644845490122097,0.5851048781711117,-0.29582897248351575
-3.416655318726562,-1.1985325814419416,-0.7469848651775102
0.5262369066843642,-0.13961793728489058,2.7161911871044038
-1.1358467171302014,0.18768506445444533,0.45831571100174673
0.6517808189759725,0.0044586834265342564,1.6860143915549053
0.3644410733957601,0.1833534219495128,-1.3005160116951306
0.6552164703191482,0.33470516813885964,1.6129725980749587
0.3775568261616694,0.7227011135678456,0.3059940878795005
2.303349135904566,-0.3972663552244615,-0.3369548289666228
-0.2823936612516864,0.48307980166904513,0.9614654888710686
-0.9198265244028497,0.24463287200536338,0.7145859372021683
0.3375294006233866,0.7614561469414706,0.5869396570382728
-1.2593786456858365,0.46405362973674574,0.16593612477254263
-2.6439571956320806,-0.08831965649275962,-0.9214654812314863
1.0529719468671985,-2.211903782342002,1.1082166029737428
1.8126082157370773,-2.527404452952261,-1.0822372181166564
-3.3022069686593696,-1.060656551207203,-0.2828353517905032
-2.4001821679692505,-0.18050480460479665,-0.85709345718487
2.9386982372165704,-0.7088460878304671,-0.6858897634132678
0.016279746036677766,-2.978612328116486,-0.503372308377077
-1.8232810511747652,0.04836242954247361,0.6607012905803755
-0.6316561199913867,0.7432627473893426,-0.9774712230464033
-0.4529653351678109,-0.14575691005187769,1.885161508613429
-0.6122224195267787,0.3102095929068122,0.3841986112821148
1.009442313466049,1.4273785524481581,-0.19426187263617128
2.2530044420232618,-1.8710816447177876,-1.784359991676898
1.3167461685985624,1.1552913478709832,-0.44984130628039826
1.1023569983703234,-0.26947805184929696,0.5771788818242553
0.748562076960362,-1.2620819245487958,-1.2561232722858373
0.3536383911181347,0.0007147380897408591,0.30318391091460695
0.7106335934823982,0.8933478829348307,-0.3883827571335819
-1.1137821339793572,0.14569383553940407,0.9726723375819246
-1.853116179048628,0.541992372139481,-0.4923033584580226
-2.3489427788399833,0.19824064240909697,-0.5535118266533458
0.19379117013016273,0.7606845107128547,-0.2243255950702464
0.29737262546932736,0.21034152172666515,2.3650803492182106
1.728536182658704,-0.22638572024406323,-0.29589153505974297
2.1593040310356715,-2.1001966534344696,-0.7486022400381352
-0.3408748549292689,0.16872691173812884,0.9484452329484344
-1.2210798511603447,0.4443593220729659,-0.11690785801330114
0.20483160093693495,0.588473762450121,0.38972028471802894
-0.08429877052059871,0.8224223380866748,-0.060889837374281774
-2.586291950463001,-0.22107810675486814,-0.6975426235445422
-1.2674199862183129,0.4105711913290256,0.26416436308363384
0.9321748866435429,-1.2669731595333604,1.2504524601410882
-1.0473322397845921,-0.21814627850357632,0.501945687016919
-0.03980439173469215,0.24259941578830518,1.0844336099435787
0.7205599048084287,0.9159796995497089,-0.3464084808861083
1.2037949408131479,-0.16711883125990662,-0.2015798592751587
-2.924893863688024,-1.2597416143872273,-0.20566428481427532
1.1612693078075764,0.4717835897657004,-0.5587751822228607
-0.07964907084563662,1.019895996524464,-0.10181715386722745
0.6683546315396335,-3.7502890011989494,-0.7515855193058939
-2.1471264439206736,0.09783217396355609,0.5794182219876166
-0.05445192077176816,-3.432422632071092,-0.7514914104727577
-1.5235097576023553,0.4885623125672827,0.2464605129144664
-4.164974018294066,-1.9261764920288647,-0.07963144767580016
0.7175707926456509,0.6086873201563857,-0.4186309376958453
-1.2356613452457192,0.5166463652144899,-0.8713142650852025
0.3443473329047011,-1.2263407292826969,0.7981237527401456
1.5836923952685753,0.32598079143488606,0.42915049305799746
0.11473542310117014,0.563256250589503,-0.8281100442742253
-0.028972739269914248,-0.39557639551577073,1.1652955682695132
2.7777276230571926,-2.170558711531315,-0.8458567413273033
1.826964849811542,0.7668882500346401,0.8674580373651275
-0.7927671453315949,0.15695129348441103,-0.27712987769303155
-0.73123560901775,-0.26170635983454404,1.9981765679353534
0.32374286895627236,0.8667946330473784,0.04934890699860683
-0.8979154177311538,-0.2594514405186709,1.318085986887283
-1.0015379139203875,-0.12288625413702578,0.7074107081641099
-0.30309369641567296,0.41955580695731254,0.4521625869690377
-5.488902511343942,-2.2739306714987166,-2.3687913425300007
0.8459805417197719,0.42473875666972527,1.9417534700553667
2.2062250650733497,-3.0572955656302057,1.1997404840922654
0.8455307775955873,0.9515141318680533,-0.1825782190832953
0.5866988944587337,0.8075468039206098,-0.02800050012347196
1.7598048892255698,0.9069507967059469,-0.01851546085828191
-0.8888265678877986,0.5053024544091563,-0.22478071846830316
-0.402413766584073,0.4836189106308205,-0.030202222645461387
-1.0635907946818732,0.3794318037604179,0.5508251523859463
-0.5754117696951107,1.0470226441646124,-1.3775577687539162
1.7226147576993658,0.5713528283167713,-0.22546349194323528
-3.882885646182051,-1.5798866354751726,0.39212490105661635
-1.841506381803887,0.49014684276682036,-0.5955472032649498
0.4527403531372726,0.5776194619424488,1.8518954387385287
2.676956727158864,-1.556639657096148,-1.0543372211122835
0.5261030565984002,0.7822157461954825,-0.13337230286885712
0.2674525339170137,-3.2617262362607606,-1.2263030574201215
0.592748093858897,0.22093524270875065,2.763839569236152
-1.0646371694755177,-0.1425888721963791,1.992064160702163
0.8288116664454832,0.5828707036856204,-0.6863868236016494
-1.056393381395799,0.20506844693484746,0.5017185170480892
1.067310483849582,0.9927142202204065,-0.5128614525102864
0.632535522433519,1.0872580004288233,-0.4659710316792141
1.91451372166729,0.6630358542594792,0.6203901394254975
0.7636651550159478,-0.06010968229509367,2.6956873596792152
0.4672577880770406,1.0454979853993254,-0.509269745232494
-0.7414747731683933,0.832055195973444,-0.7749221682912878
-1.1500781462810576,0.6790981404453331,-0.17856063731954813
2.269932607696051,0.9727156236597932,0.7508018234756286
0.7202298970330022,0.7312184444851983,-0.3311163658566715
-3.0706157390554507,-0.3615440419946694,-1.5324609862409677
-1.1826954805057739,0.32876248024522925,0.16374021783296594
-0.8631071142852529,-1.2651850064244834,1.805644847042826
1.53046537801147,0.3035147870868569,2.093930147293104
1.6796146397339937,-2.5266180459429437,-0.9067090271915577
1.1338125015839289,0.551872315380609,0.38776256016003063
1.6283990652861198,-2.3644323307818653,-1.3447131804358232
0.6163213866763806,-0.6903450742047087,0.2753329793338124
0.7955614884100476,0.7691710779865896,0.27385775758995157
2.1424503575257168,1.611877246035649,-1.0094978909592107
0.7680749784213302,1.5240501211530075,-0.9642707377485145
-0.032008162769038326,0.3188125008055898,0.4122383179866612
-0.4245779205720681,0.15977810104300627,1.4783257661527565
0.8369110855408706,0.32216904589095835,0.2913524908533385
1.9060343495582377,0.24068513563815735,1.8238964174419663
1.6799663660172428,-0.13655549300965647,0.012008257145855936
0.9750736653980944,0.5228673367115854,-0.30685671166728734
1.65853004425108,1.1043297256543696,0.6855348508236397
0.9391054150557372,0.9035277051724773,0.4426710051307448
1.4158785790155466,1.0568537175233326,-0.5860277286623159
1.245519810914152,0.42736314716600216,1.6033900862601402
0.33193904047328054,-3.7066806273786015,-0.42757825714262504
-0.8439618488031048,-2.186195889486858,-1.4147009962317065
2.0934768185434005,-0.6096620850382909,0.17003043639030302
-0.2488614365160738,-0.09694460978469173,0.7969191885375969
1.3278499290767252,0.605756323606389,0.16909367994173
-0.43786980135607056,0.9420767559579332,-0.5549622357823333
-2.4729462837606855,-0.1959788288643153,-0.20737664718326565
-3.136689382044466,-1.178463330991862,-0.2614024105377661
-0.2262666039689611,0.9165568777272203,-0.8489246417283289
-1.5615842381124856,0.168087682103068,1.1988355660463175
-0.013671847531592861,-3.421930506675791,-1.0813302122326862
-0.45308450314536075,0.577861089188557,-1.0715529977983247
1.8468398488123772,1.0274888945782368,-0.15061620615615504
-0.3702136275320288,0.5101294595546848,-0.3659842614516854
-2.4702253147488307,-0.2800061499326914,0.5042328264826956
1.819606779214195,1.2364596192461081,-0.5760246391196301
-1.1964472379434459,0.5672506471232522,-0.4120427402838171
-2.766206796552589,-0.655428063620359,0.13989416377786756
0.30660786784734756,0.8398790695838662,0.1736866039705169
0.7530315994360324,-0.6651785512967462,-1.2265422774273473
2.20670381022615,0.8071784435998566,0.44269018019270245
0.4610550093952355,-0.35737838682233275,1.2282986251453099
-3.021025644803627,-0.31678477808679784,-0.5232687018812776
-0.9380514479034664,0.26170147786976905,0.3235834377774459
-3.5535007968259573,-1.2010431861589963,-0.3041788125142716
-2.1327285306672596,0.024938905209868203,-0.25497067725002925
0.9223937534248904,1.5702498839126373,-1.42763824201162
0.9613256032066528,1.4787088011705196,-0.48266594243211164
1.3713170316410461,-0.5791620299782481,0.3601814730420477
-1.6758679076035332,-0.43696532358847423,1.5604559903516007
-3.4309242497085064,-0.8170438099725402,0.10113982530026086
-0.27177734402194637,0.8013364120819213,0.08904168266272629
1.8196114413726534,1.1689868884741976,-0.5109910419094489
-1.0859816618498705,0.5535100507084408,0.0013440355280842184
1.7497867007649992,0.8565479924496779,0.7840997646263617
-2.0556990063946246,-0.14600028618811772,0.49562724126226504
-1.1305799881065628,0.41049074410278685,0.3908966330086016
-0.2653369102416218,-0.09123292568290797,0.19937501403261657
-0.5508455255144312,0.3831843243352914,-0.11213416645659033
0.9648870488288795,0.8580923733499656,-0.992714358230183
-3.6873720869520428,-1.1916623619822952,0.15688231922039877
1.301401544907272,-3.2266742249458944,-1.110831128220303
2.3035294326962195,0.9699887098353761,-0.3459758775243011
-3.245058419012797,-0.5667459736500088,-0.03548363897511175
-1.6479558718668312,0.14923025158693956,-0.1419466525385828
0.9814939719428905,1.2212320805043055,-0.6147076597230041
-0.7628871775235784,0.7091349402834745,0.06633665611824431
0.04835111785298367,0.9937733664646703,-1.154649509513873
-0.6600061063758795,0.06450395387200408,1.5005245706414176
-2.7585590137773615,-0.11426077784081565,0.11060139169514543
-0.030682282835615714,1.1287155874407984,-1.7406595658962676
-1.4648668000555443,0.7055917328425382,-0.9794755292652486
1.9726768305155737,-0.11849562487371545,-0.9817301100985059
2.1419273663126104,0.7730676909816574,-0.507248079877906
1.422811655600845,1.2058692189496458,-0.12184547722924402
1.0880475505889515,0.693539721720716,-0.6012014754765574
0.6707424228549578,0.9076235784562501,-0.6403591205343148
1.0622881040183183,0.9374836277496934,-0.5540034083477169
1.4093844373870021,0.9134790943121887,0.09412166735545345
-3.0882387872415813,-0.10519612395302007,-1.3678957365287336
2.4362949527989204,-1.4456660630879605,-1.6070746781336995
0.42013306695253105,0.5690488553639814,0.6368709083415696
0.8870202942461832,1.3551876955015807,-0.5425366114437786
0.22815619308631896,-3.5268830689104784,-1.1246100316592884
-1.1199302461912604,0.04678128943470486,1.1414969836020843
-2.2954969939846923,-0.14590359788015464,1.1428171278341686
-1.672974456048184,-0.3845552049089115,1.4498483431870477
1.357718665055047,-1.0900388811431305,1.565895375320393
-0.26008715068634103,0.08024929004744445,0.18312615565849683
0.35687582051782657,0.23930098201247238,1.3550215974785627
-2.361434954376355,-0.30755275939001225,0.15962272778893816
-1.760500814178919,-0.06934163191524367,0.8411648127753565
0.07606141723592101,0.5446310304028447,0.05288409669810851
0.30279452740334456,0.6894591174146292,-1.002272826599654
-1.48119458417362,0.06433761177029837,0.5763751610512082
0.8850156029056273,1.2371562886414835,-1.194036243040436
-0.674025168253449,0.5351471361842997,0.06309413223137293
-0.8233623053073637,0.6862181727827016,-0.7703707635148676
0.7153568300561933,0.27056866472985464,0.5045364447142668
-2.0473816345605433,-0.21355633479992436,1.1596870890370188
0.3404979408343201,0.7804607719768938,-0.7402931516674073
0.9116850317761723,0.12269449364143545,2.7945970732752854
-2.6048083771022057,0.3382564385735383,-1.1957351045632982
-1.236859098156615,0.08593321956182497,1.3045176878922113
3.421583239428983,-2.0969971163053285,-0.6521265523480614
-2.119255059795393,0.1709873950734727,-0.4296202257716228
-5.715122299997248,-2.450051010207516,-2.5865278807383736
2.16824867357315,-1.3907222221552347,-1.2666155742370697
0.820118035757138,0.6672938681441087,0.8760096127684516
-1.2864465451888496,0.00904559721012424,0.3707018590510383
-2.1065111561776804,0.6150223078625449,-1.1707444128398465
1.3788022044072128,1.2928038953608498,-0.46639591391990026
-2.8016659628356306,-0.16085503142153548,-0.24724552548368178
-0.6457777948178623,0.28544310029051345,0.4357150476272496
0.6332511549380551,0.8026639901365942,0.3484726288897679
0.5733143371897179,0.9012008528882628,0.047824136678328036
1.9892584535998694,-3.0117215591736786,0.6840049479056892
-0.4065261807196987,1.0251688431514392,-0.1254675597129952
-0.6270994720189785,0.5754849864675358,-0.3295853213694846
0.5164466235195302,0.32133103347693726,0.7017690341961553
-0.21775273450575644,1.094497924365742,-1.014079278119817
-0.5418427005525949,0.7338381928916021,0.32241663012889804
-1.7291246366171458,-0.5911100799425892,2.6981297548374386
0.6350057461723546,0.6429725186373574,-0.41655514368546587
1.2279545728852437,0.29201592048409514,1.5943176535432093
2.057012577831088,0.9235278072715902,-0.08482226248081104
-3.0854706740176843,-0.0970490429529967,-1.391414906324384
1.5626254442915706,0.8403805792670744,0.10877553623277599
0.9867520878272175,0.6108102902988535,0.22012127409090484
-1.133239146382746,0.7885580014396115,-0.9809617029362654
-1.8673035345307878,0.22729439756555517,-0.4184665032719879
-0.7180657210905227,0.16038094500689837,-1.1693089642966725
-0.45184699868712197,1.2034173976551967,-1.1500789472006396
-0.31498719650604895,0.024771306061380876,1.3624269522753483
-2.7598085922376483,-0.5270655911022147,0.06888450641191701
0.9030898926746966,0.08816440052981482,-0.2005852824912993
1.863377641421807,1.0326805132063317,-0.7752012221318533
0.13145300213045727,1.4887112886437275,-1.114397665485682
3.1327887840325648,1.0194996453809158,0.48549980462063685
-1.4173757648053495,0.9431401888427156,-1.3890042802160536
-0.32983490507024976,0.3055773892934379,0.7112420518787788
-0.1416458424964655,0.327644888765213,1.161480037933136
-0.19319260609851696,0.36887984146580577,0.9022192872318074
1.9929533917465854,0.5443459860402995,-0.5998053922368568
1.9448437093071482,-2.717956517460249,-1.0693300971032589
0.7741948646601563,-2.094213154607433,2.6834162041595806
1.4272182434029383,-1.14650366638348,1.259310336260591
-3.8975849600062924,-1.320671319256176,-0.19685637476282436
-0.9917290530170694,-1.020437119776446,-0.33142301875274305
1.9681999998958346,0.9635641338239475,0.5232928091421634
0.3708814420961225,-0.00924800792456014,1.3996762138463983
-1.57573166840715,-0.21390291542615947,1.3796059382026813
-1.3048750549456334,0.5116218578897841,-0.25176334677801976
0.32103357356181417,-2.1607891107331194,-1.2596626913851736
-1.6670063965548778,0.5825656742895529,-0.651854192098351
1.4262558729063843,0.9825856411836236,-0.7923694032907533
1.0145073473776252,-1.712813546837981,0.87243660824437
-1.9591728716424301,0.5501039178107856,-1.055024426358432
-0.3512491755230899,0.3483730812189779,0.7975662176898733
0.5542614602265654,0.540021627167421,-1.0162720739824938
-1.4841986818527424,0.6251783596535654,-0.7939737284944511
1.3184028938197512,0.9702319683742515,0.09530590221296256
2.1832961490106113,0.8229012794345083,-0.5955438261063087
0.6862854570914441,-0.38216417643168515,1.232689017597249
0.16897709082649387,0.6656013859124048,0.04446987809397242
-1.5997220551588804,0.30868719977617165,0.16631706882288036
1.1404324007767939,-1.3164710788144638,0.08199710554284045
1.0337459180464958,1.0922707344505493,-0.9212577508029877
0.1103018955923707,0.08089965906599764,1.2735224630741377
0.28083681386916576,-1.8749148408527325,2.4263323978360734
1.9393491517705466,1.019612441605945,-0.11403144280338154
2.8683388320912955,1.3174621669528561,-0.6337715203854363
1.0172606710760537,1.1558895830213212,-1.4957061626645585
-5.293380784475173,-2.683585547166855,-0.4791305486531661
0.594456550500487,0.5840909686902788,-0.11834264883737022
-2.638503525266581,-0.2947515796651493,0.49000241978544923
1.877082772446994,-0.5659732532796893,1.6587875076212923
-0.5689376530543117,-0.3393572733126674,2.6896465614502034
-0.19886385157343167,0.24783174403730013,1.0827405754801938
0.40979387107725235,-0.542774756060735,2.2882980725162354
-1.3824662980564637,-1.8798101704466792,-1.6674450564441137
-5.214574123255178,-2.6445894630628675,-0.45148249180900885
1.5123904871703613,1.1957292769010321,-0.07463619051203582
-0.4932478094601287,0.27190579608420756,1.3372788520979384
0.570051924289095,1.1198197666876963,-0.6535565742988962
1.025439887617955,1.050566046794917,-0.009885978140371735
-2.199299879252356,0.13148500790668363,-0.4032231625509659
-0.7362909273957047,0.4317533485290041,-0.6495216339826367
-1.4898118411594345,0.42746893157949817,-0.05968044213351126
-2.1638912631007132,0.24143697053401098,0.02463398994093239
0.24575226197499278,1.289241849906051,-0.7582521113189556
-0.5752349104412544,0.23010732077105026,-0.04433125824081888
-0.5363778886613394,0.6495489409629291,-0.40317195190660887
-1.1123984364470292,-0.1492914451086658,0.2502795505240817
2.8486173658068887,-1.6033101283116624,0.3949256305193376
1.3251713508995053,0.1999174053414839,0.17558004325678092
-0.6191687040576075,0.5036532585924305,0.29423413643790225
0.4089843569301786,0.606706938716181,0.191604094742551
-2.4989511231760706,0.0417201798511629,-0.7109255478710537
2.9776971373366505,-1.2411359224769798,-1.3015421404370033
2.0348780973880856,1.1397111824886335,-0.13841505547631938
1.7578400822012847,-2.7003554267101753,-0.6062772359521174
-0.4131300213584451,0.20260460271203676,-0.5694171808070759
0.24969982321473225,0.07112927856639754,1.5139159163542526
0.6019597506400555,1.2064097321676859,-1.4750212479975326
0.4994786342377208,-0.3879090705174967,0.8203927650211778
0.49147098388585503,0.007197565770458602,1.564982797577301
0.6759780989015353,0.9573841110976743,-0.03776184035663277
-1.6176336152345736,0.5231742868314939,-0.36349768534985244
-0.6455781812286,1.4076170706257523,-1.6077728250168781
1.6120137691127578,-0.28289865999724967,-0.616270527451011
0.5211157383498793,0.8471811666088516,-0.7608609883979596
1.1713319936991753,-2.019111205401774,-0.10272631007004034
-2.6065139398739823,-0.25736184389571604,0.9210584039456401
0.7084849573661905,0.09307922265744598,-0.31131869108303223
-0.5519499073621229,0.4239487634118767,-0.15216840270872695
2.098218187942031,1.8078166417758335,-0.947956650473951
-1.3595694857849188,0.10806711846867884,0.267490131189224
-0.3603564891648899,1.0242982433090904,-0.5588236773425472
0.7232408736764548,-3.552413554702083,0.4509236473951318
-0.21940320264228935,0.015372901730956026,1.2535499917712818
2.8338341288388715,-2.0186047002244276,-0.7440341469411569
-2.579449836983687,-0.20122305510603236,0.7123584674893294
-0.5232656837613296,0.026994191318680954,1.651470536029119
2.129214406145604,1.2788830399008644,-0.32309500280854403
1.6518197341037906,-1.715757162867262,-1.1779541175017476
-2.5099066131042296,0.0837334659229032,-0.6026164031125127
1.6087700444555948,0.7785251066707523,0.5487545082463615
2.0124301750662603,0.5782936567148924,0.7745552381102875
-1.3495325447184086,0.04243425657185257,0.8734145684999193
2.85070450131151,-0.4788203361813678,0.6805132703672089
-1.797128239561484,0.41605528741741443,-0.264753933624298
-0.2261096032288486,0.844279262731462,-0.7779666679753716
2.5086385926794,1.1558928991336783,-0.2764925185364278
-1.2977623508017573,0.007877189827770206,0.39144722791474695
-0.8775079350190391,0.20700989665069794,-0.13300401559292652
-1.9053730237019095,0.19264388426992585,-0.03625912948928861
0.7694390576898573,0.8050601463040704,0.6085691637966295
1.1346898431705368,0.8410513700884411,0.3659454347868066
-2.2871941858700153,0.3917364291235918,-1.088781019606916
1.0038792805725452,-1.0025229828503766,1.7052644261049896
1.1841964500674815,-3.3063830871789066,0.6752888788390656
1.2803645386732176,0.0655220155851144,1.4266203985492159
-0.22458202354794143,0.2151050043363104,0.5368613066659051
-0.6934207652536005,-0.6039607166438442,-0.100383507718012
-2.303254785242884,-0.07641801476494668,-0.9940320258628281
-0.4421185722949498,1.125118525153094,-0.5309086291398437
1.1047490883203603,1.0297802327544863,-0.1977177992597432
-1.5196699702440477,0.07869588939290835,1.6401614706129424
-2.312970817113475,-0.08751843620664335,-0.19339959769240941
-2.070899733999103,0.1409929667597514,0.6183621404771358
1.633676826392898,1.3545762936983576,-0.5236033278824331
-1.5324444933257533,0.183303503580371,1.0149984060956063
0.8137337406303268,1.148649620112065,-0.6156647364790134
0.6311009181613584,0.44424579349070736,-0.21211863929271196
3.7056941127477265,-1.3800814156154788,-0.443490303760631
0.8030614104035699,0.8044228192237228,-0.36839445579626307
1.2234757881269118,-3.1642481620198186,0.15463760190659168
-0.6321663229132729,0.9490658232115481,-0.9958068162486247
-1.8055739314872459,0.12399382040534568,0.4890042199070253
1.6100245114690253,-1.5930125092369907,-0.0646685702307577
-1.7544175367568808,0.4761237641879221,-0.6970198017502907
2.547289827887626,1.2520509585098258,-1.1245297036334845
2.1520378627267274,-0.7731762339996018,0.5660921508723978
0.23077505984082428,1.2260823114325412,-1.1707353081406677
-0.9143545017517326,0.3375953103757565,1.3684993111560269
1.7907568450244442,-1.6058236782481763,0.7843518446440562
-2.711926710094003,-0.19921360835728377,-0.29583826564634624
-1.3507092973853665,-0.22393083128905808,0.21465276294163704
0.7100006292288926,0.9102800057496893,-0.26943505201500234
-0.07939034760292975,0.9725159635051702,0.5446891533257673
0.6707322891246875,-0.20214564701883658,0.8283947554806811
-3.323169506086146,-0.9032905722798984,-0.1380230522754413
-0.41435021103739655,0.7452046933704258,-0.6790020491910386
0.5971594470693573,0.9948975103164045,-0.17602413658537924
-2.924156205009732,-0.0973168904462633,-1.4156922399221816
0.41872234693508065,0.9272745156424437,-0.7243455414001667
1.4179562402560904,1.3037100337662062,0.5879407925566351
0.9035232807152069,1.3285522541298231,-0.573875993195936
1.3520339902805403,1.1085085620554496,-0.10503807476385787
0.506099113402894,0.425831597836998,0.7436351915204902
-2.2606206015195505,-0.34545137076949545,0.0923297639621869
-2.712411988892663,-0.610051526078595,1.1239858563947496
2.2114615037829073,-2.194690020500579,1.1258234696946134
-2.3973332295442757,0.3700545612982968,-0.8668622237763021
1.7461792248430974,0.8487284519159848,0.12215319750185696
-2.06126774909092,-0.22830993594315674,1.9416007148835417
-2.632008098345717,0.2582025122254807,-0.9646336970060323
-1.7093103877809581,0.45805702335440956,-0.292419923264814
-2.350835387874659,0.07138099580745651,-0.5101591925297312
-1.4100417203077096,0.4667007853197634,-0.7253983551573493
-1.3602801399874478,0.448902485180204,-0.3565308474786994
-0.2578233128991688,-0.5019187984907486,-1.2852511152584696
-0.9080167441077276,0.7496528259781726,0.47225541489820116
-2.5909435245003034,-0.23505115230178233,0.8100141507712713
-0.0700032982752926,0.694810928878941,-0.6655936793837861
0.9799131904779568,-2.090889181545394,-1.0696299422063738
-1.75981936543507,0.04219534723328645,0.8187273539004245
-0.5047510159898612,-0.8057499711134807,0.2316026585431084
1.4996568857512067,1.4320392719285617,-0.7747580822085128
-1.7223484693574662,0.2597592522861326,-0.07914998730007938
1.21745382439708,0.6106205721972833,0.3833416425400953
1.7817502797869276,1.0591656244974466,-0.7519401325755152
-4.034218405592239,-0.9306439205929156,-1.889633346526797
0.9970989930550961,1.264122932080145,-0.7099254565560326
-0.19335511747683776,0.320260035250856,1.5523045985241404
1.749930107530264,1.1529103387381798,-0.6107606780416469
1.8097014577789245,0.829245437603219,0.2926751280135978
-1.6031807408089165,0.019545442332784223,0.8883279087126253
-1.0676111111634787,0.7887668955652255,-0.8413419464128132
1.5868895201054212,1.0083112769568616,-0.5558992012806029
0.3905575474429788,0.0854605677233071,1.1432050251081967
1.8348948371827205,1.1198571390150132,-0.6398545535683356
2.4078302451045674,1.3172843320156504,-0.5877496282015526
-0.31322660094440746,0.6778530618812576,-0.8501723874621536
1.2673507059820328,-0.37298517650108204,1.2340180781973489
-1.8014456729162762,0.42686425119314203,-0.2493202185322509
3.108774159251198,-1.8979801187062078,-1.1053103538587339
-1.50329999469285,0.7020069152516045,-0.669576893201633
0.14675937389282842,1.0695445404176596,-0.5871164988682412
2.8442708173566733,-2.0724828524218246,-1.4052155286973407
-0.16263016266719427,0.9307399182843692,-0.7473034973356983
2.172937407492619,-2.7745735259993625,-1.282243903339741
-1.9959394639433214,-0.37036817627606805,0.7077789387779178
1.317403966338319,0.19030486042961045,1.522336857453752
2.110493274992918,0.07239024344049638,0.333335227921687
1.2715494896130843,0.4761315439069617,-1.2532839946450698
2.510536009610766,-1.1063333482165079,-1.1352904405246942
2.5790900846876297,-1.7855966500402427,-1.3546748385632923
-1.660466520747777,0.00601552902769109,0.024522315184523504
-2.6731129485850107,-0.08497736390043104,-0.6256179290853666
-5.111701179821885,-2.5723530285913507,-2.7496537254679194
-1.7223094975167375,0.7457923490013593,-0.9170961139827538
1.7245694224703105,0.13029456944849255,-0.6205983382692167
-1.3530758528443385,0.8534248054433844,-1.2427018140198547
0.9297031584711272,1.0691504120759443,-0.052348719518233805
1.1500925880126314,0.678203341167898,0.2644841519167134
-0.28949972931381684,0.7021441045737197,0.28211765183722115
-2.0546706086690567,-0.24676715836178176,1.2322421805761519
1.1700654495978893,0.7933550751165559,0.039458295298803486
2.202238175814041,-0.06953920249892653,-0.08047993900849135
1.8702410942698218,1.0406486446200602,-0.8111747589413093
-0.10109035591036443,0.5212647256200016,0.832128109972604
2.6969613304291133,-1.0719840843850181,-0.9452078488835007
-1.1122821272583285,0.5503601703670067,0.24003118676251717
0.8462906985267051,0.8868830018061507,-0.0020127491288469313
-1.7795720038315312,0.44421062407658224,-0.39267063469554647
-1.4373337996335138,0.6679370971483571,-0.5009565067258951
1.6385947545289823,-0.548727228140236,-0.8605214277099184
1.5080040395830203,1.1766948466634717,-0.028951254502553904
0.600191928653699,0.6164386700618812,-0.09872384919968435
0.8581803745035641,-2.209831890045585,-0.42521190343245235
1.195434214097381,-2.8075850346162823,0.3442632079068615
0.541642125572598,0.836082831273099,-0.14824316497205386
-2.0917863191494908,-0.43913861945468774,0.760137898539059
0.621555625330593,0.5413726884504676,-0.19135443945595315
2.4947166129297136,0.9624678732236291,-0.4620435064193335
-1.929938256155752,-3.3799658997927473,-1.0941913478217407
0.0062587598868125245,0.3615179438004652,0.754672877899528
0.18523000611708515,0.5516986726011188,-0.15016466908344592
1.3566266426277456,0.4839210428383667,0.66814824033863
1.6095296619158883,0.08398752548093096,1.973417875253543
0.5351165033879353,0.5553568392088419,-0.2688896698486053
0.15342155732956628,0.910563643142209,0.728059771381496
-0.7870120101511301,0.3955523127756732,0.3258566937335157
-0.852284138081855,0.5968483851166096,0.03804349436318368
1.252974032642745,-2.8029698134203787,-1.914336825708985
1.0381062868640107,0.957502121320575,-0.22825366037924782
-0.11147892209589326,-2.1264094669977767,-0.9231835760388805
0.836438035045176,0.9693446128104338,-1.315102726662011
-0.8036488437801292,0.5512917885818372,-0.24063956016355148
-0.504753053923442,-1.1610330658714816,-0.27822076023710585
-0.3138063523251777,0.617356776159233,-0.7921235645101414
2.6953466444808014,-1.9293545032823538,-1.5463845902228384
0.7576684872732442,0.19088562935889924,0.8466808255695102
1.1400388357977198,-3.0553344900284523,0.1954855816097068
-3.5552410471608717,-0.5002975318490038,-1.6796375283683576
-0.11681278854274564,0.257765252391906,-0.24715731966895255
-0.8845616781052631,0.5060968384995714,-0.250392596511018
0.4607436325698366,0.4707462408110887,0.4572864056659974
0.37817922105036567,1.1178162103847553,-0.9811010993544269
-1.558537025760378,0.6228493659775547,-0.8808358700327575
0.19812216261069598,0.4528859903019646,-0.30077946286527973
0.5751794760026022,-2.4507720085541194,-0.4037067745299004
1.9640739462808932,-3.120603671832314,1.101743102847281
-1.4230462132657837,0.235761853165495,-1.3857151338805578
0.6543106973444938,0.7270910893694166,-0.4695878788872471
2.120042151251325,-2.1503835820111936,-1.1400183014170866
-0.3464494779335321,0.4992562377356742,0.797862839299503
-0.7815154385943274,0.19526694419022764,0.9976303623636653
2.2204907197902797,1.262828228084543,-0.4147120491810247
0.24155195120667508,0.888386002857612,-0.013292526254375162
1.5339055242693536,-1.485354569878945,0.7337979299299245
-1.6814973453729258,-0.3322444840521154,1.5810141437161684
0.6630686959166515,1.3726696134938463,-0.7374409063820805
-0.9468681369078248,0.6134373252868015,-0.42425695985466894
-0.6786185112509617,1.1822365517986193,-1.4222737289882195
-3.554201251634153,-0.9869245214464716,0.4513323440862361
1.007831925802482,-0.10737117822765618,-2.182029610544297
2.2053120896392904,0.789083456341404,-0.08113691781549995
-1.3731129490523244,0.24172720637091505,1.6831510572780393
1.9339522237232893,1.185855345833197,-0.37107210841929483
-0.8548494161429873,0.11617621453515131,1.0117783605517288
1.1024363655078995,-1.1749034727829797,-1.340311447439618
0.9860826474361595,0.7759298441926797,0.9582173671925704
0.7695490161924868,0.9950896283794026,-0.21900169384726287
2.1256688891653703,-1.0880293268463554,0.5030953491998151
1.4385433749859982,0.9590823054369049,-0.8037124267119653
-0.9926666008717325,0.3926284203919124,-0.03973367455179026
1.121752109259666,1.0551978232937083,0.2852720180583887
1.2293270444258688,-2.0439921913189334,0.2732902957853014
-0.9767444105527933,0.7328104983261482,-0.193084838703028
1.2694413528325812,-1.0366220343244297,0.8598065627401863
1.2709549021588007,0.8292191760582744,-0.054567465622471334
-0.08121979850294393,1.1611879053043888,-0.7431990227877008
-1.8155470907993927,0.27842963790822756,0.5723194742911065
1.6554123064375241,-1.5732094374290642,-1.3842971143322027
0.5044371213089647,0.631261870525432,0.7420049169645225
0.025875018294691472,-0.37825341460296324,-0.6861234351523672
-2.9268022988476847,-1.056150940192836,-0.6336007818913222
1.7619782721812214,1.005946029333497,-0.15869269446157888
0.38412755158019224,1.1632076457205693,-1.1761593997026198
-0.9029710603504943,-2.623670158601705,-1.5433436900599926
-0.28233009509581863,0.4090095229667766,0.945699164395417
3.160558417743868,-1.9833758087302866,2.374898109443863
0.06301280250293351,-0.13400384885133068,1.623371837522055
-0.602448222470175,0.5102700140608176,-0.36631804193284023
-0.9039466624538247,-1.5048312292149642,-0.4831680526590453
-1.31684065455788,0.32244138774901115,0.5942278362510309
-0.3720927810805572,1.22168633241821,-1.1092325726538244
1.4167286446000782,0.9310862132399043,-0.41145706808934446
2.0438554249583647,0.609172189654108,0.4472859986379914
0.3211950993657092,0.5894919931064123,0.06781561406968746
-0.5151199876647594,0.4122366621729356,0.8152645062926465
1.5916933209212325,-2.1811571572479522,-0.13134206140714047
-1.0430284689915106,0.35763296848300663,-0.1995181444264661
-1.752019335165365,0.0298783316131848,0.7843284826644322
0.8305823990475133,0.6179075709174972,0.04147281164873196
3.472800435608013,-1.0926880148840636,0.49114725594740005
-1.5627776290604967,0.008011986011700736,1.2681211123227825
1.2870240357241858,-2.3585168189125096,-0.07307298926709455
1.2749931536806631,0.9724284956086368,-0.8186920848670963
-2.749438228511494,-0.5742214282015223,1.3900565598088217
-1.179365793265128,0.9317607427086626,-1.2816726317039122
1.574792822967769,0.5661793483664629,0.9807528671074893
-0.24111038025099102,0.27339039525139885,-0.024533659505575046
-0.3579794305597047,0.1746012207956411,1.599075492627149
2.1080389142706797,0.7074949204077505,0.03749047016074526
-3.473337236559201,-0.6568907762686873,-0.9704538001484053
0.2867055496911969,0.27015552881374877,0.5263164136761267
-2.6082535749902545,-0.357372814876203,0.1590072268147118
2.540855824474602,-1.9146126863969066,-1.0016330307731454
0.90644039425644,1.18554397035582,-0.5463438917885837
-0.18478168840219694,0.5277916277057596,0.1866533417776004
-1.6880204646955617,0.4255438168272443,0.21789397596356103
-0.6198869527475982,0.9109489671832969,-1.1153642596050843
-1.2172877721221984,0.3963816650397675,-0.21832437094055696
-3.711447558063511,-0.6750603714287302,-1.7843887606958024
0.060688542244759856,-0.13900727247791572,0.3969542301495438
2.6674213088417162,1.2040607600936215,-0.5648823025929983
-1.358634961560739,0.1793372607395826,-0.453928908269825
1.8008077444715955,0.9579808464903272,0.42863095918865884
0.45104469280753334,1.0341632891175576,-1.0095957336999697
0.6342132912337064,0.2829245729243556,1.3566107667267513
-1.8512918572123251,0.17322602673400989,0.8760235364349479
1.0335729210257287,0.9169092250319694,-1.5021324484221854
0.6079895674762373,1.360806634237217,-0.7686141635216885
2.90591337455314,-0.9318291773739158,-0.6961029986367663
0.24635906491672996,0.842379905646148,-0.554026442454789
-1.2792653632578954,0.1874162215130945,0.36688477130569336
-0.06262513918424238,0.729648615473763,-0.18589308506188978
-1.8892663796416522,-0.35054970306874245,1.9291936342476357
2.142208605092511,1.0138021351269102,0.41540205535115826
2.236383163512242,0.853133586985717,-0.3240801774101761
-0.6718872533708891,0.030469901395872242,0.9114357001447535
1.7202068619126678,-2.405417058350269,-1.237379394044431
-2.674536516606826,-0.16944484814617747,0.11058085002349832
0.40847919428888685,0.4096734434557622,0.20794210579259234
-1.5787611682312632,0.4799104027727003,-0.028423873120189076
-2.1914677862169354,-0.3469089584264344,1.6806608072648834
0.5580216252198451,0.8109968478187342,-1.02590911921222
0.9612541372015573,0.47002583430815786,-0.7220747165953423
-1.6948747081563744,-0.030699394820677347,-1.3019625615296837
1.7588255044087473,1.176161449667169,-0.5484499354504121
-0.5308267478155801,-0.21432214400017097,1.749007942669244
-1.084480004629683,0.6295872036122095,-0.6813684728633131
-0.39645062459362845,0.7636150738423085,-0.06757578651658089
1.3745357084216312,-1.8942482554326756,1.1659919524505922
1.9911868139176858,1.1902999262875371,-0.5793669016034854
1.386495065480242,-2.6738261271500448,1.1609936154751024
-0.3708997488701263,-0.686364404559846,2.607989039531785
2.173115637746849,-0.33077369979965,-1.2260183331971306
2.065773285843456,-2.9061641500551336,0.8815224370493681
-0.8714915290304849,0.6423381133690205,-0.3674655839159009
1.1360227152797495,0.29669585466038934,1.6038151516243377
1.0336529494769318,0.40731173697340184,1.1246324250743442
-0.7449841362930317,0.3888008387806901,0.6918451672462264
0.4237471343556289,0.14859741621863629,0.7969486874214149
1.6299551889451138,-2.899265621585283,0.25854022698587464
1.9590864433699233,1.238474212864644,-0.2349227879008161
-0.37827078939616593,0.32905532291268597,1.1789475313340774
-1.862906863164102,-0.06684377499998131,0.4294756992707063
-1.0138750835374093,0.16679728653166828,0.0771103681472114
-2.2511030919782535,-0.3352178210920665,0.7614189239145781
-3.087480867522679,-0.9183643096941537,0.0325568696998115
-1.830771713530827,0.23362069240809769,0.7016749081671874
-2.881018454446258,-0.28747295711567844,-0.2748575945538637
-0.07372116390341953,-0.12544305404611608,-0.43681399356922784
2.4588817162762386,0.5726949366275806,0.3780304836929481
-0.050706865579876845,0.612228296504372,0.4938840560067197
1.4576005772960963,0.9277375347003164,-0.27399868101124614
-1.5114671040722536,0.1971850079994328,0.01743449689803006
-0.308600299592078,0.7368536294567973,0.3158829934357758
-2.190758080383245,0.36706766873139196,-0.4549435929722064
-0.08764340496287544,1.1657980031018378,-0.7098702871989627
-1.796610563456467,0.7082990908138759,-0.9724011940692472
2.898241659517084,0.8925587082118025,0.29615993640302446
0.9448104439561348,-3.386559274683153,-0.716339104460164
0.8387219636097796,-2.7058831400024546,-1.5420295366220023
1.9762934706688644,0.22177576215344952,2.4012585476542236
-0.9898677850819574,-0.5164132915011139,0.7953670556483073
2.1377818531694337,-1.2390950839691628,1.5985220524758126
-3.433826744564088,-1.0300086437537352,-0.6343836025564925
0.464108726647748,0.12905758461127928,1.1879286519042902
-3.4093887404638306,-0.7654187248602389,-0.07121122081532053
0.47348499407947864,0.9180710164827953,-0.38955376049728674
-1.706005943066258,0.7077614352374337,-1.060220290182306
1.6727363870938825,1.121267464781729,-1.508807243288019
1.1156558586525436,0.9963701528880805,-0.17823522213935777
-2.3446729677189984,-0.38841114666295457,1.5666618951823255
0.6057303001646589,-1.9587228065724387,-0.38218642292958327
-0.11286141622488964,-0.21919716881199613,1.1209798635375354
0.8806422361971425,1.3338159894421444,-1.1735256527233093
-0.8558317701384078,0.13421276935741483,0.9637041807783164
-2.3186626646992616,-0.09853291538401442,0.5836660976349174
1.9395133523848502,-0.7317649977408609,-1.803790428040581
-0.9018983674617359,0.6976503614635409,-0.15763637349142914
-1.6945279991757571,0.23436019255993001,0.26398171850300295
-3.90522562867801,-1.662850546965135,-1.6041796584872887
0.6250221132191621,-1.0584925023252887,1.0683718410324543
-0.660264287133487,0.4661166666011101,-0.03717712087100537
-0.27874868185845614,-2.048705055403009,-0.9232707175615149
-1.01634692525419,-0.20776624553991635,1.6044384317794511
2.8668776255182196,-2.115478084896243,-1.5806458678858206
1.2497295591708046,0.5074673973699176,-0.020198585439940457
-2.6270417163576556,-0.32953696789246867,1.1060964814639729
0.9500774748762345,0.7905273733606832,-0.16178182888943776
-2.7303135392430957,-0.13204018560364253,-0.16688741670182067
-1.2883485971439046,0.6852610951056549,-0.34047810439938236
0.6028366969016791,-3.4139606943205987,-0.6223460982802349
1.802584970922817,1.0867776459808722,-0.18835593260841554
-0.7005370692114467,0.8077372777703179,-1.0742264811992153
0.2878297601144833,0.6644025709706929,-0.20139920435216108
-0.5395706262876996,0.7144094759260402,-0.3608187398358724
2.6462372132316565,1.4059270406960716,-1.0517194505339684
1.9693183125586466,0.741488134720127,1.6876566934131583
0.22495765142467206,0.7689978773780034,0.19144790172306175
-1.9362558983073865,0.19118551401780995,-1.1937720038690038
-1.9010089402947596,0.4127929070704334,-0.09600891298385111
1.0155695879147049,-0.49241569394005097,-2.0418706337945673
-5.479815878804628,-2.2471869925638566,-2.4459955738157255
-0.9758053402077039,0.5400276540222632,-0.1890176988507168
0.7434542899620022,0.7020653346065927,-1.0998033464310826
-0.2610032692600565,0.6647252385158169,0.06727070450857911
-0.5505031628643875,-2.7464860800140802,-0.660553138836155
2.1125904351900497,0.9939744988915943,-0.6746624041069101
0.5459256326923934,0.5472372794354647,-0.28372520086146163
-1.8323026266780977,0.10522571087751353,0.05677443542185936
-1.2529262308070055,0.7095207506462274,-1.385374270055751
-0.5942755688851649,0.7907814100535355,-1.3209245027140115
2.0500023689102287,0.5629887373247016,-1.6798973197638734
-1.7881224076842672,-0.14803733379087933,1.7610306135014688
-1.5945619929429875,-0.18590863850424655,0.8590187499287545
0.4422877329836246,0.7552887252484237,-0.7378571227013492
1.839691621037608,1.152491134438504,-0.006236376886521279
1.5137357008020125,1.1099183961574035,-0.7742604074637965
0.7737554688828656,1.250048694778338,-0.30928596619382764
-1.3090582340119457,-0.03138902012883485,1.2267519983838528
1.7796193198080432,1.2323686886972212,-0.03504285496628767
-0.3712486613393424,0.8955766968856882,-1.0664619384244916
-0.508932684062773,0.006679549134851136,1.5038399092253014
1.4083811721078965,-1.036223291659435,0.6644082895325607
-0.2902511017340904,0.6477009504686375,-1.0393598937006394
0.009149171190985596,0.5197244703188817,-0.6185661057407155
-0.6455865459657494,0.6710541545648336,-0.10534373184499188
1.0994059610603217,-0.4580263638137641,-1.7431252734465297
3.4180513291042036,-1.6718666848576005,-1.3738880017271287
2.3749085662900664,-2.3913972587035,-0.9094492257618922
0.7634105923343807,-2.9593268016590124,-1.097790692417078
-1.4870193386488966,0.6286346265196846,-0.7806327216494676
2.4531307170111196,-1.5089264015948352,-0.9479092142429733
-2.06348503232049,0.11920427654019507,-0.826647898865239
-0.027759290200203728,-0.7687656695828226,1.1427844089222197
0.5288365233009356,0.27226934629965177,1.1516475659556307
-2.1939604603905605,0.44967810614758996,-1.1624627762389241
-0.4943370552269851,0.6026655790952532,0.04556870749087234
0.4786730713077964,0.4820406650229656,-0.32680992656804203
-1.5172722545475312,-0.24655062394935812,1.5907582136654552
0.986152954919187,1.101897015340926,-0.6163957830385125
-0.7402181672709001,0.014334449754066433,1.3606230936248942
2.242150570891351,1.159721347081015,-0.4922592285160354
0.5242456108413331,0.6785606914193165,-0.7886849283049139
1.5104597161344469,0.7790976637789918,-0.006855215090841142
-0.4184269388944587,0.7567220989722426,-0.665613479298613
2.7025070346487423,-1.576341388815868,-1.425342945317967
-1.4920351368510483,0.8329348764253859,-0.7713112916093521
2.071934045538071,0.9579836080208172,0.08572499155269907
-2.0781208989310085,0.11973971197708116,0.6797164964657906
3.0066837326445937,0.4435614751918117,1.0268019417077057
-3.0656407275447846,-0.6410422403099497,0.5530275560689734
1.1801338154570382,-1.1919143984394356,0.17649514349532275
-1.311562902950631,0.4827801365612271,0.5008642708315666
0.38196847955834035,0.1306766512309036,-0.7909521450769168
0.6105916991600449,0.7048876428969685,-0.11610423643860127
-0.4458384377541029,0.5197920781316365,-0.335265427520502
3.115292065234219,-1.1862650595385267,0.19588103052282724
-2.5715563715292027,-0.18946650322958122,-0.8121183177708066
-0.35452213298555874,1.1131273490824614,-1.2783487993271379
-2.8215284094191104,-0.30532932955533393,-0.08308663544005532
2.348235223989213,-0.20557019054657427,-1.243364479313732
1.166285279091922,-0.6183978471672033,1.4081559704796012
-1.3472047514168732,0.8701666113264774,-0.6509305901078802
-0.14030824262234687,0.17865383701495693,-0.039375391722758835
-0.9999313439823155,-1.1276170781414883,1.5877501728159304
-1.456602115274844,0.5134534452571161,-0.33122103043074985
1.8339628041346567,0.8314286116497207,0.06439472552702748
-0.18815455297059575,-0.02065728264620746,0.41628392666437375
1.4344351977640115,0.8316168266469305,-0.7330656330986496
2.3180893132886093,0.8381640421666466,-0.3469183503878004
2.516688622399768,1.038893648176916,-0.6593524551353986
0.8435132778967673,-0.22622236742903917,1.5223737460523412
-2.9944964346254186,-2.517852946461212,-0.18187258956557248
-0.17707876891695956,0.2902956425555928,0.9273997720044539
0.7160884844315095,1.1284653522754036,-0.4680251432770158
1.5752149187493052,1.0727320923033254,0.5034317785763008
-3.191453048696337,-1.1202978882353622,-1.2974349396989313
0.14289953542432995,1.0155895197554363,-1.0728087626713165
-1.0484333434862378,0.4096851828132828,-0.2525149350091646
0.5250865574827911,0.6353681570964108,-0.20031816734036467
-0.44110225093605615,0.095421627388724,0.391155300346982
-0.6998514474474156,0.13203181406925205,1.623854928078563
-3.2392456999794805,-0.7425848733075131,0.6123546996543647
1.8046483382706175,1.2659994996290753,-1.127038865819125
0.4972850723392621,1.09630191371003,-1.0552515362862012
1.4391449609472684,1.1352255431212188,-0.7917735024355073
-1.7000642256235514,0.21806603055988283,0.3110200580943051
1.5599981567173218,-0.03722188564428355,0.18898512885215768
-0.18287906964226058,0.9181755277270297,-0.61775781126985
1.0938357024575236,-3.781191296132795,1.2438368287442576
-1.8165180236142535,-0.21985301094671755,1.9916682978062727
-0.23823221043791332,0.924691605021391,-0.8234286265759898
-0.14230256024971566,-2.057443434323775,1.268657645458582
-4.545338058794526,-1.9510161746702999,-0.4154340378190409
0.16016229420445224,-0.6698172327690401,-0.21117787065916227
1.1604162237779965,1.038521218008695,-0.5748311872919104
-2.6650091408213927,-0.031872631888876374,0.012984305062464887
1.9546504713357957,1.3996026027796986,-0.3082553107383091
0.6926825879642455,0.9670039549237796,0.5634016823627166
0.06463040983220146,0.3426660983800293,0.2197777632090745
-2.5936139595186805,-0.13309681832379758,-0.651979004532048
1.3755393124016424,0.981957908189858,0.4073670961799405
-0.006515107665957133,0.8584075444297837,-0.024549913431731803
1.2501532914332918,-0.8649760528913194,-1.7211952198734488
0.4592546876069257,0.3036691239842541,0.4479050909663737
2.6457413253015276,-2.6685507068113994,0.29220742394133664
-0.8457613957462915,0.3192352911951848,-0.4340891036011257
3.1930942293743745,-1.6401380069822533,-0.7141819003531555
1.1430434661625428,0.4854257227918835,0.31517347115530414
1.7911090772244904,1.0778044508269533,0.424422029025026
-1.35973210961023,0.013835065268778729,0.39216997653648195
-0.44993705762279135,-0.2612575325078503,0.5190243778954279
-0.33589305064380115,-0.08898842358452616,1.461362062989856
-2.621345482270005,-0.09630905439388462,0.3392235610514098
-1.044360769866799,0.8950709044188873,-0.38558141685852887
-1.322806123646418,0.6165201808183215,-0.7647647913747821
-3.8164666885725556,-1.2691340236121,0.5398562995212327
-4.625003467719277,-1.6900615375551726,-1.1496592194608937
1.3487955018418443,-3.223678807661926,-1.2947104888403294
0.2510543140857656,1.0596682379695532,-1.4339364634269613
2.225237673003162,-2.4421182124336687,-0.13467400028961526
0.22652340963731277,-0.038654855904175695,1.628561893819635
-2.135086288372615,0.21668411508138427,-0.20345883813780968
0.895510630380688,1.1688608546361892,-1.0130490787259492
-1.9885335268673783,-0.26255574264237547,0.6494563128147198
-1.5431230686260762,-0.13228750398184158,0.42799282383498793
0.8887132137769285,0.31004243776563795,1.7586507190800094
-2.4698104923463675,0.15100255745326222,-0.9797670155264392
-2.127914420712656,0.039107741731648174,-0.2958735812424653
0.478311585586843,1.1287727819128806,-0.5667124877382067
-0.4753368730041375,0.28414734182368834,-0.15338689566118643
1.9784905812853446,0.8577345198802832,0.36070728321331075
1.172244790503888,0.12136139675150263,-0.5940923416430954
-1.9176408932622093,0.6519622326899752,-1.3431249670252532
-3.5923871292309633,-1.2260572471285718,-1.3936906090065613
-1.6623607802816116,0.2077450643498846,0.017946306880127924
2.1072458949006014,-2.1177811667338315,-1.5212096584193062
-0.18219837827075852,-1.0346435127463969,-1.6264897457140461
-1.2741460867348526,0.8211257189697033,-0.5461459788817465
1.457993458837956,1.3198095417613858,-0.9844043840854435
-0.8282792833752542,0.1211670578076626,-0.5130080355893153
-0.1314213631241843,0.5010524493554214,-0.2652993348383153
1.4913164395058207,0.5847082105457038,0.8893147292317021
2.0823541312077993,-1.2674588149973915,-0.8726281022594334
-2.026685842417297,-0.2360601875696473,1.6644244020138759
-0.41805594709042965,-1.9283540844145366,-1.3708768974950534
0.42354408969185975,0.9532238104868886,-0.775937894643176
-0.06046351074717567,0.16632832119918436,1.1916138126824463
1.8749619657729792,1.8210860815292964,-1.0007714143980788
-2.5585429072418333,-0.5240914023064486,-0.06417086744129366
2.6606414749580694,1.1777767632576506,-0.6213789575441427
-0.7773087375017871,0.5468905643820383,1.5075271713819325
-1.6829258347331915,0.1707342048646043,0.17142732294664856
-2.9620890629692878,-0.43404345043927456,-0.32077230574291943
-3.141699797024323,-0.4554888232849428,-0.21644039249238103
-1.1398092341604595,0.34545347161880985,-0.18399360442365398
-2.511533943196509,-0.3840895610485707,1.5732905621034805
1.383923760545635,0.30668964904710777,1.7550074223246999
-0.7044906921790179,0.747959512794466,-0.39193013301283763
0.31863751776025423,-0.183341650055794,1.02122119397945
2.0011058265523487,-1.5175957242227252,-2.4809199331344143
1.4917456818336805,-0.5302127198811128,-1.575538301991698
1.3379724401254511,-0.050529782986854316,1.7727706512387673
1.3426496335723235,1.1482424413920385,-1.2386998186730624
-1.4226589775457643,-0.9882394612281745,0.3922793276969359
1.3812729996802833,0.502170847523118,0.38841297771298633
-1.1158930849418218,0.86312672956335,-1.1495910558101832
-2.0069370482567988,0.2547345144227281,-0.7667006824184963
-0.0753926671045818,0.8486346856519682,-0.13656020976028982
-0.19906715200542485,0.8731308125906219,0.2049635924742264
-0.5701732594465991,0.745629476005664,-0.12807677201053885
0.9981309651909344,0.5792261838021397,0.6670819985706611
-0.026516993233799156,-0.2512815932124749,1.7676322178062258
1.015495783649314,-0.7255024633528017,1.2867791375573217
-1.2701236417323234,0.5668698684689862,-0.5045290311210838
0.07601558411779304,0.16483780535777318,0.8842687538718983
0.2798610897404047,-2.0077064555975404,-1.8839091177108687
2.6343914775632533,-1.1756606984717035,-0.454001724662447
-0.8590956739191452,0.19515444418468025,0.9276882317696807
2.340157066378264,-0.03062189214839595,-0.1460038185929509
-0.8296797350883268,-0.5175300574022619,-0.44140594217380497
-1.6778103648846605,0.6694570168969199,-1.2725108060114216
-1.9168109374838782,0.5592314709452441,-0.658973725829022
0.5840874878763752,1.6735118382667906,-0.8241731960051025
1.7296463479572022,0.794129982685499,0.6613130124960159
1.905084868870408,0.9606667898611267,-0.4353720219465405
1.435894477758393,0.9510543810591358,-0.2149343096324367
-2.612769555213321,-0.299006707624659,-0.47257665158614104
-1.7981588707290128,0.40126395133387116,-0.24537261727533266
0.4774697529024139,1.0778987601109893,-1.070074940998079
-0.2804921441332166,0.6165239112571946,-0.46294737264213465
0.6988840658127502,-0.8373838203127332,0.6480989107448328
-0.40241317289660317,-0.41385869349529797,-0.0017199839965953187
2.6840010739608733,1.0022460026773314,-0.6235704772854622
-1.839064552597143,0.6303809417998253,-0.6541908633382842
1.2390692509094372,0.870820964492615,-1.2023520166946955
1.7097290838382961,0.67381805960958,-0.16396776526873474
-1.7013367186282846,0.39237185006624814,-0.40829469784421285
1.1525102986859432,-1.6828756466771926,-0.6085551345040309
-0.06676314505720392,0.4840491201859366,-0.7919949373353115
0.3642116753814836,0.9362701393281165,-0.9371743649049833
-0.8530021164753423,0.7202719401666817,-0.5458093764880219
0.9635113725281986,1.0117425670432296,-0.40277323577291496
-5.164439092528927,-2.001607571229242,-2.288552222346935
0.9333345699446398,0.7218571612299304,-0.6871631918857335
-0.5628488573299142,0.28693997493579854,-0.21434324228928736
-0.3418209933622712,0.26659065876618643,0.7341075781806875
0.903540052460762,1.0792343626386314,-0.5156782890677225
2.3040293333771427,-1.5575398109101757,-0.5912235759650725
-0.25316990846897003,0.09600199681470925,0.8499323256155816
-0.18665454040961965,0.6071852990237798,0.8133737476900744
-2.0923545699248858,-0.07843341278491428,-0.6082365594013527
1.9553031730271653,0.27361003825442126,-0.1774193596107887
0.7636481224894911,-1.120622704796538,-1.487176822865343
0.3049128879783064,0.634622786384276,0.3349527953394326
1.851139093779896,1.0724049702985035,-0.08101599637156781
1.2005842344346864,0.8056606895174256,1.1413820492526818
-2.6422586259048577,-0.35366247287673325,-0.297422820150984
-2.8893595617882513,-1.0379855278478727,-0.21700350327081008
-3.1962521330476914,-0.633542369409011,-0.471019052363772
-1.1814112551592495,0.11607937970322624,0.8713039274564968
-0.5369796455489593,0.45046263896276223,0.4224360789691598
-0.7217325197147332,0.48990885229819625,-0.22276508133850637
1.5039740326142437,0.3499728432566458,0.7705269744157177
1.2817034430554042,-0.27793953475661337,1.5888676225080347
1.2778269802044235,-2.769344227923572,-1.5309441721946941
-0.2820937922378734,0.8099565382074122,0.22379502587402386
-2.3208924613925563,0.15377098896329508,-1.493273266718957
-2.6566884261670234,-0.9234106820417908,-0.15635713916157232
-2.255793124861917,-0.07579698947142674,-0.6200617623242365
-3.1089996364208097,-0.16629923145319706,-1.1915019630613506
0.6576306821174205,0.8116078406010135,-0.46664267222903305
-0.3470826261258643,0.2900880632395462,0.825912872199927
-2.8197909273627424,-0.3119735846388537,-0.08722448888674031
0.5523386263744391,0.8809746813652459,-0.36928685467320804
-0.03344442265229238,-1.1518651223817,-0.35775924178465845
-2.047919497608361,0.05808511832075054,-0.25707235189527167
1.0288068454097705,0.21776497132415884,-0.581046927862369
0.9932375773653116,0.030575665337111296,1.5905554928595764
2.40617722340833,-0.9906407961843824,-2.156417064312889
1.7384618443318196,0.5510707877002827,0.8692936620584738
-1.199597408919144,0.29077490028514136,0.29672221885582656
3.4404574618765524,-1.8223840151602928,-0.8457857833704131
1.1141141980026985,-3.2830343311450614,0.3616009487452185
-1.8327694097100167,0.12996774153874313,0.7246712163894659
0.9810895409139088,1.4515341764442626,-0.5388476355045142
-0.07811001435321162,0.4963016638187528,0.7585876702154203
-1.1771984309272068,0.6121455348877078,-0.5649649070029905
1.5153101859037235,-2.550640974687774,-0.830951327047349
0.8377389732591655,0.2795913564059898,0.3627722646466572
1.398500549482318,-3.0747875729064678,-1.0318475834927288
-1.268395283358245,0.3907679160906332,0.16738732665139205
1.3886661302421606,0.7615734564146186,-0.3213136766308675
-0.5390848126524543,0.31558778616367167,0.3549499630866554
1.2222105386046833,-3.148958801479538,-0.9815809041633088
1.151494613153749,-3.286567975288792,-0.05662794634214707
0.0994418726045652,0.8181489597963064,-0.8536175466360881
-2.852089896806904,0.10014744008195098,-1.2345214378047613
-2.407016369948826,0.10157644102391396,-0.04486550906883203
-1.28354069911192,-0.027943578054112687,1.6798969581177008
-1.4306021565210087,0.1923245867282606,0.8529476704013715
0.9638713608538104,0.6438602810912913,-0.9560026692327377
-2.9463993077050943,-0.08538735367654053,-1.1679531630146165
-0.2458190658758021,0.9156103914790843,0.5217943287212647
-1.8227887610768192,-0.14887320448123217,0.6250393267652251
-1.270069944319383,-0.46444684996603425,-0.3437823511336633
1.7034380174974237,0.45315914815659564,-1.0763830825116762
0.41484730648208645,0.1844549484772182,0.009890075595998995
-2.125397892088975,0.24519889858146687,-0.2857759324225884
0.9796812075267832,0.7178718875899711,0.12661378292133074
-1.4447039496216656,0.367283160031024,0.25428794265770277
1.9913253441304009,-0.8458477936337448,1.5402890228761086
0.15008826470898975,0.21893953552924267,1.483721642923691
0.11181996522979558,0.3184031218152795,1.2136610658984233
-1.5504045695514592,0.3325485516749678,-0.2254349382730494
0.905375738947269,1.0806172028170342,-0.6485502904869348
-1.0526543353570412,0.7114981767898161,-0.9411494762627275
-0.31174233784949423,0.5752900568356063,-0.16095584631430976
0.03650688384795202,0.4789559329811857,0.42543313241288594
-0.3881727145632583,0.870702051097452,-1.5118213632996635
-0.31804521634302035,0.2568611889584214,1.2916497372416444
1.149785972239614,0.433612702431663,0.9278397564596548
-1.2441198151752881,0.655162044009264,-0.7360941619308136
-2.9248870314075845,-0.4165864799204001,0.09787011807721463
-2.049081120626139,-0.2357713597027544,-1.0119886713744572
0.6638392725804035,0.7908973227285132,-0.022670363558854177
1.4056227151952583,0.6760490870022183,0.863688814010507
-0.21846895747904743,0.8498112644450972,-0.9534496111677693
-1.33656700476638,0.685550650401511,-0.6644935382724039
-3.1881699869690685,-0.7966816275882482,-0.5817925392175826
-1.767558366091037,0.2149647099501568,0.8724355659374304
0.3473051340452391,-0.7424893648130354,-0.019322955166319676
-0.29699025634444004,0.5470257814680611,-0.8710143505551005
1.3138113371540079,0.26102550171100397,1.6922820786940191
-0.47357495396509,-0.9183070780627509,0.6989938072749274
-1.2802307777703974,-0.2300345751965504,0.4204284056070153
0.7361074237852194,0.6720793412685718,-0.4544032912640407
-1.8439057878410932,-0.12760912490716486,0.12388101788770578
2.8774473970451115,-0.9542000853515378,-0.9402217160670796
0.5449239118098778,-0.9477690818052564,-1.3252407042448149
2.2187634432265644,1.033378160408694,-0.9032763216652958
0.30387451223996786,-1.6848004121029303,-1.137528157118785
1.148667002070962,0.6048122897024497,0.24334916378006013
1.337794916774352,-0.784064614393867,0.20560621272256846
-2.2966289879746595,0.1357472089979632,-0.27951889934964136
-0.5558875474412096,0.4969548449136763,0.45379405865766836
1.7045252831740234,0.9222988864539475,-0.5182772621838897
-2.9771650597240966,-0.49851053475282314,-1.5959401674217994
-2.628574280004086,-0.12934276749921955,0.4112673662906369
1.3295759741574353,0.6849160371097793,-0.5133211285529504
-0.5914870606459245,0.31278318881291267,1.5541174744681752
2.310391953725453,-1.5135913106288936,1.294012764625012
1.648930438761127,0.9601585299224942,-0.45665252424220365
1.3231174803416534,0.8215837843119611,-0.5274390093639212
1.584805114887679,-1.184653662574153,-1.7516415061343795
-0.3251675628678515,0.7783557594735224,-0.10143323278857627
1.894118777305074,0.5683001515214587,0.5847074876195456
-1.5380928020794278,0.17583758132186658,0.36718447996663806
2.1945977931677336,-2.1247696875100037,0.40770316188675443
2.7810517819055214,0.6773664151510721,0.6704514687448483
0.9096399666941947,-0.9636664386859373,1.355017010670278
-0.44172723124181457,1.0766384673900125,-1.1769152253063997
-0.9108131165382779,0.9856487398313386,-0.8063905833523666
1.5477288302041432,0.7117551262515085,-0.6572611758373796
-0.5460546258037422,0.5101727512161407,-0.8573198065066976
-2.643178149064769,0.12441575544057848,-0.9072299789649231
1.509627853934109,1.1901732478443026,-0.6206553433045909
1.2562961794925718,0.6673371809453981,0.9384940585930934
1.7383999963682293,1.3603182204366502,-0.6995063567215561
1.2437278809521612,1.1598589258992702,-0.6859216312462175
1.9985472330086742,-0.8937399197072875,0.3552700245999809
-0.4779720312323277,0.9544957645616281,-0.9373118708920178
2.3283300267625764,-1.8764983835402116,-1.9839416926301034
-0.42094396167782444,0.68941452663026,0.015101446940605782
1.7289122477300247,-2.2458458119374645,1.0528638780700201
0.6415986824215386,0.7876546876885401,-0.2340198748460669
1.6267903990483559,0.729592120464265,-0.8583357660648957
0.6659714856471937,-1.9181346165551283,0.04911776096561557
-2.894529984407965,-0.5319447716394904,0.547793095595837
0.7708016974719596,1.0612758788024954,-0.20379421871895775
-1.1236061486162132,0.09326391448094724,1.0773909029676594
-1.4544915395299203,0.1194137378208485,0.3707429423943306
0.6735546506722653,1.4270477495740477,-0.8477836210667743
0.7414640781591814,-1.297175728909748,-1.1005932798439026
-0.9147822535123619,0.8056455044172824,-0.7028964180296771
-1.9681623843800458,0.1408902484328096,0.45933155953489263
1.8272935252174796,-3.039507316279469,0.8634180690662803
-0.07323967027474433,-3.0218812422484613,0.830620924349997
0.41308636763128614,-0.5463907008454811,-1.434768331190221
-0.1469843408309327,-0.5161809296416743,-1.3325621262421437
1.012334691538124,-1.669546060196584,0.022167184082301762
1.4904414144215465,1.232885677117746,-0.7056624561733258
2.0452371152217306,0.7326645732046797,0.4108351284544149
1.1838047254810702,1.0786672193391498,-0.8679897259352893
2.1790752804434814,1.3512732872147681,-0.7728867606512323
0.26536238201258194,0.49210230213574885,0.007061403808954823
-1.6268149745145812,0.5081923857009552,-1.7641480599379835
1.583229674529195,0.5645060683674216,0.8116262330218684
2.265811754483431,-0.04046661708359084,1.80690771753925
0.3042735978639131,0.5713513925376512,-0.29167248447815797
0.01559280659173717,0.05242429566489036,1.291151410350038
-3.0409440247407997,-0.37540833919566347,-0.35403293661257046
1.7801298970653328,0.1920807426856882,0.1706788536494924
0.7480547685110432,0.419033716198819,0.8381697029463208
1.0600299610576132,-0.692836391922444,-0.7179313351845578
0.2047072237636805,0.41046570724527975,-0.16560382477242377
-1.8561019759515291,-2.1243522199936424,-0.7859903753208336
0.5726616502449715,0.6885281849517226,-0.4741114535478474
1.7221365617479423,-2.8748437558878037,0.9298898438689179
0.6993829467110613,0.579344761491373,-0.1690042851038765
-4.3028625382204915,-1.2316271311499032,-1.7469130433018207
0.34655958011170773,-0.1422451214974222,2.7894280980643837
2.605521813219751,-1.7582004664875357,-1.5349614855374791
-0.12495522832830429,0.07686526955474447,1.16405054326749
1.3742701042573073,1.1215373715843164,-0.9217565933095696
0.15828868887819178,1.3967975550257705,-0.7031437631263792
-0.8993646909981293,0.13913447960741918,1.2956832538327512
0.25915005226714555,-1.7103357792667233,-1.159984676790928
1.884966268057621,1.2727494943289375,-0.5124526420734263
2.260226832391427,1.0354877950795174,-0.6752828513126776
-0.29348324584928065,0.5926465086391305,0.3219864079563808
-1.0936344463456054,0.5908859558981623,-0.592963506027111
-2.2770125027679993,0.5194764020799733,-1.1813122646163385
-0.6882498506451009,0.9442741143730553,-0.49946735763581834
-3.9225988231451407,-1.2847605050426476,-0.0009745835781258439
0.040052944821190206,-3.2769999215663095,1.2490300047451262
0.5827133707066773,-0.02153725441607789,2.8739786780560177
-0.7295766075152144,0.6858849107473519,-0.18941319520283512
-1.7765597953284689,0.3788187577439042,-0.43348998786656573
-0.6191951190609477,0.9626170131637789,-0.4785608168368268
0.30109140479939894,0.0900765734367126,1.1252150336323647
0.042851889061700066,0.2266397669236164,0.4983050389101928
0.09725508277615504,0.4472140909858603,1.3581639244902497
2.595664896955713,-1.1005278194557973,0.08881999907053342
1.011944829590204,0.9040199893787254,-0.02722301842151966
-1.9848605345850316,-0.13619379653731098,-0.13772840714236487
2.279680611440413,0.8877092717616727,0.6903494505355848
0.06747183651395822,0.21947196517781437,1.5249185596504697
0.8981090097067138,0.6990128988852851,-0.337417112698357
-0.2624054006796154,0.013804039914360688,-0.3845688471490852
2.955624626701691,-1.9468524719938862,-0.9582985217819548
0.023628133717743006,0.5697302821062358,0.6202295369718488
1.4032068306186047,0.7570750973634327,0.06881801154162492
0.5053834808983578,0.710425608129227,-0.07080846904849114
-1.6764257091919899,0.49522593984221214,-1.3805290705930986
1.9498967112014527,-2.9693831256314023,0.5249735599046629
2.1821675132762617,-1.352607685599189,-1.2978355111971172
1.4190257682310157,1.0179749864171066,0.03593683613521739
-2.0150021912580636,-1.5788038959971766,0.9126944941975498
0.49454998019711643,0.20007329806345334,2.792072636539613
1.8273901475561416,0.20771457643827293,-0.36213552433557505
-0.6895542542048118,-0.4506832577871314,0.41868889673856396
0.2985346459904391,0.3871507830138527,-0.38693391815825207
2.3045859206257555,-2.5656960050780953,-1.0290092779936393
1.0947662165431746,0.3474347159391102,0.237845592589251
-1.0925059856181978,0.24729695133907714,0.8390003733428572
1.0602386361465197,-2.4192573412720852,-1.2742463483705444
-0.11401787744945331,0.647447679426395,-1.1043703249059003
-0.26098037085353015,0.7000666134838116,0.03520235675686087
1.492848612396605,0.3579410251405893,0.19052891660749088
2.533347124549065,-2.930035645207135,1.051246406052626
0.6426287720712618,0.6123812149193859,1.5551759509734284
0.12345318796824101,-0.3455593828949358,1.9432180390858602
1.2602370744430056,0.6700319384769828,0.09462897251256999
1.3935395545055853,0.48864385779254577,0.34685654276119043
1.0693147354830868,0.7053180040545861,0.7428501059268398
1.5536557357660568,0.8673224721302939,0.3628183371771841
-0.1030076342935113,0.1679489742879868,0.35862442849941745
-2.0004452188426316,0.11439541870343024,0.020142557623655803
2.2570348375767333,-0.4509615034506442,-0.9156199814687767
-0.10727195727116516,1.2337539881143722,-1.1313548099557382
-2.6873519944001223,-0.22779675396796825,-0.5421386097490787
-0.9937666917150284,0.6944686974530155,-0.05908026508035544
1.7693219668905558,0.5007306259742341,-0.19143398963816177
-1.8975831299728447,0.3368603556107464,-0.12971782100363644
-0.5620375730752896,0.8673476934402884,-0.20322428282317445
-3.2438960779721526,-0.2665845111013808,-1.487937994805901
1.5564998079441315,1.403792041733849,-1.245675914968372
1.168594762624142,0.9586945673801651,-0.62988122763727
-0.018169368203544915,-0.03469553664401889,1.695043350468196
0.7991931157906594,0.7802081400152223,0.3653220155817956
0.9910755486564458,0.8212965695366867,0.1682977685713515
1.6513168650549224,0.6864839026243301,0.21808124879773425
0.12104458529600441,0.7830069905836101,-0.9070373653790637
-1.7660185287220518,-0.27250785326850957,0.845942029700178
-1.979239637555127,0.033775056812538035,-0.2881572473786339
-0.6904359243482594,0.6654361395031448,-1.1692537574336785
1.4157258285170151,0.15397562921589295,-0.8505000478561021
-2.421892328955246,0.14722945220671732,-1.3383805392233996
0.006540413445279568,0.9684899049858251,-0.8054293914049778
0.5995258342973177,1.1113935822475574,-0.21277761185766314
0.7041785789105862,1.2278796385052997,-0.972634640620313
-1.253041024576611,0.11912235890263906,0.07624851335293649
-1.9504261382254608,0.35678451620946394,-1.0960456069926863
2.618886814184682,1.0206618562538197,0.597499606506666
1.7840577160439937,0.3207817014766789,-0.13256236786324432
0.7330870139479133,0.9711905415402955,-0.5897819962488899
-1.0297704352838775,0.3955310847877617,-0.3106216596743012
-2.121073941594581,-0.23490003243144209,1.7737650857704057
2.0124017391938533,0.7310946702723957,0.8213746567836532
1.0489405708039994,0.754859377695544,-0.35536085963889713
0.279205356714822,0.721354439230169,-0.24679517089029007
0.5107875168656959,0.8828169145065015,-0.6521134261963368
0.6474491407353926,-2.8045082369144736,0.8593376171240356
-1.6099916937034047,0.061998891581895775,0.9720477480282604
-1.419297006147406,0.5372340808194571,-0.6527841252973077
-0.7324888189517174,0.11701604908377504,1.4805034461074555
1.1293701105628695,0.24641270177349286,0.02679945486623552
-0.18773670229105566,0.27800612655062357,1.5576909325858899
-1.3196822463697293,0.7874524611297724,-0.7347644327669207
0.7611957533975449,-0.4188920082025271,0.5535901948855038
-1.8441092315088374,0.45897017649103355,-0.5521829938678693
-0.8382087764049104,0.4220760588495192,0.8857395792847088
-1.6835261075974026,0.32664033927155,-0.48882457602288504
-3.7664904287646297,-1.0239884984998096,-1.3588229189487897
-2.3302518376563377,0.5439718036752783,-1.4155675496697424
2.8772275090825614,-1.6601303472176743,-0.27295040733872766
3.1049287404981767,-0.9467515541194558,-0.5441593829477716
-1.9146364589256333,-0.4079783216676115,2.0364500524730897
0.6258992669878076,0.8318339019737259,-0.19163769000575542
0.4411557167745179,1.2837421850431332,0.4816367629749535
0.7419347072807834,-0.2300509999007101,1.6539846809610586
-1.2845378173105182,0.3197413970973401,0.32579095352719956
-2.5368222089600425,-0.1766730637600413,0.31267223341495964
2.50385183357835,-0.29290995300494876,-0.8291898068515755
0.9998492453188955,0.6732970764635592,-0.3340132271543101
1.8059971426313597,0.6532549361290483,0.299872550826272
1.2025401261005304,-0.2698976088366314,2.660573642442818
-4.974481268371805,-1.739266223863198,-2.4599431550158766
-3.9676877247564835,-0.9277783696194678,-1.7576828845019261
0.7186276428924,0.34167084745549997,0.38673725650367496
0.38174091197974536,-0.5798567184872434,-0.13391904821652983
0.11834609754727904,0.32754416740959247,-0.11585650864461167
0.5095990572710267,1.134842371822996,-0.8371469526142181
-0.7081911849682511,0.20116952309186936,-0.28787585638922514
-1.8947466727357545,-0.452694602093723,1.9711550986138586
1.3383964310284708,0.6468185276830123,0.07124683244872648
0.04190610386664015,1.1207193282662924,-1.7546171881420043
0.06708034986288541,0.9783490789636234,-1.2500341395809391
0.3210562845455857,0.717717639032796,-1.1279397898141943
0.7719645393231426,0.7793497574932698,-0.7614476302487178
-3.304405356365678,-0.649379592169072,-0.2659727044300371
-4.422794052464556,-1.5846082709987515,-0.7279194475902442
1.0083566821598533,1.060625841633393,-0.06492005031527998
-3.298090602049236,-0.23314241848776693,-1.7247021483113905
-2.7605230759286634,-0.5174104582578173,0.0643304927602108
-0.6005898451798419,0.8582126596001546,-1.2626738522987648
0.6903232169631541,0.49092239314719066,0.580919331115605
0.2055387613566244,0.9381370737207733,-0.9414963814273416
0.9401016612324714,0.6859068090229526,-0.8238845735754443
-0.08658458759876596,0.874644756606813,-0.5766937570233791
-2.817091636173803,0.010207111837738604,-0.8346569546294309
0.7562398642606349,-3.260936051487805,-0.7686779368865411
0.2299647469036647,0.18397222045856515,-0.35734579472687045
-1.8909442201601732,0.4659312699549793,-0.20277262356920822
2.737944195517796,-1.8880223549115243,-0.49656183578324314
1.2684988186796462,0.6402787939795724,-0.5955531590482606
1.3101880821824685,0.6943178021407312,-0.17219517200253692
2.1041213090936863,0.887675999125809,-0.758616160674375
0.5144689977750985,0.2560988615042409,1.9376514822013986
1.4196074631107,0.9616537383897333,-1.2888948824620874
0.948848619387729,1.1265706889184313,-0.9052424618217051
-1.498576327781299,0.14308935408331733,0.6426365858799691
0.4237291119652459,-0.17565164704772585,1.5297535406514264
2.3225270392859163,-1.0586049901883399,1.4928463938604577
-1.2201380740840833,0.44678265474002404,-0.24722987479795872
0.3020622743695143,0.8438672788972847,-1.055197211279145
1.7532115858128792,1.1701680588020782,-0.649084728342429
3.0546225550644497,-2.1299917335881187,-1.0947605299804066
0.16246332506348543,-1.5557824776111542,-0.7977180040991763
-1.6035896054473442,-0.02266960956658677,0.19497047742746781
-1.6830338336373762,0.7518567129836043,-1.2341527582450451
2.3958449539550806,0.7899411651917748,0.9261020969167205
1.2207484161649784,0.7258862106226047,0.45034789484824667
1.9849846952639019,-0.1606442098772186,-0.8142470924081167
1.747435059240007,1.051758024708142,0.11083138462231767
1.4867858624556887,0.7390764098836691,0.28186973882624555
-2.0746984783905287,0.11805454967618456,0.6612626266217523
0.9153482925295707,0.8274567622099676,-0.6017335819479316
-0.4496334502975001,0.855222388309279,-1.7828743884374953
2.6797652554650986,-2.577858952291371,-0.8045545660207374
-3.2243788891943312,-0.9092715665450658,0.46518475941238324
1.7488274241653867,1.040133586393994,-0.5847442150673772
-2.819675455275427,-0.39504921353918676,0.5923727386577834
-1.039206211932158,0.5437738491198949,-1.0327404375401799
-0.5430212011137957,0.9207166000332422,-1.0499761426628071
-0.5581579712069457,0.1877943799554051,1.186958071050447
0.7013161860339604,-1.9785855463257047,-2.3278480848732883
2.366297262375797,0.8229711678904789,-0.1501399110107539
-2.023122444840287,0.35326806072913225,-0.4575295325415592
1.4070280270806368,1.1267159563161147,-0.5253584414905028
1.9863878831000552,0.8701469576908666,-0.37472873895681635
-2.41942182676422,-0.1043660103145032,0.7365136799308533
-0.9487134582493332,0.7149376675933191,-1.1104057832030791
-0.3803259487672873,0.39646364678498247,-0.159237461388407
-1.079971281991251,0.23604745145032283,1.381204275355138
-0.3754207707144631,0.3404026015490583,1.1451335998999466
1.8523148331010257,0.6647240059263901,0.03634009110572179
-2.5659871262721627,0.3280875545132978,-1.5418314032424791
1.9573628726479397,1.091014859933634,-0.8583009180632382
1.3407225843665485,-2.930602885234739,-1.2654373178304343
-0.4845939868501643,0.7746562560332835,-1.3771203748813354
-1.886310104492282,-0.33009083237648695,1.8934511563016947
1.8426351383302626,0.23414197189837735,2.1262122399106906
0.240144827697285,0.7364015665993965,0.08455407081362448
1.0214804375039084,0.9725338660886077,-0.024427535076997374
0.990799170518549,0.646237607531174,0.1644861934960942
0.25034174676672566,-1.794405756552553,1.308496262148605
2.0201741631215007,-2.684450009428541,0.08004926226349764
2.438332303846343,0.8922301698718835,-0.7866532341665005
0.023695082798340324,0.6187278116801209,-0.23128699355626303
0.8616353543280821,-0.05450672952893207,0.6176467431418801
-1.0059378005532498,0.47225823428186703,-0.6394275501687368
0.555466234257993,-2.5145552483034677,-0.5570153586387054
-0.8461208889804956,0.4432213142111637,0.2252861848004302
1.4201622615737497,0.9580665268672592,-0.6032155591387439
-2.0043165095910904,0.13225516986705646,0.7604907654526735
-0.9599041493939703,0.6129437288575452,0.3398092085426059
-0.5333560599541158,-0.1342856357606022,1.811814175292472
1.9217601029563776,-2.431419960091584,-1.0981061422328682
4.2261324147951305,-1.772209335442397,-0.6327319257736173
0.9188273863924266,-2.4234478823621664,-0.8032719861650638
-2.0112725797386246,0.3047289708506383,0.12236686652139994
-0.5081071309242274,0.31418736080466647,1.4681321570997612
-1.3031055346625289,0.08732466733333234,-0.2543575407885746
0.5351545211341808,-2.7326758078582665,-0.8556091720092894
3.2313723397915295,-2.319071626793747,0.21824596090499904
-1.779999609994223,0.20186376209538026,0.9568929315167151
-3.357877763949571,-0.6138121740771911,-0.508872293534392
-2.401490782602416,-0.16084031800295642,-0.8672240570880949
1.8367824305358413,1.1990328995561579,-0.3831272376061201
0.7643203387327352,0.7855739933594349,-0.7304353280520557
2.086866424108434,-0.9325608241309928,-1.0491578585926202
0.9634185656019617,-3.2464336423044142,0.8760164643642456
2.732346788334382,-2.4787536883800816,-1.1546634381184453
-1.192789438677586,-0.10214696716511973,1.0935034121365383
-1.5590709235132751,-0.660292200520085,2.649147875845549
-0.4163418680987495,-0.31140664796403444,2.819447785782388
-0.9938216122103712,0.45432825022219286,0.6811106416422416
1.3401189939977602,0.866827737291443,0.7122020497705883
-0.39087270794072343,-1.6826307588588134,-0.19755139072818304
1.2638667258269989,0.38481970696918505,0.6513504117827397
-0.5525400908577486,0.9552000787388522,-0.9432484198514262
-0.5280742437998317,0.8901670264256075,-1.074541929405753
-0.7860061820478701,0.3650116016200899,0.17253577592348696
-1.9209288111120466,0.19649210698939976,0.7385916142534431
-0.24052108456093713,-0.08690437678107729,1.4659822344210092
-0.5750956867081075,0.34264830347895775,0.6230182486529076
0.6316779088914434,0.49671031629417417,1.0741261460428406
-3.3388733867531366,-0.8428611753681995,0.7616117025774959
-3.397342586474835,-0.9286491512316719,-0.20504015421231955
1.522056876429638,-1.6686962669648224,-1.9777710040546614
-1.1104246676706355,0.8674633227842099,-1.1854286598510062
-1.4729752881847666,-0.58808529285424,2.604240841150572
-0.15542054552208182,0.03479379894480679,0.09921495807053349
1.3002167635680377,1.1503675487791403,-0.9299056569130257
-2.6540326513880284,0.19338008513833646,-0.7775029112406349
0.6536639610200515,0.9042644385576784,-1.2761236806623564
0.44784151419296514,0.09091297492630518,1.3404309310564504
1.2780659732699944,0.17487397961147128,1.281055914678316
0.008293494648003202,0.12938611878919581,1.4634902808348662
-2.664552621673318,-0.6587187701647012,-0.00993326376607784
-0.6934749209553899,0.6666023041323638,0.09380333130396257
0.9220930537524631,0.49998270528759625,0.10539431047230381
1.123364487006678,-3.297800319005377,0.07851237333187935
-0.8807133964407894,0.2505014450127429,-1.0691245773835012
0.7064862015038779,0.15749550143257082,1.7870544114486921
-0.2717050003949601,1.1307650502129365,-1.1274722862205935
2.6818219327709767,-1.7094505240966327,1.384036018014593
2.941060463489704,-1.3329825493613823,-0.750025651836482
1.736268604245325,1.006265563700936,-0.45462870413079687
-0.977563701369806,-0.8284365892840947,-0.8469063002839154
0.8918071283096272,0.504152762760972,1.6507331134711862
-0.7986346960771367,0.6755807205999694,-0.2998896326316759
3.2605687891856574,-2.121322197089742,-0.17241048168545436
-0.3198943026835043,0.7560021070114082,-0.7995434684980475
-1.0643841796936,-1.3098769602498241,-0.3516025644386441
0.5239550520641655,0.8358956349129818,-0.763526520670132
-1.2678616717322277,-0.5409293770071731,0.17250821544980843
0.657624285066051,0.7208525336073353,0.20745237665446387
0.7203362425120392,1.2714147673359986,-1.2271927814170238
1.5725492880274852,1.0179741858825428,-0.3659364684523974
1.2134271385490574,0.055844744287630685,-0.5868762784307485
-0.778377735672901,0.10967681443064,1.7844941601496593
-1.5717351603861969,0.47447341187239617,-0.7520508607774911
1.8557272605375326,0.7952772395479089,0.5775953198050833
1.3747298687231126,-2.8187550189770016,-1.5650035265275906
-2.2306532771722942,-3.6081769179979064,0.28495464186722586
0.5616807882991455,0.757429770652683,0.16331570213605237
-1.1645867376265417,-0.5110167296386301,2.826055666669381
1.507416537382336,0.6626853388730924,0.03832889937005309
1.3405211132212298,0.5353176464678101,0.34887008738509323
2.844954987603848,-1.8747936287635554,-1.0022275570948325
-0.28657870641565336,0.10578487126593553,1.6850461754345045
-0.5041142111828668,-0.8564430029573082,0.5543475380345672
-2.305727998897635,-0.4240491837288573,-0.912451195888123
0.17270298239989504,0.6250323443306532,0.055966660242584294
1.1228438019518967,1.1291188857017567,-0.2698533836359854
2.853457656378952,-2.152375719032628,-0.7814436339373952
-1.3943721113094163,0.7083661156237897,-0.8705805137835656
-1.7128924156627652,-2.2851078835773713,-0.46608219713654564
-1.6272097695932886,-0.00043515730613330575,1.128965079051794
1.3658371424769487,1.1333559247591156,-0.32896660061368277
-0.09026984669461251,0.45273830432180856,0.061035047245512876
-1.0964459794594696,0.7637999200591147,-1.2556767104012885
2.4458127272812056,-0.5349522894682379,-1.0497447799519368
1.823735992331231,1.1097861808188163,-0.5708027728872457
1.0383033951220362,0.6357990470832364,0.5388229035579425
0.6991063546821374,0.41880267430207796,1.8790271137134644
0.5653107149275576,0.4071026384582542,-1.4377028885261562
-3.06196933106359,-0.6328365001301702,-0.16334629729476777
2.1504363335000365,0.9196582818573131,0.23487747611341162
0.4690451940421046,-3.2397663663728524,-0.1523712901008561
-0.5014262921017033,0.10451999101575554,2.746674490672605
-1.603771625450756,-0.18087817990832172,0.8618690982957721
0.8335484214988754,0.5810955061097823,1.3501566244154892
3.0164247251935747,-0.8161012581152624,-1.048912154593274
1.494481239528243,0.933139349439724,0.6696913330494626
-4.496113784508703,-1.8061398212350974,-0.8336662311417055
1.399624842145319,0.9472541311917094,0.2028945353664568
1.1941609753863471,1.402055142080166,-0.1232034505327467
-0.8501635292935615,0.5100543893035883,-0.40897472460977113
1.9830716636806576,1.4677388166298746,-1.2227033244717798
-1.962305232598413,-0.5420008806414266,2.528516303831715
0.6127483165342411,0.9201608891221176,-0.16485872721258749
-0.6513159632779792,0.3850339519036319,0.028870820623388478
-0.9328712713326374,-0.024580973179678365,0.8693398463842624
-0.7047318756985129,0.26358264774045287,1.0105938056528903
-1.1505900884852198,0.6305594235024953,-0.13171254991801337
0.3040503019278818,-3.2786970012688936,-2.3952014461073303
1.2578563711538029,1.1867609670400017,-0.6629911864201685
1.1991451627570997,0.3125374155000642,1.79221583369
-1.408871865407034,0.5940331041112141,-0.07743016461258817
1.9189459576829908,-3.3208755494721047,2.294409393676097
0.24031143218454132,0.013683896962084913,1.5007878818907125
2.226327754036309,-2.1146007637058917,-0.7926719167037294
-0.805704601833935,0.3784103334333252,1.1379837743219037
-0.505768039593341,0.42087532462288624,-1.1927657859288916
-1.2838367003225333,0.054600719476653375,1.0018335894728942
-0.24564476745768232,0.4791075288092782,-0.019302519864703098
1.0116807719577894,0.23841191443199786,3.3167682923716577
-0.46845823911419354,-1.4015553054091132,0.36361109707543765
-1.1189396640961808,-2.4940425542853264,-1.4965471389843017
-0.979796967567108,-0.06491882346291492,1.2620192999851214
1.3616483377460507,0.6713780224498285,0.6227313877680061
1.9336026230834238,-2.215165491860244,-0.7813726983386416
1.115036909660951,0.25979009755473054,1.9935580625336247
1.9461174588391221,1.0632122603283716,-0.7589653177049792
-3.55897198237569,-0.5112783801533834,-1.6479377777742195
2.603710449661429,0.2763924191543429,1.589964210000363
-0.20809970468291417,0.7256054563001317,0.4313007322727596
-1.4835300649753382,-0.3284298134578729,1.9906702598882273
-3.3624793226920606,-0.42265060696657675,-1.177625807412551
1.8952254154737915,-2.027248283315205,-0.8078805953673331
0.845627116275352,0.4354565522532566,1.9341317386042267
-1.0011634482938618,-0.537214069597448,2.8592597680934113
-1.5790902043890422,0.6836468122963948,-0.7334787142916357
1.2075026450054935,-0.9963674966138938,-0.6232790388076345
0.7371744796813493,0.4914311762003964,-0.4620481732621137
-1.3642242257404749,0.3134300311135137,0.27374384342990654
1.0584724016207594,-2.957123087356921,0.1559420593194734
2.484024983936822,-0.6034630044614648,1.9127968709654053
0.9833968534733768,1.242610546952947,-0.5242248581485024
0.49253603746619035,0.297527994032262,1.5462803856190954
1.515856365915522,1.091223869641166,-0.20312455281188246
-1.1928061242687913,0.6249991078052469,-0.48547771528043543
-0.35034890682968706,0.09928594296984675,1.5402659928645548
1.5854564805609184,0.4861252529343439,0.9149513797824815
0.5932829154965457,0.5844721127760693,0.7089755968389159
-1.205202457401896,0.5885143537616628,-0.38015273749991074
-0.33580287789725194,0.7679701276463357,-0.7174998452759638
2.739543671899139,-0.3839953288517258,-1.2741650212108222
-1.0276144464535006,0.3158861594658913,0.9211301562616442
-3.306530519397243,-0.9523748220220559,1.194662232199239
1.3279537483040182,-3.511538390923498,2.1684704612706676
-2.155884559000874,0.05455968525292161,-0.06424931211182697
-1.8433523246482846,-0.028206824994344334,0.113155580863158
-2.4275575131355294,-0.22608422774912756,0.8116611907434889
0.09925297023405848,0.0013735579565502382,2.664569364616842
1.6775291459815225,1.3052847228444489,-0.09068351085795695
2.127890580467531,-1.5497482001710516,-0.3836970633799315
2.214037905205052,1.0746707221534313,-0.25022712087859933
0.6515378630780917,0.14924773766001354,0.9498444954493354
-3.3076981247180375,-1.5866009402920598,0.5003640043986369
-0.33365629946604036,0.34396215103475114,1.386391967139946
-0.5599187268873808,0.48249044665860774,-0.19713514831817514
-0.8863313418694926,0.794208442216265,-0.2534255884900507
-0.40614655587043436,0.39261405868823557,-0.050056891157555
0.22335072955279883,0.8075138569925876,-0.392614982439056
1.4309856200977957,-1.2540409421892649,-0.01215957342242974
1.84835708659981,1.0159023189124037,-0.5680060578868151
1.6848139598104788,0.45085514912825075,0.9476250634049037
1.0620737752092146,0.3995706311502494,1.0171035567522706
2.484283957932991,-0.5371837890180077,-1.1367183612216605
2.7234348960537043,0.93943449678712,-0.01300388386284575
-0.43686494582388624,0.1011346587662359,-0.329845270571224
2.550595057672113,-1.5690307892308135,-1.3694102969083222
-1.5484361433204594,0.15975303879078176,1.1296216633693128
-0.5818831035552601,0.41784513002798596,-0.010515648852683693
2.608057866606443,-2.0649725532466916,-0.8320109278865635
-1.2394813536824325,0.7522293989748551,-1.4560830071678685
1.9261465753304357,0.9714189120784393,0.010972551222826043
1.2218819898523094,1.2154873000547006,-1.080594435368016
0.11469239969061219,-0.1806150803572889,-0.34118933557264
-4.691317832343943,-1.8852372606426941,-0.5862217169650802
2.30251327095637,1.5134191867037439,-0.5527464026145289
1.8266170646127275,0.23660591473721299,1.639252150265267
0.892430185642096,1.0307579963420852,-0.5279342867566884
-0.1734453134065746,-1.875580249203657,1.2912662785397941
-0.35543203618668195,0.7752970473242851,0.1603093649890425
-1.8515119384223904,0.7631767745945524,-1.2244088104770159
0.8759402557204735,0.7789402452978695,-0.24788254455908
-0.5859862540641771,-0.2755659969923408,2.256866177048065
0.188096197303023,0.2981299667513886,1.87784243820467
1.7290273128793168,-1.8935230959921685,0.24232169224215516
-3.2757732779587014,-0.6628833206686003,-0.5032211228596364
0.976434473539376,0.8909182025414488,0.28274054352823424
-1.2240003846313767,0.49791451635872563,-0.1885630641776906
-3.7467222706052343,-1.0638630045028097,-0.05272452206919272
0.3382011020652437,0.9302640615899708,-0.7799240925493564
-0.2151845685199446,0.26335669437977877,0.5681150214327673
1.803642139727979,1.2469372298770127,-0.4076122967694408
0.37231577119336395,0.46902747721975924,0.5606453184893725
-1.5933747439170372,0.12006383823662453,0.13505789093427295
-0.47075318409361544,-1.1048231035897467,1.6841100862293983
-0.9409708522134351,0.6307941500259824,-0.47436301724540414
-1.5711257477017755,-0.13442703297547615,-0.058186954620108984
-0.13944484652419825,-0.1366764669905032,1.3825999501739363
-0.5812298090970274,0.7340040709828217,-0.7405643803985886
1.2985117252693357,1.170608472357162,-0.2447782963214984
0.2544480640041505,0.7006958140450322,0.03674405414976925
1.0623176514103831,0.835835112295404,-0.9804087094312057
2.974799885378988,-0.8520747099992932,-0.3820724787261027
-5.694481803566886,-2.3893021236203835,-2.761899081605945
1.6689906938724277,0.8730630458768761,0.13967246100823608
-1.7294813490387768,0.30091671461533465,-0.11501515247108693
2.7345790515766533,-0.7680768967489428,-1.2486706602820896
-0.48557699319831005,0.4105720511758279,-0.12552804495561512
0.19310231001321804,-0.004459995219018757,1.3148757700247782
0.8402201506602172,0.4261010741527635,0.5990872782061275
-2.944974583343804,-0.19072546684679206,-1.1634107246363756
1.5716436619244325,0.7564420663185626,0.17290400342061396
-0.0030846791057616324,0.5451096538638739,1.3666061880406835
1.764998567020294,-2.5109653371004397,-0.7368695751697969
-1.0071403388474243,0.6800435685995925,-0.53460558164995
1.2741192707479452,0.047990317551018055,0.6143376844507507
0.8437837302552312,0.8679621541495858,-0.6480715101923441
1.6151004395939277,0.8949300104097092,0.48894558643088976
-1.4720803321852742,0.6961189363825327,-0.9288106225271662
-0.908541145077607,0.1591584130501743,1.3311522607159951
0.38897405884115255,1.0587823679174992,-0.5048854420989087
1.7294575007741089,0.6279519067604896,0.5055112638128207
-0.2976008898578459,0.6169110141183356,-0.28110812679209224
-1.7079153085853989,0.3996636330182956,-0.33012399558895894
1.1408949114287512,1.0924599136683153,-0.417110510809717
1.935346166834961,-2.5936403613860666,-1.4629038254801499
0.08011911741564554,0.11446363485620031,0.9075578972395839
-3.2954862207872706,-0.7151645362156559,0.3929742803456612
1.8988382146942056,-0.13885251989231648,-1.0155478428671174
0.08844086617647996,0.7848214289526698,-0.6360440511557043
-2.0487099174378445,0.18278580857113247,0.4510763943131678
-0.03088811897436971,0.04606959587722671,0.9629981230303316
1.2423607404437227,0.8507571201207548,-0.6456123024215283
0.3716593197788237,-0.30919374651699716,-0.8709235635911902
-0.5038334926769424,0.8078326287775931,-0.6538333527291417
-0.4478447843596994,-2.104732541482054,-1.110317848009221
-0.49834879694305567,0.5097389543880271,0.024064176226406865
1.9148523860153057,0.6774879996163328,0.20296277413413258
1.6957130919846775,0.7156127115381706,0.6746829295769714
1.7595263053506551,0.9764489395189125,0.015556072944358634
-1.0628015919883702,-1.7935714859366585,-1.2365911675705892
2.0185773672424583,0.6570031024361288,-1.38201972259978
-4.5291506140721705,-1.9033734618658138,-0.5529700524936098
1.6618073370716904,-2.490172831437178,-1.886617933089195
1.250298764906546,1.0683025594134903,-1.2781167868207808
1.4529186942553587,0.6556666254798759,-0.5791076183677876
1.2065459086251782,0.9634604989869987,-0.2505041842321336
-1.5221628600161687,0.7124097196586092,-1.9079681290612944
0.8376772278443548,0.2526404867981224,0.21642404754942907
1.582736492325398,-2.6164269717185347,0.7938177157926554
-0.25247773271572604,0.5802861592151916,0.011481359497975196
0.978105257141333,0.3431178301365184,1.641106123031055
2.623616565776251,-2.6267365883528804,-0.22163791633893548
2.0815927416473596,-2.145141746366928,-1.9519531470521982
-1.174954262545766,0.8940033335213263,-1.3556304682739022
0.9157248682943837,0.3021281412030258,0.2828276156098776
-4.219020051474589,-1.4745501325727521,-0.31947311951713575
3.1547268255368635,-1.7553766684921395,-0.6472079867043362
-1.2727832780302715,0.46126870257788655,-0.47590857359984423
1.7507380350302146,-0.8872423168597942,0.5189083509969127
2.801504923760224,-2.0888196228823603,-1.0585042790405315
1.9356946733832299,0.7149255672516314,0.7474788616744618
1.3476212164534929,0.6938243932842858,-0.03441563025933815
-4.669834866671525,-1.82200882766425,-0.7687509260313287
-0.6794969753060703,0.6050579321222304,0.1141867744479432
-1.8392273123776257,0.48509658179200105,-0.6042866334107845
-1.0767715351824176,0.4096960076046799,-0.6923188878980292
1.5791821384074627,0.09664686547265233,1.6424453289465084
0.6774897214547341,-0.45562806823650687,-0.46999133399821497
-1.7123683602934072,0.38655745923564905,-0.2922888093959552
3.096637061695534,-1.5352786414972603,-1.421347161825292
-1.1726064738887712,-0.23214215274566374,2.1803216115604345
0.14351574319337024,0.8174192413230799,-0.505012807320163
-0.5674501457759004,0.19422938850561863,-0.05735123097566505
-0.6496411613345076,0.5465265316471776,-0.044505016052321184
0.7886895059018214,0.6511721801389322,0.33826825610457356
1.3403213616975642,-0.8980678286756744,-1.19638325819967
-2.2062586608636163,-0.2952678225948657,1.1151279876467182
1.0242361128103254,0.9961557616140988,-0.774506261118055
2.4547248351402198,-1.7533657905757671,-1.132438290848406
-2.407899347321178,-0.27775787259313645,0.661283880250376
1.8585785905776766,1.1623852418511667,-0.814801805421641
1.6213920061512,0.4977132421093171,0.6107076762294051
-0.5841694305661564,0.08772174609246224,1.4292126511107504
0.6422241725246195,0.10850781479789931,-0.5443664841665088
-2.1761877488304737,-0.200743150203318,0.12030189160710963
1.5769380260264836,0.8395380212003578,-0.3046391741178089
2.3556131500959494,-0.9240578438039011,-1.5630434284223411
0.9349276265837037,0.8262924794228974,-0.7149656694642474
1.324091680899068,1.355993012065759,-1.173828645334291
-2.448903369574618,-0.10772028419702899,0.30642416674019246
-1.0991289921857084,0.13918895597209635,0.20549088833777487
-0.08525085728369984,0.6395410478795631,-0.5162287212841987
0.42771826638021293,0.7622697701126664,-0.06683875756365446
-1.605052828360151,-0.3237166243978258,1.649981264757784
-0.6676252077091358,0.3492523875482455,-0.5270372424156639
-0.3991272958677551,0.4236666878475616,-0.6733338096580009
2.3518337466397563,-2.16054204562042,-1.5062421532737515
0.09486643478247771,0.2927786464186349,0.7418003584447428
-0.5525334140991026,-0.0003563093943313871,1.847019717830214
0.7986709737482774,0.7601784943850293,-0.9823348870813418
1.5153419188897128,1.165202620239414,-0.05136080732831823
-1.137872727214052,0.774920496287398,-0.9415926578435452
0.6757608135786904,1.1179403579558373,-0.6950436040772652
0.982747961654929,0.526213032583565,0.9256828667191741
2.086031137543936,1.4864024594254268,-0.025472781366042023
1.1911224532012956,0.8264172832246175,-0.12185206724732092
0.7825308346072161,1.3357757545986348,-1.0431746676232134
2.951128021897437,0.3584795255818176,-0.799885950329554
-1.4048428004606792,0.6775488961889179,-0.7816166976000161
-3.3839703991884194,-0.9813279214956094,0.4160716443703757
1.9961006346506402,-0.5207181143024961,-0.49457549738652856
0.4968199329481961,1.1162481289608799,-1.1867910531096395
-0.0037269172849006727,0.7306435972948822,0.12200511460308665
-0.7692046839806459,0.36454715809288235,0.8551357491058342
-0.8421222120070919,0.5183350401533307,-0.6378555224350982
1.9699351496613156,1.152145768972229,-0.5856185742849466
-0.24003948360070465,-3.795656863052782,-0.851443649329612
0.4967340829132874,0.3919111516730955,-0.45042812293313755
-1.1316685311724293,0.6016538456747363,-0.864985299960867
-0.5950819329912624,0.48564601838543514,-0.482543107709608
-1.872838229421567,-0.30219854843816757,1.7896124743734456
1.2469481352233285,0.8929744267979312,0.6645218184235293
-0.16752750598466648,-1.7918129105697966,-1.0529389816792905
0.9188471679071837,0.5235184427551673,0.09303639490449682
0.2722038651484782,0.33260281532018193,-1.0367979903580042
1.7868115817088415,-2.9774644979014457,0.5207700884329196
-0.6372974335836952,0.7501752811215809,-0.9507892093564358
2.4433842156348162,-1.4820577955904422,1.1101070916553986
0.8149365115677283,0.6779431229080848,-0.3923916830784208
-2.6544577538122565,-0.2172807221264529,0.6418099245005561
0.2696190786545958,0.001990707442437719,-0.77960286468473
-0.09360033240248052,-1.6459904775736234,-0.1412539889899293
0.17533621839695693,0.9837329037103099,-0.7136923785693455
-2.024785625119426,-0.048996067405258456,-0.5063568629760203
1.14008267253835,-1.1293278377373324,3.040340855731828
0.624022979132484,-1.2133130325725405,-1.45743122170449
1.8129714129714194,1.351575197616085,-0.6039999111322992
-2.406514812687465,0.20998409113479946,-0.7509544981135557
2.0347893065626046,1.141619871799928,0.004286875714545012
-4.051773109765177,-1.4719980412557596,0.39932399259858453
-0.11109850505044898,0.37967762804244454,0.24862955626337352
0.8218500135322547,0.8039483960420146,-0.4679889424657577
-0.1250621289518448,0.46054110713810964,0.4563423075365623
-0.9668753255268111,0.27559019229979537,0.4383576125090754
-2.841528643553631,0.042078016424246606,-1.3723815232800949
-1.6345160350228523,0.5947754709981912,-0.24732899390296303
-0.3674840675576566,0.5586368004023365,0.9493102854398677
1.7922238722327943,0.19464313927343807,1.8029428118700739
1.753409406257227,0.5422779383054631,0.7982305772517447
-0.6258025176102335,0.6208854283698989,0.39167515502956857
-0.12398078805843486,1.097821898403826,-1.0040395031273561
1.0677179105160517,0.11601013969563721,1.7130486083649936
-1.4939596083554953,0.015009736664916368,0.6954573058817367
-0.06419871327634023,0.21520946033806856,-0.6906510500243204
0.5914525553178928,1.3332322963925345,0.03718647433863145
-0.5004689743920343,0.25065254130153714,1.398633208086594
-0.38734209748024495,0.238054563980717,-0.8723377221961012
1.1755438267040215,-1.161533632225909,0.8862396519985729
1.4490466829622806,0.2231263296199674,1.3232384980931735
0.21967773044303018,-0.9140031028215949,-0.2412686201462993
2.274386578631659,1.0350447480231646,-0.7266494431312233
-0.5374487066304564,0.4351080327316061,0.4511564020242217
-1.9221589858682797,-0.06720290909833142,0.08550752401900052
1.4947358679400133,-2.2614438603069122,-1.0028866596106571
2.5073332631724314,-2.1005292017133894,-1.4223615698381735
-2.1493660019370675,0.1832763786841102,-0.1362815420775882
2.026301280618678,0.6399340664485105,0.03164717708674698
-1.379475989899176,0.14725186316393374,0.43060203613253156
1.513488423344112,0.9464863022559568,-0.010289724717687371
0.06120994648756501,0.22606599062881663,-0.7256104063731351
0.1606818748370924,0.8106178402071674,-0.5610268237382358
1.4570909810954338,-3.133512502894459,1.0518124463305314
-2.6370806754040053,-0.8084017377155664,-1.6674627636434496
1.295642913573168,-0.6068026740923064,0.7101084493777359
-0.282993328384322,0.017377319171253357,1.7905684295778106
2.9029794052275166,-1.2781435510932213,-0.18772372070320237
-1.5589273539551636,0.3453382394848806,0.5002847576313157
1.111065939965474,-2.979532190607425,-1.0406690923110997
-1.786697683322977,-0.2533754469611306,1.76557305187971
1.4518136718412362,-0.5861557672931865,-1.4242513010518962
-0.794499760747521,0.022894763254582586,1.7520540666106872
-0.44544236601569653,0.27955892824728273,0.9689984517502171
-0.07326735886470541,-0.02428368783380103,0.11091066350433375
-1.033550908017117,0.5656182273691422,0.2895694284077238
1.3601826673132826,-2.675181598501733,-0.7576451242811869
2.4076499722634983,-0.6016429701628975,-0.6958950981204617
-0.8075808296016858,0.7561820290368616,-0.9257066725912433
2.6384571272399846,0.4633761700697796,-0.2878346167100103
-2.232139901229826,-0.2676475689648923,0.5896742901937865
-0.17508283613531045,-2.163629341738962,0.7831052312202947
0.7608026357090898,0.7800360034106898,-0.6960990219769962
2.1135396665512536,0.8142660983068758,-0.14478353665252797
-0.47875310451497555,0.1902394369931961,1.2787669674897526
0.379552115613119,0.5760506235474991,-0.18459024322520395
1.7767515707996153,1.1769513164661531,-0.8749421590317831
-1.9588617097485035,0.5306415699722327,-0.9928938515900154
-0.2207930404796148,0.07118372179312168,1.855200420809958
0.3345040550368969,0.9583663379329094,-0.7014122423276593
-1.5467424563715988,0.6575630154559161,-0.9810479848142271
1.1609634124398653,0.4781990429626815,0.36258918444296734
0.958453407470085,-0.09886495058181402,-0.08952920356589295
-1.6771267855030747,0.0894905944870547,0.7698336934839277
1.0226949602114501,1.1257476349701925,-0.12863851312743563
0.4667266735116982,0.5430612794682691,1.1372971763947861
0.7184924205623158,-2.02041177128332,-1.3293693183377704
1.4729421238204532,0.7470919414353875,0.3269563287813206
0.5214627667429298,0.745708064031641,-0.07914420806332204
-1.7023568052339675,-0.16855484008134475,0.9856209245445394
-2.241291631482023,0.29287781480619196,-1.4783957920989699
0.619268102271834,0.5318664720719577,0.515112738803278
1.3007612772807449,0.8428653417725442,0.35993332172174947
1.7340848565854496,0.5576164569678198,0.3138322959385258
2.411493881039287,1.0273486781367585,-0.47890830637451437
0.9935586855960913,-0.7357311298836023,2.4131412246086197
-1.5369391066993086,0.7902097698035855,-1.8096944581110965
2.0277535475741115,-2.0067067784940384,0.5340549605046722
-1.0613403575629932,0.09533508136398014,1.2349532430352441
1.1752162285124474,0.6155679604373063,0.692920783227241
-1.7109393929113772,0.3672471935468531,-0.2831807820925401
-0.2803251424151766,0.8020396410039724,-0.3336210860335016
1.6093965400177552,0.7156223368364536,-0.08954529258965241
-1.4267546335563013,0.6013002316921533,-0.584819035183857
0.22902589324025385,0.5854247768132759,0.16892815398028818
-0.03115596589936647,-0.0760080683983124,0.9925460270564975
0.8359909957828064,-1.441880848317556,-1.5155622129004283
-2.45745720388569,0.04515517007014415,-0.3510249469097655
1.14716054361404,1.3828259830543093,-1.2871648118652095
-1.1768437442222752,0.3721011088412952,0.7779519373104996
-2.2957458509832627,0.028815101719011596,-0.27037488427225137
-1.0748065547123045,-0.3379917713250415,0.6882801401462487
-1.9467385822237098,-0.1220496133010246,1.0124276682660676
2.2699427354340687,-1.5326161643478755,-0.21975117155260288
2.0455317821308046,-0.794005519243076,0.6146704762143457
-2.387322641046238,-0.8798399341077353,-1.6103999755206746
-0.8867745888540758,0.8516938501774113,-0.3027825443436699
0.590181645168189,-0.882649389232442,1.210851738276018
-0.5272209339035188,0.39012991539914876,-0.25452026581298887
1.101977050778921,0.23410340210174277,-2.0169053776285133
-1.5768908199623046,0.5688306767382678,-0.724893548561593
-0.02269564601006293,0.24221231292716397,0.9025943640935371
-0.30637904603753596,0.5245925455867455,0.5791170903691677
0.7172181962045808,0.15998195228846568,-0.07656994054716657
0.2953783829221677,0.8185867532403666,-0.28535049068564095
-0.11697305095735687,0.8839285991672604,-0.4486261384942068
0.8525301399250087,0.9829230858472349,-0.12856877652521578
-0.6281743203363286,1.230619114109048,-1.0265443945174362
0.7470586407858526,-2.1184229122305394,-0.1649968448048406
-1.0058538725329857,0.6680519563466302,-0.6521865571194398
-1.005574894097126,-0.08727503470444312,-0.41868627162531535
-1.9280400082378886,0.235462006287822,0.13968249599909777
-3.628760816953408,-0.831949177581702,-1.7670371434441305
-1.1791808615020456,0.532053500663683,-0.5633474972818573
-1.3832604815446006,0.4738655469814527,-0.28299040772151557
1.4945433043371732,-3.021445914759835,-0.5125654052794882
-2.1877211073760017,0.1713012297511989,0.22710336470349426
0.8457041805826336,-0.358349238752795,0.39238090797647884
1.3956524657081946,-0.0557666495958446,0.4974643079868819
0.6731192286301163,-0.13739100082502745,1.4341359722796294
-1.9521582209216144,0.2596510213584413,-0.34660094713372097
-2.1489026165464913,-2.858232512837338,-0.6711740972644283
1.4075031367601112,0.8639439306124906,-0.5347844625488845
-2.7432065489760116,-0.1935027399447342,-0.03609325002090787
2.8870739266229926,-0.8409883437128426,-0.023340028800767153
-0.027186579631303852,0.8310282165460369,-0.35464743965294576
-1.2347372842295847,-0.20770018440224458,2.6855431894614017
0.9750721991093434,0.41642663530489227,-0.266786727834975
0.8414790075572337,0.910550359148322,-0.679735251504734
-0.7126706993981746,-1.7062773253761272,1.3154551466226443
-3.9019583267147775,-1.224011618455515,-0.1763457844456977
-1.290865819387846,-0.16737171928041156,0.3448970240764169
2.054768253080151,1.2653258627614785,-0.5334448884393755
-3.9304222705200367,-1.1205772646426202,-1.3604339711470312
1.8775268916962085,0.5817796849499413,0.5227867988553048
0.41220213937211536,1.1271470041350886,-0.7022419538624152
2.980978252444396,-0.26077571806138117,-1.5119679838388393
-0.46272688701745235,0.7829022899327878,-0.34836658284655336
1.914570348952628,0.1382091997169944,2.102135765909056
1.2597906271006865,0.31405796049365364,1.9937775517869845
2.4262983368161564,-2.4004201654737423,-1.3659083529820735
2.353656406383908,0.16564355562896865,-1.5154052468546404
-1.2446381289211141,0.3655162382808802,0.6567384875836437
3.4266532176814435,-2.865620531127731,2.1043247139918657
0.05068505214241738,-0.11007672497588131,1.1070863061023513
0.4230399162450443,0.9675178586746402,-0.6650036410724568
-3.046111560139823,-0.3788593801339122,-0.32075176407127365
0.5903199256894166,0.5556592565993724,-0.5095436287674597
0.6623153441276755,-3.0459569493364507,-1.824930072307133
-0.8435978455793998,0.9291393270016509,-1.3123136997430067
2.4535097127643453,0.05644762625438692,0.5093629460151402
0.2510601309762372,0.6606253031231634,0.21309150117749479
-1.3734795115801715,0.38396332661320726,0.3463580732899481
-0.9319318371753745,0.4857154581787071,-0.43804570409539983
2.989757344504454,0.2766607717581608,-0.1180574809708119
-1.3906555292200853,-0.6782276589062681,-0.6763042086123237
-1.8934168508721223,0.562447491172109,-0.9271166916853636
-1.3553925514448921,-0.010086832678800811,0.9550776873424673
-0.5275851428328217,0.6897855236059204,0.19667618812613086
1.679487590153155,-1.187321872106556,-0.8843081997849819
-2.4670956245796734,-0.45800400594145435,1.9035725454442265
1.283939838548056,-2.902178544583504,-0.7950307713704812
-0.6543073040864296,-1.782143111131552e-05,1.312684328904461
3.1783482288423905,-2.653656538383397,1.0673777047123003
0.4188789647935021,1.2184556562997713,-1.4289250840456829
-0.42903198513842644,0.47266311151611506,0.7810469208482439
0.46731565807761255,-1.6599809189525148,-0.87628314687168
-2.0679701222552347,0.5237510382304806,-0.7903563721083663
1.6732589128590836,1.116422498660355,-0.3836341607622485
-1.0251266936183254,0.10674526805433306,1.618468139887067
3.367765559778249,-0.5134081326047167,-0.29982675363131517
-0.10805728902246502,0.2699390365437071,0.9352421028642477
-1.115773264912729,0.8265579150975885,0.12912565603476014
0.39879484331561793,0.699193257238745,0.12094443508770034
-1.0621165330475355,-0.004440119980228408,-0.22046390396368012
0.18020806599287256,0.9018957031563237,-0.7955185517613464
1.300537130557111,1.2554018053655631,-0.4986455474632067
1.5847941017285792,1.101173838875504,-0.0916255427832304
-1.6087533919853119,0.1986907814844559,0.9236298139530345
0.4228339114002957,-2.079483304528552,-0.6622103100171449
-1.8194975723876907,0.04773992998071064,0.6391797029369042
-0.539898025967427,0.36542606839917496,1.6897209524220587
1.9435985824269615,-2.2879138054249846,-1.2586669964615174
-0.3076574740133404,-0.1708794349245623,1.336450615554041
1.2463341204385467,1.1167882030162661,-0.7445408788190437
-0.5245258950387537,0.7560890923885253,-1.1738257038817452
3.3786787806951706,-1.2619563332192436,-0.59947023576032
-2.7821688175194854,-0.10347124350832565,-0.41290228665305057
1.532528174150007,-1.8887695189550031,1.882498269117318
-1.9299936854463888,-0.2275566072972279,0.7526524987073533
0.5108176514368004,0.5475466943039438,0.8286348838207086
0.879018652746949,0.15202545382201824,1.9238136915322837
1.2261281870175273,1.2345238341990716,-0.4479704377191606
-2.7879137273761936,0.08432522492836603,-1.0719413608330055
2.5011554310018655,0.751025650429878,-0.7855422983815572
-1.1946695661595006,-0.03247368485845434,1.0006002230116686
1.7491037666517268,-2.157541216223944,1.2847803777334927
-1.2498700365432565,-0.25601842847629863,0.8758532959511945
-0.4395465402904569,0.0379158932420323,1.0292037301816466
1.2896807399594021,0.7893892747410648,0.3820799466952892
-1.7475233984039744,0.6715830677185355,-0.702867154322367
0.49191266713424947,-0.15871847432146935,2.3237668819448825
0.08724317016944094,0.7461247768384822,-0.5830696003605587
0.13638990408287963,0.6060995911813687,0.9379374748584962
1.5665071990006207,1.0282732252932703,-0.4759879931101419
0.9869076156371643,-1.721311124207966,0.2231013690254863
1.5304594436394225,0.30830999256471564,-0.5808727939788705
0.1453163080970002,-2.9434958510041778,-1.4180600164311328
-1.7711927002028212,0.008721470950580817,0.9153604645825559
-0.4137009111977423,1.0720003406366807,-0.8134352882972851
-0.5636351937577019,0.9839349335636377,-0.2169223115522712
1.3571384495032985,0.3727486449677631,0.21948758868967755
-1.4080363913263445,0.582134194511783,-0.7590841126302008
-1.6358451711394584,0.830842377729002,-0.9757603157277346
0.35212062676032674,0.5004323641525976,-0.11454682530221574
0.20864409575899087,0.6231856921315686,-0.918593362334876
-3.635401377265238,-0.6324309100021014,-1.7439109833065676
-2.3971364219582774,0.06815562505743754,-0.154660949679646
1.0122245906528304,1.2021467596603908,-0.8591616493987205
-0.4407304882607568,1.0523466788262377,-1.2431086412829246
0.6066859342460362,0.44384657112763665,-0.8663816966347749
-0.8535245710508348,-4.614240492846599,-1.0922503411470714
1.330913222106146,-0.3452148153824168,-0.6511249191038408
-0.20156878236906084,0.4093264165134162,1.6844179594144937
-0.820249290995241,0.43335096303427656,0.0008674869159098584
-1.1131249717179246,0.8712738105633735,-1.1731102256058337
0.10137161336138262,-2.1897477810700687,0.4987232352867545
-1.5232383612768785,0.05012616678802962,0.9169509751091508
0.12950954929533595,-0.025651010760933738,-0.6561285512705021
1.9375719197670052,-0.8218730843877677,-0.9465440331792692
-0.8354134834390331,0.6298331625009993,0.038450784036877475
1.1191795423612556,0.9744784365157066,-0.3143026509116545
-0.43532707121073233,-0.3202517189344067,2.9382564595502223
2.518749481968375,0.4830745600478224,0.8310944644939625
1.8430325466611372,0.8446423280510135,-0.4262313572727649
0.9627634815984658,0.6732533494222666,0.3971097118057499
0.7856491431131426,0.921186008277916,-0.32852366339538086
1.3802832373397356,0.7782218585779879,0.9533690698002866
0.5490494275897143,0.3148020060323079,-0.3798259597010469
1.512921934638792,0.8994702970018994,-0.06042745049452786
-0.204206621901949,0.08212683515719074,1.0609683607182616
-0.6447831592909927,-1.2477640650505444,-0.5288652855506392
-2.8652723906108317,-0.3480607839655559,0.2931840935163864
-0.9228971942916752,0.7100792555712815,-1.2186661283063935
2.5633615785522954,-1.2593496993646265,-0.8648170272327412
-1.3165791651534398,0.4275425983657299,-0.795001396663579
2.40143003790519,-2.8632155318240566,0.7046855581282164
-3.675074867061496,-1.3656292644556036,-1.4364900393487425
-0.8181298156765823,-0.03378543582475163,1.335995191532727
-4.691558537841673,-1.885945702468783,-0.5841765717654591
-0.36410609858912035,0.6187037354716208,-0.8571948720163747
-0.7078739358502707,0.48255578245293124,0.3081905220758549
0.9570310761633255,0.6279546955311862,-0.13086884556039527
-2.5415559962743135,-0.08367402336659185,-0.348934847537989
1.6520207081498426,0.8277504589391474,-0.004136650190416762
-1.204258768818526,0.15836617035155554,1.0487794118445997
-0.35831562149789464,0.8502255952245946,-0.49576869275983
2.0695788296664515,1.4011668853826627,-1.2181372915577668
-0.3032589599346197,0.44258539223307547,0.43231754736760897
2.4230226725168373,1.264768970587347,-0.5832241168933475
-0.5395869047504003,1.0168397435364658,-1.0745538728322444
-0.28762968065286354,-2.4973645607962616,0.04342868389594568
3.4721619251610227,-1.9011024995359775,-1.1243648412709362
-1.5472124695659082,0.2702860143799345,0.41739723872572315
-3.0404802865681773,-0.8427874524477871,-1.219012665873054
1.211059742437464,1.0754684063303523,-0.41898261964812694
1.231289331043784,0.3343759758644518,0.4280833286749168
-1.797914775449847,0.3277250040011695,-0.26267280065070076
0.37011101859623863,0.2354359150403364,0.37812270589372093
0.4850133351314555,0.6034404405340463,0.14476409732184414
-0.7353573044597143,1.0665228826676842,-1.5453740928031907
0.3114778663258662,1.0801458008498772,-0.4708484799336086
-2.4692243918461,-0.3455526956615681,-1.0852074727987089
-3.558430395005797,-0.5096843860446832,-1.6525393544733682
2.211931732099913,1.0684718561751525,-0.23233210038190838
0.5066889599198023,-1.5465198854637676,-0.039552899792362275
1.4918602716482259,0.8647376372320633,-0.19502578362157547
-0.4557881515646316,0.38906339766485537,-0.23966001784667468
1.2987542934043792,1.3659212586319354,-1.0636018303088373
1.2911258644998023,1.032155962539851,-0.4066371640271578
1.625406772462061,-2.743221438282644,-0.9226144089283775
-0.4273382497413091,0.455212473924628,0.22599991023231092
0.19808858111327796,0.9691110290249653,-0.8391561628980195
-2.3134712425743422,-0.33730766849344257,-0.8633085727762904
-0.6616190878183525,0.5143609547279133,1.302195445163547
0.9295627736659527,0.7423945722698462,0.5616464485929241
0.44639646999157856,0.7702362345252113,1.0716327118257543
0.5022666899600434,0.09544883339688377,1.5184484504822453
-4.567211871360396,-2.104548134393498,-0.2777108076453325
2.611567809397444,-2.7433264353067814,0.43536986622615637
1.883964428816518,1.050738198771011,-0.47064544212299614
0.7617276259899154,-3.186255178741175,-0.06279317672199011
-1.021686878952571,0.28370026370285695,0.22808522050378605
-0.18090325901124732,0.6604959193726341,0.12642825975710675
2.628248447831469,-0.8100572633901892,-1.319571806759463
-1.814242241165203,0.656405727052856,-0.8225943081969482
-2.341351256222228,-0.7187041714060282,0.13097151114301342
2.074964057158445,-1.847815172983207,-1.934950847240034
-2.0723836218764755,-0.07983721478227546,1.3494450198963184
-2.734340953690291,-0.5441451596051797,0.5872277587136161
0.47982365966079654,1.043658380876339,-1.1452375206328402
-2.860546611316277,-0.12944709609399233,-0.45481879684711796
0.9157473301137398,1.2776955607957459,0.002006643626312334
-1.4948582651098263,-0.24019892689642766,0.5916128825207216
1.2006519428476299,0.9522628675875344,0.5020063652120274
-0.4781103685752225,0.24622071548628896,1.3107130787680656
0.33001324733921744,0.49675600543381065,0.705344675879639
-0.3148197302039177,0.9771327032789369,-0.2591237459012438
-1.6108466764091856,-0.035690962945458704,1.670515005621845
2.4153837630395008,-2.3711539792793905,-0.641116103582635
2.6232172167034,-2.266643802324786,-0.9852412914888331
0.6195853563221101,0.7924405854074503,-0.13705835323163512
3.2982808353583457,-2.1339052574636668,-0.33961495533929753
0.3982107282217567,-0.6492724698902713,2.464080220892088
2.2635629944811932,0.3652060248977389,0.6990459353870224
-1.1154742272438793,0.6126227076620405,-0.40280099023625654
2.370671338305684,0.8455703155499479,0.513048107321169
-2.3399197124565365,0.29905460004622486,-0.6149497334634169
-0.43561457235875756,0.15847890868599654,-0.4363416222456051
0.2162137875298329,-2.7806269731168585,-0.24021623451757576
0.025498770704211797,0.42075163941866955,-0.10666628652991297
-2.0413129851020457,0.3057501469898341,-1.0423040160569919
-1.9945446878479316,-0.07868073255593808,-0.05084572393241268
-3.153374532362902,-0.3026406521023399,-1.5431774568673362
-1.7229714214975755,0.1213921262438543,-0.2018057462767838
1.0237597340546882,0.2022755414631654,0.15969231310095064
-0.004137586936765821,0.1060460921382941,0.31833150800351184
2.0798603512170746,-0.7060365807046949,-0.4650647381555953
1.719924155544615,0.7847479490576202,0.32696172548390545
0.3519964706977723,0.8194779187840154,-0.722301768468048
-1.3024027273338536,0.7651864707288981,-0.24833986904805
2.2066196141287353,0.9281403470145942,0.1235505193739456
0.5683773724749716,-0.2571074494414856,1.7224789676459578
-3.506000494412348,-0.6578514460242278,-1.384134588694649
-0.49389384633372635,0.2909205000397148,0.6363387138262444
2.4574165027388957,0.5518275540000233,0.5831217199370381
1.0867256673678667,0.6112684910906732,0.08368963781677323
-4.495271315266647,-1.8036602748437862,-0.8408242393403814
0.4168915507528895,0.24787216244676685,2.074090339852917
0.01896639174411493,0.9580299361952718,-0.8685078584831173
1.271337973852134,0.8173531353831077,-0.17936415107990566
-1.338881861280433,0.883442414859971,-1.35267593154697
-2.9816496309601765,-0.2811713728104578,-0.13372203410831146
0.1202883181930739,0.4210033515384247,1.1577707802287773
-2.0124479529416592,0.09656479991388744,0.8402038651904833
1.7398616264941875,-1.1060386374424152,-0.8382375261038227
-2.4424238297609944,-0.19818111901941088,0.26801855592637425
-1.1234575387775076,0.6960577834032884,-1.0367986109943106
2.167294341420984,1.2381536891968803,0.0009591777990299963
0.16886313958399635,-3.584825335400695,-0.513282044458286
-2.0691032157698563,-0.2981205881870085,0.5826380016504493
-3.561274428230242,-1.025237917374483,-0.2066512064105603
3.236268282497461,-1.8993443651554103,-0.2104237544950211
-0.021968943905554504,-0.09396850855524358,0.7898338361855642
2.0078631418251627,0.7149819779740453,0.1694369383806741
2.3005017367045144,-0.5247095033739918,0.3328639363534738
-0.0042831746803822,0.9167982901057873,-0.5689434625710666
0.31576316458813974,-1.43985014317277,-0.5234793301636381
-2.4757669405568397,-0.1925225619981963,-0.1940356403382816
-1.0427301142372207,0.6572915523026099,-0.3448919156027933
-0.5388975730750275,-0.07527745537797556,1.1949789243113957
-2.6856291157683154,-0.3090239386049794,0.9066562278515825
-1.3496270719985262,0.8395212764202576,-0.609100239610517
-1.1425220516714736,0.25405365126193064,0.5196340792164267
3.188497478679581,-1.093441921612172,-0.8485060839466909
0.4807877255221205,0.6811073719897246,0.9126637012856076
-3.1981176006551,-0.6390327935612008,-0.45516917706670285
-1.8983436807734155,0.5597048920599493,-0.8958806643436885
0.3088197657378102,0.820273242161782,-0.5090374796943482
-0.8851915961352049,0.7089476957406545,-0.9528910061829368
0.51448575329227,0.27316914626462385,0.3335260638826324
2.8622001731942315,-1.1797987309910791,-0.280707439710636
1.450092004515652,-2.71200230914786,0.6681174776405419
-2.0180643830876424,0.15771236307845285,-0.5213598058989523
-2.654683712404301,-0.007220647559292182,-0.8034504353575816
2.7404177872478566,1.289017034535185,-0.5689900898018653
0.2701502682425591,0.4157414093302128,0.5227652948906606
1.276289455963086,0.8723981357279532,-0.13211894306889455
0.527490284488693,0.561139316951415,0.5852664714120862
0.5625085655194955,-0.7459690325176155,1.569959639731195
-3.437338732486148,-0.6429760148802582,-0.5415856503301616
1.2202129869548781,-1.4184625113501845,1.2749585958026497
0.014168218185618444,0.20881471564306586,1.361384587391555
-1.6007834331336066,0.08390079609364465,-0.476549833996291
-2.5066364239203063,0.013080597285892573,0.09370204460372594
-2.7892494834366253,-0.017379510919243935,-1.0545692019096864
-4.468870165353461,-1.4234785168200912,-1.77901405799525
1.9911577417475614,1.0485846293669006,-0.37343509347004067
0.675136391488926,1.1590385042200417,-0.05445323461915266
-4.939061773117676,-1.8279667789117544,-2.0636576759398846
-4.949190393948769,-2.154517699482198,-0.5350216614231819
0.2934059299078393,1.0109028910231699,-0.3063059025398595
-0.3162420988416137,-0.8223978569665114,-0.4314852297659835
2.015007030340299,0.8149860902677104,-0.010853547453094348
-0.036015302936152474,0.11301009401475227,1.833722364378535
-0.6411563543495536,0.7270597535814919,-0.9073774369119141
1.1919442431294682,0.6711652967750207,-0.7513867671584337
1.3122477158316936,-1.1477297065199503,-0.17896959999383022
-1.7362435524889495,-1.788407709827286,0.25788478403699566
2.6183271847026472,-1.6860867287436063,-0.5452614211209316
-1.341625210000149,0.7449207612124323,-0.606290450904599
0.851918596967727,1.139745537554245,-0.9128287780924349
-4.861978548933309,-2.2003149155918806,-0.5621403769898177
-0.6452483478109667,0.7150162425379787,-0.8726099685183428
0.22611351600261548,0.8675732841879686,-0.509575787370049
-2.272341484349742,0.011683221824712292,-0.47383084386064844
0.4437791519421313,0.22663423304001523,1.1664838350510687
-0.3585372208238172,-0.1897394467733233,-0.3017382287337015
1.13230096756915,0.25252746210631805,-0.15064616129353364
-0.8340235649668541,0.4545724315612958,-0.5329229134600393
-1.1360799494448006,0.685023501847023,-0.2656219974458011
1.1701978835247324,-2.8444657812754635,-1.3493911134217489
2.5234103740620832,-0.17053264913745386,2.8598321725498557
0.8670976712882701,1.2105362869112601,-0.37786643510024687
2.3450925578957773,0.21037635787162856,-0.3237176389909825
1.3171799634362222,0.8714329558866568,-0.4467054219220529
1.3827178938779419,0.9954639384063182,-1.0261895967441657
2.3441627501314612,0.5202397513261895,1.6440713808489615
0.5706286936271844,-0.21626794080605088,2.3506216555458628
-1.6183392048629017,0.31528324753567527,0.9565539646102188
-0.03348413313699865,0.5155378064881849,0.9655648678497494
1.0089494811669129,-1.4069956712390415,1.3964470905537925
1.7093535931341421,1.2418882174987684,-0.02798655307039285
2.059739181127696,-1.7779960642443045,-0.7702102109058779
-4.026211182793735,-1.304728805621925,-0.5525900420229418
-1.442934445476481,0.5654379772103323,-0.4579724697598618
0.7842850138923966,0.7974349192541508,-0.8411511897714211
1.664956877381404,0.7097381496413948,-0.7387784152067876
-1.6832355488580057,0.2318341771575326,-0.35984085659267845
-0.5882158756166787,0.049696431192063815,0.7996623426360528
0.11795076681171714,0.2671799284671995,-0.14288127317949217
-0.9439723649021708,0.44185165785359104,-0.32416493450012235
0.20949796280219757,0.23980512109907637,0.4686035626071549
-3.244095597021876,-0.5639122063456528,-0.04366421977359902
3.1666119574945513,-1.5357666321780472,-1.5512532596268425
1.6416441703353508,1.3791060602305143,-1.1532030121896781
2.131026818400162,0.888522676584115,-0.7622989977234744
2.011458641583279,-0.5713291898805544,0.0532526312085901
0.21949754530507531,-0.18926938008677496,-0.2049825378304042
-0.37711657386126757,-0.40551526327321147,1.9459823350620618
2.3347938229500844,-2.474188558235847,-0.6004896114766698
1.4423918048046889,0.39038726169950777,1.945642915436472
-2.534462179252639,-0.07715344548770875,-1.0837625707457692
0.018988652509831887,0.9959693088313445,-0.2153908171653271
-1.6698311206148075,-0.6087243349575456,0.7818808486250668
-1.3755923046291363,0.0399928180565077,1.1100565745347297
1.275962232428476,1.126883325862734,-0.0953662852673142
-0.7716302347246891,-0.0781172085505488,1.627514542175542
-1.6073358224044327,0.5652406332194639,-0.4616170918842583
3.1803313764715795,-2.0834011765008125,-0.7425381899158799
-1.7604411726410716,0.7404950860249587,-1.2949392984881736
0.0046596802335198235,0.9394385641883057,-0.7682006176067641
1.932658057746992,-1.9620956161704093,0.8905945358877462
2.5550551538141395,-2.612062978202755,-0.35758354266816583
-1.139229107562149,0.08255657075315655,1.1782569931913598
1.6194438175788104,1.1053811560282005,-0.38000259120337465
-1.3719263075081563,0.15197630817082966,-0.3516240852412915
-2.6167834756142825,0.3030114577256103,-1.0939891308821126
1.663592314998418,1.2223738991109718,-0.6145217142711735
1.963234445085655,-2.413098345409401,-1.8628187486446446
2.6312478618196877,0.853179482410704,0.5048833539662139
-1.8646737511238323,-0.3877002904779265,1.7368908471622748
-0.030354483644741602,1.0084159734552658,-0.46150081321144026
-0.8640735565125811,0.36169243191083134,0.2833813341921003
-0.9079599028167223,0.3773319377443673,0.6077386757953945
0.4037307998251898,0.07866390459977128,1.6653820508509012
0.6984972205589055,0.7260463003337909,-0.21065538367344355
1.429309640633804,0.4195251296528324,0.7312706433191514
0.16539468574401325,-1.270744031442156,2.386168810155356
-3.940567169813831,-1.144697917602638,-0.5455330896267004
1.7361891226713095,-0.4885204065372691,-0.011313839442399765
-1.0092485523201031,0.7102675432268927,-0.5501539685458178
1.98148202868554,0.5922399034645123,0.583885189111488
2.9307355579051224,-2.2899099720081044,-0.20618641395804344
-1.5208318411361619,0.8668701925325998,-1.2390933018506913
1.2942907585947514,0.9779599463134797,-0.24558563734851868
-2.3914544406166276,-0.048168562345063594,-0.1650409400935476
-2.2001800626621133,-0.4863023348945206,0.039598000807195236
-3.0901545327034463,-1.2284290074533801,-0.6988878430311641
-1.4335831961745602,0.3022402886835203,0.16582383750059204
-3.431714175378305,-0.8311267042299946,0.11847599644960458
-1.3654711731190934,0.4909488671440446,-0.40226280474181286
1.7956980658223085,-3.2632351818181453,0.35146090482769904
-1.780335784794493,0.2550361287885739,-0.4282850354632549
0.4367423839367231,0.615333343696045,-0.18942949950184435
1.8181373438666797,-1.033715695703434,-0.8706192911593462
0.9293091784037742,0.9240725311528905,0.009366350231387165
-2.2693673349365198,-0.1521319691681737,0.13335094459644076
0.2388946590281467,1.1007373125789266,-0.6302162036008038
-1.5362159366708679,-0.2045321119497474,1.7456895378102761
0.28093586149968147,0.37487847225691867,1.2251835006990306
0.8811279047341996,1.183879954075426,-0.9973170904892192
1.6449552105567746,1.2547233787524261,-0.5815329441875423
-0.9620449371095067,-0.01267123878885043,1.111189841513011
2.4211963199686206,1.1477503013574013,-0.6764885089245475
-2.4083178704784802,0.3202289856963391,-1.4916121647792442
-1.7724167330369929,-0.4008703257866537,0.9169516870661288
-1.075586414677391,0.5605892430414601,-0.0657295958544134
3.149709740123272,1.4761372152858314,-0.5155445668361259
-0.6229191478975165,0.3830836461612655,0.3427471966080124
-1.8813431416782327,0.37289972054908943,-0.25707567272753684
0.5948018988164496,0.6420841067781277,-0.6482579922267337
0.4135630808958591,0.8872094576162799,-1.2122742795679917
-0.2736162606708438,0.3879345401663072,0.9524621266542815
0.8912775512265431,1.344201621269331,-0.5574590402359212
0.15432841306082812,0.48300068626347314,0.21014483787660054
0.7442499355115482,0.7357226801909452,0.9277272003775262
-1.944096739807557,0.17672859646841685,-1.1813023418986663
-1.0972912148632583,0.6088391300317904,0.7872168379049932
-2.3879853700237903,0.18110426193027543,-0.22781087834010183
-1.5072911440304895,0.5807288609943505,-0.6190186878319012
0.5199900631499528,-0.2562054735039506,0.7936924509824214
3.0362188457653243,-1.4213649347152986,-0.7540049663321841
-2.842510974169643,-0.0703445150068948,-1.347387632905636
-1.8555644204739365,0.831527207296774,-1.9140805362944848
3.277219915999846,-1.9238262657565552,2.4679653488803606
1.6841309832649383,-1.9232611509974016,-0.45681454372330127
0.09258405611110794,-1.0345476404489244,-1.3830758432363097
0.8010328174409043,0.21559185882073467,1.623243908839488
-0.759350297754133,0.9503653333380004,-0.00763401767878812
-2.7224250348322174,-0.21261646573376977,0.5114408844228439
3.0868822220386525,-1.411132173500989,1.4955425126034547
-1.129078357859457,-0.2519237252469973,0.6140775002218916
0.34237534607467984,0.7281988543685272,0.028514165283048502
-1.0298312109844054,0.4761927722013236,-0.42119185093052375
2.956595501542105,-2.5675800647237073,1.0416861734226224
-3.044793079262522,-0.27118520015588043,-1.0773068690814733
-1.032001428267177,0.06039576169738912,1.0129482875079248
-1.4613629390953446,0.445562230154232,-0.37077145718191
0.9680709926867143,-2.52840452220255,-2.4672435425142307
-1.1278681834538986,0.8278817487154216,-1.0478450821289962
-0.5517769612023308,0.5259609181664425,-0.7307395041628897
1.309233154839809,0.9711968670175376,-0.40901857640196404
-0.16906412215896266,0.8938963284776035,-1.9282690895365742
3.2653957093338635,1.1828481637120856,-0.5970719909237757
-2.2262470191752213,0.14994782918883512,-0.1802907605187201
0.6799714215898756,0.9217927748898547,-0.840314892077852
-2.9125991752004294,-0.28264764098574024,-0.012556147428897626
1.6755727096145543,-2.3765108997460374,-1.3821425159015666
-2.4696078073783894,0.22899429450578498,-0.9227377284836099
-0.9359626868134591,0.41471344179761604,-0.47299499803494666
-2.0454809147019275,0.4087521933523047,-0.2948337878032735
-1.2250902987870487,-0.4646767926750928,-1.3774021193380959
-1.7396124981473151,0.19110375456856268,-0.7728675890990244
-2.3421618384555316,-0.07854223987859421,0.8314527375899244
-0.7104903118772959,0.6821599922968578,0.3077499493703246
-4.258200789289056,-1.298863690086276,-2.1578591512475773
1.1348861015179736,-0.11676034388113765,-0.811571449440743
0.22401247808421557,-0.5805305124901464,2.5376514053268813
-1.100237464149448,0.229452505023405,0.7715670153341065
0.24606635068332766,0.04361520420252145,1.5734333647577896
-0.2620715210918179,-0.13894684225546067,0.2614681328927045
1.743972926639161,1.050442501218076,-0.43790059449389157
-1.702942306653512,0.14969579547876685,0.9948027021329564
0.7579486478470175,0.01972937812816691,3.3444406395350663
-0.5655418959193337,0.02125676516491033,1.2982166569666023
-3.27899892947327,-1.1388037144952048,0.8163607304667155
2.265318250300411,1.0426792460527383,-0.013547273511626271
0.1384060781406842,0.7504525063233308,-0.3681118366928564
-3.0625266781975187,-0.5192078263763643,0.5534467529646226
-2.3042838848533984,-0.6044081348521656,1.1863899285402693
-2.920684471059386,-0.5226244323505138,-0.6934195042432083
3.265010906714034,-1.7146956204399975,-0.6281515462688452
1.9419814969951885,-0.4671689672291088,1.5378382588396105
-1.8323361803239286,0.41362542261836144,-1.3961436436613937
1.5060272931099452,1.0467505355553994,-0.6642052539339941
1.13123408578643,-2.9903523240132297,-0.26456852145966525
-0.4470274732343834,0.4913564765066748,0.2639911736262127
0.06064437553716609,0.17735181260230193,2.8955631408006717
0.5062259501404136,0.7129051545205388,-0.0779664772471684
-0.767730805828534,0.3218530862152791,0.8851113886104885
-0.07726360699590952,-2.95357135550065,0.01328906003570105
2.9006055979150167,-0.5292794887422033,-1.0778706244779852
1.2343283463640373,-1.3146657616683721,0.9466848483842484
1.7303303158768828,-1.0666078933823244,1.0040024756012378
0.740190418652535,1.40670660481521,-0.6954768331405696
-0.5566413751516909,0.09556502183556033,0.6181898811584848
-0.9445141035245447,0.14845666818591008,0.9455922186645516
1.911135998700401,0.5426844378794078,0.8423697319728002
-2.748033691093005,-0.11567428485463692,-0.7298077031901782
-1.8548866799142425,0.047376731480168535,0.19450924086903404
1.3630384002706837,1.0233832178482805,-0.7313414456016154
1.403883876722669,1.2688506499265089,-0.6734784406550778
0.93512396543851,-2.466059106578919,-1.8513434786885983
2.0598216728080807,0.76569522475929,0.29498181958707387
0.8669381984849988,0.18394292792904327,2.477560970684639
0.8972934177278528,1.1707979371591763,-1.157512333574986
-1.8975322207618266,0.03139418193267725,0.5401979179260316
0.1829869393771114,0.5267806644006214,1.260502600653218
1.3547050090898833,0.27001484454506375,2.063820293915198
-1.591729236460736,0.05353196946671336,-0.6770042174925058
2.2346306333829453,-1.134971927436132,-0.6283898641713523
1.60406115603438,0.14967481617514988,-0.87705807398875
-0.3154825563656468,0.8811179321323951,-0.1684952888976074
1.6596245319080485,0.9764269879725245,-0.9531754494348372
1.5919354220419164,1.4989276399708684,-0.8509487072926054
-3.832503693938199,-2.493800735629923,-0.3062408020037051
-0.6643166257039085,0.6706526861430896,-0.7212216606988853
1.8875112039733544,-1.150193454083043,0.11531910231245328
-0.5813052510758108,0.7102660438809695,-0.7186741955975375
1.283510815550051,-2.7115178636018062,0.918838964959176
2.9848291989048024,-2.2350335596817335,0.17739310665403374
-2.2382436358911684,0.034644444989873305,-0.8222933218495884
1.0098041678893155,0.8937803188807103,0.007443352502444318
1.6234686879526812,0.5876084863678276,0.4668679244516311
2.8025144737107617,-1.813195792454259,-1.4362131364070314
-0.8924398181301216,-0.8702748446992177,-0.505419301419194
1.4443613600675942,0.7408760638404889,-0.08661354927715845
1.4264799002359432,-2.3378508444440316,-2.0546383868742923
-0.8305612094735522,0.702904290636104,-0.05589936620842273
0.1857890948954763,-0.056705031565494335,2.690530866701764
-2.099222803572056,0.028379121356720063,0.15155210309753844
1.332328851331099,0.465904087721519,-0.09629155182017429
3.4056203813607016,-2.327767540569301,-0.5150774114728904
-0.4497017374958727,0.3595963963021678,-0.3711948594209115
0.6943539385907586,-0.1189019448412072,1.559788618820217
-4.108979521962165,-1.8416245388190684,-2.12569797582022
2.665601681678798,-2.6009148497796852,0.68233181831017
-0.5023214505139535,0.824040848513314,-0.6773049594773501
-1.331678577290169,-0.17685032241749307,-0.4750160130418867
-4.7126202688930645,-1.9479343622515715,-0.4052263667985481
0.30783340769955375,0.7846960975575089,0.21639683792536607
1.5008491367430374,1.256934377384802,-0.6677784703250952
-1.7700676371300827,0.34404719801068123,-0.5686509527000461
1.8024486931066168,0.9219774794570514,-0.22901862318791077
1.9012451603313678,-3.001932968819873,0.31548592526197533
-1.9648326810014798,0.12143650316048311,-0.2764150715949763
1.3682653565785008,0.9214399252229577,-0.3163027197578637
0.16785075010995024,1.0845884773663101,-0.7238201931327649
0.0775588932454037,0.37911968826048154,0.1563870519544596
3.478265329334445,-1.5581226102065413,-1.2018175228629484
-1.0458599233485226,0.6506798062315305,0.366880361061799
0.5533433455609197,0.777380193650798,-0.2148084869336871
2.5201186347243376,1.1559242044507452,-0.7015757505829522
-1.5475572493498029,-0.03320691596962491,1.134200089521528
-1.3437618909345808,0.5611409756900894,-0.4725695632577466
-3.057541639678602,-0.653561393725371,-1.1721209821197929
0.9828329130503509,0.12116909757950717,1.9139824954265696
0.35384813820118693,0.16833451749893838,-0.9095284862387523
-1.57997169088128,0.4619897376515128,-0.6926940869410166
-2.141522408296271,0.12608390474279077,0.5211791468458357
-0.6433072862542442,-0.9059140142974731,2.831731585063186
-0.6613609173594198,-0.3754878410814557,0.7586269778530452
-1.9552841622297163,0.6624603093564957,-1.0505625021109812
0.2369419644379459,0.4399894185974534,1.0222867318841755
2.02469449863777,-0.3284339168538784,0.3243410804987183
1.3742509719329392,0.734351898612355,0.3406912092224694
2.047701039023314,-1.7997552289651966,-1.9719173484193002
2.829447857125135,-1.9320371744778575,-0.8545274406422718
-0.9598411486192172,-0.10346778222423822,1.2261458838636772
-0.43537518017490817,1.16737206091767,-0.0032466515401681118
-1.1359867381232023,0.5640085003106174,-0.23914181121906825
2.2925136895695517,1.0157892866455855,-0.0866081659113184
1.7070770150401278,1.1689931548023453,-0.17434610648479376
-1.5393737811256416,0.178087705865321,-0.36126145382222746
-0.44229780763652227,-0.25217763246623853,2.4325929366762216
1.0640678403439652,1.3647207352220114,-0.5018211556419766
-0.030018594950316467,-0.4951780497171722,0.2616821699245616
-2.4791482153262137,0.1834193698603612,-1.559758540684283
-0.8998918660029763,0.0008261655038025302,1.2590853049298352
-1.5600041003384648,-0.710070690658578,2.699574967346421
3.8235606812765415,-1.6725664011417083,-0.7362203602248351
0.30200206608411745,0.9450127892130253,-0.49963249883281574
-1.6925742415851999,0.7062817883381806,-1.8711735704457184
0.0797533352005566,0.33643435045365366,0.054810965255913204
-0.6889033607018293,0.46524193910989575,-0.47442464226034214
1.2148609391113452,-0.1253949688120041,-1.1336316259013173
2.366606577219686,-0.1353169502731485,-0.2537577988219633
0.0777589904880883,0.0802932102235021,0.8588191019280821
3.1046532252047947,-1.801838255685308,0.06612601709027881
1.4634973769243254,1.0595205171744768,-0.9355600695989104
0.8955781436491109,-0.2943627237107955,-1.1049564244936334
0.7238078736581612,0.03904561561614604,2.3158581682950814
1.4287658865072765,0.8113841224081376,0.5580856216524599
1.568985883892694,0.16663169529728758,-1.0147627538507478
-1.9048129244273553,0.007365819025407199,-0.08312182885491731
2.059418151779788,-0.7053462975607458,-1.1219144183177532
-0.6754417656528787,0.5134821231693799,-0.6429503304565368
1.9847767782766337,0.6776190000250115,0.3346269277262573
1.322285311679316,1.005174834940502,-0.5027535029700387
0.7591732765619156,1.0518027224306659,0.005923555570223819
0.7110195460475648,0.27920990633771153,-0.17124785224538752
0.16988000487704785,0.6719913107702167,0.12127299684834282
0.911297902935107,0.7932816657818627,0.14094806267903784
1.9392897905440944,0.9254508966952771,0.44771352107919726
2.2187280324394965,0.9486229550471585,-0.3545636521296309
1.5802844547324628,1.3224062347105874,-1.2729271166713696
2.3351977854809425,-1.7038140239448516,-1.072809844563508
0.4507201952447105,0.88871343203463,-0.9200159661298875
-1.093028279961495,0.19241848704883827,0.12178262429560632
1.1854083353232043,1.1051344220273547,-0.09441462100806128
-2.0845911393053775,-0.7290601845374654,1.4670275188640545
-2.0373820121388393,0.4268510907905656,-1.092350935126818
0.7406154817685792,0.7167021878891706,0.2978901964490177
-1.4578098857842356,0.42388338864521574,-0.32556089335781496
-1.698192759575206,-0.058525912777188806,0.9442183095256632
2.1130538571759216,-2.192063142337431,-0.28812250983006227
-0.1271665627747078,0.7086840339248739,0.40905364742949735
-0.2048495882322009,0.9994269917459114,-1.0858136245223742
-0.8676141851430822,-0.10434939313298627,-0.3380261559951371
-1.4655498377511786,0.03333635942042602,0.5070190131194136
1.0496222734610579,1.1075103913544035,-0.4690591689690357
0.7568923661323367,0.041246058567342155,2.725959952741987
1.3540844394897018,0.827553025870324,0.009710492556108685
2.813939917620401,1.211525231665429,-1.0686265510398703
-1.5374654123269302,0.189724684604455,-1.1168055615060832
0.04822301809235205,1.201049539663307,-1.0539113845293566
2.223612358583345,1.182937666138365,-0.4360953015782489
-2.0424520931955246,0.3884128957973667,-1.0280239874336141
-0.6286434003156126,0.4055300012769111,0.4767844597693607
1.563775151959052,0.6965542607427023,0.5413606675739844
-0.5075169946006559,0.3148147133586435,2.069324235790937
1.4353004810550818,-2.3010296335339113,-0.2683865921088856
2.040481916293038,1.0218219825966899,-0.5728530921125798
-1.1400965897105475,0.11378704321648532,-0.13763239082151624
-1.3836551236452421,-2.121809271170499,-1.0291569965118714
-0.5174343500191277,0.47134484212355976,-0.5637304620410162
-0.9140466106970965,0.5769899537758361,-0.6652270715259319
-0.19948020496658486,0.29814252536067654,-0.3722199187147516
1.2262344460005206,0.45638429524327967,0.3891325615334007
1.5849103467085834,-2.224009274323018,0.11926854815425239
1.6946288436219186,1.3023018142633516,-0.8625318016411424
-3.837878120746291,-1.0471694405819816,-0.7101762445944373
1.0399375170882013,-0.2106864176901061,1.9006625924091416
0.10318993952138876,0.6869747771305059,-0.15176153713293344
0.9329890178473264,-3.136867117709008,-0.7556911111576717
-4.589290723395161,-1.7896569986437827,-0.7452407226338568
0.6089331121086404,0.4055144793179223,0.6119518154276314
-1.248674189028835,0.26762199021243405,0.6864290807521352
0.27593520820779927,0.12113128489133548,1.8832917814161914
2.372725646484889,-0.6196282586097352,-0.3153047574263901
1.290511634463806,0.4032958819576337,0.4796728868183268
1.5752817347687924,-3.0467628068671333,0.47846700169016176
0.2540981437253297,0.8837113146070488,0.7266956923230039
0.3382571305746458,0.4875826471871477,-0.5789909725245163
-0.9501352547130326,-0.3600920393589043,0.9799417521160486
-2.6530742158989726,-0.025999581878521184,-0.7958762669538837
1.2431495823619116,0.2824469680460999,0.867662282818318
-0.5651990059343055,-1.246610809237944,-0.324345500305521
-2.1828198231008233,0.17083081233919348,0.15255922959502002
-0.6829938249669837,0.25701388306551903,0.8896448605905497
-0.7800185260805182,0.23896655408854314,1.0703132695363595
-1.8453088750563684,0.2423969936939622,-1.2480248811046033
0.07162419966433162,0.30958598100381707,0.2562278917964083
0.16040284771907887,1.00640385275668,-1.249846741637631
-0.30695024025844586,0.6481840745141888,-0.25479471025970457
-0.05436682594520666,0.2964032391027949,1.8083459758855316
0.5732801622863716,0.6872123742460637,0.19709782231157222
1.851670978174464,1.0821796740100376,-0.10234842554533255
-0.4157390819921757,-3.6166182072028543,-1.6059718539707883
-0.4554894111016322,-0.6457129186818525,1.9306867882151626
1.1546456540872512,0.8063954654331043,0.20745588974835702
0.32357039388502423,-2.8782386817203554,1.8643027959180671
-5.6948862410265475,-2.880179764174385,-0.6186583379536207
-1.443773403878144,-0.17326199912241322,0.8381506140453225
-0.6099735945923437,0.4329428526362145,0.22213119287776656
0.4263076974717477,0.5545478550858565,1.301462156272534
0.4517890700664409,1.0742279872318972,-0.36261412798104486
1.4954450930816854,0.4869810686789703,-0.8293333201217312
1.115147718733775,-0.4420731131106748,-1.8240660066188827
0.8068663570020692,-1.7159453129017466,-0.34698951395511485
-0.2422715007080245,0.4147783252157338,-0.06318959083515538
-1.330733286227858,0.77697775384296,-0.6988332711874868
-0.3786820022658213,0.3455998518829453,1.124848256001785
0.9518672352500183,1.191416557952238,-0.17410717790930008
-1.3615823426474223,-0.058667782092889066,0.9064192332878929
-1.6007411857210339,0.7150973560844268,-1.240724895720579
-2.755600648667155,-0.11442928573111098,-0.6867645279032356
2.6782762223860943,-2.3563315297038905,-0.7026991862290621
0.567425571340475,0.9896910425965438,0.0022364371138138927
-0.14971579609965902,0.5411953050268027,-0.6711019772497298
0.3955523173239096,-1.6999380076258686,-1.2266604910472314
1.5465858829180394,0.39635863124604503,1.8890467151493524
-4.654454104103433,-1.9696871647347167,-0.2022071090868187
0.34595126481516564,-1.6474199204872648,-0.5286435112119189
0.056253618257690936,-3.403335755944854,-0.24951828616621358
-1.8456590296614972,-0.005742201961139269,0.840210344894633
0.8934837152161512,1.0808907073936231,-0.579383950857372
1.4107027986545775,-0.09492237894774244,2.363083053086023
1.142826448930492,0.8555661138346495,-0.3789774410535092
1.263270765904244,-0.9999224532931439,-0.3339211050079192
1.3517284682560413,-2.658463399207657,-1.5324008112521366
-0.27280398057089655,0.775908369686959,-0.4871924934279674
3.3132247224835174,-1.9829910977874412,-1.1684126563613308
-1.386846317226144,-3.263468728588397,0.4247803120343061
0.18350395555735086,0.736642625482804,-0.7003772000532357
0.5512260023930426,0.7475754701950631,-0.4542847692510516
1.8059239797118147,1.084468068410629,-1.044794999947452
-0.40803254496128416,0.6035260546650162,-0.7525077377820318
-1.9843688597057276,0.46732719472946255,-0.7867979096806738
0.8103647169014091,1.2990066711870651,-0.5672120765833878
1.2538227876202475,-1.3145012353065768,-1.119819857393698
1.8479859520672213,0.9592046017614471,0.5095997050394031
-1.3503306380269675,0.8262305114754133,-1.2341526360637873
-0.07053817675642764,0.6358112764368554,-0.5987360677587457
-0.9731580577544366,0.06415209088131804,1.1889644974195495
-0.8221181100693714,0.5803487282428836,-0.7642944662369108
0.3233900811526619,0.874914430962832,-0.6434582135220414
-2.271894742662687,-0.15957060834210832,0.15482496919247002
-2.0898987118353225,0.26626421811621787,0.09318495077752662
-2.5039408815924227,0.11044986177319333,-1.3491085851232345
-0.972813277970542,0.36764502123087744,0.47216164662374477
-1.6905673810468198,0.3085164135265243,0.25618131013556217
-0.237513483726158,1.0010643196584483,-0.8143090239991089
-0.19103349961094593,-0.8492876006379585,-1.2648420349978813
0.09111658940711935,1.1755813689016077,-0.11116935393074459
1.0897152021478538,1.0170201222419435,-0.6570743892923715
0.5925779350681597,-0.27550691760497464,1.7599849450388918
1.5467661180243548,0.5581619638167602,0.42226235583119237
0.7690975459369731,0.5115139078050096,0.6174041270707213
-0.3918103260094872,0.784318448241617,-0.9282359605337165
2.0662185521937357,-1.1591956129958632,-0.5285361628309069
-3.091579257064736,-1.1230908942831288,-0.7034302814094051
0.2716043570062533,-3.1755070196585033,-2.0880464570423816
0.7905911358145625,0.14042791421980302,2.4396396247949315
-1.1679647822335248,0.2769442339571388,0.7297843237510351
-2.930544766943718,-0.24342926541749407,-0.594810187218778
-1.1710484052931263,0.2417526863610962,0.09205343447785093
-1.0029253764516912,0.5697396022575129,0.024759112830672662
0.2925421799893891,-0.19633318013151702,1.8772004360514036
-2.741982356522795,-0.27017736410350185,0.6776089318921179
-0.05374719005384197,0.9604829248453617,-0.9691747301188702
2.2930775911244905,-2.8498136517139785,1.1105058057213073
-3.4426944298106448,-0.6587388455107387,-0.496081169638576
2.0237617593588566,-0.3787215604630272,-1.08611034956388
0.03226324197278391,0.8420921057825992,0.36904802027587313
0.49648624725142154,0.6125569233484371,-0.5799314574264377
-2.3646042608764164,-0.17042781408010027,-1.1098316923367983
-1.4636991624589093,0.09491383564102165,1.134155135349374
1.4942144119927803,-1.1858236928641468,-1.0706205826549862
-1.2008313079974517,-0.24615556303196506,1.0649991462528239
-1.6889808936254769,0.05200183688409339,0.1853717054957939
-1.005111234556354,0.45377486169592657,0.059978729203240724
2.151945104030179,-0.47221094087628585,-1.246699977662332
2.967171813707045,-1.7518297239491236,-1.4983315618921944
0.4978141781216058,0.34792165389783697,0.7924437687170776
-4.737249203197342,-1.5307346716108265,-2.335772009690203
-1.5186873772047669,0.5119136097436499,-0.4903172293980507
2.654690369306882,-1.5639160125851617,-1.01996342540243
-2.4041770416289654,-0.5750183060914259,0.6148257658163021
0.1695440803413773,0.5342228097055123,0.07754922317203468
1.6696930710774591,-2.7705833763617784,0.34241714665230916
-0.2516875914474318,0.7572422877809694,0.6991512045190609
1.5300612268991698,1.395862916022063,-0.03226019263586473
0.019084240754515848,1.1266981023919036,-0.9392797006118578
-0.9899436608411861,0.10336411866114299,2.0213643530878542
-2.806709899185478,-0.37438482744528856,-0.23586914970753006
0.0027741136847326225,0.5233679265616071,0.0205562852383488
-1.860096000841994,0.518849561514822,-1.118179536738498
1.4420009148844526,-1.1956300094035333,-1.0924143217320763
2.443830595257142,-1.0880195778230377,-1.3205301449735716
-2.852756701449292,-0.6076826324889315,0.16138873004554333
1.1130797161800134,1.0153154615637612,-0.3155986945741609
-1.0866778981763061,0.9020805781425046,-1.3553184005619436
2.7973948648748403,0.9293304767553024,0.5191841562303973
0.2654645190565363,0.09031406545646388,1.9722555975997402
1.0247136570857687,0.6339480889396452,0.4624723525135947
-1.082706257463758,0.9137698682729735,-1.3890632963557044
-1.9038843579672113,-0.3101576941902719,1.3728164049803269
0.22606748848677707,0.36409018707442786,1.729885710575285
0.036014337974358435,0.722682954045334,-0.18891716525558488
0.32307122864310317,0.9724210670437186,-0.5304285538262463
-0.13118655114635352,0.7443222256238885,-0.32183871139112
0.5826736973155788,1.1334520459120396,-0.7395477987778972
-1.6567736446227992,-0.08142694732813735,0.6408237062184936
-1.6591688237771853,0.00929694021509303,0.6551512978893128
0.8775824132316292,0.9789804391977217,-0.2678816250796847
-3.8478239790121265,-1.2576308215256513,0.06092965535969709
2.1327894695864265,-2.2499062926427804,-1.7155691659777554
-0.4444426412744098,0.5706216176278444,-0.4279244881634838
-0.05723280153264894,0.712845179260849,0.4853448847678451
-1.6188581422284303,0.25236607460209515,0.32890611219281685
-0.10695185460014496,0.26526991965467805,1.7538209183946993
-0.22417181151052407,0.2788117083680919,0.5592267899928861
0.048657428082366685,-0.22634734784787502,0.15504432173138322
1.914677296975613,0.45938523659497305,0.5145120386351717
1.1493021852485585,0.7690072889519216,0.4164865494190458
-3.2488701955666133,-0.4976870991216984,-0.7272005099922018
-0.5783297297246184,0.5195184897804097,1.3342548265170857
-4.394054134772439,-1.6929680867212777,-0.27488118922474686
0.27336777037310034,0.22050630171958632,1.2032783936666456
1.3392149383121599,-1.6761554846124318,1.982867133467679
1.1830430747909693,1.3415707171920037,-0.8132080312931614
-0.1407339135786428,0.013492822011878,1.1930499366119913
1.2947863735285008,-3.3304061689920927,0.4920375896114975
0.6879132105903802,0.5704634302604052,0.711348594143377
-2.348203865185427,-0.28927189947098203,1.5800144773007756
-3.5557224581563323,-0.5017144155011818,-1.675547237969114
2.300731459982867,0.7446677601383386,0.6648569625439055
1.017808480011332,1.1234077239809177,-0.215402025895021
2.4649190944872377,-0.7701400980568661,-0.3545733668651395
0.6003681910923828,1.0682608816539185,-0.7453410860014144
1.84399970589983,0.22842495951719424,-0.9807021728778347
-1.9876747953005418,0.059945543874270237,0.646367219205406
1.0621565748973822,0.6811624557997742,-0.4412613119190924
-0.10173167174145735,1.109975700284888,-1.2647252328400216
0.5483427384105387,0.9997092131733323,-0.9744071705385924
0.6759796109475534,1.3404314460046043,-0.7450890866154513
0.8662604008626708,0.2731572707988207,0.5539235093582491
1.3032092598231886,-0.735648455356554,1.3862329731073066
1.640243281817599,0.9705633561160734,-1.1044290287850396
-0.1277273306597322,0.22380437558359562,1.0917432736827595
1.5300900915262856,-0.17829277383018494,0.6498547180196295
-2.6866390015892216,-0.39512912578453446,0.12778016587121666
-3.8545469764641065,-1.0962290370386454,-0.5685499395206255
1.828561853918648,0.2789350617431903,0.8726096888254005
2.8161134417507108,-1.5558646689133644,-1.4348756370772995
0.5103401334742839,-0.14549619238774034,2.8061078835637585
-0.2996853926660232,0.11937085056325454,1.2649772625434204
2.1145445275279897,-2.724772253360821,-0.13422613621397658
0.5923434382134327,1.212653301925583,-0.7852309563857839
-0.8725677086089049,0.6535285811423625,0.3162335093013335
-0.42717791533216853,0.8640136530921086,-0.6291578875895326
1.4489517807848418,0.3344368938247191,-1.2879664273649996
-1.2472242282876473,-0.19185412009552458,-1.2153926744130144
1.5766041796103172,0.7870208900600938,0.7975521662713794
0.15772775250225238,0.7993483758942832,0.033564527545338875
-0.7076231321266147,0.24848993711609138,1.161472063780226
-1.0856437025535604,-0.3118903813070066,0.20966979532791064
-2.0625753915426355,0.13623938937877175,-0.15982125354488572
-1.3852361653602352,0.3114874149552957,-0.20705813954627816
-2.574785230783995,-0.2792473011709953,-0.060580949664777804
2.208783696659777,-0.8090781292770794,0.21785914573525358
0.8584108658435715,1.3073682451762294,-0.9375376221307308
0.1673396939487592,1.1301163165482695,-0.7619764134359073
-0.7253567881218055,1.1963295219225762,-0.9511860898433873
-1.881861814503679,-0.21580490632737623,0.42512377462690426
-3.3581867566456736,-1.1101466079103917,0.9048523806818143
3.823329798627048,-1.6198606558062567,-0.8076177299528288
0.2103518681601181,-0.06533464973140943,1.0595336209235489
1.5576237455889683,0.9407376989030969,-1.0325670498406847
-2.2987682749341163,-2.791204202385348,0.1529760972044714
-2.57430758478751,0.11981015822765118,-1.4697156224553007
1.138567837458747,-0.8431481804428046,0.49055375863166595
0.14733479346974124,0.46108200396935206,-0.5346185877136616
0.18123022042235493,0.614825016282716,-0.6567236625597673
0.45929075500611327,0.8265027935301478,-0.4295322329941768
-0.2735362336047268,0.9303165311696145,-0.5401168781074583
-2.027997744027673,0.6649132980065858,-1.151229373746735
2.9814770898220666,-1.0972526765144714,-0.5125119587251555
2.073052173406475,0.9496625003729636,-0.4377431756148152
-2.1988999472367032,0.21553961205962954,-0.4455446854919295
0.27687668917145714,0.7442520509063855,-0.8117154659619452
1.0241277547923884,1.2475757659358482,-0.7179182720700477
0.31067319790325876,1.2142217814058531,-1.234056899062616
2.444901830918966,0.6715401673423829,0.7144015581999741
0.7506961368079945,0.7275764067483056,0.09867054224528121
0.958062774753629,0.9225293126121338,-0.93361111337699
-0.5630945013026503,0.29262642986133014,0.6327924882683088
-2.7389020043024845,0.02387117473117346,-0.780517136285074
0.48590685598247124,0.3908429223445451,0.9878139416533818
0.48917049228903076,-3.4847492992149345,0.4241348864218686
1.2075482954503094,0.5434638069597809,-0.06282610365756044
-2.025731331546261,0.4284671420559656,-0.47428674048724984
-1.3174786834117618,0.029843363439505357,1.3028976692957908
-0.08660619722518433,0.6685744386132697,-0.5556232537335235
-1.087453090961526,0.8746355651515747,-0.07962184346899254
0.2295540494437817,0.4609689696637994,0.32653179042844876
0.22582789973480366,0.8902486485506873,-0.5283982543716672
-2.5892384397502917,-0.12310129306045241,0.09369943572844003
1.7622861811257147,0.9198874168345885,-0.041806612288595266
1.6637022436530962,-2.366695362361978,-0.06581141463691895
0.5006202640168523,1.013242605665138,-0.06965604453339755
-1.7148952331829892,-0.4305407874219655,1.8647780401636977
-4.783825717008132,-1.6678181649590496,-1.9400364135633787
2.1496527559671548,-2.7544894275239407,-0.39462512728164684
-1.9046313985836283,0.30435797387497804,-0.059207874664125165
1.6848924564413938,-0.635784139669477,-1.68839374409001
1.2586140649402089,-2.0715032680419574,-2.080408802288068
1.7147307180775635,0.7028966834916699,0.4680914116580474
3.351233217270912,-1.4864618548996325,-0.6063987699822272
1.5449302004269672,0.8625574942083228,0.27434874658072733
1.7000014937364807,-0.6160381944212423,0.659278554526261
0.707682668435282,-0.9064040828620363,-0.5288052480756688
-1.4363994503309294,-0.09454201786490699,0.8990238376673468
0.07082024160975392,0.4806537759978909,-1.1071714799970598
0.7314267292905245,0.6334626087549501,0.03694821019999841
0.9797956430918754,1.4981061706493197,-0.5694208100085034
-1.8233039495812917,0.013021054574478858,0.6927696383320936
-0.854054903487551,0.6280201984001825,-0.584991206081602
-2.4498623237623387,0.29886698256774863,-1.1011290841031731
-1.5941516001533909,-0.09315297995729964,-0.4389467097974637
-2.4159109566215475,-0.12588642188534097,-0.6859521991682398
-0.01597879048014391,0.22670730908966188,0.8773986462558429
-0.6630192632739571,0.3264512609423255,1.3155133014615978
-1.5668190885284323,0.013895487877796278,0.5525048990789956
2.1432025123120115,0.015552308520070446,0.49198114101953594
-1.1036095103154946,0.7353311011299123,-0.6756562008558106
-0.37912591005758756,-0.7363464325358119,0.34328002790414436
-0.44517453697882614,0.006756608412888081,0.4083248854684669
2.120745480026532,1.0389827858278662,-0.2234616059890654
-1.7179403738289931,0.5631048007192426,-0.9421722932250538
0.7272462619333117,0.7871441819060976,-0.43367133652710693
-0.9075085216287905,0.6848363250804055,-0.681004540919794
0.8293455519044594,0.3297824448780231,0.1917739454257237
-0.060005358854925736,0.21841624997069378,-0.024974286823946208
0.12811921333529006,0.9951869662242185,-0.2902167212742607
-0.7581117096016166,0.1807330619640059,1.4793597918447772
-2.423492661101383,-0.3354099391550648,0.8043964811764623
1.122968150212042,1.1539503405601959,-0.41626295733462737
0.30052172652404174,0.11787231987370368,1.106153674418178
3.7507589273543975,-1.997731459780338,-0.6540288862241002
-1.8953609906207052,0.12120000818085598,-0.15882818901489953
-1.1471327724109672,0.19751672087570585,1.3232016431830647
-1.5636243413232926,-0.08049540786106615,1.270713531596285
-1.8174676945006398,-0.13007446778310885,0.6233542401403447
-0.02567406123106871,0.6654224235154503,-0.384945948456503
0.0690203034055484,0.04024068376181696,1.513183387253153
-0.1914336465151783,1.1131700127091637,-1.184575431225544
1.2558744800609556,0.6693468634440423,0.09286274264196058
-2.768364516509556,-0.35356275825249106,0.17305883441439962
2.234748664623257,-0.2783010647111367,-0.462742901028588
-1.1195125534666925,-1.9459464367955732,-0.8162848383365717
0.5807880834422694,1.020970855301142,-0.021699224835347496
0.08049078774172408,-2.4281234646618266,-0.529570800494079
2.917632456312883,-2.263609365886287,-0.7665421400043909
0.4815393991587432,-0.9704643559605359,0.0923838486617984
-2.040004864628566,0.42486924489582956,-0.3413608410946697
-1.271985065779568,-0.1379179502458319,-0.47945336466226
0.4589273517473967,0.47237371492178587,-0.23114887166790282
-0.6637953442189607,1.051522334689084,-0.739117943149152
1.1509106064429084,0.6011097860842621,-0.33303783192271047
-0.1748827098083222,0.12029115263814441,1.4605233850569208
-1.7839094238331794,-0.13823759950239925,1.0400551834385778
-0.8418082136082833,-1.009376762383687,0.45281999317562444
0.7487880459714701,-0.06407658499933383,-1.1860696109999964
2.4153774076142214,-1.3177345452396927,-0.7027666137154754
0.4287123515148097,1.537007828445936,-1.6095167792857459
2.4097587484715004,-1.0378559289914624,-1.0623453100967684
2.12330294739674,-0.19520655838078554,-1.0732696413201335
1.4593030874126536,1.0199503486462913,-0.4138246802956589
2.4382242030654244,1.2548463334446829,-0.637267668438179
0.5525046020749811,0.6159253453623912,-0.27353841640770377
0.36231405122136523,-0.017853903899840224,1.9934679394438222
1.0115366338461282,-0.38532771553460377,1.3973774485886208
0.5387550955292222,-2.4446812460222165,-0.9691603840983509
1.8344055846110197,0.08693195231462597,-0.9216813662547055
2.5935979355880803,-1.3999453921038039,-0.8533275394495806
1.5616010242226044,-2.931324356490695,-0.4187926097714585
-3.5466358256170176,-0.4749707365663219,-1.752751469254838
-3.794579285440474,-0.7150279500796543,-1.7859136531973405
-0.2649857729371706,0.22923645832547176,0.8422534921252564
-1.8576058549458132,-0.06099954253553078,-0.4615444043793301
1.2899999103771198,0.1305508748414298,-0.813455412451701
-0.7760473965406816,0.5229967239987658,-0.4585066622441852
0.7524391231456145,0.5776333686833602,1.43439339058612
-3.0864503959741953,-0.41730655271460865,-0.7021178510457513
-1.8669290689042621,-0.18703341789486627,1.7333825566573113
1.4956923893522465,-2.7743757296322884,-1.1830790180211064
0.7426167655732495,1.3147100751520595,-1.2630826832722288
0.391085009803617,0.3413494738935539,1.6173779512931976
-3.3823710637627116,-0.7951493536138319,-1.7521531891199935
0.3986895548765228,0.6760391126962704,0.2594317084104184
1.68930216606154,0.7412280036705047,-0.05392215073067547
-4.2653726569490145,-1.12128731673654,-2.065444408142921
2.0031879754259867,0.8982880264845737,0.7554466094097214
0.58837627103566,0.988776428959511,-0.6778650525576022
1.832119375863885,1.5057046285942814,-0.7727128148276332
1.0083404833404772,1.4748770367442183,-0.1484247825609812
1.7750385795405372,-2.2854711272255073,1.2499739638758811
-1.866812959176137,-0.27270704446327737,1.7277943951323267
1.1011247256191234,1.0088204469725344,-0.11958455291281864
-0.5353296477700403,1.0058536693042162,-1.0894763016243874
2.315140045309819,1.1032988565717072,-0.4414579187585184
3.049448511644606,-1.5686520592577078,-1.1543341383975274
-0.10008933550616274,0.2320324330871073,-0.7404706281823376
-0.457226918822509,0.31105433475360744,1.128647215484563
-2.3789784224839994,0.09808206628182804,-0.2876905137499493
-2.897848849360945,-0.04026752106720369,-1.5744373467129216
-0.43676271535140865,0.6546149348875726,0.1388802945651686
1.6257792444540724,-0.055471086559643945,0.15289806965954145
1.937999131047586,0.9646759431744482,-0.02699778418150626
-1.2511831897713777,0.11283232473216391,0.07108808730644033
-0.9074217623976387,0.6667521658063882,-0.6676057199097084
-0.5699272661588146,0.40505196028519014,0.05450427706610602
2.025334629346037,-0.02456981001351927,-0.35272527957661465
1.796354271094737,1.1360770764760062,-0.9226459207340582
1.020160922326014,0.9442913154689301,-0.7968278732744468
0.5395743968038639,0.6309768245311107,-0.8247385521031955
-0.04137689670653717,1.1325382468726164,-0.4269952406070983
-2.430830948619763,0.05500161688643236,0.13622496719258262
0.8718004633931817,0.8108776251259525,-0.9786886546802684
-1.008686964201216,-1.8392348829458718,0.15624786892804973
-2.0498846530000696,-0.02797636003369586,0.48372800391274146
2.280377963429422,1.0202091698874545,-0.03865229591000059
1.7399573870475875,0.5719779621635434,-0.6072910372528867
0.9816367239011944,-0.29976858770847914,-1.2886456175351972
-1.1688793036729288,0.1764792713051842,0.7435774785750171
0.7668585257253027,0.810049616406311,-0.07555088169118054
2.0066215147889697,0.5231017337121636,0.7423933197783246
1.0809537049023523,0.8752171458153136,-1.2070984605306019
-2.5002282323022715,-0.39319130439873484,0.5602267961066056
-0.6584023216020358,0.7285314537922909,-0.6821570334863614
-0.4689621159534152,0.962697411730792,0.3777448607623253
0.5122723765116384,-1.7826485110343517,1.2434650085630248
-0.06617331528161081,-0.3527206917422902,-0.4313666965608796
1.7077786507609098,0.7472885600829073,-0.24517813638220282
-2.617739286305917,-0.3078958613237626,0.29835360814231904
2.457164240039225,-1.5615642829504428,0.18763073165273178
1.2052657374859441,0.7037626470991013,-0.7050267816823558
-1.5489564119470578,-0.5471077940109688,1.8826319773170974
-1.1910099405801848,-0.16159728352967867,0.8849041253485712
1.43675115666198,0.554886816783924,-0.2929371364239436
0.1663146142345363,0.4401475296023483,0.7871535431521054
1.4978939127667306,0.9887251226387975,-0.6931888275072734
1.0595860928449308,-1.8250844540482731,-0.01677288584386179
-1.241620186517197,0.5438294584018262,-0.04488003863079043
-0.18069834060130902,0.8540458646823638,-0.5725387088629157
-1.867755794520202,0.31771637558707577,0.3186828728887373
-2.0094586428451233,-0.004168441386785044,0.8314528597711816
2.1216314129684193,-0.7744552628570415,-0.43421729774429346
-2.484111310337063,-0.11015014899608186,-0.8249655432969031
2.5720710776276743,0.505417358251752,-0.7748296176944337
1.9589421020944093,0.7872594504324523,-0.18573215134991378
0.4490046514067614,0.6300195515887466,-0.14693671557707844
-1.8015822473130214,-0.5643877328210806,2.5740388395009175
-0.9601789026972162,1.05941858328014,-0.42025115028192894
-0.7653902847462216,0.31178394036082635,-0.4945101059742682
1.2575007834929766,0.4782397060974735,2.6286425507239697
-3.476513552241736,-0.7582749220762444,-0.2087382690917089
2.7425306943985333,-1.2653682004569682,-0.6478163513793493
0.35948101542537914,0.6342266016431752,0.491448325602856
-1.829238034221823,0.5144969175746948,-0.6891601591950902
0.9280108373496028,0.8840523153442347,-0.04159374158468426
-1.5563072129291626,-0.25190654610551455,1.9057697127281257
-2.0000797740941714,0.33767151576377713,0.02726761473898503
-0.7991150942142473,0.3481726526920357,0.43931468926508543
-1.1424275489303364,-0.4946093533463904,-0.11459029428884782
-0.035006725372881506,0.9010154600990579,0.3059441003782122
0.9846584524794101,0.5539318975318979,1.4561060695684194
0.6750115567414161,1.0402422877706223,-0.8360703372628151
0.49737637389198036,0.18582289653229309,0.8611453473156964
-0.837452860225914,0.9615830495576634,-0.6899689625144276
0.46136167477686263,0.17008707776588497,1.1659086756633157
-1.2954741738311262,0.7947366338835441,-1.0030126318572583
-0.9962036973228566,-0.05727168471343963,-0.49610408931422706
-2.5650203958011413,0.0694663329109436,-0.1393404156600991
-3.795585486644462,-1.2076766951988789,0.36243995345403984
-1.1953398873987024,-0.24599862788999394,1.5916470898355268
2.6672693136670347,-1.7261437221746823,-0.7081124346301803
3.8199134574003084,-1.6964232394321497,-1.2476207051408694
1.9521140254141072,0.7690683986319855,-0.21710600309723366
-0.41822180405065523,-0.8293224073256334,2.886784574907691
-0.13890901856486537,-0.22843577754355876,1.3669080332887749
0.19730993786046663,0.3226229232064316,-0.14029346640809007
-1.8828950928907964,-0.19846788396708995,0.3691286354573522
-0.36040512220145193,-1.5648337354223452,-0.4090387994078261
3.3571631017876538,-1.592308907452458,-1.223196724047113
1.6607518241300572,0.7444011386892836,-0.48052932465054937
-2.2229345664408053,0.08803951280684603,0.46151884388024184
1.0545129978718395,0.3331596498262784,0.9185551781315919
0.6965921377989854,1.0064753113354,-0.8857484834817066
2.823239601331606,-1.6253783490564593,-1.3655476063075611
-1.299241852177265,0.009260442606956992,1.1327228822486912
0.27555639513924535,0.027440884290108113,2.0137223918959983
0.012802521385240153,0.5892688167176712,0.546441215796133
-1.5444878790362024,-0.34756746927466814,2.5284239087933753
0.15647744725316357,0.9497919803113422,-1.1822405085970589
3.4731247471519437,-1.8982687322316212,-1.1325454220694242
0.656026577593965,-1.7207199309565806,1.43873994072053
0.8220585130023419,0.37375746829428885,0.14719079908734473
-1.3900985758663555,0.3949497737811136,-0.17176780957933505
-0.8644866234948483,-0.4374264904458392,2.4118637140044887
-2.5358704739332434,-1.3345400133195615,-1.0663494349397404
0.4464712940831825,-1.133057399525971,0.940054747925835
0.9085622281248987,-0.6502580158955117,2.977858765183193
1.3955452976581204,0.30160011867064296,1.5708641017726166
0.27529701045002847,-2.8316196553095385,-0.6946422188411722
-0.31202472395491554,1.0099844529355364,-0.9103267558882729
1.2068219557674813,1.1178024444873809,0.3753933661936805
0.7644504540809017,0.9694059675235657,-0.7269628018244509
1.923598575957263,-2.4598710383690614,-0.1328444988299114
2.0627708565571923,1.08280983909619,-0.44660166581676203
2.0389408157839295,-0.8323384643052486,1.5498022512294625
-0.6497111608420745,0.5350503691285765,0.5264648179633306
2.4267328281642513,1.0594389873371102,-0.7081168244740209
-4.719806165435843,-1.9748215207699624,-1.0728767939461068
1.4191171061609988,0.9785328312197923,0.08419681179853511
0.23665366482964567,0.5817588904781943,-0.5598116966760679
-0.3173860283648881,0.3304587954708792,0.6160952370489218
0.2664993668559212,-0.7333728037523362,-1.249989972955386
1.4744870423947463,1.1741709478166844,-0.5594821374478064
1.5540263020614573,0.7368060380576027,-0.27656736791282255
-3.0480051820328486,-0.17972784247979637,-1.0125131614451781
1.5097205660543613,1.0726771968153102,-0.710742448686699
1.9339185274581685,-1.6685894008795594,-1.3528950362762353
0.7153841642912999,-0.31030067834546055,1.9045951892236728
0.6004050120928057,0.2671588063234827,0.14575520200651557
-0.7621312464024124,-0.9490170699763427,-1.1056942102535297
0.8230123000940898,0.7900645129926883,0.6999521064762534
1.5307969104313128,0.7845067505952303,-0.8267792772066468
0.38065509120591956,1.0081822106040208,-1.0981344232803185
-0.5141585613982432,-0.0994374868727663,1.6784586827126664
-0.32934561395363515,0.3696428073186536,1.4713083212047542
-4.009811186859266,-1.0517556891850446,-1.3997824745681056
-1.9781716898596045,0.18910874827125065,-0.8649082116614446
-0.0299271071016528,0.8637589660014183,0.1895954954072375
0.11748227439659263,-0.01665786042902755,1.9360336671112188
1.0884819196448523,0.8514556070929375,0.11974891537344978
-0.4037357358941568,0.0020579012026572105,1.3345360392375059
-3.1260615724740366,-0.4212205629118224,-0.3386853812172267
-0.12413625681887054,0.12484223884814546,1.0778794052644034
1.180413258538887,0.2722023604620755,0.7178937059250071
0.6587519620127034,1.225319932036819,-0.6164115277866168
-2.982556663078529,-0.5060414639795049,-0.13624551452449182
0.06816025612556685,0.4912772352418061,0.26757801621874355
0.403076011560854,0.39755737371873406,0.8090676900413579
-2.712710015819976,0.12447513996368298,-1.0243055752450934
1.3452161546716765,1.1821958022987684,-0.17040870932208277
-2.048557542600163,0.3879391017470049,-0.2580687372575224
0.15231573895800868,0.028937181682922346,1.690634672178029
-0.08766662177212174,0.16052178400991718,1.437970258415459
0.2722427554065786,1.1389875723242064,-0.2542279121052377
0.177737413200034,1.0321086266003647,-1.3734091192417504
-1.5353248484745754,0.6702510832178921,-0.3716280942256104
-1.5575063945928493,0.6376407020610978,-0.9002171863817229
1.5689730498871137,-1.4675423406008559,-1.462319030294333
-5.016809648884526,-2.056793488738504,-1.4030757764620336
-6.890390702097273,-3.460651778838846,-3.2999264276496296
-3.4360939381674336,-0.9271500769747952,-0.6317680327360569
0.8619592925663897,-3.046365646614172,-0.7337151342123455
-0.6865862966721699,-2.4999779167892715,-1.3914781869089763
-0.21208262898702218,0.8803654311591208,-1.0183354082083205
0.9107362561534994,-2.2740852594467507,1.4280162546999458
0.4795791265286558,0.020801090105589847,0.42023235180497204
3.3342066089163405,-1.5445018916919588,-2.045331669848961
1.1812300268780478,-1.134969390437098,1.5326047778418777
-1.8799346389648226,-0.7233361557223394,2.56980325108406
0.748089043832739,-0.07186578924825895,2.9261177354152443
0.36665238892565344,0.5954338128012754,1.0898461575572953
-3.55299712506478,-1.1616869298707457,0.34484793840427486
0.22431356491526955,-2.05517767954668,0.05914739315433897
0.4756436217832766,0.3190530224203663,0.34273512394024197
2.980034258311226,-1.4797953346483743,-0.978462260865967
-0.6970091535052464,0.39324355263400873,0.24315046061951112
-1.068136420070671,0.4847426338460993,-0.1230052367172918
-1.001311412817068,0.8795429041373332,-1.2723190728513536
-1.2504160737249885,0.6745048187104998,-0.029292059122949944
0.19042277853100675,0.7639940834023213,-0.16961639242408835
-0.6891480936218043,0.5413788841106748,0.22806093018453552
-2.1261086654473176,0.01172174160585311,-1.568823678001297
-3.4744078978352615,-0.5648684563500456,-1.652559896145014
2.1552189004707714,1.258492947086691,-0.6730465899852106
2.8245365005059107,-0.8871279822831503,-0.8328529085587232
-0.7544635867444885,0.4769906137634689,-0.6252451343342725
2.380769794301657,1.5082013252542317,-1.0389113560682472
3.3189889813462727,-1.5749323812013454,-1.241480296153945
-1.0674354627017306,0.7058683771214146,-0.162256005168195
1.5549312498435766,-0.3127807041045971,-0.4669489778008135
1.4871928094312874,-0.1821182875793368,-1.5876125921185942
3.9741541727093175,-1.9559756261920838,0.005774280700506391
-3.2771649673728254,-0.6787373194912772,-0.48077208871123783
-1.6674834049105534,0.18091021722282843,0.07209509162266406
-0.5534967709266083,0.8064695307849925,-0.28039252633492284
2.333883178064371,-1.755540415451959,-0.2932264241173434
-1.5223892559530774,-0.23207465197799823,0.8736557045693939
-2.1309021992521773,-0.37335780097135474,1.8739180622309677
-2.177310594599171,0.20194133872954853,0.1386508348198501
1.9427527827109117,1.0070168872448926,-0.6778300785877269
-0.2755883722574943,1.0701915562973612,-1.1774084566286889
-0.0015838236409791322,-3.51670298969446,-0.7019017055458319
1.5194832968036658,0.9370510720644011,-0.001883802786460266
-0.8341303913936444,0.22343733452853823,-0.48809555875761795
-1.496339665386655,-0.006891045986281653,0.6827788130618232
-0.5801652897430275,0.7878785317136829,-0.7131335971199949
-1.0945268098235166,-0.2787012439333217,2.8947249041477927
0.8276313500968435,-1.3668311687466534,-0.0035786891087878398
2.1511097061986115,1.145702672419725,-0.4997619852129825
1.3236608921293564,-1.7028213944147,1.1044797511121869
-4.248996515464602,-1.8709924217235023,-0.07961090600415427
0.9244058845498166,0.9540733093406478,-0.6766513592481657
-4.208272869737804,-1.635865974795432,0.28643974252009363
0.8908702958805339,-2.2654951273263997,-0.4914278691172917
-2.2668703149379303,-0.055629576445140584,0.16026190299229012
-1.7039226683676454,0.6786189262477179,-1.0460469629272786
0.6475929451182946,-0.836873145038571,0.3208619066935499
1.8635474816939486,-2.8141155966717006,-0.1570644313728579
-0.6956361194769085,0.45978402397014617,0.257335363148005
1.8346511862298367,1.1129046943536696,-0.074327846101891
1.930150098387908,1.0029495031398585,-0.3428713940877007
0.08853099936355037,0.5792103137623023,0.7669356760079521
0.8584010866323457,0.7456285614395403,-0.10742368409764569
1.742888972981058,-1.4860680065452203,-0.4273358930362228
1.4715277210218123,0.9677933426982048,0.29770645528863243
-0.2387198427802501,0.13165080594971004,1.41983263528624
0.9367390278277765,0.7870316332413241,0.4794244804030294
0.3579889039297948,0.5621359140578377,-0.8920847824648437
-0.20224519083231574,-0.10504713371773794,1.741529022541688
-0.7471146986848115,0.18958335886224842,1.4071732974632234
2.898971544435631,-0.937161919163948,-0.07801731856914795
0.47497001352427265,-2.015652794347708,0.751851647110015
-1.1389641723968227,0.7625500474154103,-0.23651466612516547
-0.35665507230042404,0.6621660740670547,0.18734840056312332
1.772963593068952,1.081301608943207,-0.7377064049029952
0.33829744074500845,0.41420648197517423,1.336785865138165
0.06591979793792008,0.8742372166662477,-1.101802563504078
0.8225477668874256,0.4053785638600001,1.5288590074279975
-0.15566921185810995,0.8416959671141653,-0.7897993985487602
-1.263532219073395,-0.31774444813902236,0.15657782602194978
-0.5890843846445342,0.18278745278442274,1.4543248181270265
-0.7145374833517442,0.06380170037566073,0.47849735299690016
0.3370036277155368,0.19789409712114572,8.92691985330777e-05
1.4395889882446098,1.1574747305152338,-0.2583704945774674
-1.1773329655270826,0.45029020365252037,-0.45368738969186556
-2.546435163264899,-0.18144982015827202,0.37309914289868784
0.04287018711807229,0.8942264651077675,-0.42750265607814103
0.2829276673591137,0.5657106521985833,0.5164631589205525
-0.5714491191944288,0.6106643598243646,-1.3255053247042323
0.7932266347823153,-3.349032091434782,-0.8288877084644235
2.0521349570187084,0.11022384873163177,-0.9249973869858356
-2.393670931995484,-1.1212346913201103,0.5812990003233056
-1.5325767218975337,0.08514097686320626,1.0221448390208159
-1.4635750447110685,-0.3023725191924022,2.538176945140842
-0.3828175424325806,0.9346751263809606,-0.3467349889766656
1.4231733514882496,1.2043338840207016,-0.8100985840981852
1.390070976400212,-3.183012886632961,-0.2796477013616299
-3.5964418201854897,-1.3216890379236415,0.7893731024545335
-0.254111035564893,0.850193869775298,-0.10458459727627724
-0.3768996890826959,0.20375086311021856,0.5113476140056679
0.6547259883326508,-0.08723080840430586,1.1017781999396623
-1.427045130485663,0.5405457462414941,0.07697829795885969
2.1751449480470724,0.4348446966999928,0.8437026236731222
0.6734420826961058,-0.21168472110582576,2.8846311159621134
-1.6231994868480986,0.553824847665584,-0.35870585646093545
0.9632736432796496,1.1819391224440217,-1.0400156826904294
-1.1667936520512308,0.3990805574124337,0.007381736156779654
-0.2707765592502559,0.23452924932577487,-0.3828792873019347
1.4023305112814024,0.9697720974191945,-0.5122491303690094
-1.9882959872879014,-0.042511342624537124,-0.8538918944600336
1.6490326907933275,-0.45430847396590884,0.6029640440236917
-0.12857316630381435,0.16511313209767,1.1872243902050532
1.5535700201720013,-1.60908821044885,-1.745761139736
1.1448689607240536,1.292665935893086,-0.5871161323244679
-2.1569270659913182,-0.05803995663474202,-0.03874413543746266
-0.026231205541690693,0.1662957234954178,1.0447856531912312
-0.9829066304125093,0.03546019692471318,1.2717928780042336
-0.9234230693740161,-0.2691155112854385,2.284142933285889
3.616229589008665,-0.9991293367542207,-1.761568117354138
-1.2990445665695023,0.19102992959402168,0.4444453628792417
-0.8579469641216126,0.7656178158999045,-1.1631248015389626
2.2765816764189255,0.896225693512565,-0.6850617267708428
1.9521948366876727,-0.9486599704077965,1.2482656379324972
-2.0363341057881805,0.43567298274368693,-0.3725493053889027
-1.2193668038000707,0.511552021510939,-0.22793210927041074
2.4591091691808926,0.2117364277274208,0.7641262495390324
-1.3519443775530358,0.7589815983131865,-1.2462923933926588
1.7110690796144852,0.7154902701001297,-0.7986831974788992
2.0189257594347882,-2.848523529802511,0.012843032367207196
-0.8186522696389243,0.39760252078101127,-0.09651596191112119
-0.2720138331971804,-1.8762731684751517,-1.2943120556701104
1.1060921483134245,-3.5495071637242868,0.05813761460718148
0.8888837378640791,0.7005612979867712,-0.3261359258315716
0.5755464267555348,0.7217302234632303,-0.5325791381012873
-0.9783251151316955,0.5443694731709936,-0.17823312350526044
-2.218845284443118,-0.4991436076347721,2.5832264246156287
-0.9405821177029882,-0.056433572269114135,1.6306593310922433
1.2526227078713579,1.007424169790359,-0.6443866657506983
2.147914376359274,0.9914032565438708,-0.39077300545049815
2.420589669562987,-2.4998844875177215,0.07585523902313313
-1.375717435235327,0.7632703571456877,-1.0290792667542572
-2.9134816584130965,-0.8007655391106261,0.0027806668312127508
0.632511172323137,-0.11173094609355491,0.44775946151718
1.0485151293105792,0.6542396017354355,-0.80328445586845
-1.6285767023764657,0.45800361368406994,-1.056949910781404
-0.9738128999076042,0.8836439416659182,-0.9516936274956871
2.125143680252058,-2.1981519314623155,-1.635380767714016
1.6810339528972704,0.832424202730419,-0.022462269249708282
1.9198025957242113,0.34506227376986726,0.3865939343837743
-1.5190526784721026,0.42482309952306097,-0.49181510052379246
1.154239126522884,-1.9320430821596595,-1.1370903096185325
-2.224597867778902,0.34774842545509865,-0.8915286003364734
1.1749706359476877,1.0721994878324925,-0.002687633548949343
1.5570047104772258,0.7445300509491918,-0.7601934913748005
-1.180099250744649,0.022167503942595475,0.8661794891839756
-1.6968825105808019,0.21567242643289725,0.2946113334498887
0.5222581314997459,-0.4903580467860183,2.8142796327748583
0.1860092295308291,-0.69767433453185,0.13858532833612844
-0.9959460186589827,0.3333446247809734,-0.6545518064241134
-1.3723475582671043,0.7731885427109337,-1.0577112995489624
0.19932628091538293,0.29590824715305525,1.8143002478740666
-1.5441623840142176,-0.008574734018935314,0.3118762673226646
-0.23765934142423778,0.326621059245395,1.9698108408566224
0.041175301362429084,-1.167337671381304,-0.2580101693563627
-0.43984235266430183,0.009950739293899849,-0.32515401833262136
2.0271453200638216,0.5938661478766256,-0.2430603899872431
2.302501613283194,0.33463567245408576,0.35624085802025235
-3.3803235516129106,-0.6798743743599914,-0.31816250366965565
1.292808096252741,0.8419088783515315,-0.2865640237875424
-0.9532072805109072,0.004181537665333453,1.73190559374699
-0.8340486803635476,-3.894411571859474,-0.24415094861023812
0.04187237529921378,0.5953697827229725,-1.0861358833729655
0.9126363475436535,-2.721779538235424,0.16699973673756613
1.963495384851449,0.8201629729861054,-0.20412393320728311
1.3863909670187529,-2.4725379670284466,-0.9773627756346532
0.966376124946454,1.0788869284424487,-0.956480307999332
1.4702818901230257,-0.8800681349632552,-0.10738650166571675
-0.037034492056464655,-0.02679037832758033,1.1856186979956937
-0.7758810313802681,0.7569069291561233,0.18134008582299713
2.395953770373421,0.6831996377559805,0.24414642648877866
2.40296066369667,-2.852401142360103,0.9120110535914603
1.2458802156210704,-2.809490391299262,-1.179509102501205
2.5126612262980785,1.1683317992102664,-0.4342936379154115
-0.6096492891198356,0.4209595352337925,-1.023084441388063
1.2417871780925944,0.6946677672673414,0.8261365138373848
0.7624537408119121,-0.3165463842585335,2.807863385383104
2.01442252173862,0.9362646452998566,-0.029976012771757078
0.4678584833308463,0.03431999652374959,1.7611695127555875
-0.9327265292971317,0.16879186167352886,0.1708841640641459
-3.597364509263654,-0.6242748514145804,-1.3217371184345372
1.5698906583827077,-1.9744670676059133,-0.48535619172184236
2.0298574628801624,-2.1921011576642635,-1.7798928199181465
1.3949000757091141,0.4026492590643902,1.686011457227479
1.5304080679689958,-1.4502820019363651,-0.31899873797301437
0.4611370353171394,0.8996096486335113,-0.29261314225394036
-0.6180108676517964,0.45084467855652155,-0.22090525376586678
0.3462871238203005,0.5718784950194722,0.6247989237832965
2.350745325566336,0.7751662961184175,0.6929733218404484
1.5865403879813347,0.24825595922038954,1.5186195180245863
1.476290323171687,0.19465520846099976,-0.11335610038187893
1.7896452001818313,0.05596261807357916,1.7427943220305537
1.285180240939182,1.0341895329462625,0.4341231859637198
0.2729736579212823,-0.924346541869925,-0.46703302222206583
-0.3203583190539412,0.4717139796815725,0.714016927071482
0.39581435251975894,0.22357998683705055,-1.1362524638508233
-0.5049526841241232,0.6104822746087836,0.6591078520796947
0.8333810434801122,0.6731764852081802,-0.02480415514920959
1.728499316727789,0.9649446745711268,-0.37985596999318344
-1.6817701297742929,0.7555760325705716,-1.2448897705430595
-1.0760500563300364,0.41441933075102433,-0.013268934427385044
-0.8079836995051288,-0.43617882053934315,0.09233503744596519
-0.19414817050480265,0.7012197190717928,-0.5205890017873044
-1.2875410289466698,0.9746487011054038,-1.1295622437231354
1.8497200184319693,0.9571472141975805,0.08368261362132871
2.378161441806733,0.9275412019548559,-0.05396236295807716
-1.4472027250404513,0.638890982278708,-0.41710555354140044
0.473774119470242,1.2142718792925293,-1.0960884819905157
2.214209453785425,0.7239616693533375,0.6464252834891622
-2.543545062930898,0.12091430756672246,-0.311180175475774
1.953502030460235,-2.222055906137285,1.0293854675853336
-1.0191037545543904,-0.0033815461989673843,-0.3288067678767924
1.8741547256216735,0.8510021922383451,-0.7239916934637849
-2.1322070895632668,-0.08045786714013901,0.44242644469630193
-0.37690673141611625,0.721251075000428,-0.35303626426478946
-0.4486827902166376,0.9767713885938405,-0.31996408825088885
0.7372020326312315,0.5985176871712505,0.16350052680801463
-0.18335009657732532,-0.20016013915882064,0.5665946487900672
0.47574633152136986,-1.1681139834417302,-0.33500727865078755
-0.33589083333976044,0.6490217924084409,-0.004300411080005455
1.1497014543782993,-1.5479628418830764,-1.938310133903718
-1.0475140664734768,-0.29846145451934397,-0.06456760527536137
0.8065818968451424,0.816195811811694,0.2885067846425016
0.4646001691292284,1.065981867451697,-0.9908702055783423
-1.5838112058262717,-0.25859863557739343,2.1546825899606667
-0.01803387898217606,-0.05009476449919073,1.0157831655253653
-2.7228918424031163,-0.13945041983245607,-0.9374015162252602
0.14908436694752109,0.7151192889982767,0.16012571468468262
0.22759665539264062,-3.6667195058085236,-0.4978743568548948
-2.0661859740085884,0.1256127619874363,-0.12914407555055732
-1.1862216001148775,-0.29573003256502256,2.3172512138402133
2.093082293620783,1.1068788636992004,-0.6201579967909245
-0.1860535216683304,0.7734192291117115,-0.3991762722334984
-0.7664294997642404,0.4556426826456974,-0.40877231929932434
0.9411696591510232,1.2484648552839,-0.9268211515043624
-0.3395519336612707,-0.0019838556282629075,1.4864266669586894
1.141089971430949,-2.0657323026209027,0.7347323653170548
1.4685553915535845,-2.386293291185692,-1.857739606995852
1.3268231718944872,0.6356350734497116,0.40586834291287344
0.5306860080198598,0.14497592397419015,1.212131577478544
-1.5320093650383446,0.23503655652903052,-0.4557067301624117
1.9630899950856968,0.5602078126595794,1.8361593198237849
-0.6787486977227492,-0.09289453148118182,0.9721071425790154
1.9856510793184396,-2.211053393934427,-1.8552635069244454
-3.6755466518139217,-0.7623440428251083,-1.3921935720190552
2.2688882039706515,1.183633565388092,-0.22313257886476812
-2.2479858124685967,0.19863562457873027,0.031289678237883686
-0.6925843588870786,-0.19608992159264116,2.318482215788666
1.2404270733378753,0.8867752009078281,0.84146970647132
0.03096004283775345,0.135526834714137,1.8138904451919373
1.6918178428449995,0.4585310923997985,-0.3543433501504309
-0.7167184748159648,-0.1928638254992736,2.5387630602265006
1.1335983063730766,0.9856819229883946,-0.9377147186234283
-2.9809123923437593,-0.39167071752661897,-0.1668635541979103
1.1108771580725012,0.08480573059562961,-0.7554950216952451
1.1987680829166196,1.2609293429401547,-0.9173338699076583
-4.567258537550673,-1.7130541132339734,-0.9430609576498272
-0.7523781975460593,0.37879671095111805,0.7440439328840248
0.22352531712985302,-1.2132562157245246,-0.49781478412728897
-0.8357023298692354,0.2404894951265066,0.7501767596076029
-4.301939849142326,-1.9290413176589638,0.36419717758724907
1.964819913847542,-3.0477284058984013,1.1349785825506116
-0.638328064751224,0.7353839450380377,-0.9314078930074705
-0.19076227746544397,-0.20432465381564863,-0.2927996972460319
-1.6975120533932033,0.0951300970863022,1.0124123443449964
0.7593837277293368,-2.438982341832674,2.0773138404240976
2.20499503008318,0.8503191418030471,-1.3789018219159943
0.08259604259597676,-0.2742793257373634,1.6227426677678245
-0.8004929943832787,-0.039178434957831604,1.281482850589086
-1.0069666763005822,0.08935668322760683,0.024436303983482555
2.2585280575874784,-1.0024056225103752,1.2850585964616117
1.7011795714369826,1.0424435456397,-0.7968095924774193
2.162252516630083,-2.6821319671427952,-0.5335523117136056
-0.7730249155418082,0.3521236775130894,-0.3654905797170901
-1.0347663113286836,0.4642677124345766,0.3059190147312324
-1.066690639389355,-0.6466575069368024,2.7354307485461185
1.1399607153152866,0.3308526336796012,1.6732107462270225
-0.07129912594823372,-0.2749725950439541,2.6993791783072796
-1.1758387636018988,0.42320046144755674,0.12070861781948992
-0.38095116477104607,-0.19288724353820735,3.1933073812569144
-2.2718574646947807,-0.19473487285358063,0.18638203064428227
1.196067905909829,-0.05167002056254191,1.2797358899951834
0.8037482593844639,0.6202860878106402,0.3191997455501476
-2.938775898078587,-0.35969068957291994,0.2098533930299764
0.6605491125226689,0.7894223909743118,-0.5664163527864493
1.723297111851958,0.9215284651190181,0.4027826007324295
-3.3157824561324047,-0.28521289270530925,-1.5743839761391856
2.32274774022424,0.8557566060512216,-0.38630025443582056
0.9061666774754173,0.7687089128187329,0.06922756986123936
-3.31767994582863,-0.49550238912032685,-0.8504115418712374
1.9612947388383115,1.073347366176411,-0.8459957082091804
-3.8430212668586736,-0.8576018675800671,-1.3743281817734472
-0.26813006179833593,0.7366718392949315,-1.126239428280917
-0.3945855169957767,-0.18588901158029347,0.16902677073879338
1.7184343287378891,1.0733346704196274,0.19923086601917384
1.4098851531021965,0.6413100403580159,0.30989729765379925
2.833317601547376,-2.585787381068721,0.7735027604210681
0.30244369448050584,1.1147939424034494,-1.0552576115536294
1.3116409173532997,0.3639239964395907,1.0277896758885208
1.9217077752852454,1.2620683614543768,-0.5330202649718744
-0.7562235601534709,-0.10547624408124864,-0.19094620522347155
0.8841572304184115,1.21371382327292,-0.4803139472711058
1.4705231744336278,-0.31045159331581895,-0.503367316059134
1.8267433145086263,1.1284848417117666,-0.3808857964390777
-0.20068972877935948,-0.26989995914299275,2.404289789963307
-0.11390240536213787,0.5643720505260617,-0.42477309736137603
2.0093808849563146,-1.253905346273115,-1.6982754668104623
-0.8033674705330575,0.44258857673766355,-0.22638268208710816
1.1803627580007856,0.8925228173112549,-0.03645567988964317
-2.4652333228905183,-0.23317762359751512,0.3864196080720256
0.24874621977524847,0.24222232599657997,0.15668065816788415
1.9105451855049564,1.0282742569303933,-0.5581168503025506
0.14996945001229312,-0.15561611429258604,1.0092673920064366
-0.9727202262679883,0.7328964405904739,-0.21665157154611975
2.3543122332953788,-1.505217918603551,0.39268403699834764
-0.41144585584058135,0.5505382791340202,1.295557811844213
2.1996931234453223,-2.127253734852323,-1.7554163861604641
1.1456500842810218,-0.6410909162894758,-0.8111428900774028
2.111900531683642,-2.816014365859038,1.0203987552237175
0.04263375655204672,0.8782232499908711,-0.9759453480997691
2.0712480925500056,1.096001955143163,-0.5080035848528595
1.595760452454938,1.3913670873786357,-0.5918427241427674
-1.5799554124185795,0.1595594700410866,0.021041046055356533
-0.5427040407789323,0.6191718847054275,-0.3387974411659624
-0.9668477060777797,0.8806278379771699,-0.9896239397835758
1.5871129299177575,-2.8372923276280053,-0.07903644260900292
-0.02655403193933619,-0.5905628220966048,3.0815989615016823
2.223165221192068,-2.0914147460906816,-0.25556465080290297
1.7340805010532456,1.0081587439004807,0.35299798320563897
-0.624514742863229,-0.15231148222689667,1.7992772308739504
-2.5606276639486905,-0.05379019060269023,-0.1822915015427851
1.4051410965970978,0.9858506337429798,0.13636364321475597
-0.26833965787711594,0.8232121664263544,0.04920891431754281
0.9133795169535885,-1.4154752546097944,0.93621217988185
0.38948446848966395,0.4170165847174069,0.9877682360887949
-1.9857947404064917,0.7624709053157115,-1.5320815655460198
-0.9552368959746887,0.5027911243487531,-0.3577537530929844
3.4634761437481796,-1.280739893186893,-1.0795166820633113
2.0144311421173224,0.7915733005030742,0.012817749479693611
-0.06990347357520017,-0.20652823953003396,1.4672063077669495
-0.40077607096335144,-0.051730617263878204,1.2835385231158196
0.5282384677407652,1.1661856966995645,-0.9742668070837643
1.0276781468902612,-0.1325920698831674,1.6503735492300704
-0.5220889464935594,0.8128933416081527,-0.5518495638107455
0.702132233403908,-1.577150061633936,-0.6199062353454663
-4.310469150685632,-1.4469616626118698,-0.9850578597934267
2.684796036905885,-1.8870108927445597,-0.8051541240600625
1.6562997198176086,1.1850768118992334,-0.5308028084846024
-1.3831597970398715,0.850897424663714,-0.9824930751419525
-1.1260814907918877,-0.4094464957870538,2.5095218839804607
-0.9417346493143167,1.064071662473734,-1.2196436364201224
1.8908924907643747,-0.7222720516242352,0.3930157388607771
1.3192133605850966,-1.5529855269411477,-1.0472043671210125
2.918748592231865,-1.9546399830956156,-0.1925045072197386
-1.233284302778454,0.28940135043680065,0.5769186864774835
-1.305373607067357,0.5881095994698305,-0.8033358115226021
1.2684763194985518,0.986758674045512,-0.7983050805472836
0.7317493581037552,0.044360583758020045,-0.701498293100929
0.6708162861392115,-1.3563619144552266,0.3404045191280024
0.43663610952679766,-1.59613898584514,-0.8218902595147448
-2.007521123040366,0.09930739902604735,0.8089678378488082
1.8411441947266582,-2.3992960952325952,-2.090671789086508
-2.9280144719968604,-0.74548242339019,-1.3477996381401582
1.7131915018603447,0.46437843345204577,-1.0124243245685047
1.1569858520326213,0.05849107786300046,1.570084329665405
-2.3918398881498635,-0.2422498390243598,0.5354598874261907
-1.1344263954086962,0.4825855246987403,-0.2570008439417837
2.7532483795407905,1.0068063734060517,0.04884467248386649
-1.4004710842513535,0.9094783773120906,-0.8520559303451521
0.1434047642561432,-0.2289119186807681,1.1226152593296317
-0.49265202801881947,-0.06669273959706831,1.3927840807774654
-3.2744244897358796,-0.6531758764328678,0.21402407537875157
-1.1911156011213717,0.4955623997996449,-0.6821183161307299
-0.4046675486546112,0.5300143904168847,-0.1005199704324029
1.017335522639836,-0.5490632190677986,-0.44662288266579125
1.5069318724629766,0.6437635344629672,0.05542280093851885
1.1909409112196483,1.1518771361108062,-0.8554322398451221
-2.0977166387910464,-0.33530333220094066,0.7832524834031556
-2.4941022228541048,-0.43341331059070204,-0.08035444153359694
-1.5329387930024791,0.4100694983798285,0.29009852532273117
1.1078826387667642,1.176070130783023,-0.14496348250989594
0.6166525167472212,-0.80818572515367,-0.3111230046897362
-2.1435056038551243,-0.710047726388675,1.9120209780539006
-0.20217639246123148,0.11823797850961977,1.8249245295118868
-1.13558650300738,0.29798227040731945,0.4394572562261537
-0.20817753619057072,0.650770522047521,0.29441554441074813
-2.056994143436949,-3.2205868042686236,-0.6073962792848698
-0.08413911408712783,0.13562992597673548,1.4398727144727548
-0.3937554786164198,0.6690621495061199,-0.8950614893607708
0.394073063941075,-0.8939865323265149,-0.20315113796927692
0.60138107658097,0.6904865186717932,-0.17257498440132385
-0.9288003348044006,-4.752375824142558,-1.1332509801096795
0.818627535584454,1.272584331217153,-0.6738922363473274
1.0755831202219848,-1.5060359782998511,-1.2254865269574071
0.913958717586597,-0.24623944352171573,2.3238964498212726
-1.3369854711088618,-0.009790522020617712,0.7186820351277061
2.316672118712686,-2.3193723504023276,-0.6042180847495019
-1.0485265548078362,0.5307001843496885,-0.2789951212358982
-2.1881954042679514,0.3688724041696059,-1.2054224007044494
2.345957995763173,-1.8633423638821967,-1.3667850701155362
-1.8165082622911544,-0.052993311319962294,0.6304286975176038
0.3567110361038271,0.7917954682586612,-0.23996716319993056
2.784508204362024,-2.7464004149670878,-0.17152537924405115
-2.566429360398396,0.0595817782186885,-0.8560743275985812
1.793037659983776,-0.8518315416119846,-1.1537375237582197
2.194140125602932,-0.5371297947730159,0.6396716228891796
2.160030928477503,0.10734468023108278,0.18202292581236473
-1.2602482398626849,0.797502039077298,-1.3398106510432568
1.96336139233361,-0.8996494908697006,0.004829283187705795
-2.0064464427431212,-0.643588300215139,-0.6164394566085386
-2.2831864235290356,0.5580670521585861,-1.8317100714359695
-2.0677977039558773,0.02883348804945827,0.6192780117085964
-1.230375212518027,0.8885618420365005,-1.5501005480295644
0.2840600635828394,1.6953090176665646,-1.1018017790350239
1.9409953562418596,0.7283395301185653,0.5826478668942942
2.808874371590434,-1.1929568945124642,-0.1785100464052773
1.9625763864835077,-2.4002559212318997,-1.631938095234111
-1.6138394065825588,-0.054201617648001736,0.0618836421812424
2.3616924452533024,-0.3734279021817884,0.08978653967713804
1.166110261577957,-1.2589652168466778,1.4747818250691518
1.9741452138844722,0.8168229956715497,0.015247595766291148
1.725241286092431,0.017613174138750225,1.8089632854599045
-2.5423025020541448,-0.2788179627850218,0.35463369778118237
1.5600739412866826,-0.4378178529845617,0.055904262816826436
0.015901190825026622,-2.9969326284995805,-1.3462231197915244
0.6260576331190543,0.8491296533273721,-0.37763677843738763
-0.8960412016589953,0.23888986751603045,-0.7941175201959744
-0.521743153851315,0.7903950877019565,-0.5335383831090332
0.8734430825203368,-0.6331711431893654,-0.9700931903730565
1.497613832691135,0.766779083247828,0.07279598113220756
-4.718121226951732,-1.9698624279873393,-1.0871928103434596
2.7306224910209527,-1.5075717148624455,-0.6830013895126925
1.8489780735604497,1.0348887190763894,-0.45746393759644305
1.9396075610315098,-0.502874314631223,0.44060090873207136
-2.288810302319169,0.07274372086440047,-0.3505517072625243
-1.516236742718453,-0.14832943805243745,0.8907570971721556
-0.4324181405693497,0.765175193561295,0.0959438206465766
-1.1250634299029045,0.8034625628720505,-0.35462180140332605
2.062028435262239,1.5057566457977194,-0.6284258635799733
-0.7907929992208481,0.003730231927123461,3.1227934419072825
2.225213123130182,-2.3130382763349444,-1.0699160528149376
-5.184496815141392,-2.3573817171258575,-0.6755539683458299
0.9404823184218554,-0.3429270407396247,0.18929283059933202
1.9689178853525098,0.8500811901380748,-0.14657824072781034
2.1487811469950513,0.9278829047526902,-0.4522752841069057
-0.9326690162802079,0.8235493383096406,-0.6146697961612867
0.02478913502354823,0.8083345234570452,-0.805994775069317
1.1975177025370762,-1.1809586115121768,-1.0581835441785443
3.6974307837842453,-2.252459630063173,-0.19490536418246673
0.5424745776981432,-0.724376072843303,-1.3286178835471139
1.631503615990799,-1.9282715070776753,-1.2275686571297033
0.8791865026053862,0.9083638460938122,0.265168499366847
-0.07722360888471023,0.8796293884790191,-0.7590836239051709
0.038613535498839946,0.11187311132525872,0.37112304610167157
2.2042680854512136,1.388974929689013,-0.25916763176731283
-2.257916070589441,0.35921799666855647,-0.6250892997648217
-0.9322652645675716,0.06321797886699938,0.8687925723103824
-2.2047835214509934,-0.5672885249353501,2.480398740013723
-0.14488848400144744,0.28684713311880344,1.338179972001892
1.243994050404917,0.8720341498450895,0.1404951979042964
-1.1227376395883577,-0.039827107111411714,0.4227284274766856
-2.5698709143464264,-0.371715010194878,0.5994922723884544
1.300781632964781,0.7571470506729211,0.3493002635820266
0.11429276400663439,1.2529513553172618,-1.0038894177144262
-5.22429019580267,-1.9848138615287205,-2.4772554636613093
-1.449387321884603,0.29359961125424017,0.9534091756935186
-0.6552275529960078,0.37699186595726963,-0.08010406266197961
-5.457052412107759,-2.669877107356791,-0.4996000556270011
-0.17484431617784202,0.5661973136865184,-0.5935837360268814
0.15467604872724303,0.1618942907454668,1.5084892933344065
-1.7645900800386864,-0.10461051920938536,-0.5708765495530216
2.6053610242737637,0.4280612469516856,0.8193125986273379
-1.5495962509191434,-0.02485021550063918,1.82607976353725
-1.8467259259385824,-0.3113604577889657,1.5631486312893033
0.2512926107511765,0.18962226546201785,1.4889276897924641
-2.306153611619467,-0.07347439875005078,0.48800799650515464
-3.4745282505841266,-0.56522267726309,-1.6515373235452036
-1.5793087379041724,0.1379467684175018,0.036795795257540974
-2.9123471125784484,0.0030767063923890204,-1.4466517595105326
0.45448648344405856,1.147497950570392,-0.24077365486465135
0.8934386128587283,-0.2857180709220479,2.335638974006285
-2.8566519034626268,-0.299173072037544,0.19869125412876093
1.4691108584237615,0.480758267496946,0.4643960494998448
0.95996942081849,1.2365758080739904,-0.977584510180419
2.833643483872076,1.2603559017574941,-0.518098794829413
-0.13795622877801417,0.7808502942210321,-1.4738011705714982
2.018310812938715,0.8976805691387234,-0.560220432624792
2.764016081886912,-0.07950106850941416,-0.8311577860293388
0.227647850842286,0.8203982557874999,-0.4349837789468927
1.7981420957433085,0.6180943110391022,-0.048929424314091544
0.7852266316348363,-0.7452613842424319,-0.8450838397516819
-1.5771736679515704,-0.10259535812548652,0.6358805537375604
-2.1322692916543993,0.5713473909148504,-1.0272903319988285
-0.9085449100765824,0.5567989887966428,-0.0738921216752843
1.983502912924574,-2.5512535342192115,-0.05698446684547931
-1.7295940689854665,0.31234295202495505,-0.12468202912184861
-0.08786430626129858,0.8394642113144565,0.06543056824104258
-0.3941822315398066,0.5869905241651642,0.4743227039524106
1.4703312288642558,0.9950836809651097,-0.417687494123376
-1.9263545917320124,0.7240895222983689,-1.2751123138643603
0.6187548393351234,-2.1531033181419916,0.38735474397097813
1.4090193183145427,1.0796501641211838,-0.3080215136363733
-0.543438670735848,0.5218362510911178,0.3586472438278108
-2.0338338394892803,0.32174239946817146,-0.36652057115838793
0.621793311868587,0.6028354769752464,-0.16513739298823144
0.31779808097022,0.45820458509171597,0.12395040569093754
1.539428664542565,-0.547632607381714,0.9764077282814674
0.5618728511787654,0.4231532914063701,1.6309123917968011
1.0690938300400858,1.0456415482256551,-0.48179688070752497
-0.10800867006822819,1.1422426853200347,-1.174917520972962
1.2960163666832185,0.8117206766304415,-0.8474483790732227
-2.4895586231820066,0.11325822783512841,-0.8767521154253944
1.7124847683265563,0.9060528348135427,-0.23316436496775889
-0.23697347601949637,0.2620501001061041,-0.038433515697905096
-0.003209809711952023,1.2683871929530537,-0.7725296532483034
2.7302453450222384,-1.5055642122822723,-0.823477757985487
1.4214841699833982,1.1133469437566228,-0.8003481566260061
-1.35285618852735,0.0542399829997581,0.31156811594573264
0.5977236525343811,0.31615770636356527,1.3616650863447046
-2.2733449740900045,0.11826110819061926,-0.48195228633822706
-2.4510344506650634,-0.11973016436755068,-0.4041743095994248
-0.5348007894623682,0.7493641209685501,-1.1077746450990573
0.9436844737701409,1.0488722588213926,-0.8872163274561559
0.06780962113648682,0.5085864395366314,0.13361976903572806
2.1494823095053044,0.9402112619213489,-0.47233786491764024
-3.529449236979365,-1.4269953674248004,0.9340465836561308
-0.3940527551086517,0.7568024423730417,-0.20275407986656074
1.3638554209667018,0.7667539694420373,1.1816626882270818
-0.7054274175693185,-0.6837728532051647,2.5048175989230823
-1.650851986779689,0.7514004990869665,-0.8163816792995573
-3.316008517528673,-0.8822144279537504,-0.1988661219641907
-1.7851976766019482,0.15129088786647224,1.0329319010603017
0.1183866563693683,1.0330702382298158,-0.3885471623151548
-0.22769333689250187,0.6440732066477721,0.4967062422570086
-2.3229655750115494,-0.02204400424799573,0.6683524079200833
2.953028588973975,-2.254150572924471,1.4042772644176715
1.5167364968530839,0.8148271193425973,-0.7726500381730472
0.47082010187377465,0.06364237427962469,0.44745233425879577
-1.785563496567949,0.25140797739380316,-0.3944925766220535
-0.6294698866691835,0.5358343013632508,0.4076085811480552
-2.5919187410128055,-0.14848562566233905,-0.6016080146614561
2.7064274563693083,-0.7025741328332894,-0.09250552775567533
1.433284904802419,1.0076038724084544,-0.6965148092147775
2.0812912495158558,-2.0394339020323726,0.48006857680567505
1.5711429459147885,0.877883128089707,-0.4348985825303358
0.12456082288792744,0.7590314498504925,-1.029143011919452
0.3776571922636786,0.12979814712618062,1.7222636183217672
-0.22318181637185364,0.29100953986394695,0.5933834431732173
2.242182976026998,1.1501641171328671,-0.4792704895062971
2.963928766239923,-0.6457805457483298,-1.0492402490069905
2.071019831115857,0.006663033725371844,-0.3147123364218824
0.321667232730932,-3.4375721539011233,-1.0977028269218698
1.7665492607613802,0.7467465906584674,0.7154247205016185
-3.00584053348206,-0.352369776332403,0.07181505845368219
-2.3132771787279096,0.006470779252086874,0.5860353136353046
-0.6731257527993512,0.12578476129492205,0.7859732803051352
-0.802472457718745,0.4334647752628321,-0.2233625273351164
1.7155144783171203,0.8574362985756535,0.24670977831600685
0.5718159101319207,1.237142731721705,-1.1797502617737141e-05
-1.7878051445451792,0.35747956069690795,-0.34856889903481786
2.4388264204992764,-2.749441307940918,-0.0779009702217014
0.5861478081890106,0.9598882991047545,-0.7676441327721885
-1.228201692120124,-0.19940215416971738,0.5309487077963811
0.595076650392509,1.507708442534044,-1.5906762573065114
-0.06243469022725644,-1.4762354711179542,-0.7442309934450387
2.384055750542119,-1.4941443399820569,-0.9394871898941066
0.18664062832552622,0.5241787856539821,1.286539428834616
2.2700793502331544,0.5017036465374038,-0.5710355543602101
-4.078327688051296,-1.060465885223727,-1.5148604886960955
1.4719863592027693,1.0788674565091163,-1.1116732886246985
0.01437413743359383,-2.5710725241565875,-1.0901926711019467
0.6163883273209347,-3.1319084514135223,-0.09239113701595693
2.176319655629051,1.342343937688106,-0.0651282462273513
-1.439453339441683,0.4062526863937896,0.18842713606478312
1.344665902657974,0.8122095915076981,-1.0425823418245443
0.8173445778710339,0.3161791492295089,0.2749614851731756
0.7174054500827559,-1.615591336711406,1.4115411367544783
-1.2033956752888049,0.7515049064294989,-1.060856088465663
0.40517237477721585,-1.3883023206413077,0.4509155117346482
-2.6070793034286868,-0.4061484343725729,-1.1788314803201239
-2.0972369832157822,0.034223766421954474,0.13467965520065803
1.6406436324071678,0.9447302078837695,0.28466186888332473
2.3042312443876476,1.397186167493439,-0.5400709464852426
1.7128206335114293,1.6394883720867375,-1.027403744972549
-0.7831012077474303,0.5555523250424168,-0.9315905510665616
0.17798429227949417,0.8236932247742876,-0.10667060777108242
0.6959882778054524,0.9895266151507707,-0.8653026703005896
0.33009302284904474,-0.12264633547251633,2.2753863808763084
1.863774676985989,-1.2880997559006546,-1.6105494309208535
-2.1962147653126403,0.3243537944748944,-0.43085703524636954
1.3535435078801559,-1.2769006797254496,-0.18532294538509786
1.071285279768187,-3.0352360140506316,-1.0844986192907815
-3.9852180396427803,-1.2761138763421485,-0.16615865509685224
-0.20939420076264875,0.7787466375758368,-1.0245299821280944
1.9125707709369013,0.8615593971867288,1.0505255678958507
2.9633621732215287,-1.1104546193743035,-1.4117638394760046
2.247854219818724,0.08901966511843556,-0.4959171081823253
-0.6913287013584247,0.041001326057332886,1.6944020987998347
0.6216342883868118,0.6335181091459116,0.49322597103092447
-2.2150660893536833,0.08508206829785354,-0.26926615197573606
-0.7115309244348987,-0.9088023270175677,-1.4222614741534936
1.7172068898343256,-1.3101763395320092,0.945607024175436
1.8959710330809325,0.7288730284518365,0.9162316853166815
-0.9840761402229673,-0.3091810377680421,1.4773251753239272
-2.825668703432041,-0.21974164525124903,-0.05393174107197692
0.4205898075572081,-1.1554675416258067,-0.0818593975515313
1.6109129352890899,0.8010561196717477,-0.7741156159727377
2.162631666724388,-2.1173951287105117,-1.5789986060135075
1.7735303666626712,0.8916937149070995,-0.7584749161422424
-0.38967220173745787,-0.9018586571915121,2.1595365055429556
1.4515327023086795,0.9853226414322561,-0.3371792983572823
1.2512164466982632,0.718198800957293,0.06860147605864288
-0.6333637972629796,0.2166958587427233,-0.215793454500736
-0.5587743629148127,0.15986436107677482,0.5282644434811389
1.0751416173961044,0.25030375286678863,0.9239727652003779
-1.5418096280293692,0.37822324707881444,-0.36323588542747487
-2.0822373062180426,-0.03689839776651109,-0.7048221070360421
1.0662371252688405,-1.8875174472636886,1.1804238269822673
-0.031028139967370576,0.42239303173339904,0.265540600809516
4.056606703483425,-2.183587080514951,0.26074858618472496
0.38501290760281653,0.48218656425607365,-0.930199234790779
2.7547815298651868,0.5118829079643958,1.0258724888060373
-1.5411687923368538,0.15242649204848918,-0.28123585855711974
0.7551887700603018,-3.653648973502308,-1.2765093864269617
0.12079265828405468,-0.7657727099015824,-1.2815489526760646
-4.045635119573057,-1.45393277469049,0.3471727900082282
0.10541718600581929,0.048181845053737855,1.4519626183489256
-3.356809614813034,-1.1115485412079216,-1.3035884302754137
1.4503128952741453,1.2384142221697352,-0.8660237777445872
0.7359577105778606,1.1244448720916211,-0.6626941096721364
1.2311028807636142,-2.0885782683835243,1.037534675759071
1.3074286038023015,1.0881094832300717,-1.1109950178093837
-2.2311901275392154,0.4496354976871013,-0.8627898661734176
0.7266636277105446,-2.9020951169938076,2.148487624751907
-2.9566764355706696,-0.20767053335372307,-0.34590584856907647
-0.5464588872586263,0.898840845688809,-1.0101433743176236
-1.0699731504496621,0.7187776380686445,-0.20546898684011022
-3.256368331105805,-0.8104757154747407,0.039755961241779686
2.441517441245231,-2.4364430721189128,-0.12945859764431078
-1.942999160967411,0.06098692996626617,0.9898590955222764
3.5067923244764785,-1.8490507720247156,-0.2402927134193633
0.641731453478419,1.2400498941155165,-1.1323616920907047
1.0060254639985058,0.4991530445787344,-0.4204362609525904
-2.0650897671064126,0.0368034585929597,0.5962701282128505
1.3860297089715485,0.9361536196924071,0.3008053967243046
1.0808872185152183,1.39001917760017,-0.46653691513149037
1.8019604447271365,1.100717473255579,-0.07639910643788525
-1.9551881987674917,0.46979591632937706,-0.3541519649904858
0.1728559337496977,0.5531532911936077,0.6082773500148679
2.4031160989877387,0.5767963198132372,0.3529399454470144
0.5821383132791639,-2.3065966950445733,-0.8839366578572004
-0.6303967165438144,-0.412962958782404,2.632323897294272
0.4900661805987278,-0.06882442106067857,2.342324531175438
-2.9003350706391053,-0.3443254136593213,-0.1107346922842121
1.5172719039862015,0.8840770938987953,-0.6356600609645752
0.07477905798705141,0.5915981833293381,0.10025504567301509
2.074018845847429,-2.2578779180280097,-0.41995616026807253
-0.6207783033671597,-0.2846294169039429,3.107438182067337
0.22430280374755923,0.464107847768134,0.7859184710803016
-1.096729481227465,0.7174238905991981,0.08061656256036434
1.132435396795097,0.7594667784800224,-0.32346027754423345
0.13137389028223237,0.6475266067787464,0.24225288872818238
0.09304594240848534,0.13446867255952538,1.2878012550897298
0.9537401498657616,1.0443738519115047,0.3123045739283198
1.3438698386854226,-1.8849187179780063,-1.7238597484375295
2.4084795100402965,-2.79061650318275,-0.46876412746196733
-2.587958992261093,0.3878473663997692,-1.3388952685368272
2.2563910395728586,0.761606845633395,-0.2763211001349109
0.32860527837921016,0.7375357964790584,0.1887235046426231
-2.469453820601637,-0.0701482141288181,-0.9930275082406331
-1.388679745024965,0.5321729950532406,-0.22171960255427764
-2.257684991334746,-0.24477566678802784,-0.6673406218948872
-1.3468446513306203,0.7504750704722485,-1.268372830383478
2.727450705240286,-2.271501219893258,-0.4611791916086326
0.7197336381341963,0.9087215381843237,-0.33275610318256243
1.2812329768651454,1.0016283895776337,-0.058447804370119955
-1.9258660098182212,-0.3688335666904723,0.8202529583589391
-1.8855054157788773,-0.7276914294615431,1.1384756985016018
0.24923327922667368,0.5471255844006321,0.0032598175374535343
1.5315001381690694,-3.2412427811578985,0.4669797485346017
0.5942765465065347,1.1175317740667507,-0.7582629028148754
-2.618252097887304,0.10574219282891338,-0.38428514996407503
2.601520348110497,-0.21604455231849512,-1.0298572483380604
-1.4351808168569722,0.4188275288068695,0.15212580877149526
-1.352577150527828,0.2264202372293804,0.20205706007479204
0.5701831400025261,1.543973477660617,-1.3958170387216242
-0.8257964448971117,-0.7355634986392425,2.813655065737624
-1.915664196588225,0.48834918046037623,-0.6839432037029721
-1.7051574206852582,-0.018586773709634703,-0.29759066263120154
-0.40573831273489624,-0.1850248994800754,2.03815214760412
0.7631160376481039,0.7335774750891438,-0.10979982840419636
1.4792209699985777,-0.9087787533520346,-0.887838876404404
-0.5902067933161806,-0.24824777573737378,0.9668135021177974
-0.85335491830006,0.5042611029554098,1.4670493939926967
0.43039035056919256,0.1884639567837107,1.412407810538654
-0.6884360664971989,0.16815902866891252,0.3527536127588346
1.4294709638499503,-1.686185614490727,-0.3985646399855232
2.1954223086041633,-1.346687298929291,-1.1027866172094436
-0.4181313269224932,0.7734403529024286,1.2978163597805352
-1.9864965895748243,0.2053633055135086,-0.9237247148103799
-2.3517325292098956,-0.07457444402180305,0.8373708037563752
2.026382749202874,-2.9099916830071297,0.6300633313232655
-2.271052273420631,-0.15709106195079672,0.1476669609937934
-1.3713548265703708,0.20329013323826753,0.2862019301267767
-1.3854052966823815,-0.07490403383807451,1.1888306524941443
1.5445437010530858,-0.015239449575344718,1.950406904343231
-2.803124224704831,-0.3695692142461963,-0.9950398245381661
0.0717438242620839,1.041706415074574,-0.6469755926064416
2.2642403677837524,1.0754932994476796,-0.6087279596602128
0.9103314967301592,0.9271921492627351,-0.5825848188073871
-1.4653234465468234,0.5738002765428452,-0.25251892801928494
-2.1287383941879696,0.472208143722878,-1.040642914117279
1.7119654286418213,0.2608294738000698,1.8181807781226982
-3.119089223863801,-0.8961246315058299,1.013173650710418
-0.14716776902620438,0.12902415978529902,0.6419133859772979
0.3336638599137024,0.400568976822961,1.3761549102308848
-3.711820492133022,-0.7739313399719835,-1.7751971825709727
2.203308715538697,1.0908650742227513,0.5923711752240244
2.724346706476607,0.31223841351649556,0.8642255154918268
-0.8298835576969752,-0.664177159869378,2.16780273398686
1.2442437814698266,0.8886504614216065,-0.5611372494170566
-0.5665290043926711,0.6324659937359933,-0.816947866547736
1.55805163771576,0.9606422710173064,-0.35094092797749066
-2.6708820200912213,-0.47866285042365403,0.07532347113990251
-2.0118629702207795,-0.03447823589830394,-0.5949045189545484
-0.6961895826697171,0.36038172405732566,0.26806080017255274
-0.6080394645690215,0.610666082207838,0.2149012091311383
0.16049162270540931,0.7214676094128515,0.005479768824513727
0.09634518722354636,1.2732760764211755,-0.22996612047662174
0.16407110013248127,-2.517800274212902,0.19671977607865682
-0.7403929843876849,0.6380449121717927,0.47579333565424725
-2.2551837283154157,-0.062245426583539085,-0.6358640745738643
-1.227631966602535,0.22002188586843696,0.5242921853611968
-2.6773837157495253,-0.46566242128422797,0.05516593601117509
-1.076669907819897,-0.4125335892998662,2.0592457554065877
1.478877062783472,0.4516877928179197,1.554041825798465
0.4513654585223277,0.8212444189392764,0.39133394579155756
0.7453055700983461,0.9354945727235999,-0.02364276423593615
-1.8887209083306395,-0.5619866826266686,1.2185244443136436
-1.63302334186591,0.01512850571112516,0.461306113321397
0.2863873259307846,-0.13762067808480147,-1.0363405374394294
-2.1518686451590536,0.04546316686266057,0.6080587933651611
1.0643628926754507,0.7362854237970667,-0.5489612589430376
1.3303157459993764,0.5300983467851355,-1.2797851673357428
1.6464494902336542,1.218369429691461,0.16712024591317776
0.6704446273513193,-1.4604288783346362,-1.0207746808861828
-1.629053351652521,0.35540697776542746,0.3776325750996274
1.1796151798683085,1.4323166356819117,-0.7887803845172993
1.320655220470376,0.36404096848461537,0.421542943849328
1.5118092832241905,1.0557965524088453,-0.1474894722170712
-1.407731744455206,0.1853791710479254,0.6434038382615523
2.883245599363872,-2.06730404072219,-1.7197157414601052
0.3809239509892661,0.8042686906238046,-0.3925682958089673
-2.2368911072083515,-0.30486467128077865,-0.8167429228356314
1.6589426332115826,1.4197802247831164,-0.04246873552264409
0.9302475289384275,0.4875996031390812,0.23103540346453041
-0.8320027791024244,0.04407327349998042,0.7414141789148353
-1.1473990901411357,0.3113570957743413,-0.1088820813849938
-0.023015200014297625,-0.5917705029099588,-0.7410096868826771
1.0341287909462773,1.2666149658344905,-1.0452698625643067
1.1850134771891423,0.9054731546979575,-0.7526441754629811
-0.9673764047664074,0.6508509654168341,-0.2560321919123071
-1.617105394567711,0.26928273616390513,0.3033893602449866
-2.6508910692580354,-0.5092614728020662,1.3253791658025067
0.7468885628172167,0.7927484182868431,-0.6737512260752023
1.800080021828429,0.34251284211450056,1.7512631267224061
0.41242847097956253,-3.1469286688202374,-1.890101465680444
0.9568232762977427,0.7190868035518965,-1.8866417361350634
-1.2662301383243644,-0.6668575077232886,2.349757525422175
-1.6823528629152915,0.37972526890421027,0.14388857634612898
-1.032006946569536,-0.02043609044791116,2.3787534767217684
-1.5311920276447764,0.08661651969514018,0.3251998650534822
0.12108392155915619,0.9260037879464845,-0.8747101621932867
-4.37114644473873,-1.7350777669130852,-0.45286795991275425
0.22224059089291762,0.5915702095396688,0.8905099964379682
0.807857830658683,1.07516561188416,0.17256266993418748
-1.5804872931633809,0.7715705634082601,-1.4563364865555166
0.7994160390573349,0.045086983154340274,1.137259585877657
1.1931006102699706,0.8512775541418839,-0.030956321854401662
-0.22932442337179038,-0.13369453234482712,2.046383472918901
2.7177620269266445,-0.5358807556997212,-0.41359030037133904
0.27474584468203256,-0.11578979802690029,1.2521369004474017
-0.8122286631789929,0.3929924229835625,-0.12984469749986008
-0.6169568061671448,0.4840474311703462,-0.3884899472269629
2.472219198069255,-2.38593927613077,0.08547873405513046
0.11953702284815075,0.9101934798789393,-0.7963043749317603
1.343741173794915,0.922153606000749,-0.64572112968153
0.17493120042859456,0.8356235104689047,-0.7871592940465578
0.664334208814756,0.5157368525184763,0.19170905575547098
-0.9094436667998721,0.4827280047488862,0.0374260038333713
1.5944909661655733,0.9068643332285637,-0.6959371214732455
1.2045971187273503,0.8609009758742306,-0.3520272649074451
-1.3075701031138325,0.27546900889464737,0.5002347078898443
1.0452187592714712,0.9133362266859973,-0.9997153202639195
-1.7650416136041744,0.566144435832934,-0.6340248854935695
2.565212447629515,-2.6773416191865373,0.24731832204271953
0.5171742086587338,0.9862982329500455,0.01646876703003116
0.7271291830935955,0.794726245279624,-0.3263023889157427
-0.2916660787933886,0.6957681281389185,0.30052395863381803
0.36893108313437434,0.9137767384141341,-0.3391926931555651
1.5431789034544579,-2.3279568701895483,-0.9766992675161268
-1.163061582919106,-0.5779028193215859,2.015016130842413
1.0630354668419812,0.7229722298173467,0.12796649416162179
0.1387982656009892,0.3247486476724358,0.3960788257578256
0.6916684873796375,-1.475582105519064,-1.557028120256864
1.9917372710566592,1.1202375831807412,-1.1687618390665881
1.7363237063641594,-2.3189985611080135,-1.8710389199795343
1.3912906994774548,0.5956236580558972,0.327129564260134
2.5356336396003614,1.1720016095657295,0.5847624249094427
-0.6073676035081197,0.29320757596033586,-0.4366691360598928
0.8334081917640844,0.5972305102226865,0.7681882539009587
1.8708665789899575,-2.344181072716056,-1.587851805675712
2.084381441417035,-2.0044736348216414,-0.10342251608001815
-0.3415999561086769,0.6439767573614918,0.03358233816044027
-4.458519828951062,-1.3930155182982638,-1.8669553015789888
1.7234431086781699,-1.5448851659551632,-1.1462464221458932
0.36601871788177914,0.21454584684638725,1.9198196792372169
-2.673008833621946,-0.4530688983528046,1.4860297653411707
-0.3023463690562055,0.8382020460186517,-0.845693675201488
-0.12333223802211564,0.9747436549026869,-0.4112431002801997
-0.03817032613493467,-2.835430885987275,-0.013809980339077913
0.9988313443496262,0.7602249914106027,-0.5883297642813705
2.4341378240919367,-1.3110792778915883,-0.22394907160827943
-0.7182954712107119,0.5143826043107073,0.4225875393858184
1.1252878873876446,1.0394884259151134,-0.408700364204396
0.008750309630197458,0.373747095879098,0.6825150151704465
0.1684791772597777,0.7240603811530589,0.6440429785077417
0.27974674515748676,0.10854963004404226,1.4459897133447408
1.0029980584248457,0.9872192954836949,0.032145330688422576
0.15800976230695063,0.6422506886395296,-0.46269905583676646
-2.0214391407174146,0.06436432769982887,0.1878920270400884
-0.37529071777118694,0.2331821734440176,1.7295126374239498
-2.7210024635308314,-0.4246098049680276,-0.2502057077765291
-0.1263423862776261,-0.9901547179701069,2.6974580049845702
1.037502387093032,-1.8439223589447542,0.8384888813647957
-1.6278009245316312,0.0830133739935548,0.2767607434431605
1.1858229431437008,0.965917750079534,-0.17268531223602196
-2.5830944511172356,-0.3871183939844437,0.6905963598665097
0.986849827803249,0.7049320124962821,0.22974619159296772
3.655383809655806,-2.040758900538027,1.2487828725032553
-2.055971112478282,0.2683462097906476,-0.18905666204375227
-1.3850647276433867,-1.1023429664414908,1.886794649587186
-1.5341341935292698,0.2795241630642123,-0.4011777729888285
0.799666370552726,0.5530317105784672,0.9680804603684997
-0.5483063371210584,0.8452619466912366,-0.3457420466279385
-0.3247118024195433,0.8160806596484184,-0.7433855263298637
-1.3471504138643324,0.6661596683762595,-0.5851965987396163
0.8801346479000711,-2.4389870957196,0.3717898174059434
0.5812119251437076,-0.5899323270856224,1.1107464036101498
-2.8682605443678932,-0.4371331400808809,1.0426763164227935
0.6512623720092875,0.6756404371133562,0.880455339747023
-0.1778688405529866,-3.078939493795806,0.7783965944523863
-0.42317150039017837,1.0088526239946922,-0.7010949914604099
0.8542020307190594,0.6562159029628732,0.5945576517091381
-2.2189493994061826,-0.13105207318239853,0.4715787301890924
0.9253302015464494,0.5111851463541817,0.6692047874811147
-0.16177648221611396,0.2951341458943256,0.830493398814423
1.8494551736663387,1.0756350687880596,-0.08902279832250579
-0.3216704267725146,0.22007564725367906,0.658520424667608
0.8117343040856781,0.7448583987351657,-0.3528198200420194
0.7438119666394647,0.6599301684235921,-0.567146182724088
-2.7840958558614637,-0.8803650426317651,-0.5436954309209441
1.6734047666449678,0.745232491607958,-0.6608029726584614
-0.20773593970514664,0.9218742960102081,0.29384385783635847
1.4724053113468256,0.35024817346294806,-0.11784329561803583
-4.747070943715336,-2.13848240738792,-0.16064429994460008
0.967521177251624,1.0823341487870226,-0.4899653778195385
1.5197911770070462,0.6316186453362463,-0.7154532844372319
2.0065238472381592,0.9953032068031097,-0.37416271384349237
-2.1378900676253463,-0.260594503217642,0.4273586220196949
1.6424146866085243,-0.2509500773150277,1.406486987670705
0.1537696381117792,0.5568782096441016,0.11111420544170897
-3.0602567731304475,-0.022839761670172907,-1.605643865984771
-2.2106998367487094,-0.2105656905733922,1.1468393135143238
-0.9139451429536204,0.2410267777672918,1.3710441673820881
-2.1618630034369812,-0.8526922607774947,1.3782123215303823
0.6481642404354608,0.111569462901297,1.694326979531126
-0.8308958527168072,0.24287787332562183,0.7199633048657391
0.9735584138302732,0.4804657430763983,1.029458983486492
-1.931212599598348,0.40731330770964064,-0.5199629905756465
0.6279017763366465,-2.345149845561326,1.1737855632521625
-2.2116088784458414,-0.405905420966688,0.3837539885101183
0.6338561725086445,0.6791353987351019,0.2533291122952093
2.1366452372174503,0.8761387506774131,0.4899431537690046
-2.2032113435904717,0.11997282823273715,-0.3699895530571111
0.797896968128583,1.1161420254722587,-0.9657724136361083
0.7690198394820947,0.28164433259114274,1.9150688474901112
-2.1942499444615717,0.06293243644117498,0.23444858840131028
-3.3203558605892782,-0.2986732874010002,-1.5355262173463713
1.0039136310373133,0.8399338740818997,-0.042800659263677196
3.201188141572686,-1.3688924708115715,-0.6853254528637157
-0.05210223557563891,-4.041375923291191,-0.18810187349393515
0.7624473507701413,0.8139153578695307,-0.17849053755933897
-3.882695888455426,-1.449418639857656,0.30909072631298395
-1.3960230019880115,0.2562237265924829,-0.09415899336205633
0.8181349667298886,-0.11712682679585343,1.7365782932122185
2.9628135049284254,-0.7996510164598833,-1.1421248574348475
1.236764818569249,0.5252246218461425,0.25318638432761015
3.2205205126401095,-1.1578074266666531,0.12037809034364931
1.8808159975351828,0.13130868421242037,-0.05737813534298333
1.285500799695312,-0.25348897351312144,1.2872320017455106
1.6295157145564343,-2.3158726491219097,0.615701510080455
0.8701026693787519,0.2780921077872871,1.202191019997855
2.2366817817819458,0.6245998172932891,-0.22930671623309695
-2.4022409161843457,-1.242768730193321,0.4451864380290602
0.006641257569053714,0.8592553617720848,-0.7896386544288185
-0.04364457076739424,-3.5930707847255228,0.4683740578980422
0.6905373241155631,0.7169313519807353,-0.07308824801647229
2.3915238454995684,0.2660937765369897,3.073183275298344
1.13186175468519,0.8475716134890946,0.37510918338243204
-0.2061895873133729,0.8116944084168459,-1.0730070545242287
0.2873244462207108,0.1755680801512934,1.0800943831634053
0.7551404948718222,0.8798453159609808,-0.6797112829930654
-2.6147976552580086,0.3088561027908447,-1.110861578778993
-1.955982367458031,0.36968517459046757,-0.34138138276631613
-2.7308371172690715,-0.7557506470534017,-0.920807350818756
-2.3667213947551313,-0.26972039678693066,-0.2752111318408634
-2.5938568984583714,-0.24936346840709375,0.10606239633042613
0.7589901560002197,0.6824508393983123,-0.12184445963818363
1.5824566111367646,-0.28219102854074585,1.7163556998731673
0.7545432134106062,0.5896565654816114,0.6754909740784316
0.7415388477957364,1.117355227902861,-0.6888648370621986
-2.462105906840222,0.1441423351123591,-0.28464981732631245
0.17730955398977416,0.32075967271454336,0.7573296712283063
-1.8336139773139688,-0.4259124187656934,0.08637970303188164
-0.011203583274434676,-0.3849234258029596,0.46956451423457224
2.26257178501388,-1.6177347888200835,-1.4779712049348859
-2.6700114127014696,-0.05835325810288825,0.06611051720519046
0.294914620604107,1.1795993001196878,-1.1107893377379583
-1.7902237001278567,-0.07080634995578033,1.098305833853825
-0.007998559197101313,0.5886185249449193,0.1801911761419941
-1.3993267202787851,0.5868522917302578,-0.12665633854583888
1.2150570327298704,0.8866818090809876,-0.7322472701488755
-0.6294292189198422,0.42642264769298793,0.4239106044241211
-0.7896879249117785,0.5923814144949997,-0.35925798174161744
-0.4222547936150304,-0.028931202760866918,1.4706333211072422
-0.16482709933491863,0.22810245335458287,-0.6758520053106429
0.32197472779264064,1.2005783174782887,-0.5492088541436512
2.1561008679107627,1.1710887959135305,0.13741784352209946
1.1789071684539558,0.5596434349345641,0.0369212458657808
-0.3131652757564539,0.40309129488994827,-0.04079402684478392
-1.2206836888762205,0.5220340474581922,0.4578121291464454
0.7583015141612458,0.9645610249530351,-0.692929478353149
-0.5413562492765401,0.33241850546115576,0.35299994398191764
0.7052128391219193,0.7939780920344504,0.33825281000224383
2.6337969276101827,-1.6696350467614118,-0.357947468593459
-1.978475920836302,-0.40840543782841415,1.979308658036549
0.06077228632619694,-0.1693138477241396,0.2932975509806861
-2.4550451247657135,0.27185502498416997,-1.0464690130607308
1.1064873431486524,-3.412696822544961,0.702063077800141
-2.675810500491674,-0.15281626761198036,0.056630856053568775
-1.060633984695918,-0.40976893303100687,2.65067549940363
-1.466122336279867,-0.09600673590544401,1.1561648587458169
2.7424696141117204,-0.4108158009861828,-0.9465789498431554
2.128401934282225,0.9993579892716091,0.4967190241859898
-0.4145755621476589,1.3509881428785429,-0.8134481255243268
-0.8771116834985431,0.4302502293042102,-0.3076682373738957
-1.0440904192033382,0.8488346234108388,-0.3453800513557655
-0.0029769854185588596,1.1606506226636033,-1.3640664305621852
1.9310442595522421,0.9754721484178623,-0.4429587280005233
0.9212327471420338,0.44515087068341147,0.7615899165081871
0.31072209778087123,1.035751788188171,-1.1173628474809951
1.1115123772537479,-2.236554083110243,-1.1626653955587833
0.9934080397580467,1.050228236512963,-0.561098046594244
-2.645236021618391,0.020585694114701247,-0.8837223844427379
-1.3411257651217916,0.07579716228346754,0.7478369294957831
-2.0575205760903015,0.1511166677266407,-0.2027693027369436
-0.30365580526900676,0.6343642329775828,-0.2615365582533593
-2.652404642978039,-0.012270908534111379,-0.8121898655034168
-0.984341102075791,0.19806924559493447,-0.07717585108670447
1.214021657193524,0.6122519080698992,-0.30897001578567584
-0.9528065673733203,0.2218237309899597,1.0100258677261058
1.7196375715193033,0.6711018506481157,0.35607202032658647
2.5082012678493437,-0.6833488663956895,-0.470862653542738
1.9686081983564696,1.1069139971576565,-0.49259215636966797
1.0105542946910897,-0.8034134037965338,1.000348543614666
1.209967534525692,0.17365450532848378,1.8536410458418797
0.7228760784165661,0.5320194074330905,-1.0256504066291294
0.08430767073938988,0.6457336040484773,-0.5714454108013994
1.833860263006246,-0.7526263039046022,-0.0998334089646675
0.8330085874323658,1.0579739398928505,-1.4160913704904845
2.4511853470320637,-1.6165478129593718,-0.45157457437858267
-2.6095713217067695,-1.0811940180648718,-0.5821421250780533
-0.1468009042708956,-0.6952202886691564,-0.3570389052053643
-0.8679373579399892,0.25514705455736486,1.007412906780956
0.964908441135382,-0.007743666913478262,1.7969987165683303
-0.3302171224410954,0.5235151443513527,0.6811944368261741
-4.900540725842085,-2.5124952358985277,-0.2659775321663265
-0.3888011320703195,0.4697807844800516,0.46649914503803674
0.9323891960834448,0.8706382335993998,-0.042653738490110976
2.6368920084785077,-2.62033855476138,0.3826215482031851
1.325746092931322,-2.1733453060008294,-1.2357662698999357
-1.4207082041866215,0.41179131786999484,-0.6135217815729374
-0.07244836420975866,-0.9755380113422651,2.9757217049339855
1.611296843591029,0.9803840206229886,0.6451168607852865
1.819614161995591,0.9457364215971686,-1.3140014538643539
-2.762647760938464,-0.33673726488287725,0.1244866359233815
0.13114521868198561,0.04132936394255767,1.9072560938391632
0.7359875153626358,0.5912337283614817,0.09484580542684755
-1.1431439616816996,0.14529178023800055,1.2267456408609616
-1.545968274327916,0.16441656984011632,0.42347353600368065
-0.5101764012790007,0.5962174169025936,0.09728481848123778
-2.324437946145627,-0.4441247011339841,0.6826782248538503
-4.945158576861789,-2.1426512988952076,-0.5692778435168473
1.41733135203992,-2.6191134266004568,-1.9117391886849082
-2.215660363776958,-0.04109416478446208,-0.2804699242168424
2.1304937166118862,1.0056135801097672,-0.3382741529740598
2.2876105537901616,0.34249295801912294,0.8964560448458876
1.331425918236075,0.8297053938959205,1.0641118949482276
-1.9745243235854308,0.3033546956589489,-0.17321575314486237
1.4650211827020752,-1.9411892496604513,-0.025467612840179503
-0.038870379558323634,0.05777315845711095,0.5227014832880418
0.41924289648505425,0.583361706450184,0.7494978200708798
2.5388319067223186,-1.2056620651177345,-0.12119936436306503
-0.22654040690273297,-0.10458453236755158,1.3163000155525966
0.36653319724881595,0.8092944489864213,-0.1904759448477772
2.718002878205932,-0.7008592399854693,-1.4481970040446335
1.1794082202796332,-2.9698560707883552,-0.6466060888573927
-2.212583576259678,-0.5065474940751641,0.39805842963400384
-0.015080124961378134,0.0026199057485627444,1.6410781079050796
0.9858845022643452,0.8810947279612021,-0.45671591608926215
3.129868800467664,-2.3649694198385744,-0.2758880625179904
-1.653913228014616,0.09217528334435293,0.5032245865273027
-0.23622512603635198,0.6720147992426935,-0.21263184624558737
-0.7375483235373224,0.15145311926318614,0.7448244710946625
0.4486389263908354,-0.7673524806976674,0.20730944838552084
-1.7693587766624639,0.293081246067867,0.20715435479025945
-0.5366309863184637,-0.010877030097210874,1.8017427137101547
0.06132213011796738,-0.3826680280875779,2.2984870269628233
-0.23021586395711913,0.7200644172872152,-0.162439533291297
2.05366892054308,1.0573856829847468,-0.360077359558104
-0.5108035671683167,0.7274188826529636,0.06471675970308148
2.899619972322052,-0.2770984452510409,-0.7367955870996159
-2.0967186287930555,-0.34700645082550585,1.5682524057089204
-3.6466733492105505,-0.9623469292464677,-0.20556052909166125
1.8239854427300028,1.4436187119333395,-0.511787909517415
-3.8472422425915576,-1.1782408813392942,-1.3532965046200003
0.8963037815435503,0.5481537703146298,0.2823483698186749
0.9645792761525858,0.8469201578978449,0.30084444114997244
-1.0939952889937048,0.7526965274673528,0.11511022794275014
3.114326848703103,1.349925933884475,-0.6111406293928172
-0.5102715674813709,0.3000173913656323,-0.5690177033121686
-2.0648616157493076,0.6131776152588501,-1.5408711676145839
-0.005054818444240568,1.114143383394607,-1.1515112137797825
0.8228588152483778,1.1060388458386774,-1.1913534512809318
3.2658338937162874,-2.3271760993332813,-0.057907779364857054
1.7860667752358819,1.1581374806151268,-0.22393917117782336
1.3578993765438674,-0.42235075606895817,-1.6633166108162265
-3.9287373320359253,-1.1156181718599973,-1.3747499875443838
-2.1369094924295307,0.21993824318421665,-0.24211780615801873
1.68244832491663,0.9843525758570335,0.6211151027230511
1.7075744270544144,1.2460767500519274,-0.41634887266881654
-1.2269661018657567,-0.6619368957522886,2.6390058228501134
2.9360315179233214,-1.8115718668799778,-1.4890522977330816
0.8282545510479705,0.2369206040119906,1.4450784612351786
-0.542575156579133,0.5247262321197272,0.47363067161530453
-0.19834354463211978,1.032933377041057,-0.46653660509322753
1.3218632862807935,0.8700159232013294,-1.1322310805796858
-0.21380120090822385,-3.351475528034659,-1.5959687905935258
-0.5555048660697067,0.5385548779569601,1.7890287712455342
0.6744230568958965,0.48689511816608677,1.318332117475384
0.765506529455468,0.6373171320585027,-0.6769195330912647
1.3117807088318765,1.0856262726501797,-1.1324912996434742
0.2167098827474823,0.6561078996849216,-0.4282568531845726
1.4501588710204876,1.4076465886601983,-0.38147221621286587
-1.5282899465668223,0.44726792017737166,0.22935058172886566
1.1649426261753957,0.9527305000486076,0.09439165373745481
-0.5439166600389086,0.3448493575078867,-0.20757093009511718
-2.2066695512187433,0.31449949401727445,-1.0484575066334736
-1.7954709205264041,-0.18402326547733672,1.148911602270999
0.9301010972929636,0.02162913203105397,1.4573824444526537
-1.4600076197118141,0.21011034227950898,-0.28421741665984795
-2.630367679276227,-0.6592997831265267,1.1301483133694108
-2.3175828797409106,-0.021097538007823144,0.5897179824123654
1.4246713248440643,1.097090300166324,0.013820411370423318
-0.6139242357996859,0.6885195656046997,-0.4263019828730336
2.158909223667886,0.03976094060722811,2.9896881821852728
-1.4375540781873415,-0.3740200398976696,0.8186034580070982
0.39802855861419223,0.6783327072343242,0.015580764791062523
2.3211422393218775,0.3790733798062826,-0.5993645174174589
-0.5567539279481414,0.785125107810126,-0.2420936168894553
1.5878088139701059,0.8674680272592383,-0.06269562642531964
-1.0370540264154702,0.7835286993424869,-0.4097661373698778
-0.25112569819259367,0.37956062745237545,0.7078443335710285
2.266796732512516,0.9829125492129129,0.06199842622635371
-1.770057994749128,0.32629729555759474,0.18122144263740667
0.23758347296339935,0.2249494085064216,0.9243989126507329
-1.5145606095139117,0.6571068015592785,-0.5632769058687399
0.19518410785282364,0.032850891945822525,-0.7112520317529735
-3.1035669655605154,-0.6399971577245405,0.9021440095001454
2.8998221845386847,-1.509170191337088,-0.7453456707130458
0.19389901228156406,-0.41105172348406266,1.421357443141346
-2.4308992764950363,0.2302516478551648,-1.2785009038135526
-0.7991279828955129,0.576355531143671,-0.28967548190703346
-2.3934424140328057,-0.16066843347430435,-0.9143575227742812
2.323657803898628,-2.4327066035336733,-0.49064660781841446
-1.1678118725592586,-0.327562080350669,2.15623201714397
-1.7454855124972082,0.1821559416897029,0.6909173541975265
0.8400437368495793,0.8965413903883915,-0.6651601045120044
0.2594568913385426,0.33612727322386876,1.2623257086664492
0.7810440358055423,-0.2696063004726071,1.8490434631615082
-1.4705991943317147,0.14201586655278667,1.0855082565682663
-1.858098782684569,0.13883408915625287,0.25930294850532853
0.08748241491437979,0.48307170900602986,0.6470489491109789
-0.816218073234356,0.5260561614913514,-0.14447017273388338
-0.9893226283638717,0.19774058796954638,-0.6149668600333319
0.30874305698746746,0.8814123648053553,-1.1310004759356067
-1.5658624245974926,0.7850780435674157,-0.8200172128445169
0.7471654004929561,0.3833064407279863,0.8746259400100318
1.9681148003516704,-0.5232561968161837,0.9021124323603332
1.2697246102502886,-2.4466048785520482,-0.7336543489230463
1.5351940164505278,0.521290059465534,0.6472489015515178
-2.201565541298687,-0.2788552093180525,1.7604330453236017
-1.3882456217226715,0.3052298897972609,0.5036915645185029
-2.357666821575688,-0.3406391577903057,1.681665324887078
-1.7404344620438499,0.594673795784041,-0.7570750773858123
0.08863222635337908,1.3104748711543748,-0.8237623757319122
1.0016439898112852,-1.1802969034019168,-0.29877809294453006
-1.5758318587521947,-0.7297183776162566,1.3882960305640222
-1.3880530571574137,-0.08269689392505372,1.2113272496899847
-1.9512562129459357,0.2649056758743531,0.3309151474372054
-0.2387627752241956,0.8606306800765652,-0.8447715373031601
0.11941279611399509,0.8651691730390291,-1.012675148954127
2.325880790864844,-0.7515256418966564,-0.3880864179947099
-1.0013228751077294,0.5365822119475416,-0.6421626585845661
0.03806529173284988,0.033783579363961716,-0.46454584327782283
-3.2796890077397243,-1.558581975446404,0.8240398255017117
-2.4098088724593634,-0.09958925391627267,0.6760867704471256
-1.3540783297262509,0.6340115075535355,-0.5157092249999154
0.9975621980790609,0.3780221670419827,1.4954532007219916
1.3734567429877544,0.8464096982461915,-0.780136073958504
-0.6991257115531868,0.4469136198237777,-0.39819542052698675
2.762091243275867,0.5796291209932476,1.0341001716811755
-0.6937764502336891,0.3510051051868244,0.3930012517476723
-3.0593155721476215,-0.9071260075324529,0.4632052322378203
-1.6078409850457247,0.3682071379590449,-0.44527908083421636
-0.19126308745677,0.5866532127087073,0.29061946186969356
-0.6267792411407692,1.172225723772934,-1.0642484668415817
0.1599317691030535,-3.9159075183063132,-1.8767383710686036
0.17553014565723207,-3.207383677634358,-0.8917301980184081
1.0492764808188138,1.1300086452606002,-0.4873703496707486
2.019575473696799,-1.7124372716125429,-1.4117987665086558
1.6765102562758634,-2.6607623025066416,-0.6078856792750721
-0.12681318443786874,0.6476625248232277,-0.3423493017082473
-4.671484018067844,-2.019809423930514,-0.057513086213574614
-1.4079571039665284,0.2171346280603669,-0.8981152012804374
0.1714694442352126,-0.3518036996076956,1.3806933928121279
-1.0272276751903895,-0.010489173447589095,0.4058811881704953
-3.582464487774374,-2.0208720852768227,-0.016955963346273716
-0.008276806451996955,0.3641009220613621,-1.1386865092585507
2.4714194850809923,0.9980134425929805,-0.3905694355834692
-0.8723263654703651,0.6516390253003738,-0.37099702496779713
-1.2421292113201061,-2.3295009588576803,-0.608245759496192
-0.42577429328030836,-0.31565207299269815,2.8783408363663994
0.20942790380033494,0.6372755321138069,0.31879417817349576
-3.589601756961856,-0.6014276025232097,-1.3876930511223418
-2.5616061267615025,0.24320831203530188,-1.5730314428101788
0.3925754878190046,0.7116607574107855,-1.0114705834039976
2.3692615381964894,-1.718281171310349,1.179328736697877
0.6468118402304845,-2.2216704439272146,-0.41332686214447584
0.37904071403904205,0.9435312951098722,-0.4250887915396816
0.10802382345034127,0.338797917652705,-0.06323470601384035
-1.865548777291289,0.21468069835161385,0.316578589368207
0.8951376458935629,0.9793177091949482,0.236048506512524
-2.0693141326207307,-0.20958816600747654,0.6325568435420439
-2.5336373356613673,-1.0753485638816511,-1.7619220793541637
2.162978280852326,0.041343516151493044,2.9749302380152085
1.5393710755726464,0.810921957240281,0.353455433923747
-1.1968525531813934,-0.03547821483091161,-0.40536180534812316
0.16907443584954493,0.2137420540130233,1.5014716959667647
1.6617651263007371,1.2520483645087521,-0.5188321763248807
-2.984560236639698,-0.9895850881422416,0.5419227807516138
1.316097617099868,-0.6989556654586655,1.161165037178528
-4.295028211743109,-1.594462889225814,-0.41902532914882357
-3.2203828591951424,-0.7045636624744341,-0.2659932461016836
1.3118922503344497,-0.4006637269845925,-0.3729803792914363
1.2189729618037528,0.9365576348423431,-1.074881338884409
-1.1664067136378804,0.7508390730638985,-1.358483853331548
-1.8529766360773918,-0.3179994869446151,1.6056329572288985
2.062312479288123,-2.5854846946412327,-1.129855825144305
-3.037433130059147,-0.4453527660065855,0.3402403659040478
2.4612211033289766,1.2763882604280288,-0.22543066693390024
-0.49073943233728823,0.6534240943592808,-0.06786065638822439
0.7086473405138131,0.1369792461800166,1.8332879917601341
2.2709384797619756,0.9186579505674095,-0.43963198941142295
0.8204072517892705,-0.10212323308541957,-0.01697931392702836
-2.2676634869080394,0.14072050529595378,0.1984802983069683
0.005070249930590308,-0.9109583128195782,-0.8345642512122644
-0.07128017913280958,-0.09421584568704239,1.4528664193723735
1.2386004214358461,0.045413559502616954,-1.378901369026765
2.572387921948084,0.6920987698684795,0.4167955589401134
0.3507188008055631,0.6411118522908436,-0.15115761143217427
1.7393357224382275,-1.4327288578521942,-1.5465465427019183
-2.298486822779893,0.14203724316843816,-0.27435847330314445
0.2800398737846883,-0.4220491876822257,0.9551267101752771
-0.03040563063104911,0.45031610488724483,-0.33048948327889033
-1.9772773146861016,0.1825829444644971,-0.17670266783994468
-0.7008376555093935,0.3716376113996289,-0.2816010298833327
-2.2959057151419953,-0.051933062939767655,0.45508688253859936
0.09313305059787826,-1.0964116109102697,-0.5867937089778029
-0.8075077259687312,-0.9561532657328129,-0.625396073942549
-1.5749147609291296,0.40781562217674655,0.6194736038301961
-1.0498281742796354,0.5647431269422712,0.38537021867981275
0.9241198642699698,0.6194173695030288,0.06611461470186351
0.2069206423400684,0.7368276593985796,-0.36173049587595435
1.2472432589010298,0.7960447275516378,-0.5866344644083148
1.3881281569720907,-0.09053373586758054,0.8935608552985441
-0.23374548614192936,0.8140076691430325,-1.5194577293118647
-0.9267852579078933,1.0716870391685345,-0.708580635654632
0.33414860060897283,-0.05989354409545963,0.3420737195476136
-1.4017929387721701,0.2535995787570892,0.6294204312478036
1.0635895275659975,1.0805966309440302,-1.166414190989671
-0.8970508473424258,0.26723389940471504,1.2487516156097989
0.09150783795469254,-0.46067951813368674,0.8605957393602124
-0.8216225491321341,0.12425610298054508,1.2959005273983148
1.4004611611319573,0.8487998154533529,-0.08102986297581066
0.09509327040026157,0.784434087949452,-0.11024064547224086
-0.25209991798466547,0.762586977571823,-0.6783300187711909
-1.816281083115499,0.17849600662584014,0.5845787702153706
-1.0763958489722807,0.43691758465722064,-0.03158011512909792
1.9619464519473073,0.7869410602807522,0.4033120465205452
-1.1478636397310937,0.4516573346927779,-0.19698155608023893
1.0971720111526668,0.6189597049196943,-0.6676724809284897
2.737994667062403,0.99745225212532,-0.43081128422816833
0.6317190929772631,0.9492078860538414,-1.1063174907728353
2.0573724572805006,0.3367777555835503,1.7483934842146236
0.19970537092806218,0.4730130701735313,-0.24588190853411662
1.3334906537104108,-0.733531955631993,0.13873232502516972
-1.9026862298387752,-0.20283773512528464,0.6172838725699383
-0.6888535832913054,0.3011573476077403,1.5714890607979304
1.884038948447255,0.671299194638984,0.3597166424509831
-1.6634678662862734,0.49520688542024527,-0.6758962234673739
1.5482335764954547,0.642071600177448,0.6909528611482145
-0.05504591341974531,-0.329386511996829,-0.6717995068278396
1.062526151473946,-0.2853648275319145,0.8686431907351365
0.5941506452948259,0.41744297357105076,-0.6043978582674372
-2.7294915753465605,-0.5356102268191205,-0.18267992841503347
3.3313735982755057,-2.1225223538578835,-0.6253880092124727
0.7491336316100166,0.7030027856797549,-1.2547082217936707
0.46482957397548835,1.2574139849354835,-0.5219336260883131
-1.611880537739105,-0.4625013307662131,2.420444764543154
1.2103198947172935,-1.8513344523393713,-1.6324850044009285
-2.199704995029728,0.31408138799660373,-0.401202429851853
0.979184619710089,1.2758250619813398,0.03697064878995479
2.1455296498646437,1.0239064492038605,-0.4358851951903934
-0.0626640957547071,-0.6562338063187243,0.6386591102929081
-0.7334095294894621,-0.43542344215668666,2.8180533765554454
1.3994195857493712,1.1095416949291617,-1.1400398555952234
0.6457757102749772,0.731887270133172,0.3955020785193005
0.8925417328635779,-0.1566747995742092,1.752349088266816
-1.0419624493331392,0.6334350739239918,-1.0153451280699277
0.5004525031320343,0.2648244841577225,0.16187196461792788
0.900130633048538,0.8983488934728429,0.7571712178935105
-0.9919747671850824,0.4442964663723941,0.5970697682164686
-2.71764294696643,-0.40324670147481745,1.178660539401286
0.7951337984594532,1.0816606244634381,-1.0067569190228276
0.46663753149196247,-0.18458271659440462,2.4994983131640853
0.2438483119539867,0.25491429001661103,1.4268172080936798
-2.16724215014251,0.5283151488434699,-1.3894738933969473
0.18871643188156786,0.9386956165521226,-1.4222575527864945
-1.519246733917475,0.6550726442732077,-0.5340860237266867
-2.2728928330427345,-0.15677047191074336,0.8920103331271699
-0.3623505327920945,0.4773924697083166,0.34381154732593705
2.3652735444327946,-2.6552711299222373,1.6620259064509821
0.46212655093852023,0.576864561197682,1.7160082867159874
0.5004796762189697,0.3229666436045095,0.7484775497436585
0.28255045515775606,0.6375165623162047,1.7073723764696513
1.9695423869568267,0.7849048252978921,0.3667597112379368
1.0228211507893616,0.8953099250355214,0.6416737387067809
-1.5889299626520135,0.12398755136468374,0.793097543061351
2.2387443269941194,-2.0976088196065827,0.8709541576743642
2.2288457850272465,-0.20555315764910148,-0.11540480051788601
0.7676539034193471,1.0365439270613497,-0.2453983292525782
1.4522472917299074,0.9899994693574939,-0.901675644414672
3.117018622374462,-1.8524164677400166,-0.9064016356116659
0.7466657957684198,-0.05767004837725773,2.3469937350248506
-1.4246619548622725,0.7369573530178827,-1.201572263929583
-2.4958137840668178,-0.7469492255706953,1.3873909402469145
0.15654571730391836,-2.070888816088871,-1.6683565707636254
-1.682236275165402,0.7777200655637234,-1.2621783786449619
-0.7364443470027001,0.6539138603811502,-0.12043710776303967
-0.841422850439303,0.6213045775033612,-0.606295424292658
1.219551230093096,1.3924161455359083,-1.0622125410719274
-0.34263686366215984,0.031247655114512867,1.6049582118722483
-1.4586388287042165,0.19062296613419086,-0.27459810305652765
-0.26707506825351346,-0.16023147313331693,1.6849651231744471
0.8011475241793301,0.5200580277122187,1.7176796949104982
2.885402301140264,-0.8773492016362241,-0.5097558705689589
1.6957663951654895,1.2394987351487543,-1.4700483922828065
1.8320943611879046,-0.8064218066875751,0.3438679876229567
-0.8288409479023066,0.2554840918338876,-0.6784806567206358
-1.338657912267168,0.7029127010685619,-0.6679774162768581
-2.6904318685986683,-0.03817686957471926,-0.48449133503799363
-0.6137741491019731,1.224860038372483,-0.5001903678022238
1.0160432188868878,1.0112807542830653,0.5014239754477171
1.0478160598800352,0.6990200464248573,0.3985316894031579
2.398199783537791,-2.2273641397206947,0.9384944579630592
-1.8722676840755235,-0.2729111982058939,0.4553494662385235
2.2198125961826625,0.8909818376905266,0.5258340794234989
-0.3848267392171455,0.40982068311980774,1.1026846001380377
-0.3804698105904062,1.1018576708255743,-0.346854527572058
0.3346753321180488,0.9924670264699772,0.10677828662975282
0.4320176470546355,-0.13286964217422825,1.712857270386459
-0.11280185051818471,0.5220695615661568,0.899760590702451
-1.5148078300344303,0.2791056841078852,0.7791256154542169
1.1937718884690933,0.35973112646304384,1.814979002360579
-1.312147910210491,0.6622471876135028,-0.1807665266391123
-1.8267036151963694,-0.08613799499638777,0.6735279744348256
-4.595174376846439,-2.07731573254956,-0.056775987765266496
-1.139516997948822,0.6605497498345122,-0.9109746181701266
2.1171491996991567,1.0108564009565615,-0.7181566281221525
0.5485434676885685,0.6066329293359689,-0.39359596397809465
-0.4942007686547223,-0.7910673031787239,1.0591304804524413
-0.3287693400542343,-0.032748014746905585,1.3689619318492936
-1.9793943668937264,0.37503659616210205,-0.12723597392734692
-0.881256451044518,0.007692256434976909,1.2673524515591184
1.720185666868409,0.07570597840194178,-1.270281476133555
0.0520005646269049,0.17398614729429915,-0.5687835190020372
2.0430169831385534,0.5298472564359279,-0.2459964204085866
-1.8890473519668374,0.05636675630231493,0.46810654963936177
-1.68478319151666,0.6606926622630035,-1.223891044472961
2.5141784309632915,-1.7453905925437925,-1.419155673409205
-1.2936693606199143,0.3163815243512876,0.38212757261168356
-2.7927278373307973,0.07015638840658578,-1.0310384568405688
0.2715424425351534,0.7179486339458696,-0.07966736484713038
2.128594654685909,-0.02175811056227678,-0.944644278343546
-0.3559246853642487,0.6734738601999087,-0.5146618733558233
2.121493173300106,1.2640421662957668,-0.26832583099345664
1.1003381448743894,-0.7521666804955867,-0.7992611730887111
0.6592955132892607,0.7304922051986847,0.058433905936345974
1.9879632814655332,-2.282591974282022,-1.368359652757767
-0.263499723387927,-0.15086342183608814,1.6561742911208652
0.1691467716360658,0.8578927551280278,-0.6526107445853035
0.4811857574431153,1.147998435007166,-1.1663482621494274
-3.7139261465394964,-0.9673378056981824,-0.3313755555176666
0.6052720194356446,0.9184011184747104,-0.9241093158167253
1.668855210862065,-0.19717402460797212,0.088500864659639
-0.7080021129295898,0.3376769048765644,1.779149368275424
-3.0688468725510756,-0.16079122714728314,-1.559536009589024
1.9809810929894127,-1.888538088705764,-0.8475229606762268
0.48686659908871793,-2.6821728558553413,0.6167388042880466
-0.9170454364445334,-4.31178969751393,-1.2243173050767073
-1.3808524137089488,0.15495878098658694,0.4316721717797842
-1.3095796013549874,-2.1160676897140402,-1.0443924611897188
0.8103663117894087,0.0070865107236753174,-0.23407995777978424
-2.833390269285833,-0.5392081475608025,1.4542528214485069
0.14482534088023055,0.473203924672748,-0.9777252684751101
-2.243970895347206,-0.10692171729153506,0.6781499706243638
0.5383751372684753,0.5102478660291508,1.7331125497387074
0.5114737698650565,0.7452832721720112,-0.017490768108214517
0.48164327571568427,-0.3253602823472012,2.363943943399009
-0.6243313587950814,0.5836320674675594,-0.35310449116513576
0.3121348435150212,0.0255437593981974,1.714081665255777
2.022391762751085,-1.836576112036974,-1.1254208152318543
-0.7108298038711363,0.0373811044007353,1.209178994442397
0.18834178346230288,0.3822682583908556,1.1951774928607126
0.6190632793351142,-2.063453488240421,0.8952684217166768
1.0878223954028092,1.1221672254419133,-0.7876021090836024
-0.9642339365934433,0.04227596360122846,1.761845577426158
1.6853488254411544,0.2804833001119992,0.7777663881679763
-1.44044007269748,0.6940687283771948,-0.5064379668825293
2.1224715567886703,-2.3407644842828708,1.0034937701019269
-0.8477585897400941,-0.2995793657772497,1.7103453548414145
-0.24949158061138788,-1.9992172205927037,-0.6783752491885827
2.2476039813654167,0.32581258312761857,-0.08987653586157773
1.6490545053995769,-2.170376799776582,-0.5409302239298235
-3.565379867631673,-0.7975975701050821,-1.7378738063600654
-0.9140486032628489,0.47296301927966994,0.7600986949319222
-2.4490198545202833,0.30134652895906017,-1.1082870923018495
-0.6840935915769756,0.7240887014815456,-0.44440548700162646
0.11038078389700762,-3.05999841967948,-1.1024323846411368
1.140212035375421,0.6586960117726915,0.32974662783965225
-1.6705127451156216,0.38845711452568626,-0.620641315303609
2.395510550775936,0.30951263622681213,0.26100504730108437
-0.028610131515199387,0.1241087245645304,1.0912175578629288
0.4034316543093144,1.1248497941281692,-0.648973052577363
-2.5692418902326897,-0.0639650811003634,-1.5442353450632664
3.3268966353026213,-1.844978718352769,-1.2905985067652685
-1.6843473127941708,0.0656393420363068,0.14600266040307366
-1.7599169632585332,-0.0590030855515211,0.7820543927589285
-0.1002432226884377,0.3985044097738648,-0.38599078692987593
0.41180816412186266,0.2283827713221195,0.8632646994276257
1.6556068483610829,-2.936844922655352,0.728733905810835
-0.9008955862555431,-0.314713757822153,2.8013952459423654
-0.9491338162516473,0.743514044784505,-1.0139380818549508
-1.6654975845542794,0.18675486228806262,0.05522264372578434
-3.3839341340788636,-0.6905010017513262,-0.28748532567532925
1.2110993973284558,1.292047936915845,-1.137794627869579
3.545979203182207,-2.116769920097637,-0.3146004011119348
-1.176637175313178,0.23706187222719158,0.12891361111848604
-0.998425674691325,0.8138037626163952,-0.057392141764847
0.19209485694275613,-0.5795112928028854,-0.0009540304175163674
2.337459601170093,-2.514484172994251,0.025565243720106427
1.9518989898522077,1.0560414091563237,-0.0805663194100392
0.994087840813106,0.22405168514931761,0.8943495483961674
-1.651506772118036,0.27756431915996244,0.579031814214936
0.16888368730730466,0.442739377958954,0.7721542087317125
-1.341279360543084,-0.5709055234053679,2.9480923482268433
-0.8149702726164327,0.5088125621010667,0.5513571025387558
2.244276304763079,-2.5149778040617567,-1.24569057666049
-1.5352087387464504,0.584577456649481,-0.37721625575059503
-1.48119034115288,0.150365459251754,0.5809407499763816
-2.0466232529577963,0.07939591042262614,0.449994683392448
-0.6640639723035089,0.05511899812550955,-1.1367531967739932
-0.48730334951956256,0.47201036274659536,0.03226587129010463
-0.4770946609454513,0.6700672513445021,-0.16254374796561744
-1.0859588522264614,0.005920450987558542,0.08438801080813212
1.4764992417553857,0.89619696407722,1.062709068679292
-3.6543239002643237,-0.8094128157995387,-1.55586432630971
0.09638161195214744,1.077836575269457,-0.2182296861257293
-2.225695046862527,0.09167289012948728,0.47434856442532064
0.4258508353819729,0.25988316447783977,1.323412741348068
0.2008553677042773,-0.17540320642383256,-1.2868453531294237
-2.0208208865874058,-5.638404999381169,-3.3927744319614104
1.0847334371680744,0.525317464627543,0.20513574472833568
-3.6687055350550377,-1.038949814656277,-0.007740294075691505
0.8434981464847279,1.155181443380083,-0.6620181795695376
1.104345426235622,0.0038935266418680522,0.4272074011586191
2.6850329801839767,-0.13706112600722328,2.952923764884688
-2.215035701626106,-0.003981685251245027,-0.31765113496761477
2.4875816376343196,-2.0245051091258492,-1.898645526936627
1.1382401511469467,0.6979510594788486,0.31224645218981506
1.1593261188790556,-0.088048186022673,0.9328818453889747
0.8543993546415362,0.9162261901519444,-0.8899867342859481
-1.448485937528626,0.5255828985649553,-0.3895552316674143
-0.9904708603850136,0.013479819797610605,-0.1319727774307732
-0.14846702071471052,-0.05629914971362998,1.301252380002181
-1.519783440625818,0.7369084999778851,-1.2101042471718724
0.5222236924322111,-1.562325521946375,-0.39628584819792007
-0.5056917583318865,-0.20142442816080863,0.941693805234984
0.6016096121728466,0.33581852877682467,1.3228801964087133
1.8917575143932595,1.5287329016470363,-0.49838570958405154
-1.2233513331938841,0.728045609832106,-0.9231773846487696
-1.977618226666796,0.2885110481840709,-0.8756336486859918
1.9569512442260866,-1.1335030205810055,0.20695343486718765
2.8492643407720006,-2.538853110090324,0.6380118909461218
-1.7129506154126415,0.4943751187972119,-0.3039892559728722
-1.6760013086527084,0.2771297548461185,0.11719498738269564
0.14836405230756494,-1.473245586356856,0.9343101052334816
1.1283975502330459,0.9391094055274857,-0.4184739422235089
1.3727390908127617,0.6561354235179174,0.46596810366612845
-0.5258260236304383,0.9478092739532765,-1.1748251259346227
-0.05452991383564891,0.5248157792007634,1.1969754658348906
-1.908161961509417,0.7509800574551162,-1.4519612720013684
1.9705526902220885,-1.1747728369171144,-0.502241156779123
-1.2506450949871442,-0.6183879018159472,2.902519762816169
-1.1280232746635446,-1.0288774134517014,-1.424788710683976
0.7728522327976223,0.71811136771763,0.5734566558257853
2.071434837605094,1.0769736248908128,-0.49375248354901863
-0.5620818462045619,0.8881335019610181,-0.9092772840939226
-2.0959765256530094,0.2483760620074702,0.14482486706797829
-3.4434165463038355,-0.6608641709890059,-0.4899457340397099
-2.767715608553188,-0.25961725161886906,-0.567182672046267
0.6160319302346504,1.0151688186963967,-0.30449968700397423
0.6014978228667215,0.5564184166928026,-0.688683607384858
0.3473380219478112,1.1752689514783368,-0.7667468403893385
-0.9649802698163049,-0.4608002393289797,0.6497065637515188
-0.9734425112520936,0.618201594321998,-0.15649747152879903
-0.7898390627825547,0.30379132578096574,-0.2242167616843091
1.1898769003229017,-0.2965309059111931,-0.42437005548258805
1.5658564344294732,0.33612379533472864,1.629360283737007
-1.0598820314496553,0.935404254117602,-0.2491039625577482
-0.17204359112011808,-1.1234241025962146,1.149776782111284
-0.11462744716260749,-1.3752054007719607,1.298297515868815
-0.18009805079000202,0.12954071635617698,-0.36622484657071364
1.124160380788763,0.5505198001868932,-0.12782758287036294
1.0217891884267192,0.655415056201894,-0.9149137446817732
1.994310663936395,0.6648557194448971,0.8535428653971943
2.094198166210585,-2.7023494898632103,-0.03572622530003523
-1.716287457433698,0.36326482123903764,-0.24836575065152744
-0.5343242591284574,0.6673511548073504,-0.4312451353539662
1.7585595607873146,0.7553898084242916,-1.0733091211533392
-0.5270013968334728,0.7396451030165261,-0.45698812726554056
-3.579612478806053,-0.572027266740516,-1.4725665769066474
2.1651890843771704,-0.7150420537632008,-0.2942911350533454
-0.4066576120316254,0.43814189787019486,-0.0882131114606966
0.8685612858019117,0.6632039271036968,0.504428573783452
-2.790903499356574,-0.9210619647346453,1.0469546564594114
2.6608334012989507,0.6783350709110134,0.06960393103468188
1.4953501990693465,0.38518250438550705,-0.7813277720432068
-1.1216675131488822,0.6778101804536262,-1.030758301490329
-1.6181804423456365,0.13909162176133386,-0.38890951066638496
-0.2398078187567701,0.9825536639879382,-0.784190695352129
-1.9284178229689493,0.0531611879311901,0.8294938742682645
0.4977627816123467,-0.33644810276488707,0.7157556572470705
2.180065944747224,1.2173702226948697,-0.7326920679494292
-1.6809276605322372,0.7580555789618831,-1.2520477787417361
-2.049399477005634,-0.42420005212798645,1.8846820959047774
-1.7756874163806007,-0.19143387264180708,0.9114458144089858
-1.0382178518410756,0.46468735291658225,-0.928464481141698
-0.8837393551291081,0.4015856184321753,0.4444480939357861
-1.7741381123876254,0.4120620903182018,0.20986505070557912
3.3404639609768427,-1.5993669808512636,-0.9942222862845285
0.4281579311952889,0.42447220433476535,1.3768311722819733
-3.3794648039081543,-0.9798250955791057,0.3884146211280397
-1.0324584499759968,0.2519974919853742,0.319605468186862
0.9237737883903413,0.7189700994256577,-0.6295652729429347
-2.4725250491396578,-0.1947390556686597,-0.21095565128260335
0.2094441283742038,0.8354436461690183,-0.25181445293582533
-1.7608179745137822,0.23220308341257118,0.12998611127851104
-1.8574103794562542,0.9356255472713694,-1.9150439705733866
-0.41489359366901657,-0.15987074870764312,-0.5989294036619651
2.891671464085972,-0.2751059446825835,-1.0780759998662117
0.05607522812214019,0.47404990051479196,0.23332059751729317
3.341527828962078,-1.1947984084179026,-0.11086383554937818
-0.9638037379091701,0.6992398549877192,0.3669189577110618
-2.128901631990217,-0.15674463951287065,0.4097401092763278
-0.2383450260073242,0.06547508959754217,-0.05921647800396717
-3.12814875565275,-0.1306230650153958,-1.7635302768531218
1.0987689772471736,1.0735694763836634,0.48514897354744746
0.8173121413884186,1.4407435961365742,-0.6535127598990597
0.2691550543773264,0.049178208698060284,1.451930698302534
2.226651301767388,-2.4202951955232246,0.6710924350017567
2.859522163370717,-0.41147166809648333,1.6640185795185005
0.4699428254367961,0.9723301032323305,-0.3255443533655628
0.9155107719969273,0.97739918919718,-0.6967654670938401
-0.5542520348139554,0.8799240703147032,-0.8266540292077715
-2.5488415806013918,-0.19113223608723964,-0.2916347941746029
0.29658432520435085,1.0489923179990304,-1.0338864628288036
1.8081479626528474,0.959278951748646,-0.417383884480171
-2.15744203063261,0.24894287145392788,-1.4875719241214722
-0.4512978494083134,0.3084076194986972,1.100354814736346
-2.369246112150708,-0.1932477798869011,-0.3745878089239961
0.10590494242720992,0.8973741942436928,-0.14651146609709254
1.6869537501206677,1.1004512022545587,-0.8076531534461435
3.6022273567921723,-2.1324097988668296,-0.10590943105380346
-0.9159661127568769,0.42542563851762066,0.005809402789058167
-0.4990193827223388,0.8220014652993731,-0.6947362567215778
1.4819065067551822,-0.09672633284457377,0.6239569581942584
-1.3256277364861015,-0.3473603987714081,2.049533802402414
1.0898869304437278,-2.882466273899492,-1.2184145624736247
-4.174257458419379,-1.6510212347228654,-0.7146284904867323
-0.14430145245535148,0.09940185830474314,0.6643249958200796
-1.386912966332909,-0.38526655630196943,1.3653623198615548
1.3447791585364066,0.2788467051199251,0.7239023244889227
-0.41506194258778584,0.6832104347241109,-0.013625711948983505
-1.851355263749148,-0.23897011545972346,1.607083265307197
2.001331427473706,-1.8111426695411212,-1.557803883221477
-0.5866759336915324,0.6662842296257714,-0.6066631611863986
0.8996771596570158,0.4836403359635336,0.9385316924042573
1.7906276433330148,0.7882790145050722,0.4394199349015649
-2.532079529699898,0.3593643665687783,-1.1164471314286906
0.7105564685331853,0.55449944237546,-0.856763677059689
2.280556733726073,0.9851680271457326,-0.5627826490536477
-0.2343972009369309,1.2384569418492415,-1.5698860827663124
0.5934700879662651,-0.36650149503328167,-0.33013451579518904
0.8483354740839474,0.2321588130778544,0.6955973774795027
-0.05495553639400731,0.7179502183368626,0.5124518485964962
1.561742147681129,1.4335791074420277,-0.6156618832412112
1.6422127680832275,1.0696479682141422,-0.9926904839871842
0.15666684419928067,-3.511189993947927,-0.4263042351534497
0.035297426534326395,0.4088645831840368,1.1484125887281655
0.79084109951929,1.0056505048983766,-0.989397952851621
0.5542443200145002,0.6024955037283308,0.2643961251015408
0.3824772845212988,0.48433662389445925,1.6207426226507489
-0.9062778760922817,0.9402068429137052,-0.7918010958923181
-0.9063341278486939,0.05612273581471257,1.329047977195464
1.1600021114161654,1.7128316756946642,-0.8081354330310371
-0.5133613464841406,0.1865919892923679,0.8442419856979978
2.663158364271415,-2.0144447306065865,-1.4089521596283265
1.8233554534533134,-2.039580639970615,-0.48661174430559556
1.853108640518092,0.7833942073439784,-0.654655931995982
0.06342816823857188,0.7792445032127567,-1.3701347741045082
0.40707377909211245,-0.16072492129128527,0.19124656007496132
0.6267343503535753,-3.3318673847585996,-0.8360162085932745
-1.7798299438354914,-0.22140439659492883,1.6965969644399146
1.7858097424677386,-3.1994757934593725,0.5625772883833493
-0.3115964941725217,1.0256026821219346,-0.23940982016867468
1.6727213471704003,0.9123931121864425,-0.5024679662995922
1.1989143754508005,-0.5227240431726597,-1.1628916023175133
-4.658521708278205,-1.7887120618380667,-0.8648727504135547
0.2312483737838869,0.2739432664215335,0.3193253258734575
-1.9995576953493701,0.22967674574569202,0.03947934761580796
-4.543732805309938,-2.0558229564709842,-0.4124254583405163
-2.867735754159366,0.05409872138616524,-1.1015869998293422
1.1958347655222235,-1.4146942513947858,-0.9159954394251626
1.152999972641345,0.19869630844497868,0.22169931419318456
-4.678464477502019,-2.040354236887095,0.0017961245754583354
1.7415588829639428,1.4602140839839959,-1.1656639385908782
-3.7271654676133212,-0.819094506385158,-1.6448191760950805
-2.1257973685050304,-0.15334590996595662,-0.3453402751550638
0.48980147525974993,0.8908106876818233,0.26954845564508056
-1.8284708858995933,-0.16873460391848916,0.6297921311895385
-1.1131924056769922,0.5359230551965083,0.25838993051167075
-0.8413727786945457,0.6766925541485435,-1.220919957017345
1.648257278348389,1.2526839955384848,-0.5989642414317693
2.018651972990767,-0.8913348764617496,-0.8602701219573342
-1.1157230435655496,0.11646538428536252,1.0104123976800437
0.10620346257142388,-3.4637941600876423,-0.23626876620750886
-1.1401643988871555,0.10182947443729813,-0.12643165527103797
-0.10850380448415244,-0.162835387434364,2.412700456208608
1.1846678049896837,1.447675320290367,-0.27195933524418414
-0.40999851313459557,0.4471040501415521,0.05374247715362872
-1.7753692593253076,-0.19651776448961744,1.6480723289963384
1.4753905512312706,-3.189726486830082,1.7502382503621978
-2.2176274815753914,-0.6295039502441095,-0.11034347454533154
1.37825028189534,0.9243029577489474,0.47452379984457743
-1.1086938055580928,0.5230474251222695,-0.4437630325496013
-2.040569350404985,0.3879338758191346,-0.3046909166438026
1.8839059859308613,0.07922388509064114,1.8876216242527895
-1.9539002084219919,-0.14052775995909497,1.7584561270243262
-0.44187657301549454,-0.250937859270583,2.429013932576884
-1.1669188854616455,0.31529648668601157,0.6890241089009249
0.05443038155659616,0.20671650416530726,1.739905078833143
2.352145536535744,-0.0971674611610974,2.9195231144842366
0.9666982166346596,1.1894433665224964,-0.4996206791968337
0.02068711731601807,0.7701475254942544,-0.18590205146006966
-0.058194348241950924,0.7048154166203372,-0.8768453125726843
2.1653410298507634,0.9951593059346315,0.3380321953880993
0.9852755769837962,0.22243324136456058,1.6356243033181388
-0.18312799841092126,0.37640595736540144,0.27005011070137513
1.4582113141199233,1.3812767998800966,-0.3700214285554221
-2.098559108033102,-0.33778287859225226,0.7904104916018322
0.7088771426327384,1.1185111495548123,-0.9771293350041075
0.4382294961829865,0.02250356098639308,0.7718786391862629
-0.8130488716553315,0.4284522492283233,0.5304303520166073
-2.2301594802337665,-0.15802517396511565,-0.17250496411537328
-1.5062583275272163,-0.5427285923296198,1.5471214632107664
-1.9026845954775362,0.09102509068664166,-0.04245370340906189
2.271625754326178,1.2078858761001188,-0.8180022956104022
1.0797316198015814,0.9770652018184817,-0.6915869860697269
-0.4116225171606791,0.959427981833587,-0.11864216089792293
1.8613844902753292,-2.7827338040073415,-0.22375315555737163
0.3058178297305586,0.7801839283414618,-0.3343826908252146
1.292931793373588,1.034871278567441,-1.1071611420938308
-1.317351710719071,0.36796922693097023,0.5560716159478901
2.295042483479851,0.8466134915500969,0.0007410131388711591
1.8025548399843137,0.9387333718437267,-0.12971708140457708
1.011564862044613,0.712529764642723,0.10373948651001322
0.026228158050299866,-3.246556146851519,-0.3430878812747396
-4.336971144722594,-1.7179088774218234,-0.0626587781147196
0.5807333864165665,1.0807095587161644,-1.2243870236665377
0.13507673567984907,-2.4018767813734305,-1.2525566957483425
1.5950052379060111,1.0245359145123971,-1.2975461437860119
-0.5220732737607038,0.41173845089354183,0.29201753210871084
-0.4092892302835929,0.48372610481538697,0.005793284482789314
-2.7367751662327797,-0.05014679257976015,-0.07448424887063082
-0.09840398037577237,0.3331366782946759,0.26159884866248323
2.4737690661814056,-1.783596055036271,-1.7887318096839957
2.593217953167174,1.1418247074544416,-0.7094213629380752
1.0308897468254308,0.8403513906363514,-0.15240950547630305
-1.2317429906672748,0.5820580339260625,-0.8246058301353663
1.003590099160786,0.9003715006241685,0.5920052013524006
0.9621135729124968,1.029780190612105,-0.9651595215371687
-0.9413379474610545,0.7361072348894687,-0.5314167167887422
2.921217266848349,-2.278940529244328,-0.6220379761334224
-1.0993995024682142,0.6716916578761467,-0.5500038815615865
1.7801396614369345,0.9616250813990967,-0.30697729670762797
-4.299990812594274,-2.0268159925900933,-0.37504490682053954
-1.599846172906721,0.7059735546095954,-1.2377047409685875
0.9923828240886529,0.3092071427591183,0.9132562945740087
1.9426970512104365,0.9145367785186864,-0.11841180997279208
1.6136378759419985,1.0411323218831205,-0.7090211509624256
0.03403863963786792,0.7976855885195294,-0.2887181607885085
0.11322013949979148,-3.6416617412250707,-0.742340915691218
1.010045759620498,0.9992378543172847,-0.704499519353641
1.6444705693989237,0.8412874633630368,0.15310578878404574
2.599899880679562,-0.9688680807344965,-0.16358062081546723
0.8554819070221873,-0.33918994636844335,-1.0097744856656712
0.6103543834437499,0.6299318119120891,-0.12931412941472648
-0.8929520424071778,0.029460011358384493,0.6284206447183104
-0.5319042266867732,1.0291836693054817,0.1621812607901692
-0.8360161004226637,0.4677868212955305,0.023743019935011864
-3.732731482707971,-0.924629532390826,-1.645654533195751
-1.5524397033175996,0.7503262862130874,-0.9492890958991804
2.755274202591677,-2.24840137013678,-0.644457502211995
0.6687216697333798,1.3006921512574043,-1.4752527965678746
1.9494463584663746,-0.013816398216305162,-0.8467243755033966
0.11644813007885421,0.3158239300059731,-0.7800538536086152
2.0486155719524333,0.6577551853958984,0.6270618999365553
-2.81656206810795,-0.22219278669743966,-0.8387618569927691
1.3216602923167962,1.5928742309775006,-0.5375642038426085
-2.418157628741452,-0.2394302752353716,0.034964092573741896
1.3178295938918922,1.1349378044404386,-0.5384300911646606
0.05765460035678991,-0.02724921194072572,1.7737919762956709
2.89687148575032,-2.386978280658558,0.22289497847033207
-0.5261078748992747,0.5728440625695265,0.21139678945503887
-0.8586676216439225,0.3021591101571468,0.3521861008370966
-2.0794600447728757,0.09228236528826159,0.7123436935648567
0.6557111068374686,-0.216271695561288,1.8545651392305673
0.4250770021304965,-0.42310134544131867,1.768647877350638
0.3256672197683686,0.4827781788823121,0.872232861285065
-2.7273062198026428,-0.854889894245374,-0.9341599329372066
-0.8836883024369654,0.2323050315938643,1.1199910188550415
1.9685413775502811,-3.1780031375291347,1.1275333258578086
-0.5972952505713581,0.35812639716754674,-0.5541222958958222
0.8741588604912834,0.9135331694231307,-0.27443963641406366
-1.9054738678256837,0.30187842748366644,-0.05204986646544851
0.1893302943412652,1.2852913625062077,-1.5052027079755412
-3.059362238337899,-0.5156319863729283,-0.20214491776667357
0.8933276311111319,-0.06574651848988658,2.4354533443627266
0.22891042115293833,0.6685004057136089,-0.5106690735642354
0.9817000245155095,0.5242836204602714,0.9329996741767254
1.534251808363975,-2.632461318237019,-1.6650704391582987
-0.914730069019725,0.4949833354030576,-1.4033514572390264
0.8773625793660325,0.8232779186582008,0.3902090951887734
1.3562245052438158,0.06445337108387816,1.5113769728851585
-1.0771364612322127,-0.000787689203587059,0.7264826615432557
0.3308299537395985,0.7182205422280413,-0.5840604109551164
-1.0870226779602008,0.598587647792945,-0.6385155497661386
-2.30077352500833,0.13530704582059253,-0.254929593906737
0.6105108806080901,0.43950459865280284,-0.16372792288205262
0.4606395828750357,0.21919828985309375,0.5467493331259037
0.6807706611983089,0.46126530954568745,-0.573906949633436
-1.254304545082701,-1.7968920042268903,-0.30582404866836327
-0.7162115588712897,0.4826420976529137,-0.2484245224286633
-0.18754976833828305,-0.9350127085935325,-0.9372000767403738
0.6895923813048557,0.8700061431359589,-0.6725891861319543
1.0972522751703677,0.7620993345834032,-0.04210742557589418
2.2200831339376546,-1.5650773665661866,-1.3279710317351954
-2.3965348016950765,-0.06625885721709784,-0.16540099866828906
-3.79082019594004,-0.9086690635815804,-1.110002131120505
1.9363248542691625,-0.22030116561769675,-0.9255903815541539
1.7211409587879933,0.6522006356737611,-0.595027933424545
-2.2678407697310266,-0.07024380207216162,0.17913193304135028
-2.402253647227005,-0.062456972004160866,0.6447946414751695
3.12177838118809,-0.14688317098328305,-0.3352721949633116
-0.5023478183452396,0.7511259352037103,-1.2602119743005569
0.3096408544636198,-0.3467990239470725,1.1686226237641446
-0.32631400015816553,-2.255640285954299,-1.6825954820407953
-0.20407705668767712,0.8348697280539451,0.268779253867525
-0.6958280464013572,0.8451128100243833,-1.135485711092986
-2.0167442271722016,-0.1116266541074333,0.8887529131345688
-1.2218551942760552,0.723290910590575,-0.24008470382632452
-2.2100042787399836,0.1143378026364651,0.36228173865114194
-0.32070518906865303,-0.7811088529278921,-1.3464290633803948
-0.4742418763302678,0.8857420175108466,-1.453057673490577
-1.4430791875119868,0.37206514235712457,0.24048321256025607
1.3621467971042132,0.9711313462369628,0.04424738142201755
-1.0069918081490692,-0.06154289999759485,0.8125009073980524
-0.36226122242464276,0.7029657371104554,-1.109528264258367
-1.9533737838522256,0.6445669273198779,-1.0455447652068104
-0.3774598125346788,0.10114039106498528,1.8984837612034973
-3.4949519121047357,-1.0054893357122165,0.6451484483996677
0.6621867314026487,0.6673441156210399,0.7038225144346462
1.4799626039795204,-3.016218170392837,-1.037385573094984
0.9406864859298338,-2.737231516866951,-0.9375249811620432
0.12937853822246206,0.861826131521806,-0.3802949379172063
-0.6666955263955939,0.4589463060758939,0.006841063968306425
-0.728617957709106,-0.466506565014626,0.6282463625018664
1.7142463390372529,-1.517603865560172,-0.5547061886051051
0.3559056292311821,0.5912784230475535,-0.9062581097198711
1.506460475669238,-1.5190443738505486,-1.0938046412281746
1.9584584517193249,-0.7937661383762463,-1.1002861959769379
-1.7530438244108328,-0.13080978511986174,1.4583851117314133
-1.204209352604435,0.5418054005638039,-1.0312721966655218
-2.5030517461600885,-0.27856461299501933,-0.690916443317418
1.8604317594394684,0.9261358807888691,-0.6627722575857183
1.926567003307969,-2.2155181649444455,-2.0292345716364477
2.64308875178574,0.42737012874008784,0.014283571683059933
2.5461027281729964,0.32406210239317357,-0.7192978238175158
0.20111063713266422,0.7627763673633652,0.45662838301396685
1.6359458064505739,0.9741808518035088,-0.4015146398551019
2.769916757590469,0.6034320440056596,-0.4580476133330988
2.473129556728213,-1.4194634262348875,-0.9955203912708843
-0.49529418249155843,0.5434807494076269,0.1090280933386577
1.0396874141149595,1.3719008072785346,-0.36441554541806087
1.636867257055663,1.1756028062806068,-0.2974046752565267
-0.24395705111477428,-0.5771357877485193,0.35086629048269413
1.6432455062204412,-2.247198139876325,-1.1398184621321719
-0.6380495464490024,-0.10873148513102568,1.2336968482083437
-0.6871354616463504,0.7251303697513819,-0.43229418957518556
0.465304398550091,-2.2428872429013986,0.4017864360911226
1.9362470210276759,0.9451612839445601,-0.6866664213031836
0.49347052834226995,-0.08300549845111577,0.419794030051834
1.4869484080759026,-2.652705719521679,-0.4721274864930905
-2.4146321060962572,-0.28321578773288586,1.3930438856587222
1.8904964842167165,-2.7391810330453525,-0.42427550055373225
1.6539987667639933,1.2023619792632467,-0.5387784730283419
2.6422700998024777,-2.5475315112330184,1.1449390476992947
-4.027960062651254,-0.9122244331146019,-1.9428071217169631
-1.0101620236696263,0.316255718778687,-0.42284872123899647
-0.17336971160180387,1.1038362188297137,-1.3639058086235007
1.2064579847677461,0.6522311701461398,0.6096503274078946
0.8259935312776504,0.09255976936916419,1.5473159176272056
1.1013567104999948,-3.1279189414070037,-0.6533981087737766
1.2869957958106288,1.5441411345718898,-0.433534772412488
1.004956579744447,1.127091464088405,-0.7015366677337938
-1.1479941771268152,-0.6459703969240647,2.6864989192957
-1.8144042177069388,-0.20187368664577376,1.9630838280590088
2.724855488337511,-2.29089742784638,-0.4285044314621243
-1.0706902756038443,1.0024764297589621,-0.7695012305903952
1.051881865521417,0.7096319998191319,0.38797829149566543
-0.06920847580602445,0.16987166521401273,-0.6538834322704541
-1.029735247522181,0.28352837917420537,0.275218686189971
-1.578358964213562,0.8552298350694949,-1.4156683611096619
2.4692648756067457,-0.0683483757084315,-0.5516960979327853
-0.5343774403415239,0.6815525003415708,0.24376209076487504
-0.19870719648347906,0.5714572071541326,-0.24344090618000014
0.4833841703819919,0.9988970316224922,-0.5612901659024806
-3.1338682226875667,-0.7466751898701408,0.44151697076685414
-2.2001814846867385,-0.27478166881804095,1.748673460425777
-0.45317916725574936,0.7954585228471862,-0.9740814725382223
-1.444013217576482,0.16201141557838528,0.27108967696020814
-2.2105317182849125,0.5018169424757339,-0.9841635100236172
0.9876916604876782,0.7558060342981736,0.7331086448528399
-1.5763486977558265,-0.23923493663671175,1.4060976997028813
-1.5873278365255925,0.41422334764239027,-1.2941236489209136
0.24548499705863536,-0.17437408973412016,1.5967765561223566
-0.5278621134401082,0.39825016203554786,0.9022783033714582
-1.0870557129073666,0.7197797597858732,-0.6655070222927775
-0.2784090290536486,1.0736478231634803,-1.1640674497837047
-2.081589994062826,-0.06110909705817362,-1.374252746903366
-0.12209063530570448,0.4542571809575798,-0.3598037494994074
0.4760540188427033,0.6546565015056367,0.2813333518744181
-0.014565655448283605,0.37448511500255677,0.946832975842562
-1.2149944499499359,0.7408835049660338,-0.9835567310850546
0.2850444907514784,0.08655178500131566,1.1738381210139164
0.815077862289453,0.9027061392363727,-1.1229017384724944
0.3582728313837338,0.7898089314169464,-0.1269240912655984
1.135357798937986,0.9820991955434714,-0.28506786351373914
-0.07887998595470037,0.24533252653014959,0.8280896595837575
-0.42499915519309606,0.15853832784735022,1.4819047702520955
-1.0891157139819128,0.4608704571559055,0.7085507232675038
-1.7280787966600868,0.7405702034978877,-0.8787020784424021
2.7357568245136457,-1.7103886277948317,-1.3836414417009117
-0.19242281217376273,0.038591202764200395,1.7626150784361037
-2.675876675307043,0.12908898942075908,-0.591905984374954
2.8507935519840113,0.7873919514022107,0.33156256704121834
1.396239068586981,1.0578408898538805,-0.4722843548460945
-0.23894514143877882,0.9364633292732807,-0.7025663496233626
-1.1255511154293045,0.14232120426103845,0.5976142977553429
0.7370137334235566,-2.716574108665551,-2.476249680065777
1.707627598844123,0.6582167721476707,-1.114618211445573
0.7002095862944573,0.9921660293039317,-0.898788435498973
-1.1951047408802313,0.34475398476663927,0.1290017338270278
0.9513901902527235,-3.583656655051198,-0.05376858922831257
-2.431701572147435,0.2571440323014262,-0.5642282972797137
1.1745883615539263,-2.508181526469004,-1.831040923539358
1.7767879425032493,-1.0863322397868025,-0.6197576314298514
2.7074728586603283,-1.6740526446083417,-0.7666596531368416
-3.737104849416456,-0.827969831590165,-1.6251439428786245
0.03224687472696629,0.5615913987041484,-0.22957478968873402
1.9969337065030566,-2.2248784613989034,-1.9086275343043806
-0.7517813144632834,0.29713796570296275,1.4195508700293054
0.1907704372709059,0.5757798818806152,0.6036294468760621
1.2765396279516636,0.5616718706516155,-0.09677780488439511
-0.5407263312465983,0.12956764822007294,1.0554983536538356
2.5374633593767855,0.9028338723296883,0.006608151982075437
-0.13267335965526694,0.4825719147823655,-0.20666751844724407
0.6886930832496175,0.8500013887856118,-0.09727287860890038
-0.9580762081566291,0.556933863728333,-0.30777880957110876
-0.2912752157620178,0.1636196471479127,1.054996155933368
1.7032418877143158,0.7470583762863232,0.33575714532097456
-0.5010293682566985,0.8656925950115696,-1.2896486421152897
-2.4989272119111945,-0.24892962943659838,-0.007879864125253346
-1.2801735742843234,0.05362399900184603,0.9813345744292337
1.15643707908829,0.3641240542679329,0.26070259199933427
-0.806644773820491,0.31425338730408925,0.5139149260038403
-1.383559872536649,0.6306572336710096,-0.9457987381905757
-0.7605420382029852,0.46170045532279935,0.1115801710256868
-3.3802313370117414,-1.0973501993764008,-0.3171301305334319
0.6143665003756302,1.1197984900405586,-0.30699698018259275
0.4805117661902519,0.47929575004817215,-0.3533543790701156
1.3058318217760507,1.1161523487222489,-1.014089219481125
-1.605474597817764,0.48470320989019816,-0.4820325561065009
0.6593021493710065,0.44581184004134544,0.022296643595265026
-1.9232498095481605,0.5402806520973633,-0.6042660917391386
-1.112675955912008,0.1447021656779158,1.525954731807153
2.276714865387187,0.39388521779983354,-0.14312942911307963
-1.2241254584227468,-0.07213597526369847,1.2083727129630528
1.8008201496611163,0.8373195117820376,1.015405781396011
0.1335086946115697,0.8869754564361416,-0.29384472495268166
-1.958438703569359,-0.45868087953858855,0.35767590052091003
-0.1433485514065746,0.42164234687834573,1.3020906109136638
3.671225778537683,-1.5291266162375716,-0.6401126758737755
1.3411763219164654,0.3180498427832989,1.4810257107381812
0.9518330692093329,-1.2417254273358156,-0.15143144379179863
0.801154471323516,0.9659740102883226,-0.3252357628280803
2.0043154024003598,1.3257624448171217,-0.5617656605809056
-3.1572837471211366,-0.8210466312548391,-1.556273884629324
-2.5652524556383463,-0.24545283484823655,0.5871293117864682
-1.3144670097452844,0.7741111045905071,-0.8735145088388518
-2.467915236092103,0.245733845611073,-0.9477431941315356
0.14249807160209738,0.762496017366844,-0.4028793050864278
-0.8000827968667177,0.26190903557430184,1.1281150702079075
-2.6233198083051508,-1.101562842425482,0.9379318742555404
-1.0617144723173038,-3.4603060886666226,-0.5878946227823755
-1.2576716376687957,0.1967086965680366,1.4905539255098479
-0.6957958646934963,0.5636454613912092,-1.1283148656672675
-0.7831174300055602,0.6107701369558608,-0.29098008583362733
-1.3185688608388673,-0.07285636080047178,0.706753312305323
0.06143855824881227,0.5015931894679374,0.1771266675751346
1.675423588038582,-2.0379575492682527,-0.41373445662154706
1.8687278509032426,-1.8009783926973755,0.4597898090754937
-3.0663426977720745,-0.5361767993295092,-0.14283570697764122
1.723600802545869,-1.9212488991907286,0.2094440513863072
1.088758457086273,0.4243588030519375,1.4689197522698285
0.7193971304914137,0.931570350469122,-0.3571229176486848
0.8170789799097469,0.8688846379442737,-0.5470447409182452
-1.4590742272881283,0.4227620667263262,0.3703615080097083
-0.8858584169155125,0.623569630905532,-0.26664705673964184
-2.6692784171057933,-0.2548804503005051,0.0284034081904182
-0.17811075650070946,0.8616616143128207,-0.5945240197588509
-0.45408910854819706,0.2033685499946174,1.005989742259712
-3.922671297521177,-1.8090873470979294,-2.2327851113428925
-0.6392177329033297,1.0874753844274447,-0.30986075036853444
-0.241987446156255,1.303623117465725,-0.20940808929331028
-2.1121417341486275,0.287096737079141,-1.1812612585553741
-0.24593801652766972,0.49000243484933154,-0.027435537615747622
-2.000941647040281,0.18608217219879694,0.6457928278888778
-0.02064129005325454,0.8403475037923845,0.0742234685449048
0.16143427413682304,0.7632004451832192,-1.2101011377042241
1.9552686384810103,-2.5741484422522802,-0.18698157224053036
0.010056031286250457,0.6216591060217975,1.9082628159790842
1.7232325143193372,0.6998246108261029,-0.31244971659363835
1.5101855304840588,-2.7763941150259,-0.263385455764919
1.7338612528697503,-3.04989184982765,0.2900822322053872
-4.353984302202539,-1.586792981000123,-0.6047084157112085
0.3480159930198098,0.8132362853535942,-0.20858844671592947
1.7470586800485255,0.3206700281911019,0.779226151691953
1.462461672262908,0.5036185446312589,1.9518246728644986
-2.226287049283753,0.25676148519102066,-0.8817781728642955
2.438603109126821,-2.5715095918175863,-1.4477848745613215
2.1006990947680615,-2.624806873047591,-2.041676378092754
0.3311142802049355,0.9381219397018303,0.6293995704773591
-0.5039084791414534,-4.117600657381709,-1.3719162164363468
-0.4249414825571276,0.32702938358746003,1.4116442144232602
-0.9527654216022142,0.596080500547621,-0.37415090246393434
-0.8572828070533676,0.42582706099754275,-0.38433766365975586
-1.0544351159990462,0.3346962559363032,-0.11168372596363632
0.24848476386806306,0.3815120057579535,-0.05373348173140016
-1.1035822035127616,0.6123492030854516,-0.47196732986581863
-1.9804785383539418,0.07538778446469725,-0.14348063361955643
0.3662839462790443,0.6792552455323516,1.7037844059721337
-1.6086834542877804,0.36572759156773355,-0.4381210726355404
2.3696465117131225,0.9833949459358324,-0.2211358606506637
2.1537738799530155,-0.41179235088276506,0.3489294782376137
1.1550511290376848,-1.542138059241212,0.5975740212346734
1.7539740822996714,0.05442206262147275,-1.3554347102912576
2.155527904403766,-3.0046336701745036,0.803728406755867
-3.8709751266841916,-1.14458019166922,-0.4289687796464362
1.3453013059603227,-2.238251802648092,-0.7765841980818625
-1.7810253605002024,0.27050227582521497,0.29565444772134575
2.084397017176589,-2.6532293554382234,0.14174892713957743
0.017302223145606317,0.8333329770765531,0.46428996120061405
1.0625844804464717,0.5315461436312487,1.5443593808641172
-2.4743118284679726,-0.38692442871754607,-0.23787818495191995
0.8397927032812003,1.6399554771914893,-0.8824147578409117
0.07867763364390148,0.8312932414549199,-0.6619687349929587
1.509402376315681,-0.6373248519872197,0.2574254250227361
-1.2262044901006193,0.04303438120747303,1.1987649746331988
-1.033062342241246,0.09514714611606082,1.675268482224014
1.4009189289396915,0.8241108829137913,-0.45626716935139405
0.3995693437620209,1.1759816557468712,-0.5903062419570954
-2.1433994171859556,0.3702680111746462,-0.8629530969873894
-0.13117154796527153,0.4470879533496182,1.7622671997442687
-2.6681838445648562,-0.6375525795069082,1.413555187932827
-0.8020208070911823,-1.3530288300640554,-0.7009099691911671
-0.40949019585025553,-3.2471609947875275,0.013433344535011747
1.561396937047524,0.11453908598359197,1.6915076994722218
-2.3797532260305716,-0.028625498170054876,-0.29736042709133775
-1.7461837177255226,-0.1106191930763254,1.4000984735421922
-0.2507306066973737,-0.20779749752684784,0.5151573571937458
1.1298080853443755,0.19061557708092197,-0.0655369225489596
1.9013205878444523,0.9478574016600712,-0.41760887063580804
-0.2568510994242108,0.6769458600158522,0.03199194981510247
0.16177261680636043,0.05096899939113493,1.6182568486313487
-0.37634021992299743,0.10620407556561162,1.0805218742793776
-0.7703463706405538,-0.1621166144962347,1.165739906333386
2.805705577171379,1.2406752862834203,-1.0720228428804381
-0.7830366044396067,0.00960102715967305,1.6971561803310358
-3.298254852709833,-0.5361040174677597,-1.0094331564153014
1.1097028440504246,0.9910188200077724,-0.9614626015983909
-1.8583209762776378,-0.04874641202305522,0.21908697103847113
1.0777256531794068,0.8642297902945401,0.02728416047263283
0.1956346253740163,0.8249001160218465,-0.29311143032027304
1.656287661735159,-1.1527149574384075,1.3457696399110533
-0.9358678390138085,-0.2590213767893487,2.309079721621163
-1.3676167225540348,-0.033486348235886726,-1.0613743672531952
-2.3992448285053776,-0.05360144917804849,0.6192303264798973
-0.5965033700207878,0.7894243184983676,0.0683638685215076
-2.3216465999745632,-0.05315340877779977,-0.7790152721492127
1.7449506164219584,-2.029124691441268,-1.6383195021102546
-1.427536805364967,-0.06297524502527943,0.7260478004971678
-0.04899272163708564,0.1648150434269399,1.1260264771522217
-1.1011648886808507,-0.33247676161966494,1.049182404483271
1.2682103550717911,0.8102599830514423,-0.0273609728804868
-0.039185145081975084,1.0059416529918244,-0.4077206256264827
0.7847339522232243,-1.78407250381225,1.195542652449786
2.889608131749251,-1.2374516207521795,-0.44077349821017126
3.0697320333857627,-1.4794303545591512,-0.9462177974349326
2.1307872924511577,1.1865861017386568,-0.4654643522235951
0.6965045901543374,0.8994925177608346,-0.06619411538584383
1.126511527126449,0.2892911202046959,-0.6074787353069737
-1.0357691634281363,0.5682476011324059,-0.38738781681585516
1.5301123660084286,-1.8110466940509418,-1.7626990590652356
0.38467338197082535,1.2508294873107249,-1.1761953874765945
-1.4045815734795077,0.4618549178860364,-0.06536112087809196
-2.3631959339199717,-0.15794526171976794,0.2920876086711934
-1.0465195753273122,0.3175444116178744,-0.2627522362807402
0.32013567627175477,0.7819206164972525,0.06477104681718818
2.218805915069865,-0.6702213702636702,0.0018612419420130047
0.15366414607484238,-0.08664911021072011,-0.3760895219403225
2.6762809199694058,0.5748354089820761,0.722905546423524
0.21503092656638734,0.991518447148797,-0.4745589284658018
0.7079407893057371,0.20796148990742996,1.8672255091915793
0.23821806319580097,-2.213354695281485,2.0609673532214243
-0.028118134657603065,1.0262681124086679,-1.0508769540236882
-0.40329520824653364,-0.04998679578322571,0.6091377093917677
1.6143412364115444,0.37847546554424966,1.7929257089268142
0.9585423839974497,0.9607343826291649,0.2775255302612813
-1.0766441872721866,0.4244286845084668,-0.01884552067890386
1.844262062804757,-1.8413815124120563,-0.8280285222507138
-1.1544379866674674,0.5449769651262808,-0.11424526489981082
1.3043109336772671,-2.827580946868852,0.13260904245905683
-4.708588451806084,-1.9360679616645808,-0.43948254889221344
1.0068833546014992,0.5877797921069311,0.29047385305848966
-0.30594589727887866,0.7018814247885279,-0.22685264068120553
0.1958523636650827,0.7428224668526314,0.630257382896686
0.10551901225533186,-0.1000060604947556,1.3874122273743128
0.9680470854849118,1.3055196126360649,-1.0972206099589323
-2.1591150932938055,0.34179208447542525,-1.4793797680495184
-1.6657908336242668,0.19764976832811643,0.047089625974738474
0.8491785352252219,0.11991488493231381,2.6390798784073217
0.39723551345946184,0.45462504859486624,0.8739174993079335
2.012678536392766,1.0480230313828174,-0.07794834277688781
-0.022588341561507956,0.9570158331878459,-0.5427117840749903
1.0383769946879735,-1.7040728629316697,-0.9410055117872695
-2.3756995876395512,-0.28678152828827363,1.133052516213235
2.15414580120383,-2.5874279248332686,1.6806112628234795
-0.01047025431730882,0.7071612209972129,1.4279361315288295
2.427429035895709,0.8598099382731292,0.12905609016313974
1.845079726055078,0.9656500004923966,0.6530784598079735
-0.27889340567141774,0.13442445383120563,0.8804185829597255
3.353502214141362,-1.0437551504535914,1.5209871164182114
-1.0491206857499864,0.5407095381071308,-0.2845717074874162
0.8013382235490463,-0.09372022246597941,0.7977500980902688
-0.9045537607389432,0.6780770430538969,-0.12445032704501624
-0.5423770303378528,1.0674178436932447,-1.1039706629895514
0.3963691150644035,0.3479153273813819,-0.3530958384947738
-0.6467195543732285,-2.950346363206136,-0.19691040218931163
-0.002553476678669887,0.6065725811406224,0.7027637096983445
0.25618564618526785,0.6167317115988424,0.027120386650370067
2.0568808349026035,-2.430933155102443,0.29857300175044993
1.6583548167484627,0.9759605343792772,-1.2090775680499566
-0.8238870743827561,0.7103016867268229,-0.6617317947125292
-0.7826332982580991,-3.77297339862806,-1.2363804935429015
1.616187577292623,0.9507083553183535,-0.7299814033593411
-0.47330637149738486,-0.12039568873493456,1.8512681434741127
-0.3660029318209096,0.8511163734350764,-0.45170294487307755
-1.0369125145423548,0.5648825024584831,-0.37767337711765137
-0.3136645920499006,0.4953751330681036,-0.15984972289308166
1.2669329243440863,-0.20985342880304336,1.7475581995999754
-0.8749913604516274,-0.021060413632027767,1.7387220261638832
0.24545858205529505,0.2845896648372281,0.8239816028476282
1.6447985926983533,0.9635422380950984,0.12304659845797393
0.7003144248463286,0.861612242293083,-0.8537197720106829
1.2546800508516298,0.07709915565893992,0.22609491721031036
-2.1960032108209564,0.233223374627285,-1.1659612662074736
-4.154811859955061,-1.2855732754635092,-0.8650156015162588
0.8526926312049251,-1.8465742853748643,-0.19176445205507026
1.9813471557794633,0.5533208179931561,0.9417235416967877
-2.7015161973171726,-0.1685734993789341,-0.3842907955299904
1.9312696203345017,1.0211522141443719,-0.6405973253902922
0.35534860261678614,0.8282592980627997,1.1100948520851939
1.4923024744474565,-2.8576730323161184,-0.31214510253486955
-1.1412019364329333,0.6555906570518889,-0.8966586017727733
2.042049230843001,-2.273283774624712,-1.6053485987637406
0.05429809117478019,0.2641146250128189,0.95627045918543
1.774585017538693,-2.630155800819737,-1.4549791148964883
0.6933212934125662,1.2779200198389629,-0.9930596438342996
0.6422911374250119,0.5984496824952189,0.3155844660065592
1.9778592166874958,-2.9966155274753405,0.3040387400245969
1.3355444978744948,-0.717024378336363,-0.10171660010079225
0.9925951586292175,0.19304370852027436,-0.6453552561754918
-0.07377129477633827,0.9276640571368597,-0.13510990168199083
2.7990139607913527,-0.5679620887301892,-1.7182248478614186
0.8244637578614401,1.1956974893750143,-0.6384826997334809
2.3924777235049506,-2.6576334810114166,-0.4132006904666179
-3.810766730162829,-0.7626706628841401,-1.6483776385227722
1.9518407483401352,0.757660964120816,-0.20574646828788012
-1.1102956692612451,0.5536068177641634,-0.46202665020387207
0.4612511404137306,1.0315286894264235,-0.37926066786267076
-3.2679742605473465,-0.34920915203294656,-1.2727340255931456
0.40020217355163323,0.4152149861190734,1.4974159230051831
-3.7705521148805228,-1.133998745285622,0.14974485269336926
0.13626679919338874,0.6773947617590371,0.2690296965645449
1.43714650350893,0.6249586450403729,-0.04566710769020853
-2.0469339206920383,-0.0399253262466565,-0.3029484664350659
-1.9316348470777258,0.7320647187697407,-1.251498017973826
-1.7694796074330934,-0.19094139807310162,1.6086557208561763
2.9861570056554556,-0.04061892399316275,1.7835224854674594
1.9487950913576522,1.1893973288320938,-0.8159511415848889
-0.5323525318991399,-0.1626227219245029,1.0236687511444142
2.4371255643043064,1.1506890236772989,-0.06822527735042683
-3.482932236218148,-0.8370386121588584,-1.7892879105021144
-0.8527094731352001,0.610652411022443,-0.4075443958138922
-2.8266396362469015,-0.7180242941061941,1.3654170824431888
-0.2868471909814595,-0.013694795341525942,2.3997794685301788
-2.432357513825257,-0.026886550209580296,0.09044397874767446
-3.499982338270429,-0.8273480001199228,-0.009336612128579978
-0.37670356630956114,0.4363285924183892,1.71884633872031
1.7578818179342066,0.6534084810152013,-0.48416697594169184
1.1220990639124817,-3.502395782289368,-0.0778645411676708
-0.7881553612653485,0.39218721410175045,0.3355711334317194
0.49730356826169614,0.9891230745656715,-0.7160312378575329
-1.549174913493891,0.783451167510619,-0.9982774545952209
-2.272563318863191,0.12316154179348633,0.1965863808325104
1.2312302575844825,0.6476176710692404,0.24903797687782755
2.1606798923117716,0.14728013406437085,-0.3383288651306497
0.983834651561065,0.6791000360113493,-1.1043708223002042
1.1423095309090705,1.080428224456324,0.1424804512424403
0.15353432444831014,0.3672587378516362,0.9276145864837806
0.9504336935499089,-0.2525173728133719,1.3336176739404166
-2.140414844269845,0.322290506900354,-0.18545711627276812
-0.1722244073570201,0.5070843527313097,-0.5552573566036056
1.5720877004327016,0.9619948699771891,-0.42082208003411176
-2.2537029157081014,-2.32284607424482,-0.4963938185312317
1.721994018130744,0.7669754637532716,0.20830416750218866
1.0862822819438207,0.6678329462124843,0.8360853626415032
-1.1700423230312833,0.5497918294004781,0.054811823452594756
0.8291855517097644,0.3523470789490177,-1.2825511278489232
-1.8828361532378952,-0.017388158287770576,1.1500614179108064
0.571107016894996,-1.4252880868670121,-0.8216594556759279
0.1330259915295469,0.5416710617526874,0.3748257537190352
-1.1498630913304797,0.7161145987941401,-0.8184677856612136
-2.7940349204069475,-0.4233779089952495,1.1198715813103373
1.8810999524249257,-2.388319684266064,-1.690025514835386
2.3798391772210485,-0.8985195534423768,-1.1261413039675652
1.4342926375634215,0.9870538335240031,-0.6838277778120249
0.9814182104782043,0.1817627315360256,1.69761965055171
-0.2252602421294001,0.5155870569249916,-0.17124967703150729
-2.147530922057236,0.2778305563853984,-0.10374643438277864
-0.027154600607547257,0.38149782422465595,-0.12206545387241619
-3.1951440503226,-0.6245433669993677,0.2482712910742384
0.8417392763484864,-1.2667325187684542,1.0812638388245788
-1.5857204685411883,0.24036517201907048,0.0640006705208823
0.3362830908855776,0.9363769853039237,-0.7742523802029547
-1.2211205643191396,0.8206265442048848,-0.9375293888200977
-0.0014221610064119217,0.9983957949064266,-0.01612027407105763
-1.3278132761880441,0.5066097047909318,-0.031018779087721805
1.7557541541927835,-0.6001460483523055,0.37262648926870423
-4.334559727782407,-1.440187009599636,-2.189656636811887
-1.2993504887222591,0.5929809483940347,0.4123281901265056
0.4129505440532676,1.0903663154225598,-0.7557007753887454
-4.3136341092439165,-1.2633299028673861,-1.6553927956187442
-0.8600351194817749,0.711330475076243,-0.49667832864965583
1.0705501579627232,0.252487510556976,0.9358810106152534
1.676137004627689,0.7547189941819527,0.002749592556142776
1.4054164722800633,0.9673338287609969,-0.5337027516281647
-1.3942159714727593,0.5158788330531933,-0.17468126296297548
-0.039035275881788664,0.08262901961599241,2.0172472503620873
0.15891080485545978,-3.9968727720830275,1.0092545222335259
1.2338629446527543,0.9757266240007462,-0.5062442386813407
1.9395653785075355,1.3840470814564363,-0.7801403620211399
0.5435338585805323,0.13315773071121484,0.46028871723155784
-2.0236900558580597,-0.13520737313165732,0.9042427298568965
-1.4356291929052667,0.2962185331617637,0.18320757169737772
2.265418949270839,-2.5063412196430925,-0.0018453298353307737
0.5643938598834183,-3.3997956094584456,-1.062319857554072
-0.738092542710044,0.3437009246536609,0.039916906370530296
-1.674978310287355,0.2801406326069969,0.1085031202843025
2.0837055556198028,0.156414163519702,-0.727432036761872
-3.149001165654418,-0.3993003529030005,-1.563688047184464
0.2356180642765131,1.157855116056218,-1.2213419698667147
-0.3027919295837219,0.4687114376222188,0.5392667753757937
-2.1795782662242815,-0.17886851771943585,1.5417451981063919
-1.541799348007605,0.3578753469576498,-0.29854887915952966
0.387507987631117,0.3896097107214136,0.3454761372506216
-1.0901366866305664,-0.19412278911648395,2.187470653360931
-3.59691512035701,-0.8276570400252302,-0.6177048498629019
-1.247264730271896,0.13872296039685295,0.7123504176315214
-4.696638261279313,-1.9066339950088953,-1.269722019409708
1.765970031657437,-0.17309462894415517,-1.2660943250760455
-0.9233236043176815,-0.47235569360716917,-0.080294948445819
-1.9008878288461275,-0.2514239104672432,0.5220032391290836
2.8313686691212148,0.5429000534032693,0.9405019993540311
0.36731442101347395,0.04350000764930896,-0.12099661176309855
1.5634820530085805,-3.3374871297812523,0.3340476362466817
0.5294064554606034,1.413437485364023,-0.9065683475264826
1.031444765361689,0.9679951860032284,-0.31921629532276197
-3.0619280642335265,-0.9205527713551525,-0.2433029537025533
1.799822059844871,0.7965068223452864,0.3816467330063905
-2.7787989405512628,-0.09355305794307966,-0.44153431944775584
1.9252426874264759,0.9184321075370003,0.6592942701030411
0.11501876680313146,0.29292888395105204,1.906579800100222
-2.815999815773492,-0.3008156258779519,-0.11943552578078385
0.41195294783290465,0.9543828673460888,-0.709327986513141
1.4658196734082147,0.4157284243923845,1.9293165003951924
-1.8983171222889508,0.23692672432835882,-0.1174585250793714
1.5684779281918415,-2.3220126246438464,-1.2950572882605762
0.9085851337466908,-0.0884180313546242,-0.39235979504019847
-2.483043895361313,0.00826050708382467,-0.1219772231349592
-1.375724533200917,-0.05816970866065699,1.117203007459939
0.8758967315958183,0.7969438253929702,-0.939050541343303
0.7608765228598534,-1.0957027859200084,2.198763191692272
2.9733336919386013,-1.7780742662807953,-1.6540616578625231
1.2995819413683656,1.264348496383872,-0.5011544159152924
1.820962420803264,0.9863169658222755,-0.38879008832717216
1.1045024893027309,1.2716331253707753,-0.25016688541330423
-0.02893787010739176,0.4076289787344257,0.9542098678834793
1.7087520248263586,0.0813480507175181,-0.6417462113250686
-0.12155934409549586,1.0986510829232046,-1.1387585508735114
1.4322205594984145,-2.4402581425011944,0.9070252497115641
-1.8962148169870117,-0.16629544376249594,1.28038028606579
0.5361732770795323,0.8227990900062306,-0.799926701420295
-2.184043855934995,-0.23876098439804092,0.15415045207859224
-0.4911311747075842,-2.7821831087351887,-1.9903963345469358
1.7476810294431335,0.939503438720059,0.11906082306006864
1.0761116032779101,-0.4496397877215376,-1.5420403571651768
0.29548287137950185,0.8188940934499145,0.2575851202024543
1.156372338480028,0.5742869646420383,0.8446067909434167
-1.5511759994545162,0.7540456058000545,-0.9600261081971946
1.4949117035617736,1.1181687806998484,-0.5789922419781329
-2.272767121610555,0.4106820220436026,-1.190110833083081
-0.09306352168254482,1.0638302145333796,-0.6684201091326453
1.010734306940187,0.8860993242575376,-0.6914932322423458
0.24233205248842832,-0.8368747950502734,1.1602777017677035
1.5664407472337034,1.4525827726621345,-0.5398951481525348
-0.4475148991426541,-1.6114070019076572,-1.0420321229351306
-3.709858542364724,-1.1483129085948323,0.33129008580906866
-3.723860647681081,-0.8927832810898118,-0.9923201224455455
-0.002173123369688824,-0.5622913379139705,1.7016280042457363
0.8511401111234878,-1.9070310070190548,0.48077493818728584
0.5951335966045511,1.0958665212533552,-0.860639101034073
-2.301615340471656,-0.4922225059745565,-0.22329075637056017
1.6412320432752465,-3.177711813777138,1.0285814767321009
-2.7097240548279746,-0.5728867351540433,1.8086038575340724
1.4139472867890313,-3.1080194565849006,-0.6173308167448613
-0.48994510402770475,0.2672684152021887,0.6346621657842026
-1.0140650008830785,0.5225957118101537,-0.5551488615057538
1.4073226970301802,0.4002279989171783,1.53336309351949
-0.31259556732690963,-0.3792366748544554,-1.5137401023738735
-3.134153360933614,-0.24033140227949815,-0.9777842897008703
1.8523034252541812,1.1921107513144176,-0.5544501477318382
0.40281487508998637,-0.11591686346801908,1.6801784141919807
-3.8393790274223987,-2.2643798047475125,-0.6081618174590144
2.0226609921440755,0.6981009663260284,-1.3699045637164668
0.6024032597983426,0.7874818308868173,-0.7425005290823901
-0.4412668197515598,0.8107893479432369,-0.4988274441610831
2.062938010636385,0.8094016976940148,0.2265811749200164
2.605857513682371,0.9614744852538313,-0.6517310226468996
-0.5036266753656834,0.7694579459563639,-0.7026905975563222
0.9090416171261047,1.007991090851514,0.0008810453631669893
0.2663656169780896,1.228621514043733,-0.9061205533599833
3.4477345601621496,-1.886981497402556,-0.9122170145841473
-0.15275148995826465,0.9025150976540484,0.5132718401925042
1.824815460000631,1.1256606328462284,-0.931676223590157
-1.30465236719288,0.560418774561256,-0.9023599443702581
-2.0461879513306442,-3.2539068626113066,-2.4782163873960776
1.061287549586651,-2.3759617634966665,-1.5222023248978345
1.8545443706574254,0.8291145245280734,-0.46721082980184664
-3.574546784251233,-0.7558025060685305,-1.5470862995146129
-0.8812155527828721,0.32039841245657635,-0.2667769086549248
2.0460752748709803,-0.9351690745732226,-0.0053218583871650115
-2.0934453529278665,-0.14182587456506351,1.528395224863228
2.1231737165681457,0.9863143693985756,-0.058530395261406964
-2.700209073564122,-0.3459152249529426,0.291204566341823
-1.000654577468415,0.5555068806281062,0.71189452100492
1.3855549898016535,-1.996511373135742,2.684889910967808
0.6491773963431124,0.5286819535400356,0.1351988264701149
0.5332169879750105,0.9970497113053356,-1.0151452985756921
-2.973839734446335,-0.16614972185068758,-0.9348066102577275
2.1781979891632606,0.9306338278176401,-0.5870220732973607
-2.629425378768747,-0.44006359569319997,0.40366701064937716
1.087437855336101,-1.971361787112795,-1.0183028395879707
1.763135651809025,-0.6960532167863329,-0.7102807617977697
-1.1314847865375814,0.39864468087558175,-0.16028294583045055
-2.1234494525048313,-0.5208538016574288,2.4865727722618516
1.5803773623021815,0.8470159169561883,-0.5674593881844089
0.9356414022714805,-0.3828045632482886,-0.4591389522510762
-0.1556240526858667,0.9149767147182323,-0.16875070498268763
-1.2431455953832162,0.2721356938898162,0.650080190411406
-0.7039804421495511,0.5924601504903755,0.3854301407782681
0.31133332873918246,0.08855791333150367,1.541455911469716
1.241298971063983,0.6336403124141772,0.3462171204155595
0.050683584090807185,1.137394994263954,-1.13339014960812
1.0860839489363476,0.9395420505245675,0.037044350433173084
1.3376718081482617,1.101201584323659,-0.5970088590689433
-0.6605185189532919,0.6961891008947342,-0.07893675777399359
0.08815762857382137,-1.933212619908424,1.3432193393251113
0.9651500277383875,-1.0328591597585697,1.520617651626391
0.48778890365035693,0.7147544166428031,-1.1358635883765624
1.4129837170256458,0.6376373961446297,0.3177466685223545
0.7988617352881868,-1.292042440921205,-0.5276197732693206
0.0480422836927427,-0.03462396600703424,1.149033496709891
0.5296716781435357,1.232903278492224,-0.9605931908551759
-0.25462897620999153,1.0837375203217219,-0.7067846366031711
0.09268868285634857,0.29992524929589215,0.7472080377232613
-2.09316449837946,-0.06332148666131775,0.11672549638305857
-0.3627138884207513,-0.2460492023508566,1.107842572812221
0.11586876206388784,0.6343153432626847,0.5529053353368987
2.1107435829805667,1.2368412764241448,-0.7379779673096966
0.27666913231982576,-1.1870236418897686,-0.9950738099289274
-1.672319686847757,0.7117329827538523,-0.6552313687344546
0.6907339418188236,-1.786478374882157,0.6221366107386511
-2.6985599221678025,-0.14811462868667888,-0.42003327347593034
-0.6004066763629091,0.741482352494058,-1.119682826249794
0.12302704077469927,-0.3289063851317065,3.182470269475957
0.47354216972064245,0.8825504271514671,-1.0352830601039993
-0.36376738508883993,0.22006554780563056,1.6741034648443922
-0.9159166782880532,-0.6601697818683766,2.050756122094324
-1.7948664291804326,-0.20547753716274297,-0.30301009145000396
1.5511691943619053,0.28512179666385007,0.9532816853631282
0.2713916405039978,1.4507187518659859,-0.9714944861535066
-1.1678659638264508,0.8196920592549092,-0.7246530022678386
2.2760082400715462,0.9083463344825463,-0.133210791524062
-2.0772784135510327,-0.5002327493673673,1.3822247066741236
1.6084775401335345,0.3036581427063247,-0.38353403478955306
1.0441485992275987,1.2973406571653419,-0.9982362577399435
0.23300500678137875,0.015411760245336928,1.6592741657873884
-0.7162143250330228,0.3301608540169008,1.7873110176789422
1.1085496690047865,0.8884430564298081,-0.7036407193616128
1.5972755875008398,-3.2692920714157427,0.5219748903078653
0.6092173719602312,0.9689964227959749,-0.9105308256830207
-3.181760983933698,-0.8758746549391887,0.8378114162410263
-0.3711596816861221,-2.5139555689336244,-1.6134345158440204
0.8078460696250348,0.8030395169532023,0.2954246299695735
1.7659640965310293,1.1242856257714182,-0.07685762377805241
1.2521190576371495,-2.5621069790431164,-1.084639973390107
1.9037851238990473,0.7222311042429638,0.8795044009465007
0.6673066943471762,-2.946417626807021,-1.5352465058990818
-0.790665329456787,0.2965331644155805,-0.21056438398076327
-1.8215397013151973,0.4511392085280876,-0.7591703945081628
-1.7651023729214088,0.12181993519537099,0.17241129889719706
-2.19493404042501,-0.016476184263525696,0.18150959175772485
-3.516355711476296,-0.7717442943594326,-0.6155735449665759
1.4827806058753827,-0.30590137132295064,-1.119079535789697
-1.269408520400499,0.5546167379565106,-1.185160406538885
1.1928859570810793,-0.19511932904339746,-1.2187792959926314
-2.802126708866525,-0.24248874836292586,0.48077267282669595
0.5643128051480619,0.25799329086640793,1.5626767969074642
0.964202791015105,-1.5275299238262616,1.3015430400114627
1.4195509840182883,0.5621878139019347,0.835341469283002
-0.29949431898087964,-0.42623317213122863,2.6379777096834913
1.2477279715245415,0.5317121401353556,0.7780137654473508
-0.05029138436993349,-3.6036823564372447,-0.35925325038736344
0.9474948550693941,0.8542638526124531,0.7186142851850462
-2.5854771168078967,-0.20118419830517095,0.013614702142422306
1.9130009608721261,-3.089732293802208,0.8490815109972812
2.547797064623504,0.8822685292704444,-0.011138760724706227
1.7243189798190413,-1.173723353053155,1.3339521832042383
-0.5460413608217537,0.004393163919329159,1.1173048576214886
0.9292007025610076,1.0673230937864684,-0.17039986510516125
-1.799169355630641,0.4934633817090354,-0.9279899995718472
0.9921414820332961,0.3568931763436088,1.4258219012321804
0.13573946456949695,1.0253528685514222,-0.4828616567349692
-1.7827418430513648,0.5444125340076882,-0.38238577037652893
0.701968361365247,0.016826608157356506,2.033663052713432
0.12578871667902253,0.09320210223599652,0.07789173053903313
-4.7189636961937875,-1.9723419743786508,-1.0800348021447836
-0.5577931576041409,0.5526658297787217,-0.7572489443359133
2.1560853044858845,0.9757627440132155,-0.4277887649634056
-1.3272429996959498,-0.5060778703903537,2.807583741847727
-1.6665628850302128,-0.0007071876144787441,0.7073500635271104
2.4484339170295817,0.7644467601399659,0.1499853290538903
2.100968504850031,1.2222251291605617,-0.11395281569269813
-0.3963301740357539,0.4332635214240275,-0.1440860072927173
1.7820861200804237,-1.5977606949786225,-1.392831395365131
1.2209768619618362,0.8518420796556558,-0.12264435811154564
0.028585487971032518,0.8169099119439991,-0.2742594552488298
-0.6497257888056159,0.508891454815169,-0.13734167260503247
2.75882493533583,-1.3191966559369945,-0.7802561231299542
1.777452246070911,0.7372526907266248,0.43433130870966385
1.902809285192893,1.2415656426832806,-0.40964351637965835
0.14568591948195259,0.2705939944467354,1.6724063208474442
-1.5154556223282245,0.6662306030341094,-0.5662970606207303
2.488201687204985,-1.402391991512644,-1.2956509413612207
1.3843070464070004,1.1017009874299917,-0.4904970836098324
2.1367316662373743,0.9088624849218705,-0.24969390974266925
2.8835823889973233,-0.9470055627094303,-0.15480474706854036
-0.9665137892584511,0.7603212782668531,-0.9651888987564639
-1.708336167988886,0.07503067323496197,1.0937544290774055
-0.2650194455251458,0.3530265679864778,1.5004474086681252
-0.4752612154268584,0.47075860323386415,0.5297289357081918
1.136017113189488,0.7707004109731401,0.33944209801313996
-0.4893274051272546,0.18867981797240058,-0.6320684109319303
-0.6467813894791614,0.43154201970330386,-0.16696029022557413
2.6374740574226045,-2.31737081626123,-0.28742190873241236
2.4841117221026345,1.2171916209986846,0.32548881525281237
-0.6760406168283578,0.007648200033961382,-0.4162179672514627
1.2660472006320722,0.18421992589329833,1.4389885244980005
0.1667008573953745,-0.9160028044499813,1.51154026951352
1.4954766503555295,0.22978996075096522,1.533927592097296
1.426005082473062,-0.07150001849557994,-0.9990862864475163
-0.4373244170762376,0.4447075535479024,0.29042714376337236
-1.8997250740278555,-0.09894901461965176,-0.09907840552033635
-0.00023475236141693289,0.8181018507512958,-0.02478772866894185
-0.031887900530476646,1.048334937208269,-1.1761505554856977
1.1014025391227527,-0.4498446443647252,-1.5426225762288899
1.2570602400618058,0.7558553924173464,-0.569582102987349
0.20940902888514523,-1.1346457188333336,-0.712140083234107
1.31898917636123,0.7855689219858203,-0.593434078455375
-0.04951109219773221,1.1684972684101604,-1.017212491763051
0.471278376285349,0.8271517545198784,-1.0552800726693774
-0.48584330383373864,0.17931605741080184,0.0429746046326917
0.26998468548552285,1.4113038363979793,-0.9276665535039628
1.0250387580555302,0.3981234523924398,-0.1382036973459371
2.930496204921084,-0.3717352858449117,-0.8670140426225786
-1.0340814728033996,0.501557302424316,0.2682265176805547
-2.253645022746925,-0.408336407626292,0.7136403533174887
-2.7658668974302443,-0.43536498308417737,0.10371111312639758
2.60825372013141,-0.9605967492337752,-0.4882332890839615
0.00916692601294444,0.6123522081809761,-0.7459289984210912
0.24721920677577372,1.0766086744730285,-0.611991359060314
1.9488492203293089,1.1664995644431435,-0.9130590089991403
1.8304865780873878,-0.7396247469671804,-1.187492292189583
0.06301480312529573,0.3953366550908104,-0.3726317251072755
0.3037658035247814,0.9656712004541589,-0.44626880340136915
-0.9105655046622986,0.4178046629592936,-0.018827465701287523
0.41683844434923795,-1.9994797556657307,-0.9042823240026222
-0.8894391945966899,0.07973185978405756,0.5215700363536684
0.7543240059495914,-0.262555955838286,2.8981988343674714
-0.3855916379594939,0.5861584051344387,-0.2625977275024334
1.7666451341954892,0.9034630208006537,0.7784406695590913
2.0387135178773304,1.0067844508561152,0.44819375416791296
1.103435264915686,1.3397117696487415,-0.1885033389967754
0.7881567227283157,-0.19669543854136273,1.9572527470582242
1.5955266555018228,0.9136990823394167,-0.1495191713143641
-0.6358818339878778,0.4295829929139945,-0.09552763214807539
1.9539939605419556,-3.1973029513621896,1.2298857119337843
2.0782501625163827,0.8235267424844973,-0.29862159250886755
2.568762216080226,-2.6642941045836457,0.9023378194178053
1.007820373249741,0.23595330530396447,1.4945438633943595
3.1839012566161706,-1.7794477780068816,-0.7329530474931146
-0.5785790337108196,0.30114210600645935,0.8017633279212847
0.8436120163281213,0.9146128062651336,-0.017126583612460188
1.314530186371299,0.7331425300190336,-0.11101312188211757
2.291311657287468,-2.3139161046843433,-0.3123176148828127
-0.335330440389294,0.049412487369722924,0.8476504848940183
-1.3863767643338276,0.23647292479066015,0.4725866510456875
-2.189654384160019,0.1538532368198219,0.25415397555104174
-0.03739508027709072,-0.01827628254005301,-0.1853829326464133
-0.14919663405490535,-0.019152626706637605,1.3928528802713764
-1.816281083115499,0.17849600662584014,0.5845787702153706
-1.8340445113742512,0.5121085393755797,-0.6589467044532263
-3.0906778643076995,-0.3170796144767381,-0.6393217255616359
0.12748706363291923,0.9256975948378373,0.17823446986656372
-1.5426954764844916,-0.11407127712736531,1.7840951486240937
2.105861518026363,-2.0848159880175237,-1.948039449308818
0.18383311763869167,-0.5175200201588616,2.6686763630719903
-1.2534911539282887,-0.48195906463423527,2.878179847883941
-0.12177024480845057,0.5647314973669764,-0.3791734905749063
-2.2309195123356726,-0.12238823726383241,0.4872587991011881
-1.0117918249767164,0.7601067852777127,-0.6183825230047718
1.8175932869022888,0.6513316480739366,0.24535569189786893
-1.6290079628606744,0.8156915948045441,-1.0019786061652387
-1.1951186775881388,-0.17654479280646648,-0.9245857091785318
3.117189983273673,-1.477089947862126,-0.31314064108806666
1.9984045992477661,-0.09335739587412745,2.047103418489518
-1.8773367267362424,0.5177386914516732,-0.329012776598414
0.9983952448273244,0.8669376740225373,-0.5936299339319395
-2.354664415072625,0.09798529922610495,0.17568017198200836
-1.6610369000440957,0.21164149439337399,0.006698008282208341
2.5644716967986434,0.23702842016164682,1.8187507321635825
-2.376542056881607,-0.28926107467958523,1.1402105244119116
-1.331820703988384,0.6877619181441038,-0.6941957067143618
-1.2100996421374586,0.538827031815366,-0.30667019945585117
-2.062562359380246,0.04424209776689431,0.5747961036168213
1.5379766250273474,1.3949445319770413,-0.8777900176392559
-0.10726167082230077,0.8880034693370873,-1.074480203342931
-1.128756289889962,0.26845303149211897,-0.2612569740302864
-1.3412082183998613,0.6601326869266325,-0.6144350439291107
-1.6620490354448827,0.6324301066923722,-0.7258480164423164
-0.968423154777592,0.4522234760477151,-0.2350926041631169
-1.3940468401506125,0.902270281846564,-1.5705700550033992
0.7073563959251776,0.7793446542708922,-0.21713550875173054
1.1390167369942794,-1.457701686544435,-1.4349205342607256
1.8433984005945594,0.6105240669343056,0.7359000341217854
-1.4358459871381208,0.004860282047913333,0.8882984006427997
-2.0970039105202276,0.02315174992537851,0.14332395925160923
-1.981703743665508,0.4780535928792203,-1.5922968470300987
0.6153613444553672,1.3274313296077427,-1.023300119951959
-0.580011393172825,-2.442994746322415,-1.6342300644913579
1.5124947686937182,0.9606818167362672,-0.7030599749363654
2.0538625630951137,1.014963762692022,-0.30817822775371173
-0.19673174255815862,-1.133379113542469,0.0768236237464475
-0.4445801257252807,0.7124224276849799,-1.1604576756609655
0.9589779665201882,0.954695579348016,-0.2765364085867993
1.0268793510364045,0.24804207893259025,0.5981257725309223
-1.6635009012334394,0.6163989974131733,-0.7028876959940128
-3.6327129490408643,-0.7340497035853855,-1.7501055572263415
1.890859716859775,0.7793626642267223,0.2981217060312665
-4.659525716717132,-1.4949265757242396,-2.298920799447748
-0.7082831444535954,0.028607488427438595,1.1988320751998585
2.2446920444864955,1.3066020208979447,-0.5826101791145062
2.3737393747038658,-2.2168033669514084,-0.26338495091288777
1.04105432988511,1.0470193315602494,-0.3643881666307432
1.0641414333795427,0.5243705571781627,1.5417553863171471
3.080345445255533,-2.252986123767244,1.401803639320404
-2.0997237231926076,-0.08262652642224315,0.17245570307275318
-1.7622937515672152,0.5068217834211335,-0.5500992520189855
1.5634064514107522,-2.8749587359871027,-0.359355583348865
0.12802561214531086,0.8240356264423697,-0.3002116724655435
0.002008529977052541,1.0058930932601169,-0.7304489822351771
-0.31285430451570595,0.7793220280925892,-0.1741785765174767
-0.09882692730599445,0.8160467345875305,-0.5755318422391112
1.9479558016152603,-2.9986115768854438,0.5627136200027834
-1.6575389164658751,-0.4282786815883139,1.2705740674193728
-0.9560464898886231,0.8653858868605158,-1.038897676764267
3.118127151193395,-0.3014324941927771,-1.6651070260570087
-0.06578173443991152,-1.2172556541802513,-0.26960677602220473
-1.2101602965336558,0.05498149813091927,1.094319880310161
-0.07978519151422368,0.6582022706628851,-0.5883359136758961
1.7334178631055384,0.27693607348785393,1.6784093660587416
0.49834894533627494,0.01117964289585871,1.5178243443791115
1.5193558373419738,-0.9403675451199889,0.044151335924708345
2.2061672115991895,0.7988518889946441,0.15276359471943088
1.652428647339369,-2.4083705693692057,1.0341574920659864
0.3515201231933298,0.22353815138199157,1.4005260781701496
-0.41911735170155306,-0.010538998367122548,0.7481715951920769
-1.0684111642293275,-0.626566462895313,0.2983734764905854
0.47530146461051515,0.3866216321693705,1.7351159810007712
-1.2434487513742403,0.826567956325842,-1.417772522448935
-1.2101384678576317,-0.2679395381064691,-0.11280360205373546
0.35106791239331486,1.6135636048107342,-0.9785071963345693
0.4907206805858342,1.3571323978853815,-0.7631656335488052
2.282977171886084,0.9432542561617372,-0.7615613709955723
0.40913156352964136,0.3317096794489068,0.27897566004407637
2.106009522584985,0.7273876131099928,-0.18673197470258673
0.6953531033844402,-1.4315391608609496,2.790440140205711
-2.421688382726756,-0.0041054412036410646,0.053943860681780025
-4.303027769463598,-2.45350156134566,-0.3474256460892309
2.770086567948711,1.0277318253040308,0.0789891297156993
-2.8121072609797455,-0.57719682788551,-0.232114505382519
1.3287753473147648,-0.5468262807955961,-0.36456371644564756
-1.5828411262507158,0.07940877663730544,0.7155131393445806
2.746873333974196,-1.231993788761369,-0.5736145874204294
2.0364802365446333,0.6495681148240002,0.5640080951659109
-4.503447191365534,-1.3322984153802233,-2.182457545269918
0.24867008840624885,0.8450234000830251,-0.5734804627065111
-4.230726290203319,-1.7137086334008966,0.48783898163540107
-0.11518807985448166,-3.8807102849663258,1.0351308319482744
0.5872932727198628,0.8484055262135404,0.7524220951038375
1.3897375139512305,-2.6440993464709384,-0.15810591248890307
3.3145157399515197,-1.1675087392766892,-0.9117128237872543
2.294440855690697,0.8958946937927987,0.08062949155768331
-0.7162793680478977,0.47068452887372647,-0.23722378687818507
-2.522967373956636,-0.4088375655945978,0.14824967284505097
2.9330489598686893,-1.3001858977235359,-0.7233960908967629
1.0046680085972244,1.0792724198779136,0.021015432484877916
-1.463611207016401,0.21386217087891646,0.4209557011534157
0.5390466231118368,0.5161825463693274,-0.33875721601935177
1.0358620299819055,1.1739428632695155,-1.0539733049361664
2.4190464278953616,-0.07272302852376605,2.8918411689433823
0.3773682600072834,-2.5068376794505465,0.5235138685059169
-1.4384140626136293,0.10683329654424184,0.8934704019627625
-2.4348663292647053,-0.21229426654353306,-1.4525284055632417
-1.7255145889877783,0.2291761549324258,0.5318597518794872
0.6466714508678975,-0.6799975345370073,1.4001297285125212
0.38884900525298055,0.34811156327953324,-0.18048837769550302
-0.6544109003508293,0.18086611327334248,0.6269632410345378
0.6963125975661328,0.5884314730294414,-0.14569093021083848
2.063884212226784,0.8179487622651755,0.45622194933783133
-2.078003817021434,0.3789509241287584,-1.417163033584397
-1.027079376223209,0.7867701208117732,-1.1584461537225468
-0.3494408996038959,-0.12368877618698429,1.7032259590795684
-1.836774228850855,0.10328497656144452,0.725797453666999
0.49578625300901086,-1.0676328253399656,0.05911097522696252
0.9425196603089417,0.5358294048391035,1.3261019688567077
0.14388633206027893,0.5525412565114172,0.3060046770336333
-1.27736007226858,0.5220556970409862,-0.42179577663128365
2.526073840988965,-1.3906845911354515,0.4880732448628793
-0.7645548246866393,0.07575439563466972,1.5295018370094866
-1.1021057888185195,0.3351325054088116,-0.47706735563783115
-2.6977808756004897,0.0646207832466592,-0.40579777120936705
1.480084830683271,0.7963071895427069,0.36692433283870196
-1.4513969184256885,0.14056236982084933,-1.1342098373745146
1.0334913997332047,0.9714189438569071,-1.0217854185890558
1.0847111528941764,0.48193803216849684,0.0026485539358630478
0.7008042648206354,0.3401486879613449,-0.6637265687224508
-2.738878093037608,-0.26677863455658735,-0.07747145253927515
1.6852552292177108,0.6776413126547792,0.6340236525640421
3.015581623964219,0.19007060046872432,1.633745504600216
0.553958863365733,0.13890444719504727,0.9608670624965205
-1.748513256901125,0.5078590449178456,-0.0726299193220899
-0.5562078761284283,0.23091988093960328,1.2639448523060897
0.8022370068901464,0.9289027884900907,0.30343706159342754
-1.0081147973988915,0.20495600209551357,0.8252226646212054
-2.196909102737755,0.4409996937779995,-1.1374097475435565
-0.747327147092701,0.7913145650454559,-0.7039484986993134
-1.2081229454634743,0.3752139795857671,0.3525115638664292
-1.4822196109413792,-0.3544430372613789,-0.5421996983832835
1.412535795490935,0.9932567639044741,-0.6010205114925512
-0.3691242654607283,0.10056509866092622,1.0838074053987623
-0.24296498489383417,0.6916994611590849,-0.7499216760314212
1.0956586758785574,0.11949664437374469,1.701129208653553
-0.16238993519122868,0.4477799368825341,0.6511301509307854
-0.32419121455485594,0.550408650658165,-0.06580903148445286
-2.805060229090494,-0.36379183092694456,0.47881961703133
-0.9958733428419323,0.2046014082468125,1.3592935488824416
0.4953067253218116,1.0457453603365627,-0.6732143025343339
-1.01127700381655,0.31693837034928424,0.8248180796896506
3.105802379651409,-1.3402487151491156,-1.1447666337871945
0.343258055525575,0.8815300059381787,0.08161374769653724
-0.7993608891153172,-0.09615407069069909,1.2374687863153264
2.1903765782749747,0.856205700128142,-0.11794336011011286
-0.4599756898970653,1.096077636211315,-0.40043549656906813
-0.17999165820338425,0.7200407527250922,-0.5032765815421807
-1.2350695024435376,0.8378241910489591,-0.2304809321921856
-3.119510458484829,-0.8973644047014858,1.016752654809757
-1.9570357921110488,0.28003143049204593,0.3046221767096125
1.1315953841194513,1.1205519546860756,-0.43644093826815017
0.7975167775576197,0.7278938897611642,0.299743106695363
0.1396366761616114,0.6873129473242834,0.24039766376983893
1.492776190429499,0.1295896124697988,-1.29389009245526
-0.8070187207483518,0.5413736030165913,-0.21200752736884626
-5.182149936538522,-2.3504744093214898,-0.6954941340421433
-0.0036254702989830146,0.008854763448592484,1.5759807076778796
1.7087231635394446,0.6292963617419213,0.4621107797496974
1.6814970229209287,-1.969205776207127,-2.2580728862133466
1.6799477017493816,-0.9873290784603739,0.40565392976349407
-0.9051920455261814,-0.8755858045094308,1.5499484504286867
2.014426284568219,0.8078905479635567,-0.40847656483285016
-2.611235851365337,-0.06655449769814595,0.25332746266729206
-0.41124390625294716,0.6070679038836371,-0.6036805962290411
1.9679691331898113,-0.0645430616971649,0.12749363298167907
1.8910719671971554,-0.6394646493276115,0.7049839861427369
-1.8728874238892894,0.3060334332450286,-1.0622261267756883
-1.4575735829262904,0.8248304038858509,-1.0474650318792076
-0.8063437323292836,-0.17112748130930117,1.2266518989009096
-3.4646230193907326,-0.9162256656250011,0.387460153247316
0.500489526325186,1.0727573179201413,-0.7278743735767759
1.8263302242423762,-2.3780806686365112,1.0741205038282222
3.2603730682383687,-0.985446271912293,-1.1885730215253885
1.0682612059090317,0.6551852930030482,0.7942997700275235
0.10898102140869012,0.24646787204212572,1.863440262110611
-1.3550027012718708,-0.21624412941405052,0.9744358531444991
1.0936436218607564,-1.9453812512284403,-0.4082643885659783
2.5897772970792596,-2.8332634313770937,0.7677036828534111
0.5834350493823593,-1.2507842325190006,-0.7820846914811184
0.5427296974821888,1.0302222130472227,-0.9802814674794531
-2.939014353996436,-0.8672929308775615,0.16556850097375503
-0.6279576848871498,0.06577610020297017,1.0994303787964435
-0.5603742009012656,-0.4615586147928428,1.9802288888219035
-1.049052786063075,-0.17650110860331675,1.291593857834653
1.4034083592471078,1.0248724318319526,-0.6148939189026505
-1.5844485325498336,0.17502615205861877,0.15365568652842213
-2.7733022255133353,-0.157652839688767,0.23586653517198142
-1.9729456285853078,0.5213260815898549,-0.9486293129306557
0.7803951904762472,0.6528744240581393,-0.17649948972415
-2.2420137479752134,0.290752489327925,-1.4722603565001047
1.182884869678134,1.1234707018528824,0.6025062903206891
0.2521734823076081,-0.3965053419289012,0.9232467498150712
1.5224617522924395,-2.865019273774719,-0.7345472102598738
-2.8885567797130274,-0.007181496570533675,-0.9246819400620544
-0.12567198613818062,0.6418382171177792,-0.9109126147440851
-0.5471289382013244,0.40144374911647546,0.4066490176980143
1.8097281258298326,0.8392837749364903,0.2842948570305311
1.1350296404322051,-0.8652852110029844,1.529235652823909
1.12715329793242,0.35004271712047563,-0.23959792366433708
1.1677577768488259,-2.8072794645849797,-0.10442454051239392
2.5959147524347936,-2.005538557328144,-1.4200403447005678
0.4958409602773972,-1.1931086805579476,0.9311070315091078
0.7564777514551347,0.3777779279501073,1.9837354760932344
1.1844879529564432,-1.5143336309969337,0.4670391971395753
2.269611840898074,1.139838016095573,-0.47546292840493937
1.1232063873939777,0.5750333527133302,-0.7342840657160489
-2.638278938612507,-0.47787929112463634,0.48951554598605285
0.47760421733207264,-0.6719365186719218,-0.6206717601696784
-1.2063659547820147,0.47815848862903243,0.33156040084377303
-2.8944389422841903,-0.13716299150414277,-0.9015819671620526
1.3617148691349839,0.3781254851718507,2.6004676004710485
-1.6271050576663149,0.2997513335492595,-0.2709780156138977
0.23045048466999662,-0.22089067548620417,2.4274498736890893
-1.344168736569972,0.5536459687529219,-0.5832581549083449
-2.4348513924445734,-0.2943008858842787,-0.5519030991887539
-0.6877517774593399,0.39954869823639927,-0.38374705365299033
-0.31696343613401845,-0.5855616390808004,0.2075499559887603
0.05188239053695312,0.5712409326850197,0.2522973289347033
-0.5465476959404398,0.6196172738106682,-0.3167645672225858
2.617623796608696,-1.8035927259799038,-1.3510394316857701
0.854819493803188,0.2957752247722115,0.11955973141299099
0.15432357932635252,1.1399489327848462,-1.300090025048945
-0.27406806790840066,-1.574545794309555,0.15690510684044945
-0.9158644153937979,0.47646633194412574,0.041420766866139866
-0.7838870817013779,0.31873420903337485,0.2947042172132582
1.2786079755896327,-0.2691690741671034,-0.5116895448091631
0.9008986552820336,0.15621924439661308,0.9758917637378172
2.7824150890180013,-0.9094695521218639,-1.4677369505623445
0.5579081724766364,1.181851760274322,-0.5564006020433929
-1.538099797240794,0.16145912533112394,-0.3073114598522979
1.5886828986960313,-0.563743032042986,0.9075928640962856
-0.16756701116561867,0.06563712406636833,0.8143031177448664
-0.7375715105682602,-3.7198851748223127,-0.9432544067632078
2.2886730074452584,-1.8659839361761559,1.9414710187125925
-0.3516150091605837,-1.3679690790200147,-1.2478752277569825
-0.3479068480033401,0.6265239114379012,-0.5190375420397183
1.013286321561129,1.018560136772883,-0.7344132553435351
-1.472081328905704,0.39965811290252873,-0.9542584356176748
0.9889839461107361,-0.09289138755021348,1.6729531841953962
-0.9658756007855246,0.566652881680357,-0.9585653274046255
-1.9016112227377502,0.5982294022531307,-1.5168226565414105
-0.14092159748235117,0.4848494555475706,-0.19520554870382606
1.7321867826675956,-0.4761957070642055,0.2988590913157495
-1.8691359671910306,0.1006118614204375,-0.3756251554482799
-0.8315394566878683,1.1627760275824197,-0.7416332913053876
-0.9894800434821472,0.39542386587629813,0.05950466728509519
0.04078204869367276,-1.520834435330701,-0.9329071357868433
3.0294438773847783,0.4820070422200121,0.0029309276046325483
-1.7657984881888866,-0.19158257815320787,0.11996897658942152
-3.8784488729367426,-1.2643501940820998,-0.35944541813276004
1.8946896382714398,1.2109543399034943,-0.34249488333323885
1.211301460793544,0.7501856639006858,0.31408626664976835
0.042354001893169915,0.7596599006834744,-0.38522015760178036
1.619649531082237,0.7184737272888477,-0.6995316892743904
1.0894724887642184,0.08559240686455666,1.5019988704828697
0.7598707263221635,0.9161256286047705,-0.6444237119866985
0.974020225690339,1.101462078091426,-0.5451842982093279
-0.2522927121695264,0.7635098918590886,0.6146941708882646
1.2742028721178915,0.8563381229989219,-0.10076050060641492
-1.4881500713783529,0.680958802934921,-0.8676736359709267
0.5757172045650335,-1.3214150601438681,-0.13734035664289057
2.3874370243601915,-0.4356850019612099,-0.06761230208574048
-1.078856085162649,0.44403451193055105,0.6638785629859613
-1.046423133843323,0.6085484418186804,-0.9668204926263517
1.8848234238799708,-2.3017270828103156,-0.9724802991244392
0.22543434029444473,0.15492201257829974,1.75793574347571
-2.483364923499376,-0.09961581165749382,0.5825779070100472
1.036722675695281,0.6069535736626289,-0.1475149476864569
-0.5385813005103215,0.8412104633479245,0.2886833096086038
3.0107315189285067,-0.5550161455500188,-0.844043425487465
2.165090706879315,-0.30630043034766014,1.7564431588179406
-1.459286140859433,0.2148336654258536,0.3948325368107955
-2.8879473670286058,-0.6160819414184063,-0.23081803390467173
1.209825316203253,-1.4473743658866822,-1.173441215646858
-1.5964762959384984,0.7158917401748415,-1.266336773763293
2.9853020562323267,-1.6330965554569183,-0.09143933003029861
-1.62736353250686,0.4437959203614282,-0.31730324144206
0.28661290533629513,0.4796616526662725,-0.09258305034273076
-0.6331831793565651,0.8001581648011665,-0.33243963643221647
1.7238480151721425,-1.314189738435939,-1.3367261286559053
3.1794447617934503,-0.7696846963528682,-1.2170626556963153
-3.1373789577501756,-1.1629971839552211,0.4625370726468344
-0.02498301179286252,-2.7086732729563465,-0.8486867267596749
1.028316085031426,-1.6035267412084,0.25082411926532266
1.5654417447959375,-3.7790028914212246,1.0797919786738632
-0.9113911703123082,0.6468669857035949,0.06061156261654
1.7973547731026025,-0.8234989030436474,-0.33111479016211737
1.7861678742377771,0.17378726580693138,1.0109830804507203
0.4107494203442537,0.9508406582156438,-0.6991022605150319
1.484886900770041,-0.23694832410413058,-0.1670065604285916
-2.073074234979515,0.3100441317502054,-0.7784687100323092
-1.4895831711036644,0.8166354884974685,-0.7708951314043307
1.260256740832127,0.3551409905031651,1.3969578159366114
-0.6849344861510145,0.32444998560435173,1.5275660020535027
-2.230146448071376,-0.2500224655769928,0.5621123930463332
2.0370035170685106,0.9604347954660217,-0.8469420472681048
-1.260110936173357,-0.4012242751063896,0.3843909484614074
-1.6244496643891075,0.3193246519589035,-0.30416406206031055
0.9850832177183588,0.28499717631493576,-0.4482755245058386
-0.372750796581295,0.3358311207539947,1.0167293634330135
-0.8528650072420119,0.9018643166972241,-1.233575609557566
0.6587423936543235,0.3709237817008489,0.8753504195756463
0.3513919220437937,0.048530237837958526,0.7072320838501037
2.633435076131855,-2.4310078843129976,-1.6662171835121944
-2.137429401976509,-0.1878637684694523,1.2215257099497834
0.23481163046534811,-0.19804976618968112,1.5595626558329077
-1.0405102083270423,0.3260729966155125,0.3819939720487952
-0.3307271657439367,0.2430517992775562,1.3781522480205501
-3.3829831879108583,-0.7854755402510906,-0.28954204614841755
-3.2227702704672883,-1.0399017222644569,-1.6638008809005493
0.2627586790683265,0.30065039921971604,0.030604986105114848
0.8723292645783373,1.2289550775052769,-0.18640238982987528
0.11583733612194287,-0.07419258242142249,1.3060026171347985
-0.6161953542688654,-0.3129790346323222,1.1769997344263834
0.7761625563813814,0.10969491725234344,1.2969351758639531
2.2177724162016594,0.3171725547470326,0.33643626435626567
0.14354128129353194,0.7354989778154112,-0.3925562701231939
2.71377159416143,0.30822886759534635,1.9148592416110364
-0.762106910372655,1.3634197447297751,-1.4105381287755618
0.5921300337620139,0.8470476616529424,-0.09539516561610883
1.3019358151326008,1.2856342601789825,0.15340135820733067
0.7815823361322686,0.1944565654924003,1.9955456767076774
1.8934910856014848,-2.2340581899624232,-0.6359383104098804
0.703325716480369,0.12893967834145065,1.1903404836577978
0.3362045075275206,1.0835509011537365,-0.13692607586132474
-0.7569181601177434,-0.19125414058313028,2.300032577575868
2.062457313346615,-1.8373448920710294,-1.2972075265607417
1.9016995252824827,1.013134064613645,-1.1811503067775537
1.1030526289686076,-1.3054112582864146,-1.4619435075519587
-2.0637480532819446,0.527301849927152,-1.59845930400476
-1.9451983857751045,-0.3104633553716093,1.6965673341888328
0.11506227217986666,-0.34177002888886987,1.9864332460959364
0.11198009282832544,0.3125943303682083,0.49344965640264116
-1.0679446267591166,-0.17156849512784994,0.7863728558688536
-1.454922327748786,0.718854841767156,-0.4906627718755494
-2.3376143387043937,-0.3673536828551502,0.03865366887029326
-1.6731026012182693,0.08957653675138104,0.746266960640834
-3.593068577974812,-1.3375942262771017,-1.37125315013163
-1.730935183729212,-0.3564600568639564,1.97378872341191
-0.6485039808014383,0.09533975552760256,1.395878008411426
0.6191448580793951,0.43275656022775133,0.6518527205821812
-0.9618205100744771,0.2904674706476646,0.3954095633170169
2.5169902201999514,0.865935343515007,0.014596154106752034
-1.6439832344338534,0.45738036519741243,-0.1502437352418349
2.2529973591460895,1.0299325191110063,0.06988751946784715
-0.01757089286019719,0.42412640135831103,-0.5021045716870971
-0.3993177448500139,0.7883385554897433,-0.20051868247717153
0.9268917395668539,1.0226535238025503,-0.8040880270265438
-1.74186342942588,0.6139840614728366,-0.7661831046892259
-0.4175415277842006,0.09447217697465404,1.413939680138645
0.8141323269741764,-0.10088661804591012,1.7154843124425105
-0.2263135233012935,0.5621188996663284,0.480381068434009
0.4134006974160997,0.4643283887632794,0.08326444331557536
2.0024782361764917,-2.6412198184167166,-0.02890297091229991
0.35454065920201094,0.8622648786507287,0.47887957084192034
-0.3252992182621578,0.8070309786063917,-1.2887555980795529
-2.1967757178265,0.3493566230791667,-0.4038149629816606
-0.045060633011304904,0.7669864127875181,-1.0096846244532194
-2.655143445576846,-0.4148455487564385,0.6596817944503138
-2.126549354027133,-0.253615081643045,1.1351067499922942
-2.8900216776639738,0.06878468576214448,-1.6363389767754573
-2.6234191391266433,-0.036492432617171264,-1.0418165524818754
1.918426884706308,-1.6616314113950506,0.5437711772119201
-2.0806472937988256,-0.2136901114526092,1.4363045525593374
-1.18721735424874,0.6296899219391513,-0.5223378919210698
-3.6344136311510913,-1.2462381362412625,-0.3139318488617373
0.6797396007305749,0.6392877551855939,0.6642289216870149
2.2843855259961754,-1.9430877826836859,-1.554562822459459
1.553623586471325,-0.23497929000216722,-1.350978150132177
1.6697905012109027,-1.3283925834232586,0.9084799669192835
0.10220706004768446,1.1600812180563187,0.4433054192792691
-1.340490344927411,0.5762301649234441,-0.6251360684531502
-2.3564773391077765,0.08089152720777255,0.20170821022974444
0.5508176564532802,0.5181528185477717,0.2782844060204056
0.7065104731474879,-0.3020289488556929,-0.22217806766540488
0.005381956345755122,0.4552974687705709,-0.05904264880903204
0.9933193589747947,0.396743401996772,0.7777341720920272
-0.5959332610209727,0.8676705066734791,-0.7395573497679581
0.9796301165199268,0.808911674226276,0.24733772462771134
-0.2848253142574189,-0.07721166227527573,1.794839202293877
-1.1538953864392247,0.22057977497922507,0.6162671898985579
1.3004837326623657,1.060933438848958,-0.3539794099038353
2.568653498121094,-1.2440521671545515,-1.1992570556596127
1.6710972943366045,-3.2346180559803592,0.8233538430067793
-0.508187350760336,1.014081093705039,-0.6501360719879863
-0.655108568580073,0.7663998358208992,-1.3314089306485906
0.2562241304603561,0.3104862667542215,1.4236866762683227
1.1915298123035012,-0.07615790597556621,2.0223423742637476
1.7481276937268828,0.9567357110266358,-0.46149568244631495
2.2212752126444872,0.7424414025177516,0.3273780407093613
-2.136110402400542,-0.2673971882393405,1.890897211496198
-2.244202852380187,0.3852207247648871,-1.4161585159622019
-0.018411759204692478,-0.441413364693841,2.430437099927491
-1.570476855883328,0.5819704813939058,-1.5080946794877854
2.884215416516159,-2.050091817427092,-1.0534003824396565
-1.8932656966180523,0.32605139183501863,-0.14515153609568365
-3.308265273851966,-0.9689559431891651,-0.2480087450760232
2.035727685146544,1.0968317365543292,-0.22267183204002072
-1.2257377070687003,0.018292350546243393,0.5308681936655923
1.153937782245017,0.9315353822954425,0.16144626898267347
2.0886787133662073,-0.009889520924805606,-0.052929755370948794
-0.4610046705654349,0.7526971182039383,-0.3311255377920932
-0.35939116343550503,0.8588180653298589,-0.49725498861210454
-0.19675064499221262,0.3466498662083282,0.9430746281768014
-0.5987636572458842,0.3237303665791735,0.8605877011926439
-1.9265723988232162,0.7587224554402747,-1.3051355164164566
-2.7713131588567506,-0.36224117062208167,0.1981118631097678
1.685060503445183,0.976189553320997,-0.07911513025302222
-2.393279878115504,-0.16047264249943846,0.5522963475490956
-2.1705747084659257,-0.1876433242090928,1.4971206008722917
2.457182432005244,-1.9574124027086641,-1.6995057657627273
1.6371486660734573,0.943600712563743,-0.3703809519125564
1.6271609326866008,0.57127923408758,0.33347157600885474
-2.4648345086542522,0.21638919785806995,-0.9855698417417001
-0.8228417174426764,0.4205461637924482,-0.09279426866945684
3.0113341956109676,-0.8676224134820137,2.796787895168066
1.1387185205642496,0.8857867468165471,-0.25175402904155775
1.3540281534693999,-2.278323434195428,1.0934821604998721
1.79170954636263,1.51017221566827,-0.33121488951337547
0.8529247264016245,0.915906012712675,-0.760182450666169
-0.26586931803509833,-3.8614346219554223,-1.1204521915483812
-0.11086983499467919,0.768844184960415,-0.4625851330074467
-0.5216708532518051,0.9850450577554737,0.060007551630495155
2.2697233837376927,0.12161601234414691,0.21504035725169857
-0.6157397372132684,-2.1216707173590916,-2.0810700945134144
0.42109782036598664,-0.8074802012495061,2.9054726453899224
-2.7266862002926775,0.05982459740519093,-0.8843082551658827
0.3298504574314119,0.4575559161123596,0.18844997310456746
-0.7915687609277625,-0.24373153611812215,2.4987490060897293
1.4605413880475637,1.1108457608063496,-0.28757768675992623
-1.2033098322293003,0.09292199262754293,0.28616084678348513
-1.1227440111300218,-0.28093419589695756,1.768712989589608
1.5303013354729682,1.016468740730843,-0.18130837984050485
1.5250056469080642,1.0130577767516236,-0.8251991448208558
-0.8802240984845704,0.6022786411825511,-0.9678250102485455
-1.842220865494902,0.49980197561121814,-0.6001012169166567
-0.255060347371659,1.2390312340869885,-0.7622654527821893
-1.3283932431673102,0.2832401847605833,-0.6779759723061382
0.5911603525648981,0.8808877451657678,-0.6869349092167998
-0.47541158855899457,0.8407422917426352,-0.931794422961409
-0.3040998764865258,0.4422224372492556,0.5648918461706203
-0.7110299303453098,1.3219116603882497,-1.7534920293652203
2.800262473097,-0.7224811340864451,0.11353675440625126
-1.1797956167318604,-0.04859633526550608,1.5335534085782103
1.899781654349199,-1.954525705350006,2.4788234023540294
1.101319845925829,-0.7651463588638696,2.4871256999634106
-1.5983801571763876,0.264495154974278,0.8036202226175774
1.9020547550693592,1.1197593780241382,-0.5176986552230634
0.18461794621307537,1.1927274758928206,-0.9194050307593455
-1.5801050351156347,-0.11724321462549855,1.4001165285198078
0.9513017677432746,-1.5581970221871375,1.403954073581146
-1.9203465559928123,0.08867444742783687,0.7502920608303607
-0.8091969460508391,0.4371893207776699,-0.1874773602468512
0.12358776155214278,0.10566955969145674,1.7407559626338112
1.1747859021183638,1.0638811091834768,-0.8019862302000436
1.3754210004078111,0.18070830451644354,1.954913879265165
-0.5502770043199721,0.8173659712863811,-0.8756539631772781
2.4842965014112517,-0.8879900736366024,-1.1680426874331893
-0.08013833024176818,0.8438254202412974,-0.7920434303878395
-1.537214426807436,0.17008522630937986,-1.054163700437761
-0.2371322525261647,-0.0781260111689411,1.4498972452831362
-1.069789336465966,0.684582613326304,-0.8168117792908175
0.3057775050957789,-0.391688523292536,0.902188332316022
-1.4657694456720323,0.7029350759947046,-0.9718062347666674
-1.824377417695986,0.6234381538329523,-0.7800063175796305
-1.3424852889659749,0.4009278225633765,0.06779059066289092
-2.020122374583409,-0.1307273003272662,1.6132597842493548
-0.7003688939328293,0.22679188010784007,0.3308423136925735
-1.4568975335426557,1.040145132968923,-1.8152092971664189
0.027352660406868158,0.6430035097463865,0.5472202479113493
2.809032282857158,-0.14135240985405978,-0.7656232841805423
-1.616016963948835,0.03250738760700553,1.033865827269379
0.5819042931292211,0.9029667315256148,-0.003910905707006408
1.9912478079192564,-1.762429814230472,1.0717932137784363
0.6212225225760623,0.5218983359641363,0.5201091247105681
-2.349300072087603,-0.20046259607650552,0.8546002735373676
-1.0963406439127938,0.837257778119704,-0.635139303135121
0.5319698565075294,-1.7221503600840729,-0.3428535030616141
0.8092247138930898,0.6887669221835901,0.3013843285597191
0.40758693194394224,0.6558180700662585,-1.1298987968248837
0.8476547200435414,0.8129599692080745,-0.15210286855220229
2.8523372036712606,-2.1203994427385555,-0.8037975419909098
-4.891301240443325,-1.7969298405598715,-2.4528056884888465
0.9219892110613602,-0.5411428702556838,0.28180702942759733
0.7990078901748936,0.6144669490402574,0.47663236651509094
0.22153130493517584,-0.37947060507956254,1.9852528466570398
0.005854937279185911,0.9337983126641637,-0.08255150528479183
0.12465079002602819,0.0018667814501499558,2.4335515078809924
-0.5426560554597386,-1.471806381431795,-0.41422557709338975
0.5330465243086115,-0.07908187509870701,1.9360665874408765
-1.1398775213588321,-0.15017252038830153,1.2276859245929306
0.851003781419084,0.534019728926526,-1.0273500302588785
0.8088987722728015,-2.570072556099496,-2.3040608305887202
-2.2948338010064826,-0.9473100058169668,1.065415128188858
0.4388526404435579,1.193826478051781,-0.9180523354699598
2.044230899848207,0.30629807044657315,-0.72715280410007
0.5731066276855243,0.7583842607954904,0.23946685848733626
-1.8987780118009707,0.019107420547210287,0.6049324872414181
-0.4848267933127629,-0.700308815740075,2.8416725800031992
-0.9394181423011047,0.5375907160914406,-0.48153260071754717
2.3429595369074114,-0.7095999727506568,1.0340297722177758
-1.3822895325918196,0.34969618810063763,-0.9926730128296716
-0.23132523077122613,-0.46475691287155074,0.6888162280874011
0.01695823953838283,-0.004820849579588366,1.385865754934468
2.1872101786752456,0.9954215026081213,-0.7106402257718609
-1.2824841877776363,0.3375436109417615,0.2977177700798416
1.1606572065683447,1.1498846080917093,-0.5950691127988688
1.3041307969195535,1.571056698035402,-0.557872469384398
0.7681731272192989,0.19313693871837584,1.9176612667636137
1.154462309163485,-1.4542697462807612,-1.2323071272762565
0.37948639975674575,0.9822290346810143,-0.3353198527864027
1.2801977137092793,0.9635317212594321,-0.1519504241803178
-2.722417402030042,-0.20083600741110472,0.5007514351722708
0.9209583737017346,0.9405700766300732,0.04047267262805085
-2.14927703363621,-0.02376647033375126,-0.11436694477602805
0.4015998924408278,0.23955995730729618,1.6042367356297258
-1.9042182747865402,-0.18985113447995516,1.348381363953215
2.8658792563008784,-1.8215566479202154,-0.279397635660858
-2.276357022974022,-0.30261344637270476,0.27416047122939013
-0.7066580545169394,1.0675747206154207,-1.1086378577137592
-0.8327699659847414,0.5515981751065229,0.011388597915863535
0.8145792938568852,-0.09369995472554621,2.386838857345593
-0.07427671984089902,0.4098353729568406,1.9867129190045854
-0.07819583486931646,-0.00833724914970456,1.4995103154934286
2.781398541516623,-2.64602139457946,-0.16175180122493893
-1.8336634096659794,-0.18689964124218145,1.4567650931349927
0.5068038026198631,1.0053260683735226,-0.7861250239920237
2.0324963143416372,1.0741918926425706,-0.7320633421314086
-1.2082868209065307,-0.25114080598190364,2.488079976329544
0.6718187537113478,0.39171276179145276,-0.6055367320124443
1.3462073550567686,1.2229619965144125,-0.7801959604604944
-1.9064724769043966,0.49188616366295107,-0.740791109087362
-1.7515747241160466,0.5501279030047592,-0.6517976626527291
-1.9359724105604985,0.013430908351000817,0.1756006141707111
-0.17400251681809803,-1.5038934201049783,-1.0133719456457926
0.20863667118924867,0.6916156961951713,1.0923927835095824
1.9288975006439135,-2.7132421993452533,0.05786834370399988
-2.5984015271267396,0.15240818515859175,-0.542320179682304
-2.272037372315189,0.4245878058445347,-1.2069357179325193
-0.3398701068544839,0.6255520439553076,0.040133933964326914
-1.0824777124961804,0.4108949753929852,-1.2179177009244055
0.9347510929716861,0.8502383819987247,-0.8588188116633609
0.34246425256550295,0.6767166529153429,-0.7403522899883158
2.7015145209936313,-0.39293864061248657,-0.537677877465576
0.6636271993900543,1.0692353423240426,-0.713492739154365
1.909922342201777,-0.2768469804393395,-1.3018277809182632
1.3641118855508512,0.8447547774199404,0.6523125369274941
2.4411415224074724,-0.6006073199985301,-1.0107864469766459
-1.8221577435222234,0.7517983715732911,-1.4677926645054804
2.4203799741445744,0.9976225660512685,0.2221956353047156
3.6683427353770206,-1.117210620642874,-0.08353238627523513
1.8492373903366477,-1.6098020775344388,1.0511505171210676
-0.8922969137622546,0.2812256254699731,1.2083599979172674
0.3425388972844323,1.1893190985812743,-0.7923504901164555
1.1034109703456059,-2.615977469902178,-0.09188797519295469
-2.213580669919296,-0.20728653416379517,1.1606916066592123
-3.0288767277654745,-0.13518717562838536,-1.1644127555645403
-1.9435894241063612,0.48041731779284197,-0.4314513223710938
-2.3941066037314447,0.3442771509825039,-0.8624033362194792
2.171846166091199,1.013787165979739,0.02127735103994089
-0.4619074758009678,1.2363068822521062,-1.0387496476901092
1.5762542285112162,-0.6938022131344658,1.4343388456858057
-0.4950558528337309,0.3382418738792527,0.6826870902013406
0.04811630479197011,0.7047071124537011,-0.9234452053501085
2.728768206327085,-1.368850730653269,-1.8578785695488091
1.1399912835981907,-0.8255677314412945,0.8866149564219101
-1.6923140274623785,0.816578994291055,-1.8900320252213119
0.45922978137182646,1.3151901016377048,-0.4591289620213593
-1.9959032149716853,0.5429107512039756,-0.7054442496747977
-1.1936165714220308,0.8273186336767631,-1.1864422660526377
0.23544557483435175,-0.5235424880001344,1.7362855658705305
-0.1681666938209781,-0.5555973007676162,0.8271046079065347
-1.7394167034196664,0.21519600258345925,-0.7957803464998862
0.9167686391549319,-0.06964818748507873,2.774074907684692
-2.6359172515565774,-1.1495110431244342,0.5362556011697199
0.9204833976280905,1.005028060502827,-0.6174732623279914
1.197764735477946,-0.37945866908448805,2.0042373778703784
0.1586538199564853,1.0541592624763803,-0.6023324006403376
2.6274103371045032,0.20820143266151925,1.5781542523870808
-0.523836813492729,0.8794065298597202,-1.2069526120072493
1.1333580060742445,0.4929904519974616,0.06627190309200795
0.8968264826680715,0.8681170497371566,-1.1355666509719584
0.5533528230201759,-0.2592349074619122,1.1312034665569368
-2.9716603528043737,-0.251771037027764,-0.21859555989261734
-0.799810547301936,-0.01625187356470537,1.8184261595035127
-1.288058418617263,-0.22391926356761205,1.1134967603206045
1.4140471265116723,-0.8320701157864691,-0.6199643931904214
-0.6286878477147698,0.2970227027877105,0.49222270970449056
-2.2494746216844193,0.5652516161991697,-1.3834130422213193
0.4429864032957792,1.3533981258581522,-0.3165160721217124
3.247933356224205,-2.1751559431140843,-0.6136670209639099
-0.7975553891405507,0.2693476747482367,1.1066410456118776
-0.3251317757800597,0.5855142559898815,0.595488590631825
0.7921613623307677,1.3729554281455274,-1.003276648805401
-1.3051396717082397,0.8015632253514562,-0.9527638853241978
1.933742425153966,-0.37357093928328317,-0.14305755539215492
-1.550518245541678,-0.6233620573712598,2.5658557720084003
-0.5783464476736135,0.009201606844335727,-0.9926933177747166
2.362261319701774,-1.1172357128838102,-1.1462291872851589
2.6124488784519566,-2.1413768824179438,-0.44281213049127294
-0.9484070720959187,0.5725244368945049,0.22689848708491678
-1.925565144083979,0.25450399332789914,0.10803030845240152
-3.105377656153706,-0.5415327214856656,0.1721757920850291
-2.128872999682836,0.1223018219087479,-0.28312741151880466
0.9019887357090852,0.7305305005693215,0.27968766642001214
-2.3678739474995947,0.33546946254475013,-1.089889751903432
0.25272403237497965,0.7742108456451912,-0.6225540737924385
0.24459888324738704,0.6274725137025647,-0.5186048149524998
-4.199222024286281,-1.4162807923769312,-0.4876863121860316
0.9432414501501682,0.34557932038097233,-0.005588433230852942
-2.9566124941972616,-0.6051339986436696,1.0586272475222986
-1.1000722006305008,0.20642291974764235,0.7914120549355346
0.004337550453989934,0.5746224550138664,-0.6836471959275098
-1.0237419993655674,0.10822081088626744,0.9215231659197317
1.3050536236388952,0.786651851523715,0.4291339656491515
1.1804078928794222,1.1116933998400416,-1.3248060106993012
3.2724536851859805,0.7422226135782999,0.40907732037517414
1.8186154747296368,0.46288472267501535,-0.8270057889363597
1.6796492932697455,-0.8272867962251661,-1.1202713103624002
-2.0998228118961855,-0.34150219817921945,0.8011475038998466
1.2241139312044482,0.49581062927572145,0.3554609963547724
-0.6268106255887762,0.9648286538420286,-1.0413112969402107
-0.6208381530741865,0.6673436514880957,-1.2293868459167678
-0.7882254445608177,0.9355474600412006,-1.7236372753776712
-1.3196964608010167,0.5161411604306932,-0.7745383693938944
-1.092703168421736,0.8725890741676147,-1.2935003213208254
-0.7085784426196908,0.8219438492324084,-0.35259707569409293
-1.7585250885413153,-0.0737671375825274,-0.1680260322546898
0.09131215944967891,-2.904237360108966,0.19855662978560468
0.2807244997693901,0.7662730757262683,-0.1648211975286595
0.6087904034383487,0.7240515631466953,-0.24615264854026814
1.9885837102995259,0.9180092255014214,-0.44474184175119796
0.2174015886973864,0.10392893270277173,0.4862650166981975
-2.880000480223579,-0.5040775160079357,0.3914431525024903
0.24279798812034764,-2.9113276438314784,-1.335097821301205
-1.6461858490229815,0.16017746901832794,0.5717195416004669
0.15802049861795295,0.5079996434792757,-1.1008834481561296
-0.5064632354069979,0.7519512938452307,0.017214696859315377
-0.2976502032677126,1.0405333937216894,-1.0218347323151038
1.0930082994707433,0.9000264398718207,-0.6614314330409875
1.6988112543633511,-1.9420029458608672,-0.5629438134206374
-3.037782831181491,-0.1613995231936786,-1.088742383178533
3.594914958856977,-0.9873787076830183,-0.49545343479309184
-2.026943982717202,0.2554672356306874,0.21199319673001987
0.0768140004744784,0.7233139326898832,-0.5052925450497254
-5.2068222500558665,-2.423089696495613,-0.4858667510809061
-2.546412168338396,-0.7596574707328365,-0.4714882726864868
1.3206513957322357,0.6089493989996905,0.8965722307397727
0.4189659641924813,0.3700671450818178,0.6588330686905711
-0.24214855543757835,0.829749575534067,-0.10957521693780073
1.0294178943900185,0.23106309400244307,1.287842918014078
0.3231985294457535,0.9368500304293907,-0.6159798671960055
2.707929684612741,-1.701810087678031,-0.7582136555545026
2.2114338013687096,1.1095789905170994,-0.847023253402229
2.1405973978998842,0.6292977983110133,0.9925010890040845
0.43751951583140125,-0.18146924321207725,2.0589027261246686
-0.9634198055496549,0.8815337276195668,-1.5776161322158204
1.090748014563889,0.398919891611874,0.1230462088637801
2.3991901810684073,0.22425883910185904,3.0965392348754395
0.2743082554928656,-0.2009086883996702,0.374964307062023
0.401189812303553,-0.03672741226545587,1.0347725114559858
0.03868061221648965,0.25599833322832166,0.48759822682092413
-0.7929784352831973,-0.2777057406108647,1.767821653039914
-1.4915110672159406,-1.3538080235471668,-0.26648722269274394
0.11066114372076222,0.8968179246249668,0.5052326984500978
2.921886485679737,-1.5751026921741875,-0.8813090290589513
0.5601909107788694,0.9718237300738092,-0.2834874028968998
1.8580267598537485,1.2571962961912517,-0.12554476168079345
1.659817441614178,0.5629330461602488,1.0221673613229147
0.46561500822238505,1.0888044779186077,-1.1440164675276634
-0.37852713256154624,-0.21639674191098085,1.2547644627750778
2.57001566814464,0.5678648415468855,1.0412266849120617
0.2734220661655579,0.6415789040027102,-1.3827280873768508
-0.5642008226341826,-0.19646064765085586,-0.6142334436328282
0.28606074235762735,0.17184876056432621,1.0908313954614197
1.5655881061329933,1.0841657971005947,-0.98632228491633
-1.7645819446757662,0.34241434710111934,0.1346943893460111
-0.9643823581830345,0.18676241619623943,0.5437882545427677
-0.7853552259526352,0.6051333673646019,-0.3960705953348106
1.3546031667677825,0.8720464452130351,-0.7590896030169588
1.3663424647372853,0.8441229991235327,0.3699887927328732
1.5229654539735917,0.638981816512732,0.6738305096887267
-0.021384698280730495,0.06187044569234752,1.7160596107949428
-2.2776853058513233,0.09372869699835203,-0.434450223494461
-2.980743739043377,-0.4889476919611726,-0.16227355277222796
1.6314416193387289,-0.2461731097748387,-1.3025870993005844
-0.7851921797377293,-0.15590643390412828,1.08943691833648
-0.3049118763299148,0.6424253717132804,-0.26148899520591734
0.6368485442766563,0.8778516683814314,-0.4319516712779801
-0.35365107311165833,0.86202609572463,-1.1042373247002975
0.24020835450898664,-0.6761451806268133,-1.3704068566573253
-1.824556152839,0.43050322737930996,-0.7229166302623169
2.463242657109988,-0.6853711057325754,1.6497572645970175
-0.2800522117551258,-0.6519120603370798,-1.2423695616678794
2.1205594871193703,0.8847806887627143,-0.13353679356924636
-1.865414602097473,-0.515596617869689,-0.940279690652657
0.41499904452243813,0.9280741256607288,-0.7033352400566009
0.4395878642143648,0.876142938268072,-0.7469786930617969
1.0809644908046816,0.04064922103241753,0.204699403057478
0.38461022383616394,0.9352978989098661,0.15504542276048755
1.9914518442125464,0.6552061724401935,0.7456661908840824
0.4450426961861701,0.7166199735229845,0.44045341835645635
2.8765399150349586,-0.35393923171649255,0.20186340609212414
1.932483686651487,1.1145612587604288,-0.7632947837017757
-0.3654047811050295,-0.3996306543427266,1.8802214234162382
-0.49252230318550294,0.19978373240368388,1.3158883783233266
0.0848319022987219,0.5469282404097636,-0.00038480458694312565
-0.12898817957796568,0.9554972743215174,-1.0483675771585954
0.44731957320535587,0.7387890298232898,-0.5981895435871529
-0.17589044256932462,0.140841191522596,1.4478363536541679
-4.0679773516488975,-1.0300028867018995,-1.6028017322798342
1.1118959384612646,-2.8014327562214767,-0.9790656136154559
-0.13504398103209742,0.8788839370559678,-0.9437917009151868
0.2625153418727563,0.8912952605705532,-0.13828419866851527
-2.3867179418386315,0.45805902874661825,-1.6599089082695568
1.5541290665246426,1.172273928960621,-0.3731587954502525
-1.2559784287416995,0.2108502500052467,0.7803630707924141
0.5491484615952845,1.0204230656384026,-1.1292572695494931
-0.9887616351731118,-0.49813826361057006,2.184396467724679
1.0690769139719194,0.9652602475526816,-1.0544860845965887
-0.038321523602243515,-0.2810147575509235,-0.2523069927319538
2.196358298945401,-1.895338759278478,-1.195075660458625
-0.6857493359440389,0.9270080848904143,0.1067424579595296
1.0549581150049017,-2.0335932585151304,-0.11049747918600564
-2.584958284363405,-0.0987459923247073,0.046708659184579164
3.2862274475711497,-1.7644081965448448,-1.091919143000742
-6.026015646837363,-2.7715880113085816,-2.8301914013920464
0.08103981889101904,-3.9652669868628667,-0.13570260269189402
-0.10354190903969161,0.3078424758335617,-0.380586450518887
2.2633862751878624,-0.4756314364385303,1.9530998153172021
-0.6160168513235614,0.1683004570730401,0.4843614007608326
-2.3309695515097433,0.14160790478246485,-0.6895731207491054
0.05239582362122962,0.7774568886000255,-0.45991552043541867
0.5267798551930042,1.2324406852224974,-1.025621345089564
2.9664411295433033,0.9272753858477791,0.499711880581315
1.7838553510985653,1.0025106621261661,-0.5495957562019408
-0.9328660104583327,0.8732230731929486,-1.1362710990498521
1.2568695319886964,-1.0533672579851907,-0.6364076092183429
1.564920099649739,-0.467031597288964,0.3587988887283949
2.038601392507565,-0.5632325962671265,-1.1017217517954054
0.7672188940740828,1.1694204761925326,-0.8858051886206838
-1.0053247824888978,-0.04801636541647236,0.7441873339833283
0.8360872173834272,0.9641233906905647,-0.6231461470180395
-1.9183516119542487,0.2639767897879044,0.05736540171431966
-0.5070916059764183,-1.5812544473275734,-0.8056737857604479
-0.7390590725305661,0.5249288883012432,-0.07094903804056105
-1.7577083116683814,0.13182406302494307,0.12021253325939874
-0.7143220203799601,-0.28878370837865963,1.1540646904166652
-0.08422586508394535,1.0806829909875635,-0.047704356898666145
-2.1771055551302756,-0.2664817567433651,0.7439039799820817
1.4037798711063354,0.3512339767971317,-0.5329197255795656
-2.1543113276051025,-0.25504616881059067,0.6468818263375757
1.9351713762858411,0.14669214423422228,2.1326254968776737
-0.05255863259532588,0.5052501032423997,-0.16795253779948
1.17538624566281,0.38153636671855257,-0.4024762433043052
1.2912870016914286,1.1166105204887884,-0.004547886179991763
1.2083427789164338,0.47942335231872935,-0.11775927828671687
3.0043601132376554,-0.3662428653682514,0.1288857056389537
2.4314681463340406,-2.9522869392541304,0.6712196188364976
-0.8088308858383635,-0.04282538776782721,0.6403953928316157
0.2618252946404363,0.5620903394741622,-0.6503833835890075
1.5916991191839711,1.0979806247302328,-0.12904456877121223
-0.1474168337500364,-0.46379771738425374,1.4549456925287658
0.9654636766538766,-0.8772497469768292,0.2622110799502943
-1.9930477678081688,0.05015215737421132,-0.04731124618988828
-2.14548492532653,0.2838523119071552,-0.12113016857956496
0.43224692519709734,0.45729703081861867,-0.10271265598115192
1.8793485888738821,-0.09271504020016616,-0.2757622189267832
1.7295567081962233,-3.267265764503558,1.0345061184695532
0.7557431019388349,0.19423252685224182,0.14530340007217565
1.0521850930574763,1.2455007136323757,-1.2139107907116904
-1.7281384381979341,-0.06926651444231427,1.2574020328211266
-2.7898886686299815,-0.12017193781275219,-1.086640586352032
0.6340792118150649,0.9418578565228221,0.38251414629315694
-1.902147888769193,0.009189234981964084,0.6335645200361241
-2.0223564304353645,0.6580007642743475,-1.1779113874367027
-1.7520149325255803,-0.3703602418013616,1.5041874759862037
0.8147380836098939,1.2023469703864043,-0.5877226669005143
0.4604147243106189,0.30022138769673207,0.3976849760857862
-1.6028087392156982,0.4533105773249949,-1.3781629871501908
-1.4263452747581893,0.5047316990836886,-0.5822741789577963
-1.371188941548535,0.8001145580301865,-1.0888046377483123
-0.8164267566432701,0.7301467919280904,-0.8505475865051405
1.3609520989135595,0.7095424484905728,-0.11536487820752042
-0.07326109185445219,0.7218609813146541,-0.116774308479769
1.395841401672958,1.0261174309554786,-0.5718507436157079
0.11546221172147304,-0.17258214470409,1.874963293724803
2.0201967783656913,1.2240873008658686,-0.49828737497715575
2.182964394716531,0.5614571094237324,-1.0823854893051013
0.6558743974027086,-1.8812319297295337,-2.2648473118956303
1.5341356161271815,-0.6427834508566685,-1.2863853798314235
1.5773633491145511,-1.2447203331145207,-1.80302954627663
2.3712454279958015,0.3897033891145337,-0.6976390582720807
-1.4693772759973593,0.6206590571126567,-0.2711987058785777
-2.968440617231871,-0.331447936381183,-0.2940787167794854
0.9488123303266822,-0.19081427236807064,0.6956263285518671
-2.2844341834700583,-0.09556537142697338,0.29886805331411104
0.7726787127923247,1.5382715088645984,-0.8870426943195677
2.1221666527322345,-2.2135158912347266,0.5428336228643004
1.8897659382474237,-1.9182912165583785,-0.5538346346710783
1.8100682903289351,-1.2203275271374598,-0.0676359007558564
0.03609290681155913,0.8128898046958727,-1.001976733305374
2.171331038345458,-3.1508371697585242,0.8004116997173496
-0.34938947462020165,0.17636709943299317,1.5473404502418147
-2.21334536378178,-0.10280034240316398,0.41333965504731135
1.2511752585493698,-3.2775730943532277,0.17597649657322073
-0.34430799576236576,-0.17105482299761154,2.8773684356893177
1.7007592066512556,-2.7444660298322647,0.5366160929011258
0.7794673664085378,-1.2320574415010852,0.31281324278090045
1.6052935253252962,0.8545304942144374,0.01110306437114825
-0.715898577735238,-0.10757570670088121,-0.6519182621498416
2.0487695185321426,1.2584789581318538,-0.36899760510171714
0.31227486389777254,0.6953358985566472,0.2298131672761692
-1.2609080107836186,0.2797570423837999,0.1416687472403266
-1.0058607466353946,-0.008299540426756112,-0.022462383156121618
1.9076739203429414,1.1205197186407783,-0.6720922442857462
-0.01480766029784968,0.3488436325449569,0.1549960586615867
1.4291504116924663,0.6022883678535551,0.7098370635077507
-1.9733538310439458,0.4280890167823218,-0.21043295166961024
1.5936859523985951,0.7778340855397117,0.5891970148294252
2.957017067966215,-2.153007323273634,-1.754959048133994
0.0273276776278484,0.5706292579146536,-0.2090282115976319
-0.9484569523106671,-0.07045258141894206,1.001762998059777
1.0808511312234346,-0.42649993247517387,-0.02810920578651755
1.691193949072735,-2.4256854333230553,2.30996293322273
1.8840956042544716,0.21005881469598667,0.28239220093602196
2.735862260577415,-2.115187431321382,-1.8619305261323473
0.8636931936648017,0.38649250768653676,0.6552122852695113
0.20960932439864818,0.24954987195552372,1.8654176957786375
-0.13804177717011423,0.8075614833937295,-0.9441718733462325
-2.338367480565971,-0.2778172571162408,0.7783594765305455
1.192829591730583,0.5390084951597561,-1.131447666978053
1.3698638388159534,-3.048049140427443,0.48620171644603805
0.4938630271720156,0.23183510189634915,1.4746493936270202
1.1285300490160055,-3.8338052759591172,-0.23796203279175385
-0.9179883578417521,0.6150204946041048,0.01094541633504607
0.409895258406508,0.3697264449471834,-0.4211568381196763
1.2867759090565614,0.7537731917182021,-0.12199928675024291
-1.204185441339559,0.2511555912760428,-0.3282265129197221
0.7685117267664187,0.5642858495154325,1.3424499698754295
0.2801799451839339,-1.3897502465163474,1.0156590642180618
1.9224546724041345,1.0307025777787717,0.08534183015539965
1.9745698140312067,0.3133534818107079,-0.15061549995394433
0.8784651597081763,0.9546928297553916,-0.33910583868403854
-0.7006231257526345,0.45686431440146413,0.28908267678958527
2.2987464353827134,-2.8346195144577186,-0.2290454372295465
0.9803886723925589,1.2311570264587568,-1.1838459322227384
-3.1469709286877467,-0.27805592951873814,-0.8688803078210066
-0.8308648887083459,-4.120385660553622,-1.1407040908631096
-1.5554647436871072,-0.2494269997142034,1.8986117045294502
-2.2254717214689643,0.13787180913288158,-0.8614334222364267
0.3360457751692826,0.8614211543190441,-0.7874622731790795
1.1338414007104203,0.8418138215942507,-1.0032975031962081
1.3053380065263323,0.33814757607329804,1.7689587727988856
0.10775083051453725,0.6052248636901546,0.5006899534691587
1.5401073420076137,0.3555377738040314,2.4116052823593503
-0.32871288150672306,-0.16680899642486696,0.1532942016096307
0.3773492769154362,0.036293338650820586,1.8465909766279944
-1.0710498945178917,-0.8721315892002901,0.3901568478820732
1.8242413110938158,1.0796665877072424,-0.6710607052877556
2.1477539448629677,0.6699031060182101,0.3388884650461294
0.389561617163999,0.40741192456583497,0.31740295380326367
-1.3528656785553101,0.8070114139788138,-1.201989162217186
0.7926682062652463,1.4060607358737394,-1.0454920472777474
1.441236133797314,0.6459290323278015,-0.6420465797435513
-0.34723278365950483,0.8229449860566411,0.06939552970075524
0.8001260947772015,-1.8631037718072299,1.4729822041882632
0.15865208506557693,0.6398971615017425,0.25409081114120685
-0.5806386927187721,0.47484891979649174,0.7005666645957024
1.5470114873121161,-1.8126006722912649,-1.5347418871304312
0.26155756634452065,0.12087397404130541,1.5376971646462643
1.918266502924005,0.8825925212896126,0.16811564367082302
2.0813590824864234,0.6282528894243425,0.8200499085140376
-2.7443817786979214,-0.2654813240417268,0.6873709346377629
-0.6024331955026586,0.754476021244279,-0.5993341216734932
0.15311282705673251,0.7350243982286091,0.036299635961167434
0.8422629509240159,0.5842636131592778,-0.6364533309754958
1.1806194647207442,0.5476232786795685,0.7677634057418801
-0.05997414854681986,1.1494605072979531,-0.9389381248300741
1.480694793313218,-0.0798979188542134,-0.9522365188292403
0.9705436255992993,1.2059590036819463,-0.41110397003580584
-1.1014385040375547,0.6800483583451327,0.1418757924541351
-3.066208219620413,-0.9449080720908972,-0.19631217715869317
2.3373620908216366,-0.29086857566477325,0.2019257774973189
-1.9905040816193011,-0.24483947106227982,0.6449498622104543
2.5567425738765754,0.8464791079669507,-0.0017852155160090102
2.570475173568803,-1.1013407811684315,1.4457250720193005
2.1819307555809933,-2.4437492531689142,0.48139787409460466
2.138028118258221,-0.5882907065787829,1.6679738925953727
0.21298303093435997,1.217421319757999,-1.1072849180618582
0.5399042786621998,-0.2593985405866601,2.0028542407886416
0.8755636680157945,1.0775256217435325,-0.9436649552694936
1.623638762797,-1.7627601662889292,1.3008767075922658
-0.021771227292388583,0.560589282013798,-0.397662775599356
-1.0907170996633004,0.9750982730257237,-0.7101916878528733
0.5303798160110578,-0.00741196098742697,0.10449986076044102
0.5967123079879677,0.7888517191331367,-0.719046285172877
1.628766628193978,1.1252860012814694,-0.19772993722947763
2.250933911120734,1.0588494504343597,0.17320244602217577
-0.7925817014616382,1.2705888372053502,-1.1951353687902
-0.48524688047521125,-1.1539055949666936,-0.19389996817340438
-2.9622945000778915,-0.4403857960010843,-1.0477319436795112
-1.5412028240044493,-0.02284221943858719,-0.3336751441742666
1.3476361766465377,-2.178809429728222,-1.4088374889998343
1.8059877233748536,0.9190113529222926,0.18585774222907808
1.0506143878882106,-1.5690183349258555,1.0966404336327162
-0.11646165123829426,0.5782346364002859,0.39572115842368677
2.337584458656285,0.7660089985051003,-0.1139266885097705
0.1135685898284477,0.026549392950025615,1.1832018963508992
-1.4592545967923813,-0.06403568553924266,1.0871887713060224
-1.6672367171098068,0.5219882992954159,0.009431854744460424
1.6603560653487186,-2.529334459768226,-0.2623469587363144
0.5651536351760921,-1.1614230687221347,-1.3783774617938938
0.005472415526727693,0.40593185872487797,-0.7024928134760604
-1.9885367731676886,-0.052122766643826784,0.6703385369800543
-1.6389006399134436,0.5910288683266539,-0.9058799323299458
0.9438667013762531,0.8958623987701881,-0.8226994871294656
1.904092313742241,1.1287734290860463,-0.5280915104717991
0.8908342143756602,0.7729595767990992,-0.3170387454468168
0.8919860880046007,-2.873231310110955,0.04049664046234991
2.6671271970288952,-0.047425148904664455,3.037801010441505
2.4242639074986307,-1.8052632308120473,-0.6633127548582712
-0.13097755768472974,-3.059253950076532,-0.14805656189607688
1.8745937082240662,0.8791785449262729,-0.7535992945582695
2.623911054831143,-0.8714784260834209,-1.1540532974273818
-3.345853846187312,-0.8634059883247812,0.8209209133665302
-0.6290172854882753,0.34959116037987886,-0.150033255108239
-0.0967188647237918,0.5260705666968948,0.23457586601050692
-0.556870650669096,0.33062587872012494,-0.85587780706928
1.1017735529480608,0.9963971517283206,0.4550190696270011
1.0030213703636264,0.7774082840660179,0.6241095368780942
-1.661559991647247,0.645627448667215,-0.7406277560921324
-2.107697287424244,-0.05646238618096564,0.8828843730273978
0.9262768068298675,0.5333901246594294,0.04639381218134194
-1.0720415268882295,0.4902069078309733,1.2699097016650072
2.477286169938368,-0.32317554022414313,0.0554538356618913
2.399541553538149,0.169146924875747,3.0368423117243633
-0.3709689389459838,0.035713481048273515,1.1479400584719734
-0.17807709793384152,0.5137408695250893,1.452947954699647
-0.20643473376560184,1.1329837398032967,-0.9945540360207419
-3.1831650678694032,-0.8023293598180657,-0.5595422958417913
-0.10363213634120562,0.38701652849058993,1.6104718932418158
0.12220434892612131,-2.432623233490693,-0.1299911872051186
-1.146840497884616,0.5908537992934143,-0.20004623718904396
-1.5895641237026958,0.24081056112431143,0.08603354446425818
-1.0311251976540292,0.5220161731165714,0.23248403973461415
-1.597129680597623,-1.3718821262996628,-0.22773649075188288
1.227130632223007,0.23222628763166947,-0.5781357288713026
2.191971534775821,-3.090088283171392,0.6250404988497777
0.807133621864005,-0.07419404239470953,-0.5650494288100903
1.6148490307506764,-0.015844342372257476,1.9475220278500243
-1.7153740516568683,-0.017340641668854507,1.8235052770601061
2.9311439685350518,0.3494512395438485,0.031805196253846424
0.9408988304657979,0.8110327130640245,0.43345627645897983
0.09309069355952226,0.5973512872667197,0.5933754628943726
1.985800281632608,0.7730399461484038,0.1878829183506182
-0.6715156575781774,1.0722826041202311,-1.2770970939354624
-3.2185173915877336,-0.6990732383222443,-0.28184312139875284
0.05300522016773053,0.7910084514879128,-0.4757178326850457
-2.0987212463106952,0.1367867714676055,-0.5545368859471851
1.1569151890854321,1.0227193017677778,0.1567550167440722
-2.1142771386418695,0.18015602723396315,-0.3742400375796991
-2.2204049895168145,-0.4203186296909727,1.9159000682688356
-1.4940755584645753,-0.38558305766267464,1.4163388718033192
1.1683092635975874,-3.1264116149059777,-1.2102120399177532
1.9727809679920503,-2.237174573307524,-1.7565376879952503
-0.3135773132304969,-0.39278538538605084,1.5228075937207515
-0.24527994421211147,0.08252961580194301,1.382674144727144
0.27002022362994227,-0.31839234180154996,-1.1526880682301999
0.8103875265248185,0.7514170714661833,-0.48416810130334037
-1.0140165954105247,0.3854434834156719,0.0450176078949849
-0.1320177484379526,-2.81321364359131,-0.9650937736108011
1.033587974320014,-0.6773600740085186,-1.045333172985477
0.1209886200313477,0.9701803483808059,-0.34690706400755955
0.0526874221920578,1.0951511644838055,-0.501711145112383
0.5760512019207794,0.7530031707653049,0.12201775220380494
-1.8089877063672004,-0.188531743226849,1.2318826719980098
1.5709160710490608,0.8433774970293071,0.1850132159513034
1.0271669177891465,0.9524818857708156,-0.15052169197621512
0.2535549556022064,0.62234446810636,-0.007608308629420306
-1.2364778936441194,0.19398664875966593,0.5994512714472989
2.0656623576303716,1.0967518973170864,-0.4841658815607815
-0.6173474934415508,-0.09252251647041013,0.2819974782770947
-0.6648237012676282,0.48141318388690413,1.3506725175596814
-1.5316272666096433,-0.1675108006087263,1.6854528805163151
-1.9793948449154912,-0.10863182706582208,1.2732428195387593
2.096633181113389,0.7468186807073933,-0.40338835314231086
-2.8501040764506302,0.10599208514718517,-1.2513938857016411
-0.6318779545048351,0.8547410673581167,-0.30705399835324454
-1.6555552653074253,0.09336274514867395,-0.22215362946213044
-1.0343000063185295,-0.04414274145457692,1.0385010272297313
-0.713905711250259,-0.059025153227217214,1.2325501817750513
0.0850194177115154,-0.03699791391613802,1.4418893451473305
-1.4750040504092432,0.07079953046942564,0.5344021214115182
-1.925008912612624,-0.3401951059857531,1.476901440728625
-4.024814094019396,-1.3926525567337906,0.17026773024093955
-0.25005541213407334,0.6109314941214112,-0.030348990999388085
-1.614557984056768,0.2475265549567894,-0.42571054898611155
-0.25792437688572617,0.8916698782331315,-1.2452688816555115
-0.10245507604125785,-0.7092860795955164,-0.7918058067364449
1.517075973933115,1.2003614318551805,0.5813583164154198
0.39286500169582705,1.286696967720416,-1.2564197735143094
3.2447450886882336,-0.7034495598228175,-0.3330314594501194
0.6060954912253207,0.5389510209594827,0.5806210215473538
0.46129757093668466,-0.5601210474579419,-1.4911449343496819
0.20457656304987923,0.1263922922225469,0.5180279591656423
-3.517357032018734,-1.1809631896652797,0.8521602615404691
1.9299040144475996,0.9879955873857336,-0.4550912545883396
1.8888162428851107,-2.138366118414648,-1.775159066199446
-1.7852707661966265,0.4277206711016693,-1.8122861654276217
2.7317825732816887,1.436350922502942,-1.0422932922603063
-0.45349615008344135,1.005616801388933,-0.43884110738288645
-0.8882951498622113,0.7296386159942284,-0.18361718064021293
-1.5758682766001813,-2.36950899136608,-0.8262833540465052
1.0758195178226566,0.9681510198126132,0.026832012493636072
1.2534104788716116,1.0741043664638408,-0.6167229616342591
-0.9239783596980555,0.5798950868934939,-0.6562412875600486
2.316359656133983,-1.6087986909345602,-1.4564583470655006
2.3969646249153036,0.7781777025834926,0.4941275841423945
0.3055501474254774,-1.9037701713190038,0.19551180714685235
1.7429083333222974,-2.4326660916626808,-1.889088204892018
-0.08825768217092587,1.0688165904005726,-0.013448174805000743
-0.14040120755142238,0.6272030672513127,0.563344408370624
-0.9385618994179953,0.3601574624134115,0.32996018216217876
1.8192227636770266,0.5628865800576903,0.9200582281826332
0.938616530877146,0.40406394230163234,1.1727441491771586
2.766810456758956,-2.5559095547422515,-0.07570143842502913
-0.6284915749653567,0.8047833740305308,-0.9311688411624761
-0.17296265264969596,0.5788239335609591,0.37589731025250533
-0.4707299550785844,0.19857264612729794,1.3156671793160588
1.9305461023083768,-0.19478814318876764,-0.5304951129741046
1.8068379121175773,-1.482752019498037,-0.34266943804604894
-1.2514875642291998,-0.6208674482072588,2.9096777710148456
0.12533235609495785,0.6830846039139301,-0.23393090131891175
-1.8613239176172858,0.32228873844421413,-0.4105207010200827
-0.8995709974839577,0.5949689051411234,-0.1607632296117707
-1.9200863418699907,0.19897165338071135,0.7314336060547665
-1.788704025162692,-0.04281767189739441,1.0641447778550435
0.8320359063093362,1.2189862462930638,0.02881645877299878
1.8600443892408536,0.05831115958272629,-0.9633032431282624
-0.7240092813266502,0.5038011137763477,-0.09232182438998571
1.9480434426315165,-1.9827323537366481,0.1256736972675417
0.19450422539479223,-1.1997286513905299,-0.16028886804936177
1.1522977578918097,1.357578944292767,0.11875976058625347
2.387969818922394,0.2762634434269581,-0.6162148471494684
0.15810996987309794,0.5814106208363685,0.06361214259794355
-2.5503585034259304,-0.2907703056363388,0.41245661271794165
-1.9410451002766844,0.18282769168827287,-0.4243756030402594
-2.7169585853178413,-0.34555314943059906,-1.2182171410608147
0.8835661697717939,0.13374446600514395,1.7892915537752927
0.6320862931459196,0.8043737681434717,-0.45470989585425275
1.4112502883993423,0.7799014027650799,0.13550541329720275
1.0243422138963723,0.6927543593685596,-0.19370083133016192
1.8663925372762729,0.9341166260703505,0.046634870034706226
-0.43986007998429955,-0.002469593389309092,1.75271737127743
0.9953071809158489,-0.21600028717108954,-0.03718489893153233
-2.2956427734175278,0.03513876676247803,-1.0105804029589434
-0.9103316347068898,-0.08213177210136194,0.01992485367675203
0.5853757861008658,-2.461040992141447,-0.7498132868199917
1.887546404104803,1.2318978391522175,-0.8888276089854241
-0.9318275125059389,-0.20555836749285167,2.357022787525716
1.1630314666047588,0.581486575343295,-1.62310797760348
1.9169248865324695,0.807476975255617,0.8432616701803117
2.3282530794093135,0.8793478806774894,-0.4598260992996626
0.4517809349488944,0.7246689406060277,-0.8608449096400976
-0.11892134494356298,0.9395842433834282,0.19998445221931838
0.4216646177406113,0.694845839226488,0.5965859920173888
1.811819784873716,-0.06565751075181545,-1.4424301709149079
-1.0195513740892064,0.41078694587000003,-0.3770816572846231
-2.2821497146835825,-0.20439338233633486,1.035435429580556
3.542952478794302,-1.7177333977581861,-0.6850981607136287
3.455490643081172,-1.4463603972545418,1.3219374595032019
-2.8106002205372635,0.01755458281947676,-0.8791864257686473
-1.2201338310633427,0.5328105022214795,-0.24266428587278532
0.8153798204001176,0.4023682860026141,0.2936041982831331
-2.7908899891724195,-0.5293908331185986,0.38109322015501235
-3.5307926419798927,-0.9180285538593155,0.252441973423013
-0.8625892934176679,0.25912942686518026,0.9725978753399435
1.232515088660852,0.5336591936314219,0.8264697235782754
2.656809508701463,0.9328468839787584,0.28713853087242064
-1.046367200489631,0.5226977047937468,-0.9718973678514304
1.7186875476993446,1.1692534203817588,-0.49412352857535496
0.127252597066818,0.1707440913784766,0.5031110924564722
0.18820050120879056,0.987918324709909,-0.8375751422224534
2.2971438840649094,-1.7748856906919437,-1.2765447078196877
-1.1197181175212094,0.879094326670579,-1.0593671837381016
-4.341380817217535,-1.2412000733896023,-2.1649966177746074
2.4567272860231077,-1.2990354736145362,-0.8147200959045996
-2.136227549525997,0.19269163782491053,-0.9553678400920458
-0.08489141058263426,0.9901089308162856,-0.7318311855943883
-0.07852210099834316,0.5186297529932108,1.9955114874713284
-1.6508362270156534,0.6361778312244604,-1.5285731528597992
-1.0555142718266468,0.17498172648276442,1.2113029593707336
1.7294791621844463,0.5008853487423474,1.5331357391292206
1.265980671437932,0.8633239182148055,0.6205311947144004
2.9528531080510043,-1.6391193982990604,-0.6274497960099056
1.3815809534691208,-0.36739378614451884,0.44450945479854076
0.5997402516070862,1.1510080382644423,-0.16749937112982038
2.244777461030231,0.6247099703385204,0.9670748773798299
0.9247710003082086,0.8347350959461879,-0.659218444525294
-2.266651989148061,-0.27747010933496635,1.6162117121010007
-2.7503852907383792,-0.6922778633683847,0.6860456670470679
1.2933023122052996,0.8037576518117234,0.43028321608023895
0.6341425152003827,1.2367930113931818,-0.5281461328044462
-4.781486949229203,-2.1563597387052704,-0.5488083365430138
0.8998233936558188,0.8804868875314112,-0.5999536794954072
-0.8605324018114311,0.5876280516745505,-0.3410771768261832
-2.577462779905882,-0.3762810252635952,-0.08595804916091065
-2.660591876201176,0.174075045377411,-0.7217727045509402
1.5938987510455767,0.9156611721078657,-0.4376600795253697
-2.1052371947150004,-0.19976490029405383,0.18179850892274968
-2.6659119299190057,-0.17071487557646828,0.015026413571458622
1.103443278133033,-0.8546303129433694,-0.13682861287977388
-1.5540351386642675,-0.2713352630710765,1.2225343427633553
-2.0263536006361074,0.020646449883953488,-0.4778083810027319
1.550578668799686,0.38375699557082543,1.637456077106293
1.0981423591323674,0.5734454920345774,0.05717277634250652
2.0206135777676053,-3.300157628634341,1.938804197406639
0.4671393014258303,0.8794278168707713,0.24668748596575474
-0.90341905528525,0.9956528676609109,-0.8585893489901655
-1.4351505887484397,0.816030196153773,-0.6115525786169808
0.25592331104866206,-1.4613588466206031,-2.3637354821300467
0.7787542621983903,0.7678457354622643,-0.23204481712904207
-0.5859432184089817,0.47441510440754286,-0.6894979254195801
1.5818242253008008,-3.1401627118357567,0.09296832464570853
-2.7273523834321756,-0.028151465098009688,-0.8832496947920955
-1.8445319408720595,-0.3223988434125505,0.8264269906070667
-2.1250584709883946,-0.0184064441102753,1.078519810392047
1.7759637388720746,0.7079913705483186,-0.08478589375239479
-0.6519124441701328,0.8817911328176622,-0.13223007155955346
1.6142160413420192,1.2311887481515416,-0.8554935415088505
-2.1401427381861877,-0.09205598907841127,0.49922678703324924
-1.3610864086094574,0.00842904891958017,0.9715815380817672
-1.4505085010162213,-0.2547570894724865,1.731352979741277
1.0682992103008642,1.2003540055123743,0.025559119378062732
1.0779197974078962,1.2169112202332697,-0.0455572393562378
1.1224108925396132,0.2862235308675412,-0.6349344771967629
-0.660203473118245,0.4636957793895544,-0.7228737962404189
0.9440381358673376,0.9187583099551456,-0.7155281467445753
-0.9601774387901835,0.47860419999875525,-0.1797225366458295
2.812686952738077,1.3117311660580728,-0.4953953016065869
1.7407460217317932,1.206950291600772,-0.7392671495187894
-2.048941259252183,-0.12582837466292449,-1.0298245535502402
0.49061211487676787,0.8716555080875813,-0.6531545982426288
-0.3762590440433593,0.3736471891210873,0.39783251643491274
0.8021086777812346,1.1769342328393961,-0.4910419931709408
0.6714106327943383,0.3894137501904409,0.6541454544759746
0.08983591346107471,0.8277506593888183,-0.11869469733342392
0.6374290326804094,0.8054176826319545,-0.357131651242007
1.7387790618929782,-2.409545338194721,-1.8858777979502594
-2.5664007280910153,0.338628239640307,-1.5489418483937136
-0.9355492503700731,0.6485238771645179,-0.6970761827002487
3.9486338341002316,-1.2131295183132453,0.26101901117828213
0.04849284532459468,0.9380004038889902,-0.41755073309121693
-3.6780008510032665,-0.8616028631543979,-0.6366134765612247
-2.272747612985464,0.5202707861703879,-1.2069241426590522
-0.6258086267286284,0.7005735285039537,-0.3678250924940444
3.0663674549922235,0.1637247333013177,0.4042410078760877
0.3189285993826239,1.3388922174215996,-0.6250415934055537
1.3586655150634648,0.9310346790906856,-0.8361035821129154
-2.774618616429801,-0.2859543982493499,0.23079819852974115
-1.2741546055799993,0.7152787045222415,-0.45045222192649775
1.913914111075056,0.4431931341515363,0.8328523982123278
-1.1315981058103666,0.4909097161552861,-0.2810313000373401
-1.9011709575133957,0.22538951634764773,-0.13673617675061442
-1.4793453950289117,0.3722583035329143,-0.1532098472422335
1.1523801922595942,-0.49782352584459105,1.6441626381133725
-2.478471647243914,0.21152649919551367,-0.9015761994148802
-0.0872477975095911,1.072886706566807,-1.278243224292474
1.5750320870243355,-0.34633494261468184,0.08976555784939357
2.920519867460949,-0.7141887144285223,-1.787682466184082
0.6233273988036929,-2.3230801718366147,-1.3907256454247943
1.483799649664025,0.3684025444486237,1.5182402095316172
-0.4299262006928851,-0.007077505573133498,0.8081347814233419
-3.274646205307184,-0.35708795438425167,-1.2266706955542122
1.9370004975071746,-1.515404474508304,-0.2753143364614531
1.0269468980393084,0.6214421410314992,-0.0962387260810775
-0.1787608207965518,0.9575217050951963,-0.5950237307852896
-1.5842957441798986,0.13502705884881955,0.06854310889912198
1.175972299503795,-1.8820242086771086,1.1274780437627454
0.5680765840313321,0.6972755110765246,0.22856677049109247
-1.147228219536713,0.9520903373327548,-1.569954554029173
2.0286991528054554,0.8847570149004754,-0.1510897597448748
-1.2694876942273108,0.17250998359344924,0.3272392253237761
0.41265074932253415,-1.468211822818166,1.2224563132498503
-0.3175527827639493,0.19581114177447398,1.261614959416081
0.5495297700301814,-0.11454782235724564,2.4607726130242082
-0.14911761984713778,0.8492205485524258,-0.8348401559878826
1.7662977618900135,0.18535306104580532,1.540606573857731
0.06167862610573314,0.5048996289621043,0.860266911445021
-1.0136941953344911,0.4663874390493169,0.7862097114075116
1.4081545270935563,0.32610636044531693,1.609383193985951
-1.9230697584466279,0.05714356023900564,0.7946788428272519
-2.2073987818154444,0.11338611046842262,0.3942939847725783
0.5405732841278117,-2.384698942538027,-1.2517029451527732
0.14348454453920456,0.7743357599077625,-0.9950267138040543
-0.16619375233451894,0.18397849550023945,0.2190145705239901
1.0119989355082364,0.37232537767907914,1.4168773453878136
0.9638244193340434,0.24398785402433046,0.4523343484927829
-2.5077741356732086,-0.5714256900253738,0.04183140887034148
0.430867884377813,-3.896581462415865,0.8175312483484166
-0.5393174073262446,0.8103282258881714,-1.0541731344304006
-0.5677689246989588,0.7230406649850044,-1.373512001046944
0.711958114226985,-0.18223383166367663,-0.1294200833845153
-1.6965421172987718,0.2969519224612433,-0.4323842922606785
-3.3525767632572347,-0.6931012216445745,-1.3307439677542587
-2.2203268199363855,-0.41980597883974957,0.447201052745837
-2.304006252066322,-0.36389478618995486,1.9123416058411438
1.0478951658806681,-2.668552033255246,-1.6375355897010482
-1.5883630581305397,0.24586307784490316,-0.9272000279175896
-0.9911687226716276,0.6422155139154246,0.5781753256668989
0.035051849707040214,-0.10465485559990087,1.969722948006456
-0.4772260045574437,0.6201748030096322,-0.06573669513412483
0.37124552611617323,0.9610373603413458,-0.2750428538223889
-2.5066689647077873,-0.004510875229015544,-0.6241020029820086
-1.268867306131334,0.03302127579040305,0.8052707056033173
-0.9057496554254189,0.6863152922461166,-0.12491405029747957
2.3126045267597117,0.6004113358471836,0.99118434855419
1.5647676845725078,1.5454319856836318,-0.531702992080581
0.9994917557369581,-2.8890521787319994,2.217707621041621
-0.4166904696964401,1.0760690281444785,-1.4048653642428157
1.8091109247983845,-2.192272470928275,0.028577793866425033
-1.8845043352375412,0.15889090454710464,0.4776337738384255
-0.9437074213702806,0.3437777180608624,0.24151238704547423
3.416545180461114,-1.9306362390356997,-1.2959221636257365
-2.0266929971977077,0.23582777733561194,0.27463505779834263
-2.950042908980293,-0.5972738768107079,-0.45460123913991785
2.8168909962494526,1.266908971181766,-0.20692170882552918
-2.5593442918414713,-0.4267485277849393,0.5054515809798255
-0.7516463513894386,0.6110087990588035,-1.2374394469557841
-2.763772600148021,-0.5269744229100188,0.09193995295510543
-2.116672317796256,0.27087991477719325,-0.3599124459088793
-0.6345442470516839,0.10225778377951436,1.234617901586439
0.5900293741104746,-0.3750507919157414,0.770679526476509
-1.9759061306174979,-0.20761264431961576,-0.20778620550287935
-1.568197626838022,0.09065379952308462,-0.8015407052370227
0.9778632460828112,-0.8539691814877949,0.3372862613922738
-0.09571453929304928,-0.09447329954436406,0.9905183062402276
-1.197229530811069,0.5649482111884631,-0.4053960183850464
0.499701986881907,1.1806118907654124,-1.2935998886998041
0.5470700535371139,0.9088647893147708,0.8816154940525122
0.46124329493904814,0.06414534774946845,1.1781506195415088
-0.7407354631631619,0.5364648429168546,0.7432792087800623
-1.3539402076345706,0.48961269982832234,-0.46836142657194263
1.1566713214508701,0.8070971450556088,0.19194063565104685
-2.3632393131330387,-0.6477602395346364,2.4322606345240856
0.9543616155497058,1.2336271149294795,-0.9430335118072908
-2.322248857878573,0.08385907116481324,-0.08308983409106076
-2.2761046012724213,0.2821697221535066,-0.4493019386922285
-1.05981415143712,-0.1218355726880897,0.5701010293201371
0.436750391956439,0.3037206154310319,1.2201804718146088
-4.496956253750759,-1.808619367626409,-0.8265082229430287
0.9285827963091526,1.419034563639596,-0.804246519682721
1.5573766685495742,0.6989221682914618,0.3154626574718605
0.8297261187761459,0.44043387174394183,0.1718929180503195
-1.2465790385073066,0.3362877870268385,0.6944785476817634
1.7734305489158648,-1.4216727737520685,-1.2537806014717034
0.7560169647473394,0.9670202339845609,-0.11465172561910811
-1.840286097830771,0.6749272075147635,-1.2925165897327926
-1.0844003196301593,0.7393530781955171,-0.6986930687391902
-1.3398083613469767,-0.12189246341170573,1.4880192976355417
1.881553129735293,0.9118294552861634,-0.28009465144099205
1.5950424593613448,0.07719801243576419,1.7379560322378202
2.217656901621647,0.5985057999892955,-0.4817309969952656
0.8955841834268048,0.7540325198690508,0.9591261890678707
-1.5475490884243885,-1.1284619887548533,-0.19758378665490886
0.8481987794922294,0.70946708103585,-0.7010635196746959
-0.22873733476306074,0.37379632578794003,1.1875761808999612
0.6783508641862233,0.9247978398432031,-0.025677706429594375
0.23120428501849155,0.006027440721251261,1.6801865591316036
-0.4465249414293867,0.19553214215979803,1.0892830827046436
-1.2992110025658434,1.0263171200215424,-1.0258071126163029
1.4236466751679506,0.7157419459452643,0.14634951769393226
-3.4401030807110695,-1.04876367162675,0.8869779018567678
1.3779782634531126,0.5784661015651952,0.4155073472592849
-0.624799657000721,0.5965866940813398,-0.9292419726046715
0.33000200915711114,0.3963497019616126,0.026283147135529004
1.397877955844817,-2.3567858729633886,-1.0536997181628043
0.816786903317154,0.06752193883256961,0.8952296772248246
-1.5237523130598203,0.0311178106209435,0.2032372179226598
0.17963296565404904,0.5378253978126274,0.5825703458772697
1.112331038777849,1.563789916682957,-0.1565612808931961
-2.06765846408481,-0.4810775369783943,1.9962937370093317
1.5176409490729308,1.0607144021082526,-0.7461638925225016
-0.7398733874870054,0.3178273801036261,0.6438202428290885
0.19715677241797608,0.7478019117993082,-0.8716315607423997
0.9230033891484356,-3.3778491012580507,-0.7360039319487942
-2.210037178607085,-0.20231249102652463,-1.0661555110946102
-1.45633943725509,-0.8161549570136829,0.4396233909557648
-3.5955993509434343,-1.3192094915323298,0.7822150942558571
1.3364581830726008,1.2751089004278924,-0.8084490574319396
0.9458292359423676,0.9038415115329816,-0.12598586544370285
1.1221716045984178,0.8020958037243212,0.34687669456280634
1.0070018544470687,0.24288009846178577,1.4886695772461234
-2.286359333292215,-0.24001649054352117,-0.37558336014801114
1.0875936608837045,0.8624364120420553,-0.5856708289594602
-0.2743297577977506,0.6302925943276829,-0.3920365170760837
1.8115975162795193,1.060509083901746,-0.46011243580824573
-0.6970526761994379,-0.23275701202061744,2.3776963004828144
0.8362352750552322,0.8766358820123809,-0.6208514303607379
-0.957267251883504,0.19693709888464833,1.0585505031696818
1.5179387873748296,0.9018061240112043,-0.20877185265777576
-0.9845157517002968,-0.26915405534373604,2.6845181301675622
-1.75200783455999,0.4510798240049831,-0.6420947982279925
-1.6032241606988837,0.20060648749376042,0.20209553454279636
-1.1913246133145041,0.5940854942503085,-0.4661915250263539
-0.3090354138583795,0.9092512116348636,-0.9190777613075733
-2.1997092380504686,0.22805354051514817,-0.40576801877702645
-1.4807648635111115,0.23763307992886518,0.5819273348022174
-0.4974480029033661,0.44073079235101825,-0.562806513162453
1.062027314064723,0.6742237719002202,0.9408214880703083
1.073959397594014,0.15963039199537926,1.0759646866799397
0.746865026769881,0.7600050409869261,0.04350251074602407
-1.764585174838157,-0.06960468463609193,0.8652428319183548
-2.062975467039413,-0.08400080161393263,-0.12312691659350904
1.9273705864320807,0.78343914054866,0.7069887236180524
2.148584820356807,0.9207206151755069,-0.31322749734563127
-0.7427596361557269,1.047336294183525,-0.7973004888453112
-1.0807371935919492,0.7383763577207095,-0.7191920837828504
1.4552164898102038,-2.3685598619836665,-0.2642583327130897
2.3261737751894813,-1.3264045718799427,0.43107191152325847
-1.8448404716843179,0.2873871537179332,0.13000665295015748
-0.21574664106820324,0.7872755955091313,-0.9128320854599838
1.673206002059038,-1.1670841394506428,-1.6255307217718815
1.5001876576218613,-1.1715455202932732,1.1442803174681777
0.22433470587795878,-1.4401791908894233,0.012352869398182944
0.9713481078396305,0.7993279832920215,-0.3803080174396066
2.2611046454781754,0.9714137077237354,-0.7084104877929888
-0.921074986955189,0.4103643039884451,-1.205454973376693
-1.0385540331364989,0.3788623645148842,0.32287501344952957
1.3028016933241615,0.6596854089793281,0.34036880284482923
1.2981259921781132,0.6760231187272158,0.2325337200044352
1.3484105038435663,0.7678300471380684,-0.00022717488206134138
-2.7696726531209563,0.1497701515772736,-1.2375505589549323
-0.0680192870113717,-0.4162739716662303,1.4737774135988375
0.09377176708583103,1.0322814530029276,-0.8493614165475855
-2.8111060208193646,-0.17688091477286402,-0.17766302564909778
2.5615537846248655,-1.2040725746314611,-1.2225861604715171
0.7228047433518924,0.047801304728365177,-0.19558683717252906
-2.9018232015372187,-0.6511834426828036,0.6157825982097971
-1.081577828396019,0.6334079267165513,-0.5712077609380103
0.7961295447797924,-3.5404721725192934,-0.28052063250967674
-0.1741471795045207,0.4282057364108152,1.541924007752952
0.6996088034975171,0.7657263612552159,0.3964918851440243
-0.30292311051848725,0.6545140196137692,-0.84184300536962
-0.5570174105480669,0.18456806991803446,1.3035801470841173
0.48597413433166553,0.46552692730394757,0.9180833078523565
-0.1082305605611276,0.6045813500844832,-0.49421290805363477
0.48533775305095406,0.6370693701165748,-0.5750460709989107
0.5179238079604805,-1.2521332605237507,1.416161990828562
-1.2888867947323623,0.6094197118381639,-0.3511315658759798
1.7347059200768589,1.2251451184785345,-0.5028452487711864
-2.3808243814663173,0.20218040625642344,-0.2886539480288513
-0.9135059793707329,-0.3887528985713119,2.1311289387071306
-1.2031912349006315,0.4613864285113045,-0.35934426361958
0.24366309548366716,0.2488465031596338,0.8755589539771466
-0.54416660991301,-0.30692513552964956,1.1406941755018554
0.2969271995215928,0.46631406702855865,0.4513242442546429
-0.4656950379897383,0.664635113436412,-0.306500244575214
-0.22279383086602378,-0.39343595400552,2.6835207870243383
0.37642148306716683,0.4077232866289096,1.725318498894158
1.49885237752732,1.1249418948960441,-0.6169088940968022
1.5734543545702129,-0.20895169574810685,0.8276437951153865
0.4784575722699358,-1.5568630951556808,-1.2264147800038094
0.7687173071107728,0.6093479622323649,1.86769663656163
0.1365760133185714,0.5319021271315588,0.36137947931785985
2.5660066014998013,0.2690722800133917,1.7734168899698461
0.2890420915420285,0.4330319610467814,0.4314950993145496
1.4037401954541504,-0.4107746837338678,1.4958113879129298
1.9591241632057035,-2.8808883393017752,0.7667137474314278
-1.304420307355675,0.8753379423204362,-1.6288296718168254
0.21523857182987544,0.2368844119037104,-0.7965815718626517
-1.8843958583115918,0.06143681965602855,0.48273506156401386
-0.7246568755795113,-0.13281255594683294,1.925633051669686
-2.9318977981872805,-0.3391645571346824,-1.316620974382339
0.5467434006750133,0.4245833418686639,-0.25268609851051366
1.1605967343587364,-1.247314264023137,-0.7665967126805371
0.003824432951201377,-1.421038265889138,-1.5589691781014245
-2.801585121496632,-0.24089475425422546,0.47617109612754643
-0.5076576392133588,0.917866782009619,-0.6486137883617363
0.08913148890560513,-0.64340626126859,-0.8905488982784958
0.3790271877169673,1.1743121712295856,-0.46889357364229284
-0.37338733455506234,0.2009103354166574,1.060034434509184
2.637640609961601,-1.1188072308617496,-0.31853964250745825
-1.701213511933205,-0.07536499484242337,1.1403772700599746
-4.331952116358051,-1.5101900955903136,-0.8025286507271788
1.590279525613579,0.07131395132822554,1.4884528979753568
1.1061091137087598,1.5472461254878678,-0.9121462392288485
-0.214471914621509,0.7285279842599726,-0.9495135851843168
-2.0021424469272864,0.15931458681772306,-0.7907902768349612
-1.5248512882405423,0.8140285132418931,-1.9017735551415207
-1.6184694483948836,0.23601437528284305,-0.39247693949225676
-0.38407911777474024,1.0860350480980838,-1.686548127716748
0.5245103751768766,0.35438724141483735,1.3147295952766835
2.817559024248224,-2.620409862354886,0.8967703217457249
-3.2800934473161996,-1.2028769731379199,-0.44805154025434113
-0.06292654390794696,0.5570432717323921,0.6185868352171326
-0.783581956808475,0.40564760879744166,0.29671337463890446
0.4179564532242395,1.1041501660138422,-0.674129435683213
-2.980530669132599,-0.470824888076698,0.5539966359137914
0.06711549930986775,0.7881055731480604,0.13207307290897047
1.7533937456950042,0.08324090103448227,1.5989764478443824
2.8202987601645493,0.2715215741130551,0.3286278985357958
-0.011752191523864686,0.5886571419473049,0.08511567526379851
0.8943098031912821,0.5787389115797588,1.5205011219807112
0.010228303987670672,0.8371386118635027,-0.10306209560191842
-2.1390995774170136,-0.6045063525945854,0.49820243969638567
-0.5943671464586747,-4.560241152217176,-1.1210720761349464
0.027464772840071323,0.5280909993184703,1.808871446334192
-1.2315028080210864,0.41104668429339186,-0.02472748655549268
-1.0455720189407423,0.29681726227690064,-0.24955391857808218
1.1438045793065372,-0.8595584262627469,1.5911998966699576
-0.9564659076768851,-1.146820129260772,0.4163074799087725
-2.207446444726152,0.20841930814794327,-0.2965039783224241
0.765529992022696,-0.3943647170850666,-0.634893536577021
1.724885859250119,1.0328866846810396,-0.3287989061948957
-1.4697248079218799,0.3888155182538097,-0.22432620597653402
-0.7267527205566696,1.094447675618444,-0.9333026446201629
-4.268140770172912,-1.1294343977365637,-2.04192523834727
1.1206901171523114,0.8384494771022333,-0.12303934621659315
-2.095463236049857,0.3184064310827181,-0.5730151682917324
-1.0948841127139024,0.08404488041172793,0.9566533243602979
-0.3531609747801365,1.0818595146144787,-1.2580400364732458
1.942272291273106,0.9746527879194503,-0.7484845005443023
-0.9355535904386162,-0.002650279730449027,1.6350346678276493
2.7620187446178575,-0.6297648191578411,0.27919509250029245
1.026541215941168,0.47988557783644137,1.920745972710934
-2.4556312476881477,-0.029748349523400705,0.3575643720042048
1.9017245730240477,0.8057050159496978,0.2190847110122516
-0.8556305118064078,0.6858822573667296,-0.5457532748577406
1.8716132038217534,-1.280922118672353,-0.7911320893862765
-2.3122386830217896,-0.42653619976914103,1.9706367826132045
-0.6489407437973669,0.4395444992592456,0.5259419563899581
2.221697009064275,0.08659401924188909,-0.35116575441190107
1.872236456818769,0.7395744990327653,0.5806383665446585
-1.6979470684948892,-0.013908654184605839,0.8561072595569523
-1.8297152021965428,0.5991078814039721,-0.6805042798706726
-1.6566043698195279,0.44115008830499153,-0.7494378998323427
0.45325382453626295,0.8620762180594608,0.3434157227427702
-1.2864280494221083,0.44462554559266537,-0.38122548202245127
0.882890671610478,0.47458228536106367,1.6812709281662788
0.9290031368914141,0.8521161160091919,-0.6964117710528176
2.610170995502203,-0.7030093095512165,1.616305292215239
2.6533016557601137,1.0026280961411649,-0.4929513297292703
-0.5981910606455249,0.8561146172064577,-0.5872504659749023
0.3121358946880846,-0.22220662465555246,1.6529288301276595
-2.00854025360252,0.5057175553343025,-0.5980741266946512
-0.6446169389009104,0.6698426242690638,-0.8354763208150118
1.4371176140617357,-3.22067532796975,2.23372321828747
3.5455786148267117,-1.926626264500036,-0.5741016988720647
1.5821483067156008,0.6535671516497594,0.2675012520025026
-2.585170835575519,-0.30407639595710184,0.7563650770551741
-2.7235819368074905,0.06322332695210477,-1.6393886395972739
1.3282515525180025,0.3725834050989796,0.2144576267534387
1.4285967372970036,0.03011268950483349,1.4228487514372985
-1.0936106378849535,-0.5068254632052009,2.930860391751821
-0.6148959266981423,-0.32686899726838153,1.1792362087911326
-1.2338898315217552,0.685270821618047,-0.8230128329147418
1.29628152407591,0.9377986976739797,-0.43379447624305584
2.0238913752443004,-1.469771327688071,-1.1514240218269594
-2.0282374366670535,0.3382136719247409,-0.41407019704959536
-0.6902253967360323,0.6761662687845656,0.06619387110906719
1.1891962418043232,0.800265925713727,-0.7716258093528988
1.4224723930361267,0.9374116630028846,-0.5961828880363234
-3.5522213493367585,-0.6900945266987751,-1.7367735167795373
1.719466093429183,0.25495236307765706,1.7928630896470723
-0.7656256455817447,0.6540431364493134,0.1321023366162806
6.972572232326817e-07,1.0587736293516847,-0.766512494291255
-0.027449012785352438,1.2948199847787067,-0.5726051347118032
0.182622077149245,-0.08634827395217048,1.569197297801654
0.48343522850617915,0.3472928971315342,1.7474144432263088
2.452218080407206,0.47550345943400557,1.9547867552638252
1.3218818853547325,0.8800980713803437,-0.6134102319256627
-0.18599975507127237,1.0810214789507837,-0.5820397458244191
-3.750421686291981,-1.3052891885322018,-1.4454077185955378
-0.01795257039924302,0.9701719320794732,-1.141849927632884
1.3035248548934109,-0.7913089277694594,-1.4940863677452554
-1.6592300130099675,0.3351110140143266,-0.07945144730829964
1.0792191032275964,-3.3684070469949337,1.7911423155548887
2.536313929203268,0.16403315687210052,-0.2693234244348307
-3.8099074637594077,-1.249828983851175,0.4841260928315387
-3.774504765666644,-0.848891671541385,-1.2592501676454568
0.8111089737175307,0.819367457615191,-0.4192264917849716
-0.7423261033221886,0.291112518714671,0.8031840057485004
0.22163053241200092,0.7265064792445786,-0.31790132661862697
-0.013880114222009177,0.27217802355319975,0.9449686904294827
-0.05529700222760904,0.2716399112664634,3.128884499644999
1.8752144262835286,0.811122530361366,0.4635302851663497
-0.785235670463624,1.0943520068417258,-0.42720118326171036
0.9503507642724478,0.9248669022194734,0.35774991629899694
2.015166746425268,0.07435988852076081,0.29244609328670806
0.4120783397791813,0.506104039434007,-0.5010120272497295
-0.6847451617420358,-1.059891290350495,-0.49259121516816573
-2.5124262284091765,-0.39819113582436844,0.12346157662954144
-1.8601030345634475,0.3287644856374378,-1.2037487671717768
1.4129543301061451,0.2794326094014603,-0.040177301870570115
1.5805184741980045,1.1577060110926556,-0.3201665548548841
-1.2880161361724085,-2.5980122785677016,-0.8873497604078976
1.330202062867701,1.512376081289898,-0.5877760721020987
1.7464054807629952,0.9546906176975419,-0.18328940521039322
1.0103403331957421,0.5035082612087228,1.399992032656099
-0.40331513891393844,0.00589567206639048,2.016142424207677
-1.1743774955698634,0.3070324492054291,-1.9741245050775
1.9743291248574633,0.550920093490344,-0.7465566419081993
1.7341346622594123,1.4400152283402803,-1.2221210027699176
-2.188186758607426,0.05466167823651476,-0.4809978184575037
-0.007776149254714472,0.15431138092072497,0.9458947004027692
3.3101638950262178,-2.789902880231091,0.9825663206468991
2.0020129671183082,1.438999608952595,-0.012834009864128196
2.4441109908974084,-2.1653790592835116,1.0394445932209475
1.6750753815471502,1.4698368790743737,-0.7490317864855132
-2.6469177138021918,-0.19480637466647058,-0.8902885922107191
0.16439254248167876,1.2791151431508474,-1.4022881467091273
-0.09440719878884457,-0.4179111963698555,-0.5205859756904078
-0.11847607224228036,0.23011646691077012,1.7195694710679739
-0.016684422402436498,1.074763534005095,-1.162888058505656
2.5980728072266173,-1.3854024547004427,-0.8377741389506176
1.5191841794099985,0.696045792526617,0.6233161483358542
-1.564250934035134,0.17754380373933812,0.0436766746019425
-1.0850259378245404,-0.2650962477935482,2.1394457289437936
1.8804989033489654,1.1222597610179512,-0.8517223912869022
0.447843327381839,0.09899048102840032,2.0070106186362984
0.1954004213621126,-0.4110948600894831,0.03169457624935201
1.1014701730085306,-3.1814642095315855,-0.7343627258172789
-0.046358009462363695,0.8870572028615565,-0.34075369561233504
-2.6667705180047174,-0.35703057525335563,0.02374269317036007
-0.4278918641865984,0.06400917845282687,1.5018809237223831
1.2851048991204908,0.5477220925302627,-0.09361190325014268
-1.9261777065487333,0.46028838863176097,-1.3774704413731025
-0.13878238943004606,0.3698562095329214,-0.1861090966738782
1.4567897362873319,0.9096890572015576,-0.25665268886354753
-0.008948418920256013,0.788906519587427,-0.5118285016544738
1.2050014372448679,1.16716901434839,-0.38415601293364704
1.4853296257840887,0.8913586977970128,-0.48685818764901695
-1.1075563479637738,0.7689738582385705,-0.507971703600988
-1.1854900975161282,0.19664817912767787,-0.4704232426143477
-1.2887267709545853,0.20390145560094122,-0.36129992829023244
2.121196694067728,0.8629180405986093,0.454089593827842
0.5214998333553512,-0.37078140403381277,1.5020020764505528
0.24754683919110765,-1.7474790696874036,-0.33803693457441447
-2.227658576294057,-0.2745537549087087,-0.8516616189543673
0.23006564809007252,0.7696738101916524,-0.5265073735878387
1.860570665440854,0.024876538225965802,1.5057729367773276
2.875553783596848,-2.4732362989127648,0.42526922713800874
-0.11665494010290929,0.42533884990082454,0.1967236703429021
1.4806349797802716,0.6790306512489837,0.40283073634825506
-3.1745035538922366,-0.563794480412235,0.07290009020666588
1.69937387755473,-0.18327960073938238,-0.7857130159521635
-1.4694688045439583,-0.8318191387462914,1.171582187136718
1.6586212763247414,-2.1871433686895116,-0.42661845045043073
1.7439742542168657,0.44016252363120395,0.8688240969374881
-0.16900607430545384,0.7389941976300352,-0.5782302247983829
-2.391902711743885,-0.21029859103705303,0.4605947182075798
0.8085511486849477,-0.12017425220258002,-1.4000181870670367
-0.5761339506778117,0.31607650907274976,0.6530890142524453
-2.95893498351349,-0.41902269250787416,0.381134303498304
-0.683457115413243,1.0145701343835598,-1.2784916106507216
-2.0388289565889464,-0.17662619165109972,1.0763949851998715
-0.9725097564047439,0.25126893503782577,0.6141301000729036
-1.381185852506513,0.7589337639248277,-0.9932416627134333
-1.0252181899512542,0.6279918972805013,-0.38259475131915394
2.2390397092729937,0.22805264729107178,0.6679732615044321
1.8917423624996108,-2.709387865764282,1.0821685286223999
0.35452597417583565,0.14116983139049327,2.539611068545368e-05
0.38273522452525877,1.1499516445659703,-0.4685249764847123
-1.0362310657985057,0.6764194816070132,-0.40011083599258274
0.6173908151565809,-0.403248886968879,1.191758938145949
-0.3128284618282949,-0.8906906051130155,2.805649425075163
-5.009203036419384,-1.8414589572765374,-2.1649309599704276
1.7743912838915321,1.1818368624470683,-0.6255491245463404
-0.7244448023891622,-0.41115057554236273,2.616455427265197
0.3691150020391072,0.8400606806249105,-0.35598159023102866
-1.6952370673686374,-0.48221443226597444,1.7144007296705852
0.8840015566182022,0.549096782332527,1.8527252375367913
1.0765476304899342,-1.1358419894448482,-1.3063912898812267
0.6100172382465493,1.003701775879426,-0.8168526192802512
0.858104333060171,0.42002958513998045,2.033645120060082
1.9389005320155883,0.9858554984426766,-0.4866712517732717
-1.0613641092088246,-0.10028153024426059,1.247200963686042
-0.019459170091015436,0.9662255769270034,-0.5692986716700751
2.413360218209988,1.4313893924349192,-1.0729238417245406
1.8099127285007428,-3.226309686901567,0.9076335259345663
1.6528958605066602,0.8425688913343188,-0.4410535781894786
0.4532737606357123,0.3238702025571975,0.5695726921363955
-0.853881610370921,-2.4513348558955417,0.7533977569643356
-1.1009564554012847,0.6788672443292328,-0.5473998870146168
2.4212707673713094,-0.4273983281365204,0.48961840855819044
-1.2219060873491534,0.40630507653288406,-0.20033422434898268
2.1165866206887807,1.0309653911163958,-0.7432846193535326
-2.067179661748851,-0.2718256749957452,1.327900281705914
0.1826936332444904,-0.15726056250615256,1.4373218987393002
-0.022993457338879773,1.139612213277766,-0.5406910513758775
-2.0978305954592673,-0.1429744795685234,1.5550296755057547
1.2045354393328858,1.2753858356551235,-0.11812883079517397
1.2280659047560434,0.9299740539179089,-0.5514289218705734
0.2279449477895519,0.33886760564640256,1.6499851470518443
1.2137546040135365,1.0593960539679377,-0.9803807031079004
-2.979684475568468,-0.19510989445601087,-0.874522389916326
2.2758133465995054,-0.04772898955758603,2.8987335230969964
-4.175873591006453,-1.347561935246297,-0.68606539654935
0.14419380215578426,1.0032036096304002,-0.5121952280193478
1.5402865782107311,0.6486227986391424,0.4606679666450099
1.0195396516547246,1.1500907287566924,-0.820196527641266
1.6809676398808586,-0.07940494816328003,-0.2860845246237276
0.6729191574678121,0.864813159208692,-0.62441794463951
-2.0722507556638856,0.015727314266811687,0.6571131979016002
-2.819935669398248,-0.5053464194920609,0.6112311934333763
-1.363838778207239,0.5075113077928103,-0.4267569840898324
-3.88228828507751,-1.1778769574954033,-0.33284695526421015
-0.6299028374940825,-0.04948019853252722,1.13260484996939
1.6160308842321247,0.1934998967840506,1.4846980039969757
-2.5635919471177764,0.23736366697006758,-1.5561589949132988
0.9012586389150811,0.7663321480010364,0.13860527594578007
1.3061210936203855,-2.6125045884012934,-0.11836921521716148
0.17860334734487016,0.1970428774733283,1.337065693723753
-2.064740584682733,-0.05994218447202734,0.5993262707388172
-0.930098061848695,0.22986919194204644,0.8702068926147065
-2.055270760474311,-0.752834064737479,1.8762103953888714
-0.9178120717391945,0.529523978492216,0.004845968510156141
-1.455708058504061,-0.46300720267356316,2.472756711253452
1.0654245002287122,0.6124362492259173,0.32738184329610914
0.2909235925707988,0.493814024764426,0.4513291386540071
-1.4342179948660516,0.42166129611122555,0.14394522797300804
-0.1368312545200972,0.8254821485149171,-0.2799016595254055
-1.6075282273506464,0.4669009960457766,-0.45395937265914293
-2.6403726143918407,0.2335841587688877,-0.8935649013191739
-0.17454600715288465,0.49249501665908424,0.20618345942061178
-1.9264601568982915,0.26362779480273024,0.10501015370041049
-1.8606192359262703,0.8166499289489048,-1.8711324871024262
3.3142243445413446,-1.305264702304743,-1.1171792493555106
1.374607287159162,0.564994051535484,-0.1058604942881482
1.1942398928937992,0.8303914821312959,-1.507632320851738
0.226641735552148,-2.221104747445687,0.679125616279708
-2.445640813192871,-0.1901536111567046,1.0134320637070042
-1.1219650052396097,0.6026772390122245,-1.0434569081665486
0.8489647919763295,0.6406323189681211,-0.6375479006310297
1.585014027059903,0.40721225495463076,-0.831329314668994
-0.1435791192804824,0.31019689583383603,1.1885306487806833
-1.748864035125956,0.4864484820575477,-0.004875195254712962
-0.563737393436152,0.5951156518339277,-0.7614539065389774
0.8752145338473519,0.6881890746700693,-0.931498086954897
-2.747571126542846,-0.27486817823740595,0.7144691085327516
-2.123983447749449,0.16020868553238002,-0.34592050031229193
-2.3493980033066375,-0.1450714799670764,-1.5356306850259627
-0.6836418875572811,0.9280109555325378,-1.2815233406761792
-0.9430077252618522,0.7942300917990589,-1.1330334942677793
-1.4597465523496875,0.48068278487262933,-0.2832552443345212
-3.581160267379934,-1.0662700059684405,0.6803886064438807
-3.3822773498803684,-0.4809199471623976,-1.0094126147436555
1.3410722061915674,-3.224617339268114,2.1976773577052895
1.1477184094466335,1.081989709552584,-0.5780312555679866
-2.7416462062615055,-0.27492571555661116,-0.053952282743623424
-1.7765082646145616,0.6932065941335173,-1.158425856413416
-1.502732740637885,0.0448408851018265,0.6733497516482715
-1.1977878746654274,0.38211606146226446,0.28594921878383683
0.03075414526494829,0.8321278888821324,-0.17096193524274
0.7579721339075126,-2.42918122234273,-1.381050488416803
-2.3112679658054245,-0.09112678522252007,-0.15371805707238978
1.8850898251651427,-0.5781252266791183,-0.08851875932997919
-0.39676440014227143,-0.14685498313559514,1.9512810396676348
1.7897797571690577,1.0877710602467774,-0.39490696501790024
-0.49040310668390963,0.6835387089736669,-1.3488481111808022
1.7630388204248233,1.075897256198751,0.013723730731355997
1.4517098570879094,-0.7438595479721521,-0.028080466630028535
-2.1268432652769103,-0.19169816269482948,-0.3045800603049531
-0.28465657903062574,0.6057575354139911,0.8638217128110823
-0.5255164960977504,0.6344841003027969,-0.45295697518720485
0.6521441971038558,-1.2788472320161484,-1.6403390407530338
2.223436334872965,-1.1981120867810606,0.4139517025364997
2.5450692654397726,-2.7157107031442393,-0.28796505505960623
-0.8090954864630495,-0.37533602804191496,0.6490610726924471
-4.753256118796399,-1.5778460530457457,-2.199769853915351
-0.5005641405944045,-0.04554748423542365,0.7323306862931863
-0.24359500572800025,0.08748870858456578,1.368358128329792
-0.23025137942218565,-0.548866234859441,0.8280194834325256
0.8061716626345437,1.187527991306467,-1.0785764337254469
2.649792293119528,-1.2870558043808695,-1.3675373428318878
-1.8604027600961361,0.13807333593882912,-0.4604511181851445
0.377375284180022,1.0481609664540343,-0.4275860847183008
-0.30242637972374353,0.6631490391213712,0.5160523089145794
-0.33030835000433806,-0.4324612427013534,-0.5704361891807227
0.8169073448491363,0.650807134434491,0.779094781593248
-1.3540452947790846,0.5128193955606075,-0.4887177524732766
-4.523228421392475,-1.8802056229343898,0.1254173869519635
2.4686921919601867,1.2988359988366447,-0.4068056477376674
0.7156577779196612,-0.20045750294222692,1.1754180953742637
-3.344306057613432,-0.3691632490968567,-1.3320342699839989
2.463148596122976,-1.389377587844879,-0.8474970232177756
3.3319605398652246,-1.4767286252777343,-1.9530364234833277
2.1818058236803104,0.6396117674534509,0.22891086889134182
0.11950498055613652,0.8460147206316536,0.9843568967764557
-1.5511244364647685,-0.176470573281852,-0.26562953993002647
1.5396774171627103,-0.1598690617567014,-2.1113496105572107
1.073641832351969,1.1920745132369388,-0.5583355612775512
2.2671023694149843,-0.4751827493330603,-1.3703124481672262
1.202396752352893,-1.910496571615848,0.31311232802161393
1.2274099035666384,0.41860893599213034,0.31300896631229974
-0.9146042551006103,0.23599915881688324,0.13171382914636576
-3.396347223696433,-0.9082239114124081,0.5045833125749286
0.8173415806841328,-0.9239734265828887,-0.27645905301492046
0.8606163351297365,0.3517191960217716,-0.08932482784554535
-0.8586831119317244,-0.22788667894012649,1.105578021028086
1.7953276553068183,-2.571542977068551,-0.03891000729498867
0.26095668280835654,-0.11188024874908101,2.8250573059350983
-1.1706646082590495,0.7644231449642261,-0.658376035469897
-3.237869276169708,-0.7502917911301666,0.6112845640071131
0.7580577527710102,0.6811266583996654,-0.6818271417870623
0.6964583524599886,0.4558131236268933,-0.1090325810334386
-0.4587862555353708,0.2638013235446726,1.0611251118280831
-0.5610278145975878,0.19481528604432546,1.2796908115746133
1.6667657686789126,0.42465949535405517,0.7962453883377664
-1.8848458848590448,0.2674170059347563,0.46388818206188676
2.407256744650281,1.0482925035197388,-0.36602487048061605
0.11263328448233405,-0.17830833849255795,2.5841791388898674
0.04585134807595463,0.21980354205449956,1.7711814478448724
2.192057407586898,-0.15132081766900846,2.848019697860934
-1.1227967143213236,0.21693557286518678,1.0432414222423436
-1.6407418210384357,-0.028504551700975104,1.2333150472799495
0.294521082450129,0.3494488288742605,-0.07165898023887832
0.5975553267174487,0.5972311859467007,-0.0273961240104059
0.12076889615069658,0.841857925543737,-1.5581656526080827
-2.848434881592634,-0.39627816194344556,0.15614778986825706
-2.5313731568328226,-0.14573964782620843,0.29927512493969516
1.730637297179729,-0.4271919063642035,-1.3560730983592402
-0.6463018773850218,0.6648835314864409,-0.8211603044176592
1.8825154999173448,0.9263707515165875,-0.14283387604756598
-2.3473613959433717,-0.2867923530796709,1.5728564691021
-2.4203678922706757,0.07403837799863923,0.057950600259606154
0.9827165772069221,0.31881596265265943,0.9486200366205441
0.7625916528752069,0.777879440589206,-0.01788047689510306
1.0175599818445684,-0.39107891893026575,2.8030630984254334
-2.2218188347756183,-0.5136330341966053,1.8797859564746882
-2.555809510433922,-0.7389187486435383,-0.2139686143734673
1.2322260826116047,0.6305819471529311,0.8229022947524037
0.37825354050986937,0.8577990093617053,0.2621777305034239
-5.379947486533242,-2.1462022486770813,-2.5972977219384776
-0.6228795958107491,-0.20739843306884398,2.444713402419693
1.3086875747051956,0.7287219756143776,-0.3466553378408043
-0.043944423324353096,0.6489822890119907,-0.991896305324879
-1.658995305953174,0.6179018233296774,-0.7305447192363493
-3.539110013813974,-0.850472505247509,-0.41161787435174013
-1.5192940216106419,0.42671265536505,0.1954154337453375
-0.4567958664895867,0.10432071079331749,0.41202434221573636
1.7924687701078774,0.27868114454428816,-0.11768954595639172
-0.3866959718235302,0.8019708347140863,-0.2865099069561719
-1.7189547265338214,0.24588319702527334,-0.20905584387971576
-1.3239215582503094,-0.45503292190799727,0.7534879898566123
1.0069243748350578,1.267444778188643,-0.6464997312479672
-2.6543779498705886,0.07709475453669645,-1.4866266670014427
-0.5548310215480964,-1.1643179510781585,0.2530025566674782
0.32675532586149664,0.898067320507575,0.6087106351924201
-3.4596039910261904,-0.7085068837934917,-0.35240971936514176
-0.7574479426132164,-0.5552529487925307,0.9874510959306498
-0.470779563071138,0.8261383014407923,-0.8150821152322185
1.5566403636180248,0.7605677859208971,0.4962267927139088
-2.4993077787828812,-0.3595810563025174,0.012001163250151468
0.3188486977014218,1.0204566307874665,-1.1380580860891465
-0.041527621045059374,0.5987957717729105,0.33207853339160076
-2.2002264361337205,0.4194781603466108,-1.0985995517981837
-2.626224673799571,-0.1456608359454805,-1.0554816301276249
1.6784222728964577,-0.22712093912386694,-0.36162814749674027
1.1796300483369153,-0.07513089193007882,0.4683524797256061
-1.1242533579672054,0.9245362235882122,-1.0739566711981499
-2.208276503308707,-0.5059115399229283,1.8401229945144784
-2.63497140721654,0.04765856565584117,-1.0144604494933709
0.4878432671581309,-1.5262255196889805,0.9166697866308372
0.9786027149540913,-1.586672769135947,-0.6136894657693253
0.8421548474884204,1.6704237016411867,-0.9237338220383696
0.302493862022379,0.8865607396971552,0.15551811241113014
-1.382931605005866,0.7563955583537602,-0.29322897094666633
-1.9248311517678725,0.35443762461028644,0.09577101252813722
2.05759619581111,0.1539233334025079,-0.011318122350106073
1.4025387360491883,-1.7336655829601,-0.6233742968525489
-1.6814570914012121,-0.2939695710213422,0.7659434558108658
-0.17782175045146237,0.7647388607913115,-0.5909565909329793
1.6942308904683125,0.8219461187792829,-0.842340721354938
0.3397315371907499,0.5749906198926307,1.2654551736620778
1.2557619734293444,-1.9863300637903831,-0.8017135349108692
-1.9910804593565563,0.24286886179266465,-0.021922571420288854
1.4688361726110113,-2.5457407302946313,-0.2984096831206275
0.271774017493888,0.7465145759120695,-0.22615346670430464
1.0536775236354574,0.8878173469526095,0.5090614866470465
2.481855758380938,-2.210788299790296,-1.1740191172264474
0.41925086183942534,-1.400784539714808,1.212151150044566
1.5236858589034088,0.11307959387092531,1.9952708999369722
-1.7525824568770487,0.5706779418892106,-0.6644846940554818
1.2438034814668066,0.6515340543626184,0.1821465159602888
-1.321937724348531,-1.6289610350629764,-1.6123055267336104
1.3960627824844236,1.143337405965769,-0.4661849070212038
0.9785212593914517,0.5897609999294485,0.4472176479837069
-4.1808926193709945,-1.5552807170778071,0.0538044760631101
2.527936780867505,0.006048327280604004,-0.5753545193528273
2.414612933811238,0.21783249696272855,-0.3000412387977754
-0.5601568398635298,0.8963990342378079,-0.24045305662138883
1.3722440540764307,-2.1164828306625716,-1.297448975581888
-0.28626768800285096,-0.049863063412375674,1.7415495642133338
0.9945214833991545,0.66137147598681,0.40037912718170915
0.5108162844142083,0.02670688906783834,1.5527158436403072
-0.7121931084873392,0.23902295346361616,0.38880791777165735
3.5294871115887134,-1.7676576094382659,-1.5795523373291187
-0.03245726696844549,0.9279697183181967,-0.45886083089049573
2.238112401600538,-2.8175302430239086,0.27408343242435784
0.7734503375154751,-0.8045958046082624,-0.41215278713418096
2.3805727817763143,-0.9025497991815512,-0.3824900432273066
-0.3550782297391433,-2.311191905013021,0.06919989251835668
1.6289059696378854,0.5345833607792148,0.643856481477093
-3.171607455117299,-0.543512720176502,0.037668898560631325
-0.4795123304851572,0.3358478968166107,1.199326677218349
2.210996123183788,0.8247365741193835,0.4049855673652715
0.28985666377249963,1.3356339647234838,-0.45240516900532085
3.1230374385367243,-2.0605013034755424,-0.38506347917882594
0.5128089265993927,0.9278268058897053,-0.1459444045876615
0.17543597263548796,-0.44328743604192483,0.17588062235809446
-0.786871784229669,-0.8831396582298161,0.029237166666327506
2.577898934733112,-1.8415770619149334,-0.6815293957956668
-0.3299721827944952,0.011415491972686098,1.4530269493667796
-0.6510276566795765,0.44626984361487726,-0.07315741405415466
-0.4194346716554612,0.7772721378566939,-0.6783005107013651
-2.4828601037997844,-0.8240931452809171,0.5652729122069994
0.05710735016978342,0.6465184755705036,-0.4514254808002606
-4.434528445478902,-1.6191448100205905,-0.6282186191086804
-1.6656134458802423,0.3690930426493483,0.6609918866156015
2.281255983112669,-2.1988349138261887,-1.5825575347038112
-1.4437069202061845,-0.5633327898093057,1.7235062702799702
-1.4213062029319707,0.01237963755830375,0.796635463817397
2.0768803377525717,-0.4991676591173963,-0.3621351520842689
-1.1076962093377298,0.6590308731987407,-0.49013582142520556
-0.07170236711789142,-0.178411008160274,1.4421106104235049
0.34459007025090443,0.8435565898283311,-0.7002850046412208
-2.8565266539142917,-0.8378410090468814,0.22671509979162408
0.10415243340234986,1.0635054445406549,-0.8212168579095627
-1.8541043870466192,0.049679167414957995,0.18786251897026268
-2.1317370356920575,-0.3640568890400013,1.8703866211790712
-1.484728336584899,-0.5719353593626185,2.7405756063090285
0.34388951182244065,1.0189673184252326,-0.07686073936216292
0.12147995246870086,0.19067910913665964,1.8844556044106522
0.5600239531079065,-1.989215818831365,-0.6556549559574242
-0.005759830568893998,-0.27216028011083143,-1.4284017663809867
-2.663862543406864,-0.2389405092135022,-0.017612358801073452
-1.655019262600841,0.2293525400455994,-0.044430621708338086
-0.18835797466047238,0.16664625785861534,1.5796171051609171
1.9579790466506926,-0.021438425402301457,2.005455741209457
1.3294933539934937,-2.7681059289961594,-1.1820745003989122
-0.8892154052024698,0.38546856688865044,0.49097514722718233
0.21109285563759028,0.04897743754172036,1.721770264818221
-2.544171215961864,-0.07387541093866289,0.3913657972435863
2.1986282167416515,-1.4926104447529807,0.6363906798882102
-0.9972042182408144,0.1863265222125805,0.6960459076614254
0.8338712594437572,0.9596337970850654,-0.7714717379092266
-0.4924073659347725,0.9263677109870305,-0.14010721909577298
-2.642945554390978,-0.3703246842839215,0.5018931185521336
1.0908598986888234,1.054359010310634,-0.013661966674428917
-3.0760685155047454,-0.6657129051578776,-0.0977028601342628
2.367637658446625,0.622761773501951,-0.14871951988335852
-2.3432538647563583,-1.430696592038249,1.038003017675376
-2.035587583870429,0.008364914426357256,-0.36645163230106564
2.3272567029685787,0.49389729092083523,0.17764243288149062
1.6068896925492497,-2.2659315962062663,-0.05200917881398043
0.6692981262388595,0.3963674665210077,1.4766119866038365
0.32016791395906663,1.149592923068404,0.061654504016737936
2.0027571685674848,-2.176984401127918,0.6613918620626579
0.19906277981535073,1.0669200401745738,-0.9723644732077261
2.7188268283106454,-2.2461415426624796,-0.3514313140452593
0.6917522616638717,0.8237671782333987,-0.7801933627960335
-1.1611360599962215,0.08973775606976976,0.694434855463184
-0.21161531111851828,0.045963793014211066,0.44936063578769714
-1.1630455851344073,0.2679063747466334,0.7092377456599336
-1.067104298023028,0.6572112089018105,-0.807751315034845
1.6976514385654793,0.6484227165914344,-0.2590918196385953
-1.01246571181165,-0.2480339661360173,1.6590902745062948
-1.8127773270763365,-0.04201246301558245,0.5987289469234648
-1.350214528298843,0.7405568849070022,-1.239740797588772
-2.8495222028331835,-1.0990430231848611,-0.6517337134920744
-0.1970209956556735,0.39288614721637655,0.902873262674038
0.041303422170109835,0.4058710483396138,0.5100402113075093
1.2333959281286404,-2.9191270028382394,-0.5356496181356819
2.2221313161963723,-1.663480387399723,1.070309967970042
1.4266765756168158,1.0007553728169922,-0.6798133780296786
2.0616738005602917,0.5280749950136298,-0.14201740971764543
-0.9299563422503183,0.7787635718267615,-1.3239246657909551
-0.919878589953342,0.7399046430994304,-0.6960710192146056
-1.485017239829922,0.3320490039744929,-0.08377003654997547
-0.37906331907283974,0.4202233965653049,1.1855295969526636
1.5542029964420419,0.06467894620122955,0.8558147145124896
1.9121996776325747,-0.09069199804104414,-1.007349574643443
0.441764571570396,0.32668692667690175,0.605876973200059
-2.1050282420261115,-0.2803755392461365,-0.39711371906581494
-3.021687584922385,-0.31873299310854286,-0.5176445525823168
1.8479539561532017,1.404985538910209,-0.010522216771577112
1.006976077084538,0.6992458553650565,0.03068923490188611
-2.4759461998735897,-1.565007530245561,-0.7182176684622471
-1.7817462402718613,0.08747433512415087,-0.47965418543314925
0.10750363456470305,-0.11343737092398384,1.397033051110897
1.0788546247322452,0.9381005284479298,-0.04605568842910135
0.20439016298737295,-0.21469291015107012,1.2802503032999752
1.5784967178735385,1.400895550847545,-0.6453429374179591
-1.0124332436120336,0.5417561501269971,0.10554234821573492
0.8549957692644192,-1.648203050371433,-1.338787207264257
0.9723514060498836,1.2803391385943785,-0.5324265532122001
-1.9111994125384253,0.46307807320738525,-0.733529436210963
0.5706485589697092,0.9414964676466668,-0.5782307185184488
3.254288140649179,-1.8657324254349645,-1.3709090524996876
-0.0647495839475677,0.5304241898305371,-0.725288666502608
-1.067711883951576,-0.63270735843299,2.854672198748916
-0.22923275004879423,-1.048609657612907,0.07453950014447887
-2.9852976348751596,-0.3928193225300784,-0.14022910355538484
1.2044127216451601,0.9937073979624301,-0.025907213868034122
-3.061817593866718,-0.42508520928621985,-0.1873060397959498
1.896895004219173,-0.0049840329018477495,0.10541643652371044
0.24259976124826374,0.22914364009002325,0.8907698559454738
0.6538114551961831,1.0259878819201727,-1.3046490120887109
0.8987106616120515,0.48326984349383995,0.3497274064854472
0.5478348392027391,0.29548592753598263,0.4526111203490168
-3.241207131049114,-0.5554109044325848,-0.06820596216906066
-2.477872116941549,0.09773939550352907,-0.15069280675108265
1.0218253507320512,0.13918036613057513,1.2023074993056544
-0.5190020602462788,-0.21509759864154684,-1.6852704282877677
-1.5105031257418589,0.010213177887791108,0.7499951335866482
0.9681595634349197,0.6566590023989167,-0.309461452552856
1.697139734048939,-0.21939388759765194,-0.4694767546953312
0.04023126561809316,0.6501162734136647,-0.9139933897959405
0.08556149197504319,1.0471004451066974,-0.7325030938329788
-1.4024058357775648,0.11190113767278516,0.5500256608779933
-2.558829862036765,0.07592825161007062,-0.18131345529978846
0.9514780200511911,0.7498359074307939,-0.10103610252429937
1.7926535706903481,-2.8768549338054097,-0.2094444828022451
-0.27079165642816533,0.9057202348697212,0.15361768891811703
-3.601108435963962,-1.2141344310829267,0.8017506750206146
1.3504172938585377,1.0144120175487021,0.031461812258613726
-1.625525843967527,0.33051511973224545,0.37953503115692383
-0.4864542366698077,0.27494282401240144,-0.08017782867982204
1.1582918400785143,0.5546170717245374,0.952693904857628
1.0423767830644404,0.6905932810870459,-0.8203785555529239
3.0779671205410777,-2.470693910526618,0.12259421729812753
-0.9546583587468495,0.8429177540517738,-0.9920730083184626
3.2443799849593464,-1.682272703545237,-1.28067217354064
0.5096567360300231,-0.3186659067429825,2.202363382536688
-0.298425172432446,-0.049729756008600856,1.2572021215966904
-2.4746847463995634,-1.1082474049965598,0.4809796115799212
1.1910305403717394,0.7505499767576463,0.5653609203736193
0.3102596528992268,-0.06856556417874157,2.294904274215879
0.965109616830313,0.6684266941250772,1.6314052948880402
1.5189416394742825,0.7978262353133749,0.4845349788893119
1.8436665881514394,1.265165256670796,-0.7391846476136651
-0.29991936577293715,0.5020462983005368,1.046624392940026
2.4445995181603557,-0.6587604717638174,-1.1253440206796503
-0.5016632185793506,-0.06969839143007636,1.448098127262139
-2.3159548713309213,-0.22674853168027104,0.5550310281495835
0.9814930512529816,-0.7461275778786421,-0.15295164294520794
0.6617057984289532,1.1495956551967859,-0.6925659886322163
-2.1314344390765987,-0.06040552875226306,-0.31409267253992224
-1.467700448337188,0.13016926834469034,1.1256535204407487
0.8792624700511782,0.032272616349744807,1.3708703667236457
-1.4261180794446138,0.11376900929373061,0.08154211214698157
-1.2076968301808968,0.45988360259480043,-0.3316872403772433
-0.271955959875535,0.10321046521589265,1.0353981386124025
1.7682724257181786,0.836964073151144,0.034425503243336805
-2.2040646919350135,0.3161457995173093,-0.3312598714425276
0.11026062851693376,0.2711501106063448,1.1461389622419433
0.9840181730148477,0.8220917477640025,-0.3562630922720063
-0.29655858232797705,-0.05581458603808466,-0.3019531012298761
1.054242646125196,0.33359945309182465,1.053018740239788
1.933916347384964,1.059881154526028,-0.005782219782319274
-0.9067642884416424,-0.3465814844773865,2.182561546428808
-0.09294769946152955,-1.0184822754384528,-0.008403569090433308
-0.02685988141519196,0.7245340772053835,-0.3380953579867569
1.5561746953211897,0.677824976872571,0.34427195825901846
-2.7962769905628657,-0.7436477514867839,-1.0726504154924976
0.047608695474847806,1.3709236954236972,-1.1618087796661238
-1.928087136312011,-0.47916440351633743,1.5844773578677191
1.9417060749338995,1.1163249730206357,-0.8178425018452778
-0.12236192204919337,-0.8491618942806456,-0.9430582619366803
-1.2192313450658994,1.021733579965315,-0.9656269847679644
1.3846430777261454,0.91234303389704,0.8890536973805501
-0.2856048629243047,0.0003552299916641095,1.825586034820657
-0.43240223732418925,0.7861381125385475,-0.6106204669240782
1.182469768732377,-1.0132207636823223,-0.7729977398328257
-2.265388285284978,-0.2737507897479987,1.6054746998029852
0.8143892541197867,0.8907195868813568,-1.1088973181904682
2.0158299338928782,1.318967221004518,-0.7486212918074716
0.7112257312290626,0.38788270190201507,-0.22636163982310048
0.7307867853974018,1.1952412203121632,-0.6141578989550938
1.1850476137777748,1.04122083313815,-0.10565099447058873
-0.1561547540965679,0.5174150054987041,0.6247743661772674
0.8696942762669353,0.5805481240209484,1.7448722568177895
-1.7638110496092942,0.7305769004597126,-1.2663072656934677
-1.614080112080289,-0.054910059474090826,0.06392878738086424
0.1359265108323959,0.5565942326838075,1.590579217650357
-0.10852695101038844,0.7863881990762022,0.11309019373589903
-0.338798313777929,0.39214814186075164,-0.6537579341676685
-1.115157066909016,0.3110779923342255,0.3083777112605889
1.1080967933059829,1.5846900203725365,-0.9945791964040047
2.8214585672430537,-0.08828370286517834,-1.5013852648981063
-0.394662756492296,0.6796401966377832,0.39340868664697787
0.401833111278856,0.8382600030176401,0.18958118806856938
1.2232677177209754,1.276797316468624,-0.46012973200460533
-1.0776915749241804,0.22839919280742557,0.6872794561397952
0.3570992676886536,0.8129047326749825,-0.8255910659723329
0.4219405754895483,1.3123723850526159,-0.8441301547254558
-0.47405208085273165,1.1380636391984855,-0.9614143025355251
2.3133975109636427,1.241564453631277,0.33278431657149926
1.3313226220720114,-0.3480916871402979,-0.5068983545585171
0.6234119292923626,-2.647241143418081,-0.20353600419895396
2.4119507534763596,-0.8284185980502153,-0.6656162201386958
1.6321897083531347,0.7217270804191196,0.9380279941090939
2.2589927502893263,-2.9163481512509333,0.07684645925624356
-2.5343831318939247,0.03521042676367654,-0.4159017775521373
-0.7986499616814876,0.6520198039546398,-0.2785107341305307
1.8057932044285727,0.4282117079441629,1.7197988762004497
1.4443384472498497,0.3700989979497567,-0.1374313420622989
2.6163789627626,-1.8592931546291227,-1.5893120977432507
-1.1085386785797855,0.6565513268074293,-0.4829778132265296
2.3481454605787717,0.9666067495179643,0.03152257907687088
1.5042638264113397,0.2043075445373636,1.5187575864754705
-2.23599443549382,-0.06854966218376754,0.6432788375530699
1.0153136881878726,0.9057489836717921,-0.03353223286793433
-2.3718260795870516,0.433368936541067,-1.0729581656856437
-1.6818933374680076,0.019809593332637872,0.9069806651961206
-1.9852514618605397,-0.23540030547526591,1.3396509002055603
2.7678497569917577,1.045842959317546,-0.06980396009557094
0.1716225305830114,0.17443799520543682,2.1266879488007024
-1.700951127613924,0.722638713585303,-1.1031683393743645
0.7165487363027196,1.34888265372463,-0.5052307665282972
-2.1780006890035457,0.4046150855141094,-0.5633362885521633
-2.7759667670118127,-0.29825984015316037,-1.171632388778155
0.6609046205559408,0.8109758223404081,1.3513745447743852
0.5131902695742714,-0.8058929760328797,0.23500587483052868
0.05261895748651395,0.6909116092627623,-0.33645068274798023
-1.7734340136394116,0.4622758906418518,-0.4448218372859029
-2.2801135199528755,0.3056446965345103,-0.4471141043502807
2.979249967064524,-1.0755300775498509,-1.0928674394908882
0.5049129792154613,-3.8833575626998003,0.8962603721356771
0.3584283718942951,0.6781604467164344,0.4578936819988633
0.04277586650649269,-0.40559061098243937,1.952803658512424
-0.10518022085085381,0.664300455880579,-0.4836545726719213
-3.541836940589865,-1.1552388396657158,1.0541299252765908
2.4163919392502478,-1.7241204775035852,-1.9723435219528282
1.4853102138848242,0.4052676825964004,-0.3708675986384122
-0.2386986687996981,-0.5054227537620299,2.908216647394345
-0.5964079683682304,0.667927910701376,-0.46492504371693305
-2.8076466568516185,-0.5612131779733992,1.2415461454143708
0.9075054097850299,1.0413186458932233,-0.5874321811792149
-1.2764947046199981,0.5598766184002925,-0.46102213258167785
2.260935874687505,-0.2701194671605533,-0.47330703655845635
-0.13216617129727562,0.02762304153127287,1.2472225334977496
-1.7578362972194217,0.11968938378923369,0.1319245551097822
1.699885160767445,0.7839560234465403,-0.8374405327377774
0.2662718388516095,0.2830371176633385,0.5829903769111542
0.8257944176618265,1.0510991411009227,-0.6802410746828939
-1.2746775375641057,0.6629982379000805,-0.48248458190424065
-1.286006974420125,0.9321317396843232,-1.1000978905183871
1.0957256084046594,1.1741186615030297,-0.7603124463910615
1.0088592253107078,1.2343006623539325,-1.2983216590513456
-3.8336581417338373,-1.022991250302759,-0.7566557348383921
-1.2037745028782154,0.8951952723286228,-1.1061587416940142
1.7168926885812237,0.5721925056370911,0.3703439005165205
-0.24319584793386262,0.27688940645513593,0.8025597551308177
0.4874969954461533,-0.2734954672864477,-0.42929005590793473
-1.7105110035099382,-0.10340099816275,1.103029558023654
0.7738304385109814,-3.555171455608616,-0.052886314943649065
2.2330447902323094,-0.6617445797735765,-0.7979614032977183
-0.4309684920848337,0.04319608684752706,1.5386459742681342
-1.1864871393853889,-0.4395186032000359,-0.45118826035423504
-0.4942495804748962,-0.7642535549457107,1.0280344235899035
1.1079928786388633,0.7956391109530645,0.43547191358877596
0.5438493875222953,0.5605013009359008,-0.28164307495291674
-1.943735162862297,-0.009416340540369814,0.24155654685851546
-4.436177596875222,-1.8169454062868542,0.0830192207090737
0.012100135605549258,-0.08066414465970831,0.10101349278186428
1.7268690250902068,0.13597539176348225,1.7895317257882086
-0.6896439337864456,-3.2024528673302384,-0.5290871918526752
0.12123049800647223,0.15863118505513696,1.1014552266869344
1.942021991898108,0.7186536322567146,0.7086535516441603
-1.2679143889446365,-0.2671902433717538,2.1527025391039096
2.9337261129244454,-1.4643043880250795,-0.8046458687585727
1.828355540309031,-1.9603687994028902,-0.5429641448356379
-0.875463169743033,0.6306488232385518,-0.3337206881221408
0.9514119161818552,-2.736057674931446,-1.536244372874146
-0.25563327201750446,0.4981615021664306,-0.5448387677301475
1.1381841336555438,0.5732083599266503,-0.9489206551759688
-2.3661722118541175,-0.14920931203097268,1.0354559712522016
0.3763853196786519,0.8781614989577265,-0.21723781748231002
0.016277083307354633,0.1608818708847566,0.023759463940424427
0.9428259653277535,0.9743774866449045,-0.24826964710658245
1.2952017772088837,1.1146229913921801,-0.9812594115022568
1.7498745504772948,0.961164366917937,0.6399506901394998
0.4499396642400543,0.5576375834184559,-0.16337020824707382
-2.0634661451982876,-0.39106096940070173,0.5513903990353071
-1.6189313507652527,0.34418625575745015,-0.4051999586689843
-0.30969253037822164,0.2957967134796686,-1.40912109631582
0.7260123472808857,0.8290529004566347,-1.7460050398614393
-1.868124844648593,0.005814433377195532,-0.37819316222127425
0.3116063101331894,-0.7131995417105861,0.8352098490966994
-0.8985845920551382,-0.7270323867041631,2.827767076151712
-0.176333275995478,0.8114307662297788,-0.5112828048122359
-0.4825910409722446,0.2827635782616832,-0.6740774383455943
1.0656899002711329,0.3451392757621653,1.5300202139198305
-1.591272973451683,0.5265012776294495,-0.6026961228841888
-0.19320084685325928,-2.6516015764643552,-1.4696672411888496
1.1630513642483193,-2.1020184181219475,-1.0470687654114839
1.6283319211397074,0.8542287225398889,1.0463880488729436
-0.022430707918748037,0.12947614054345113,1.7395505591010478
0.5232570244423015,0.5231090177741626,0.7957693216174787
0.37079372770789765,0.08253232346917201,1.240751868540311
3.9260971388247214,-1.9888609293477495,-0.7220594721813514
-0.4269236835123634,0.6339412187984845,-0.5873982506865445
-0.9159102822074089,-0.46748670832291467,2.821510741597111
0.06254625823041007,0.7488520984334252,-0.4547339801237125
2.465380967608024,1.0685724346709005,-0.07564847097688787
1.0868961820793164,1.1499942542968258,-0.6767874217160682
-1.478992607225301,0.36413850561746075,0.5395972732784148
2.4779781476572738,-1.999302237384592,-1.0374090644118736
2.178365614413293,-0.10777903970073016,1.862166759564198
1.2350875553707783,1.0579200679704952,-1.190595395318916
-0.9092541378885076,0.3264907848667404,0.6612334850956999
1.2535039587982868,-2.2886068430239184,-0.050401052491490614
0.5953361380914042,1.03767267146612,-0.809236999980832
0.22653750276426915,0.7971636658929117,0.15677555942437446
-0.5899825248170131,0.5869538323376449,-0.6389251080857531
-0.13882269250494292,-2.7620032508383408,-0.13471411406807982
1.1968850152301589,-0.19420149995216585,-0.8307192913683042
1.5147246059169825,0.7798920478694069,-0.032467093133556044
0.5848793141746809,0.14357091421477441,1.511078980542709
-2.2883890676981413,0.07398349406005629,-0.35413071136186264
3.03934456725614,-1.051390325810539,-1.100893600155615
1.2787408014597683,0.9947548911962029,-0.17730408364894856
0.3225179846347326,0.5939263515066695,1.4720657488291924
-0.01893336466195191,0.38234943096044316,1.644224310223664
-0.5728529699306936,-0.1810128919919325,0.19517985360609338
-2.6689807815339406,-0.04356192201934497,0.046729200856224944
-0.944651836377577,0.1935929244501711,-0.3871220501977633
-2.953410632888611,-0.5005368363119472,0.3402198242324006
0.37457955150709366,0.4349762397766369,1.0239146373699997
1.0179407085831127,1.2215702506980823,-0.22254845882022967
-1.0422568140657005,0.1632595544041987,1.0621860367146423
2.485407405711198,0.8238807165967307,0.46412583957604286
-1.4243088154874004,0.48898232401164815,-0.7549764131167899
0.2503501750026913,-0.08873715129959478,0.8914853851638934
1.6614947389956567,-3.0751331104199116,-1.1626442368676717
-0.762142035808483,0.3265439003491832,0.8482512119698549
-2.6715646413124654,0.22205777557957349,-1.3526465058792807
-0.08702197297441415,0.7908914508978439,-0.01650305537739135
0.671622058701112,0.8751230910936411,-1.316030460837214
1.8179914576920633,0.9741894626678304,0.19045757349982542
-0.4548736755346813,0.7563839287784654,-1.057772680201386
-0.6239660575277458,0.6707225776881487,-0.3516066200393954
-2.44991110233562,-0.08717024531257758,0.2937371353374405
-0.4487125713375395,0.9726638046200535,-0.4369862143730319
-0.09952896842654439,0.012527944980105898,0.9943296826009825
0.7192965828179304,0.7303350565797326,-0.32574725859897746
0.30919846685912283,0.4068399941509819,1.7165255985902952
-1.193588576755459,1.1089630927664593,-1.1941243977782623
-0.20429999284259232,0.6894082575895981,0.3191947700949315
0.6969098761207513,1.1466249404408935,-0.16752833944525808
-0.8033149269608005,0.43098522887152074,-0.21620451913644045
1.6749006497945726,0.5611504666514961,0.7173993072226077
-1.411827502915595,0.5709762357508811,-0.7268730757361564
0.7932108919157834,1.2102080594468048,-0.35222177851612996
1.0899413775458893,0.7883622854681577,-0.7067373591588466
0.9548387255353363,0.7307461708029525,-0.9123830979502572
1.1474607878453933,1.3863095330049984,-0.6045358542952283
0.5279191167893585,-0.45752356399081867,2.7494896512164106
1.1685307337075994,0.11854037574581965,1.5313052549024346
0.09239563703856178,-0.3630730457794558,-0.5876482433992303
-4.242428661128849,-1.5434461001599082,-0.12058274885391286
-1.5256969469680879,-0.27134608786247383,1.6623382956522204
1.3011222283272745,0.3467665388236529,1.7703515508800196
2.2035177669731496,-1.180854837149747,0.4484208321098624
-0.21385404090539784,0.3152993004245603,-0.18687265076854392
-1.9886538957541633,0.35954204418034,-0.05918733299247872
0.8887156501943098,0.15283965932927157,1.729060867856056
-1.4264656275070542,0.5043774781706443,-0.5812516063579859
-1.3354507950794279,0.5675465266259836,-0.6467052191440635
0.6622578677523714,0.6727033299641502,-0.4357654170416729
0.7481930703848129,0.7381083910114715,-0.5934105996773935
1.8754630713923772,0.6829991100508288,-0.18413353879359368
-0.5906014396650641,-1.803521291508122,-0.7311785690446893
1.741567039620519,0.9193445262663158,0.1739821445371089
1.8518868725231674,0.11714323711041308,1.5570431566595027
-0.12564956032769575,-4.249244405087667,-0.8720312836845542
-0.6134240034933082,0.15726289821235462,-1.1988101971606633
-1.4406677705718003,0.6497870101793126,-1.8865146461369118
1.1603406846827395,0.1850215734387947,-0.059919756884669745
1.9271332445045846,-2.5466930108384678,-1.4214219582840604
-2.857130068157776,-0.5110229316882706,0.18189932036266998
-0.8811278597636325,0.11855155877487122,1.1255084667856505
-0.4746451989365318,0.8220818087001723,-0.23187685728952612
-1.6882664260723819,0.6647987117754555,-0.5197404992595084
-0.9746901433791019,0.7480147145024918,-0.9063434112198943
-0.08926816707255415,1.161016020775737,-0.6960655571015154
0.18530697212693,-0.022895364332538626,2.0581342135998044
1.0275485655447414,0.9342474452321098,-0.13269665671909298
1.55533241013385,0.7830743346776331,-0.6497190467841425
-0.34803557200441826,0.27979620643510844,-0.41040804758026866
-1.345621080380293,0.05394643624579898,0.8401809590060645
2.07731836980441,0.791075453293858,-0.5176089842537782
-0.42117161887524457,-0.02574321454346654,1.4614301677089445
2.7267695600789037,1.4331998025431565,-1.015644780445107
0.7456230836728823,0.7098324317014826,0.2684381675758173
-1.6312544753615348,0.21588132055851134,0.43423108997334076
-3.3545799391786963,-0.7018794047725877,-0.5308691797037931
0.05849963891000307,0.5815336765230965,-0.362793037392532
0.9593866622745262,0.1025618484581384,1.2102544964981723
0.02444459549355197,-0.10087473866605376,0.6563782116648449
0.5229873381685292,1.003824199191177,-0.8395141690391593
-0.06151157250310994,-2.409064806748052,-2.1325776480686227
3.175007223214134,-2.3780333580963884,-0.0046774747290682
1.8962545052537023,1.129957604652671,0.20499367262506665
-2.055649709122678,0.05282934194428835,0.5266876283782665
1.4922538985262583,1.0205706970025468,0.12737524856329055
1.2188286355781408,0.9066223968297175,0.3444016879930443
-0.11469473961469083,0.36177242417430516,-0.2711762004910423
-0.004919704287585651,0.0038100883134673516,1.4548105893672265
-0.44215872309583293,0.029990587229743137,1.0572565102921305
-0.9083388267152033,-0.147041951077219,0.746696775028978
0.5586156607647558,-1.2296324603962967,1.5189012060165992
-0.4334957970067763,0.8428190574891948,-1.2606582151689694
-1.9375527560597805,0.12404870434392812,0.9010855315284955
-1.2984270591990612,0.7000303740324986,-0.9825251920870652
1.4960068079382887,-0.6167426119987444,1.4096225663558402
-0.682283584296709,0.16133090273966544,0.8896332853170837
2.240597873962371,-0.967608614314156,-0.23032891368885844
-0.41110628476372235,0.562115878376928,0.02896327907723848
-0.15501538256329206,0.348195300585321,0.6157446948689582
-0.6590965467326279,0.6625003792151959,-0.7443246702895152
2.098129943268298,0.9252833558964577,-0.5380216905068992
0.2809639181876426,0.9660712202482689,-0.2789113500982474
-1.4200273930835812,0.5259262946866026,0.049226148621639605
2.7817491338945306,0.8098663132768542,-0.05855027770073709
-2.2102194386115985,0.11684237733454167,0.4076349916175625
1.9395652259489653,-0.5185368202596237,-0.808991828805464
-0.902748469505967,0.6833903567495645,-0.1397889160421801
-0.0812959341019877,0.4909082206662889,-0.02583606069097278
3.607646111734237,-1.3228587182483507,-0.3838282302848686
1.0022082905509093,-1.8064641553785064,1.3651726536897155
-2.0673597128503842,0.21131141686261218,-0.07104465286047557
-2.8972823540057466,-0.032862512766260385,-0.8505454265757628
-2.0817607920220516,0.5035406438080492,-0.7379588156979607
0.12362581311602965,0.11895960431983113,1.1619032504358717
1.804407988503819,0.21942588252691708,0.1783097260440084
-1.5505750566736554,-0.6493625417464889,0.4343728385168497
-0.7498352597564824,-0.38605065592220517,0.31945753824354095
-0.15418875207688626,1.058532737612976,-0.7093603731665596
-1.5571214250813779,0.34805355551247036,-0.2002392204353564
1.9690014522660775,0.6317998192722557,-0.23752795364204426
0.2539476033253069,0.07768221141874168,1.485999715597104
-3.29677483263566,-0.7246948699948664,-0.32478220419263143
1.0501227964242938,-2.3268371930823766,0.18565750335119668
1.775896455907995,1.275802416257672,-0.8897041986900968
-0.2354495881609146,0.48215089633231883,-0.6348279154740846
1.4939494134814493,1.098405054957779,-0.6869466905400575
2.7118238778114736,-1.291920699301153,-1.399790636896819
-4.4948500806456195,-1.8024205016481303,-0.8444032434397197
-2.5753990299702805,0.10743970935566399,-0.7646376307369227
2.636055783962738,-1.9616532719865922,-1.7763233449132563
0.24690378072797192,0.49472779941895917,1.356936824695891
0.09963547353635381,0.10967105164120941,0.1385023195075942
2.5565849272041095,0.32882277472442256,0.8385826709352913
0.653534293060618,0.6017083220091431,0.8601999275058014
-0.5690305477233966,-0.2657394194980292,0.7259347335121911
-1.0476840855657805,0.5331797307409999,-0.28615312943457416
1.1654378587885508,-1.8994476180058428,-1.6232148352465003
0.950975458334264,0.860656760980428,-0.23448472059820008
0.6886195185431598,-2.185846299616628,-0.40862054465680764
1.8465326521778136,0.46061235291953734,-0.30462938690023034
-2.7335425419790123,-0.3580065703848148,0.5790227654146206
2.170091868624713,0.16982511287825652,0.4584989659880628
1.4107818981926379,-3.233008129565279,0.1289350976943244
-0.6325468329701389,-0.4549136343659747,2.560145829556509
1.9575422828036808,0.4644153929048385,0.6039205433606409
1.144296632729054,0.716325926043135,0.3883644034705734
0.8451619740998261,0.8930587638213047,-0.6942265179783653
-0.49325056160075453,0.3435551875749203,0.6673485012041768
1.9755050776064536,0.5042765025127078,-0.8631228429298092
-3.5563806332761145,-0.9013032062693951,-0.26487870627887417
-2.039025388957404,-0.19812044199791845,1.7844931316702415
2.3928973038222927,-1.7578739519009046,-1.832426157721555
-0.4633685754989444,-2.217978533242543,1.458044828227078
1.4952275346737014,-0.6841640202541572,-0.534741428370551
1.141077169227954,0.24033592472604876,1.7815580176186798
0.98078550243719,0.481143419736568,0.31313206645781766
1.0541712400731431,-3.049145245509582,-1.1009259433816778
-0.3084899970000005,1.2420254396106907,-1.543146303022938
0.015006104002940623,0.8724291604101639,-0.038963334235260466
1.217947801523306,0.33353340738937154,1.1663263344166226
-0.533841994893692,0.8290432750997746,-0.41551479865228996
-0.7780457303606807,0.42194177079748885,0.24967503504760227
0.4298751941992057,-1.1733081132244716,0.9464533377012136
-0.7534672063751837,0.5754451238411655,-1.202593528541497
-2.0764349475885475,-0.2012923794960516,1.4005145115659556
0.6562356102158218,0.954144332213546,-1.2056530479399108
0.38248832004283384,0.6002038504425573,-0.9362028281659784
-1.0968989732462957,0.4170448618931535,0.2319391977419212
0.7760460714357161,0.5187617304084327,-0.11777608317808883
0.4391026764146769,0.3458475283957495,-0.690970349040623
-1.7795485705884198,-0.3301076084391029,1.7108538425163593
-4.326268379596206,-1.994624497963532,-0.16842610333782668
-4.488427487044038,-1.4810394151898232,-1.6128460105259765
1.8674474577747018,1.2955026814718789,-0.0696630893099909
0.9766346000118192,0.3267208865628563,1.6259247647364925
0.9971833443410295,0.7293890766612257,0.14460027172132514
-0.6217236993218412,-0.21014564703114108,1.1886362871801572
0.5005407652252659,-0.9868398686664046,0.766136864986726
0.5676218858157841,-2.7984514416159114,-0.873742935010509
-0.3925000451963212,0.6635990084385,-0.20992366333870388
-1.2473455309339936,-0.4521133397463008,2.8153391960430123
0.9272434755584852,1.319608871869097,-0.6837888339206651
1.5784426966182177,-3.0053348144875285,-1.1814937252450852
-0.04313223688883762,0.7010045559055172,-0.3561154351564319
0.7820370704161056,-2.193544355249714,-1.692023186257532
-2.210616889310955,-0.9336847997243934,1.8182987118801224
1.2828641474582239,1.3155180929428842,0.320044704202534
-0.10222081834331743,0.28971674849444307,1.5708327208429276
-2.909800674248955,-0.3635643135348151,-0.08446030021642736
-0.09978974929691524,0.8132129672831743,-0.5673512614406233
0.36978045875467913,0.34770376610731174,0.44325756149645895
1.7344244768976569,-1.6888684950928317,1.4059279355666612
-2.4436890490431726,-0.3111536623384628,-1.1726188514227323
-1.83897897407772,0.49758548194075497,-0.617021227860979
-2.2114256133198382,0.14542852664792583,0.34248426209715466
-0.24149684064257687,0.40530030282785795,-0.0591468634833531
0.7088900931240386,0.7347676235385019,0.5426418887409343
-1.6496975659098057,0.16041999904381118,-0.6621526679725577
-0.4257565807523137,0.8329229290806481,-0.6093604110355461
-0.08841380586966266,0.638851865235409,0.00031879278141894716
-2.082135959533524,0.2891114670075883,0.02722901808972291
-0.670418453590696,0.1363527295065013,1.4481507858788978
1.1197921690701471,1.400049031140805,-1.0606534057336254
-3.081403069842912,-0.2780241458496462,-0.7287492649976492
0.49688240339341355,-0.12711057195736455,0.2926184212811264
-0.3961637425972273,0.5355941623291003,-0.717533172027324
-0.9224737046650433,-4.238330344657133,-2.5981042843164306
1.693220397723329,1.1052096598231764,-0.15333910702301015
0.36841065488873165,0.6931823265083855,-0.3014757836043785
-0.18764402580604234,0.9666507324978977,-0.5514217061509998
-0.90386625885615,0.06078626686404712,0.622899849829832
-2.0921821677634482,0.049101044769823646,0.09173160600859953
-1.2849433083054305,0.8257309637749383,-1.0924877343407136
-0.9719333066520249,0.5775146918283108,-0.8126572431340185
-3.7243968356907593,-0.9981550251330542,-0.24241173933411722
-3.2909014592061467,-0.4166882359679246,-1.0779339453291663
1.8456077869718104,0.25523039410607046,-0.05431631258627509
1.2468251731799724,-3.249113912410464,0.3261296603123797
-0.8683458306951303,0.4457821432906261,0.9198637428502199
0.4035791145104423,-2.4817045688574315,-2.0587237093002884
-0.7982859028921049,0.6780976289959353,0.9885329803286307
2.299483286039161,0.6125346095422909,0.5953205151225652
1.9479192684430422,0.44281896678889304,1.9311457518029715
2.6412560871152446,-1.6911391648199474,-0.9025963241687972
1.9498878914275177,0.7683555514894114,-0.07788378017807648
1.4533144808737288,0.8274334915746024,0.4378039196146505
-0.8552725402410785,0.4111114752084101,0.1873546359047575
1.472974077883711,0.7547856968470844,0.3162417386754324
-1.1424976623848329,0.4470722652020938,-0.17779903050388002
1.2198419348322656,1.0630044013511823,-0.4243567168401208
-1.1956207987619292,0.9688250149178642,-0.5327548001140332
0.8929388817861093,0.28094482854174746,-0.258772886654226
2.3363269222571565,1.0002447432429973,0.7156038245039699
-0.9446257078086601,0.6409533311553773,-1.1497388405218258
1.6720885960302867,-2.1267681859445626,0.1607735922775929
-1.7731037407601011,0.07763686589536056,-0.5212110648678173
3.2834873046940425,-2.2032775366621604,-0.4516863727522726
0.7583112124186014,0.8268580805034801,-0.6431458479354698
0.7911423248885099,0.7951480288512607,0.3585050434105159
-0.4049148740961671,0.1915343060123749,0.6473286555153096
-1.111326300428774,0.5388154816806202,-0.4426453338549066
-1.9871283272690994,0.14496938779634808,-0.038854157638077785
-2.655869964709821,-0.016732300820159002,-0.05404176327259202
-0.17102771366048408,1.0273136768207043,-0.7032261741754794
-1.1542364580389644,0.812774299594801,-0.797957195344087
-1.309888349409321,0.5476081625118979,-0.17269264720897498
-0.5455719852682536,0.3942681626633889,0.4040450231510459
1.4934868351555568,1.1309341328984577,0.7817825459783593
-0.331279902512819,0.7239824763855343,0.588579972943825
0.9529207767406015,0.8452289306865781,0.4612745882901225
-1.8937139677453094,0.1639213631430291,0.48048412220544384
0.5892647843506845,-0.14444158482663663,1.5023299654317888
-1.1432940873043758,0.5768260822828329,-0.0848251277846356
1.546590166210851,-2.382627001796797,0.6916290438481614
0.5622788488545304,1.001280803399697,-0.4560604906813582
-0.9243019396807993,-0.6134742842289578,2.9200822961105137
0.8926578996543365,0.4525877068042076,1.5618086109047031
0.9871453901666047,0.4387754405744854,1.5922103756111692
3.040730936252821,-2.001446551749926,-1.652707605921407
-1.144971513680393,0.1020390939062608,0.588967188540334
-0.6157813998131634,-0.06379770090058112,1.7892268835568446
-2.652328188140906,-0.3145240656880152,-0.09896601880694951
-1.460453403238527,0.5021183760396921,-0.298498707236801
0.023029288831533955,0.0126490705978822,1.4410320624858877
2.4496855579079897,0.6133981673749656,-0.3367771587691707
1.4023174968825451,0.7397489790119869,-0.09543749744938948
-0.49163874534171537,0.7900988931471866,-1.3614442572470902
-1.8795464799678612,0.06997175244208788,-0.28717262556463574
-3.408598814794032,-0.7513358306027845,-0.0885473919646643
-1.5768751791404132,0.2689984067959195,0.6740269735042876
0.7307549124608076,-3.2186620193717883,-1.0225971114095043
-4.456252116649051,-1.6830816848251238,-0.44364426484280944
2.112374205751404,1.1348639026826415,-0.04468519693528329
-0.4839385305385496,0.7077228437728423,-0.722108938794446
0.06820166537386736,-1.6178162629704615,-1.610467500100469
1.7280018837840765,-3.105010936746381,-0.31344003802157433
0.8278880773032404,0.962087698943159,-0.00682684578467702
1.942740589478746,0.9616981613056691,-0.1723470191047662
-2.405042903437232,-0.4740556429428962,1.3448646968257927
-0.5553055090036536,0.1804674733012883,-0.06484658332488585
-3.9332440429787647,-1.5981914233363474,0.738571218233567
1.468679542848253,-1.3733070464068469,2.9522624636783785
-0.5770032034270853,0.40925149036674935,-0.6452881280301569
2.2249286060186857,1.1750536378591896,-0.4366541509255962
1.4258596407248765,-2.775201897391795,-1.2975981828017493
1.41338915136143,0.8822170726517358,-0.7088986225373045
-0.270626761449928,-0.3297739595296422,0.11862650000722275
0.6768808538373113,1.3769129457899396,-1.4713871775761007
-0.6837690443569469,-2.8708168687147735,-0.3761799765453946
-0.8289803452756053,0.40507889489525645,0.6445423229904077
-1.080220473530462,0.06328331466132281,1.3741182427044123
-2.6427633909064414,-0.0759305271024284,-0.15937831632658317
2.043884120645898,0.7129864298151123,0.4383668146004962
-1.670432047257748,0.172231804853238,0.09714812031803163
2.349403714939634,0.9369389329869411,0.49324514532783625
-2.2612808911391493,-0.6759887677150737,0.14788255568915587
1.8371712297591878,1.0646071159822719,-0.5574700528198525
-0.6966599710815669,0.2964979095690218,0.24620660314547765
-0.8529548287821752,0.9486319290748393,-1.2753108339600463
-0.3329702981061277,0.3304434987033848,-0.5470767739948247
-0.8759388460022692,-1.0695306598759322,2.555929435889586
0.09035625292360047,0.4654140966056905,-0.04129928385284637
1.9220592656799964,1.4966273492848012,-0.7285712459098581
0.4188818590311813,-0.5344535979773598,-0.734646381000661
-2.890181541822706,-0.011963478896634282,-0.9108772099646077
1.1629516778385929,0.8125879291196227,0.01703789280287802
-1.9638980132961754,0.3288922322711445,-0.9922069250644366
0.8512505647277293,0.8569182265107533,0.03367909719702818
0.8981435514317527,1.1218308788704898,-0.5612514470719606
-3.865552138881752,-0.9296521925116323,-1.9116006024451144
-2.9462382872068873,-0.1944447864337592,-1.1526737123383612
0.937556065119031,0.7341932093450129,-0.7173766241027821
-4.336586215888023,-1.3366200009946074,-2.1890862121910724
0.15295257101471418,0.42142609293719746,0.15595313541759606
-3.572019376525066,-0.748363866894596,-1.568560324110642
2.8870066820597917,-1.7654893269487442,-1.2002487504422332
2.0717299535296507,0.5991410654398569,0.33697011173003216
1.188863441887551,0.7469562287484746,0.5688822226836897
-0.37533353833505856,0.33340442073490945,1.1543617408102491
-0.015423332653121614,-0.2097828814452632,-0.14837734541513692
3.3668845952438398,-1.5964525010331045,-1.0908906823923203
1.7965097732905844,0.9461877915734879,0.4584387191560401
3.864850133115369,-1.7316940904600835,0.050347030087804605
1.3483326922356578,0.5764913262156696,-0.004682368442768319
0.5646657827888071,0.6225340856097393,-0.5018660634853594
-0.8406014835066772,-0.450543489019883,2.8895028530863573
3.0133842527357486,-1.3421731975745579,-1.3105197098107038
0.9403210684966518,-0.21055641627859428,2.728981124076382
3.0687495156305906,0.9264532805762307,-0.7265207688749865
-3.5280657152040016,-0.613262219441109,-1.2133058262053176
1.7445638934146015,0.5418355798890206,0.8548172547263506
3.0993894711254826,-1.790645787041792,-1.0716247773328864
3.810068921280012,-1.532450740361636,-1.8612028616766807
1.894806448710187,0.9771369007920176,-0.4288415404078631
1.3683851774167695,0.9387241045737154,-0.20119026299726184
1.1664844600975735,-0.178390740188479,0.2477477990132342
2.788937443156461,-1.017917085209318,-1.3477525791107512
0.9494179943852813,0.43969006723535065,1.8983164211722594
0.11478494367249599,0.9507872736229842,-0.9426633450847812
-1.2069660680271812,0.1477982021399765,0.38660190627083674
-1.0325631619029705,-0.04818899887001862,1.7195485628525538
1.933061818109584,1.394623185661122,-0.0824989775185635
0.7610589820287113,0.4809121752944303,0.7007763548892633
-2.5606188748070404,-0.2318153296960229,0.5477602666937473
0.13942912385960296,0.439422424691567,-0.34685927612172446
0.015741313626218577,-0.1518434452283709,1.9977401104212011
0.10865271525629583,-0.9877176215394807,-0.7526233169317188
2.73094723023346,-2.162031909636687,0.0920762374686443
1.1315727341150867,1.1818751335109554,0.19580849084840116
-0.3484512668839938,-0.2668606308733771,0.5235861901874308
2.793610659802487,-1.7864151453233441,-1.3132729898957805
-0.13455589327799095,-0.0752555674250373,1.8423861463672084
1.5720460175266864,0.4380664349793608,-0.12170741640172891
1.5886026250850114,-2.1613568428525793,-0.3036184866210816
-4.2537911167941145,-1.7755724941184974,-0.05552131158768864
0.47634543347470476,0.7462504800784298,0.14864005497929975
1.2334021524081171,-0.539345350036284,2.174184016331228
2.38590919958481,-0.24197756390317754,-0.9650034175550091
-2.7972817170246596,-0.45616724989808005,-0.2993277892167159
0.5216359815735124,0.7958788034611112,-0.7148106425563412
1.0313763185442715,0.9586356148921191,0.3771698292972245
2.35997867057081,-2.467758028655739,1.0936754272870526
2.4429750424383765,0.9078713345806536,0.12766477186139122
-1.253532731731756,0.7605053831073854,-0.6940144209227737
-3.2906531209062413,-0.4041993358191708,-1.0906685397793605
0.3961799280413841,1.1625589767412128,-1.111659832288989
-0.28470670764753564,-0.13388403669233032,1.0385051424211091
1.3054581377744325,0.43150834333522275,0.2460299212702974
1.0198975771461032,-0.06736288752472941,2.7438837395516846
0.15063966938143275,1.0365328844690238,0.10759307770970399
-1.7943236854710656,-0.3936891404700404,0.4331295493379524
1.3555426116914966,0.41319517624972313,0.031616194859489195
1.275120520915462,0.5617605075724851,1.9756761160303928
-0.7341781662577042,0.8770464778579665,-0.8581667090809939
0.3943460346283498,0.7721149309375539,0.1633452102058781
0.6930861630320154,0.0647153994465698,1.1792519305812093
1.1501949706892298,-1.8562726307324213,-1.600782092306052
-0.4071949563807782,0.5225757512429501,-0.07904594583637362
-1.9531769762662277,0.3426679910790186,-0.3333434911101543
0.1187279575887108,0.8278795830492897,-0.9749826519034492
-0.537354236974335,0.8774960497782861,-0.438796153210731
-2.926251579394442,-0.3110712562936265,0.09281639339906833
1.340923905697013,0.8055660059655764,-0.4729702334013339
-0.14866321432377289,0.7803205165630779,-0.7366520721408241
-3.006182601802229,-0.056636075196831476,-1.3678571398794703
-1.6568223203918564,0.339597434607139,-0.7850882883740266
1.2922308115167174,-3.133222846359722,-0.19409965846344635
1.5247929103481899,0.3660551254113953,-0.3949292913832322
-3.0481689139947807,-0.6698970412077089,1.1286824370075246
0.0902424802794294,-0.31179292636109657,-1.6465710582860162
0.7278485449401042,0.5580948608552838,-0.3838020052938675
1.2971301978260426,-0.22363628531013785,-0.9660109129345207
0.11032364663012084,-2.615748894279218,-0.020313044038846925
3.5542309992816414,-2.080725329231423,-0.3953360734495552
-1.1160129435310022,0.7239889241424694,-1.8393810582694676
1.2884332884103982,0.6909162312637899,-0.198998183782638
1.7134967203959992,0.2559971091405278,1.9047739170318936
-0.9735788143536998,0.5465807409135867,-0.207935291947219
-0.7349713220898934,0.45094455186330085,-0.11028209535930578
1.3361869074125392,1.206362587037388,-0.6010400111472783
-0.9455484996910487,0.5313059078488357,-0.4400708473777632
1.1394239140876583,0.5816601448792548,0.4391137911781674
1.678523821925717,0.05950745337305398,0.6907805815814927
-1.2706169285506996,0.4676446790126878,-0.4943148803964413
-2.7532726410485675,-0.21970873972160623,-1.3750767730930855
0.6149586175861238,0.7803921058521884,1.1658678568170098
-0.4626531389114914,0.28544295580794105,0.4992464204868819
-0.8264770404016558,-0.6868252411475265,2.855913151713476
1.2281660333317488,0.7815054318247352,0.4747594123405929
-1.967388402632308,0.8048862466888559,-1.6778457240665174
0.6880394819118025,0.5507270624722636,-0.6395981134687293
-0.8816460707052344,0.6359673628620897,-0.30243709773302374
-1.5718277179290656,-0.02956159199503569,-0.7540502176667238
-0.5549447689119651,1.1998594555749267,-1.6731660375284712
0.11198985415142462,0.4794540299949638,-0.8677899438860286
-0.3474070440453627,0.25645913365701795,1.5457230405206814
3.470656435286739,-1.7957540742441018,-0.5542424260480228
-1.1114595418589046,0.7666441392192114,-1.170612932427215
1.2907969774483767,-0.364488113523357,-1.217914749943064
-2.5684330935786095,0.06230457495195388,-0.893199436719073
-0.0436419049741386,0.09714802424404256,1.7611417966049707
1.4829118933511645,0.6669035130912957,0.25889611257298717
-0.10463737222044948,0.4365678195263981,0.8470389634912795
-0.5644621121683513,-1.885902795454977,-0.31332532870118013
-2.007359343842393,-0.6743210721818924,1.4432820132378095
-3.062499042610567,-0.5366221884347498,-0.1648685809210185
-2.1100061153383334,-0.5389743618208013,-1.1522495661130987
-0.35196997667119356,-1.4182095594666941,1.1593572847812048
-0.4025903274494963,0.1499504508484748,1.393939482320873
2.7513089426952684,-2.466241610977124,1.1165704232976243
-1.2896656978185501,0.5328698867445841,-0.3597398821529555
0.6707789998019026,1.0502895328734694,-0.607565006770631
-0.3929965003670526,-0.003205860319686533,1.321619982531206
-1.0681652119970966,0.6919625933204826,-0.14543112031875657
0.9315818922231979,-1.6802842915353908,0.3327505432373941
1.7329588806383194,0.7672324048774605,-0.5545818438210861
2.4559923118520657,-2.53682576791693,1.0787784707962829
3.0339322743479062,-1.6259977663711345,-0.45709738137773265
-2.295008468885721,0.05450134384260842,-0.29788921837226207
1.27605196610689,1.5210894921394273,-1.036355504149776
-2.1138772066262166,0.264210631386909,-0.4165615605206627
2.625339450539099,0.9226776757597727,-0.1302657972694348
2.133798796566659,-1.576748422360201,-1.9202971425442807
-0.5296728201712194,1.119166606010182,-0.5373561324506666
-1.0301049514293017,0.5966764423681625,-0.4461381782575408
-2.0419859071275144,-0.3046071601716292,1.8156700206910081
-0.7115672178796419,0.11301748304940115,1.791746754688832
-1.5157883666701586,-0.025720442407331557,0.8596753342462731
2.5507097183693164,-0.040862845546787596,0.53352633957663
2.813034398364632,-2.2478330291702506,-0.45923813890207393
2.01039286826183,-1.978024296048732,-0.7132698116402536
-3.2566615801757925,-0.7995808094346872,0.03162294349073455
-1.938759554387722,0.37936348645211604,-1.1845456999237722
-2.287803582416516,0.37818486623570463,-1.0729787073572894
-3.9387617981987977,-1.1304816217137696,-2.0830569648643307
2.398296108651349,-1.4423479357819926,-0.034458274625925045
2.763216134940439,-2.4144592632447237,-1.014748325781068
2.338604021541556,1.0085355023035008,-0.6778993058064847
0.2921244124156284,0.2824954774453225,0.6080333734005292
1.0528076333532705,-1.461728328594971,1.4130946139587193
-2.039526986895665,0.3643479308670401,-0.33582327930775513
-0.4454494499011168,0.9394978837314849,-1.0670288777526653
-3.4165832826671343,-0.47809515744553893,-1.4632862302098242
-3.881558535782144,-1.1639711736944716,-0.34967184011364777
-1.4549453310763494,0.7230344998460448,-1.053148319499076
1.0339696395435807,0.9554572298575347,-1.562401763977643
-0.029061987855232334,0.8049153335678502,-0.4498119419079905
-1.0317136974995489,-0.03133099648796489,2.3868864944728143
-0.18380126219855375,0.7276893065504044,0.20299165943033987
0.23062610644424705,0.8834545660952154,0.13726312920655018
2.3533498402361444,-3.448298562907722,1.4107423659681104
1.6110710310897014,1.0715803419170205,0.38694104280356506
-3.519468126462323,-0.5997158824810919,-1.2757303178412256
-0.7206887514637773,0.37318186372297885,1.087024854849479
1.4290728998346776,-3.056464852483877,-0.6216506729509387
-0.699982185139082,0.19154652632425542,0.9656365990351848
2.6201830036949967,-0.5616932492712353,-0.9251338498945814
-0.5999277594314423,-0.14247328332348938,-0.41013731149668925
0.7284937011604781,-2.775433812346351,-1.0805996332676493
-4.824597144587782,-1.9925210162874418,-0.8857730295565055
0.3202600236391984,0.7716381310988778,-0.5318670182222816
0.3797739390777532,-0.9044510407118305,-1.5136806136895964
2.2454212542349588,0.9502848939361686,-0.4867533558588922
-0.05226127645976959,0.5293307378758771,-0.230029546543018
-1.0092146258189185,0.8275914680762171,-1.2996087355438954
-2.978157670361872,-0.5905851660627999,-1.6356332833152847
-1.371710007434987,0.5821181437925156,-0.36590233912761644
-2.3799282123125303,0.0032510073655945956,0.455107424210245
0.7599228526372791,0.15696795082387793,1.577537097548969
-1.5026690638045583,0.17316487375476552,0.7680355479678036
2.8065855952682477,0.3783815896153681,1.837331561475069
-0.7091480246561555,0.5387053960340118,-0.3403133672693197
2.627172003285705,-0.799970135854837,-0.09053225226535189
3.8918377108969078,-1.7458889132707738,-0.7695474327024038
1.8922333704447414,-2.9240998227827975,0.2597184941905202
2.0698946279244543,-2.2011377558005876,1.2072312889689525
2.8991057163396743,0.19482596613343456,1.8475480665677324
0.14257744644426143,1.0586563947668108,-1.1194897208222245
0.049540966590365484,-1.7318495187077732,0.753726770023479
-1.0848631780440579,-0.11981188778572391,2.0895414990162937
-0.9205964634257923,0.8238071651026186,-0.6853699946905654
1.2781760710998775,0.10353925953748007,1.9611411051019503
0.5192533752046212,0.15853961170856734,1.3561262738371942
-1.2550226019121447,0.1993055613188603,0.09768655017499031
2.6219888919069017,-2.0736027582922665,-1.593056941531848
0.23616554516630536,0.9168877757225402,-1.1714493152126808
-0.24267386434477073,0.5257253138149406,0.6087614927577213
2.2044054176837404,0.9090686640629398,0.4523078763173776
2.1370156355789884,0.983397906333955,0.48030144494696436
0.5530215506476162,-1.5591725249539843,-0.09174581834273887
-2.011313231350046,-0.2083113832148587,0.8157310616523438
1.681393416215335,-1.0247936819425878,-0.5528759611272908
-2.4107162797952575,-0.001066158497641956,-0.7467361305360807
2.3850042367919113,-1.1161735512032613,-0.7272495958351163
-1.8420837562615717,0.6813943521417609,-1.2878674499862017
-0.4460542663006615,0.4343213106429828,0.9150514944709149
-0.7146037128651209,0.7924523452575182,-0.2907789964529742
3.4449328721592867,-2.1020442420729,-0.3059915764219523
0.4866174743772361,0.4418213987108014,1.6199487426348338
1.4746932042702925,-2.087706228533107,-0.48024046292967665
2.2696656637170713,0.2564361602933204,0.913644525981744
-3.2278809947343348,-1.0173522788274771,0.5009632251322993
0.6541442068868129,-0.3002958407872224,-1.0670529035525667
-2.525658554321635,-0.23556938052060114,-0.5154861041289369
0.18222042185608694,0.9197024100811345,-0.08486837660989807
0.18429517879273613,0.8305093643864592,-0.14966622001058305
-1.2730044749029104,0.570149024878583,-0.4906767379761943
1.9306416026441073,-2.382114811850353,-0.6920729904907765
1.8723958109770849,-1.2174947686112603,0.01006657733954162
-2.4649026523715,-0.1430512073092827,0.4317368732644706
1.3434669799196177,0.6102053905051396,0.10451655832128172
-2.200760390701438,0.42966462456057586,-1.1046874243496083
1.5230442781354,0.979203046623437,-0.6471465422756858
-1.897459530923669,0.12678160052524215,-0.15162261776878155
2.541823984241155,-2.6392468203149853,-0.25579000593953816
0.325784407067743,0.6239153067793555,-0.6776064322937809
1.4721768515843014,-1.0466819231017372,1.3596025633227509
0.4197708583836795,-0.16495327436111035,-0.3295459740956252
-2.0894774772142943,0.2675039913118737,0.08960594667818828
-2.053689290911395,0.19164655732511546,0.4721342587041752
0.2799715307387891,0.5398207218793825,-0.25188362138883585
-0.7686525380277999,0.044136433264258125,-0.48059741255489447
-0.6227708295300701,-0.05828280010472453,-0.31718327144052283
-0.11910919705520394,-0.10951079383876242,1.8206875741162687
-0.4424852796513207,-0.38355611161590214,1.2143250642327041
-1.5781155065752057,0.7842888854048711,-0.7477831554155218
3.4674047614184613,-2.327113257338446,-0.3534247810060617
-0.40935383267721903,1.0142466540268156,-0.786622492686947
1.0231777511982494,0.06231968727550203,0.24570230211695143
0.9550229315042256,0.14213484451638075,1.8751209839719625
-0.11992391060859227,0.13723997080470307,1.0420893642710216
1.0014664481424698,1.2703688851545196,-0.6483489714367073
0.975657150057357,0.29772820494509267,0.9702988549666167
-4.802564958743295,-1.9159181308776327,-1.0835932645724753
1.8681722427513199,0.9372605856013267,-0.7992908165483184
0.9489819247067024,-3.032743139254723,-0.9423115226444567
-0.8205312635684081,0.6228929727485346,-0.12447086871666202
2.9992807972496953,0.33696738374345775,1.6327927380054572
-2.5914947542511513,-0.2188952439573962,0.06474333213296818
-1.1102755229953447,0.660597584222871,-1.1640253488493522
2.4633939872526938,-2.0829602418039586,-0.5842596866948588
0.28265890779009906,0.6859523123498481,-0.19692536018049156
-0.9320561031368931,0.3427957716581847,0.17439119261553326
-2.118165194275854,-0.5572503697155844,-0.35422113248964915
1.589375738313724,1.0455758940237758,-0.030091273270489848
-0.5380622278193553,0.5637510503102217,-0.277774457953127
-0.11647631754272524,-0.38442163124683604,3.061976291035134
1.5086257010006032,1.1781096264088384,-0.7113504785601334
-0.0026476536865639205,0.5217000990518315,0.13105743042561596
-2.1386095530368685,0.32760382059602167,-0.200795705269932
1.6704668508537177,1.454933677527024,-0.00821728819591776
-1.379328495723044,0.2689753065264285,0.40207670470617624
0.3880095863510726,1.384537782536977,-0.5466335037284303
2.502453237552793,0.8618671779760149,0.7625938674477349
-0.6570559086852356,0.10142386169565047,1.3193901891241402
-1.0280776100843811,0.6533846704033801,-0.4268879757774349
2.601243308332024,-2.1111449491471137,-1.4380420665656102
1.7710543500537375,-1.8152430670289013,-0.292420442873396
0.6236685958867293,0.7939567602210992,0.291366125951447
-3.9344855909971685,-1.5244503372403588,0.8078713764741274
1.5706868948569743,0.6902629796700583,-0.44277967144187597
-0.9538360260634545,-0.6052252102453411,2.4798146199691864
2.221177583393348,0.705460211491022,0.38416275422044466
1.8217206097168617,-0.15869483716934846,-1.0770357743675907
-0.2085399585019017,0.07197287995566636,1.7829663633809631
1.1639341915818304,0.44418409947773596,0.25670755629969827
1.659153388864322,0.4132062462476373,-0.3359595141701754
-2.3944588405605503,-1.0797146663214825,1.2900485866305058
-1.443083430532727,0.28603729487566915,0.23591762363508198
1.6509089317045982,-1.3814345175140716,1.1716311840207903
-0.11855652169799218,0.543006330376093,1.6019611168111656
1.7180120035580695,-1.114183388297357,-0.1970108559813596
0.24824390370336688,1.0086866312945701,0.04273470331654078
1.9859466259120357,1.1239057892162279,-0.4758671323820534
0.5077858858816816,-0.6928161757124714,1.316827459571852
-1.8940321890447394,-0.46234973493812076,1.9757091122655657
-3.201377404896222,-0.6282488580922376,-0.4922467231397533
-0.07224887878640125,0.10759209434353673,0.7283456802161694
-0.5472171092423286,0.1196221795702566,0.4148424357235446
-0.44032935919702487,-0.016517439335319576,-0.2810821520109908
2.4430387296892557,-1.249255629812522,0.07802522909942888
-2.9996704246811468,-0.7430544630468647,-1.5009777709410097
0.24789264936139802,0.16467580130470028,1.5217469444818206
1.869429943622322,0.043430670286316364,0.2534675807061275
0.01328223850787796,0.06948833914315027,1.411854113531376
0.8059992665083678,1.2474066579609346,-1.1434930825014422
-0.4592815680704465,0.8165585025998857,-0.3988888004423092
0.08009931178162774,0.5400363938584442,0.16401981817578068
-2.0696729735632853,0.5273593872463571,-0.8300379127283852
-0.9911680850308183,0.639617516247347,-0.10701006340260999
-0.9464882076769477,0.7266867498207982,0.2410474018394351
2.7556878044105297,-2.2589420552637893,-0.6373470570607606
1.349435343940866,0.7524951415625182,-0.644807175369312
2.0528421767036544,-0.7047964023011682,-1.3555891644983251
-2.0019800159310224,0.1990314108394723,0.08130969811317126
1.2831637932250266,0.31562930797943545,1.9041564343181128
0.7445387024541185,0.47048663253813844,0.6769184635582872
-5.2287264503493125,-2.4875579026697126,-0.29975853791531987
-2.4535803296189913,-0.6111727671641105,2.4859662376858047
1.1031493128714631,-1.2920552152866591,0.3538309668020662
0.42329914117338935,0.8664875211793442,-0.7784583383687281
0.42059803986624605,1.359162427522587,-0.7962479194506438
2.5950329573929443,1.0814952137283869,-0.6346005277926038
2.009488447952287,1.1168538476936682,-0.688253764786499
0.017091597461708054,0.4195616924937186,0.027534654199010265
-1.6469792590137537,-0.604504311171303,1.2035248485373828
1.2696190605710842,-0.11721356942775349,-1.4218579665399025
-0.5982756263065983,0.6629188928097723,0.11069393004530965
0.21235809748836912,0.2606777096189712,1.8046931711405017
2.007383641346606,-0.4582841945113119,0.49860601047884917
-1.1760982369130801,-0.7465477670659726,0.22747613505224507
1.5958189408718022,-2.174210463969171,0.8637508701232269
0.022119258880987654,0.5137166363383439,-0.8970550785028297
1.400473529715474,1.1363373682299156,-0.4872680772215933
0.568396377057505,0.8268019165606062,-0.505733196743951
1.3763174915708536,0.9482293995424266,0.42812008024608234
1.0421404163845664,0.4922915073909353,1.0116324352613182
1.2834953503531914,-2.8086093622426556,-0.7553125772014859
0.5667498564974804,1.1218591499016375,-0.6361252770546691
-0.7238056578727062,0.36251787432698945,-0.17787858831517656
0.6610976361698817,0.16822583959246426,1.5644248120844495
-1.5346746245596883,0.08812457153951464,0.3441650211974257
-3.473835922737791,-0.6523382157904436,-1.7055464558360423
0.8990639981115391,0.8677293488221148,-0.45071037773739514
2.1283977145887474,0.7153938201271736,0.4908851878812507
-1.4181013738841992,0.20820064270763675,1.453164407591691
1.9271879051331684,0.7163936408714723,0.7833344717230222
1.0455616644476515,1.3028639502417962,-0.4572288704768352
0.364632567935918,0.5048937961037725,0.5345010398815419
2.0383053424574076,-2.7849025540910533,-0.2781276719342248
-2.1437873523197357,-0.2779513279568228,0.47746467941043
0.0839112249161496,0.3682294232805872,2.0643989285203896
0.04707865640636878,0.401702414963713,-1.0296788177562952
3.441522947108459,-0.3000213858964782,0.060018994645922315
-2.184772983727472,0.3671872418687092,-1.2238762705484876
-0.029584976711491844,0.06838127148454973,-0.9217854050003924
0.4175591395234063,0.507700425064792,0.4233418194849576
-1.19571748864808,0.5811564309241841,-0.42886762513325555
0.06811987509310095,0.7755942429069502,0.05519020768187343
0.09462542923339132,-0.21316594256815846,-0.27917745894800755
0.04987399243600901,-0.018219763602927628,1.1183368166753491
0.5927384637981624,-3.829575368440141,0.8579049332445897
-2.069122102892058,0.2121446577538885,-0.7954002962500976
1.293455131834424,0.48051919216825667,1.1941342194855034
3.724555063048973,-2.196143730816967,-0.40411658693868185
2.60476572934139,0.2834480051575007,0.8923506173049625
-1.1264706388345889,0.5229336128937141,-0.2195330182985757
0.7169566367419313,-0.05280131364288773,1.7893514457203508
-2.2829894563239925,-0.2300983049782752,-0.40421539294271636
0.9571495692779853,1.225259321077293,-0.9605449330329128
-0.27034312184400894,0.4962663318763234,1.0124942579997906
-1.3748235380835878,0.2730761301110102,1.0596050705333484
0.807447591648184,0.2729672855988254,1.0560905622118952
0.6662381165452815,0.7460743469998862,-1.2485933607056285
3.408368033355804,-2.315386580813053,-0.12329943778494507
1.593427715493388,-2.7042945203803677,-0.6888023054557915
3.3123497199799337,-1.9179288366618266,-1.9482071251785593
-0.28712633290338296,1.0571492676223408,-1.7858057746174945
1.1815770198186657,-1.324459887218667,0.20248735959360628
-1.651280854202892,0.7383802675686459,-0.8021132259496467
-0.19698683133252237,0.3581340659134071,0.4851908884184889
-0.2751156479167483,0.42319690850235153,1.7056359373311782
0.2749050550620352,0.5900083720357167,0.5021943042990502
-1.3741825974700355,0.007758342033801434,1.7361589927789478
1.8740594222388505,0.9569654614680647,0.40766015332535993
0.33283438215713645,0.9769681617956161,-0.708475124431452
-1.9012615216154056,0.314276159440224,-0.08783990745883044
-0.33789467144101115,0.6912656221885898,-0.6359794155757424
2.1901777441482198,-2.674200104475261,-0.7860441930454846
1.8086939515793423,0.5148378947002986,0.4725384597534106
0.07672271971386965,0.549177243092667,0.7324453364686572
0.2934848951384815,0.6818036517903479,-0.9337079968923729
1.5807547877945942,1.128579286773772,0.028095703980765947
1.3797368721125172,1.5002596244715114,-1.182187767389361
0.692902892689496,-2.5700496745749746,-1.0871067380896644
-4.374808493674454,-1.428737240765073,-1.929106418019052
0.17566031208315117,0.8521272919379143,-0.11879878982648723
-0.1750064523386226,0.1941843208838904,1.4768009958324786
1.028902053716457,0.8587548299819577,0.5199034944000492
0.05337751659643214,0.8924774176992446,0.20027597825963056
-1.3392835402256702,-2.317400767885358,-1.9456530917499628
-0.04331326769777348,0.7541235290119525,0.4053794282325508
1.907893246214233,-2.0850114736074383,-0.9519638165276985
-1.6690635265466538,0.4366165822487147,-0.7189780912704303
1.179294041704174,-0.4573114457048824,-1.54488884112546
-0.5514349737549658,0.026392595468398946,1.81643766593077
0.839485998725066,0.8124338637663779,-0.10394683026620546
-0.6545930799732861,0.5089239638276093,0.5785684575062447
-0.16226241364084548,0.20037682801704493,-0.6657689684548593
1.6483250875249973,1.264641564317672,-0.6101649769822475
-1.106443265989542,-0.033736873375640075,-0.33033939468540624
1.8520191010949485,0.21530576382757774,1.5498967237342935
1.844621568913427,-2.916850113310347,0.04623726379974664
-1.7583626189849635,0.14165630632586326,0.1151472333077859
-2.6145053061431,-0.5145828325871372,-1.7333552847119325
1.4580692354419265,0.5333235988473002,1.1134769276902219
-0.5318858197031486,0.8818326429991462,-0.4746337572515556
-1.6712483879308868,0.6171126651671328,-0.658310661807355
-0.7632525675740309,0.03911345537400881,0.17995110802426803
1.5569640434106677,1.1349427806262655,-0.4296182489934635
0.986891939151485,-2.8392230425989013,0.45754300284485844
-1.295993326295401,0.10743482501456232,0.5457326542644384
1.0698616264686789,-0.7339363461123384,1.3185225067970707
1.1759209733662392,0.484405114832776,-0.1390879442360805
1.2018661484084636,-0.40460411064255025,1.265253166721269
-1.3296549921496217,0.6967358922469827,-0.027416624441450398
-2.1922229376572915,-0.2278421719117737,1.6598047703371106
-0.5726230966730588,0.9170081052376721,-1.4790430832536574
2.17238587530411,-2.1480095353265596,-0.4539823683726277
1.0706497079581623,-0.9988683020606808,2.2755183004146007
1.6030259896932058,1.0648101029522914,-0.6943126874360895
-0.6484514844012355,0.6156150755424125,1.2161682329105703
-0.2755883722574943,1.0701915562973612,-1.1774084566286889
2.4163529565720854,-2.1272131231894877,-1.9952812464940457
0.43634129558159596,0.7210843369590971,-0.8878491940479875
-0.6814550165942685,0.7179845118383683,-0.5816289255512295
1.117108624433312,0.7923680254915002,0.5166492223658504
1.923025922895571,1.0787387202724323,-0.6830277370891265
0.9157824187578526,-0.19221599209197804,2.375405439448885
0.7047881169457904,0.812281915377433,-0.11156495950854575
1.0015675260304246,0.8814808754173783,-0.6332702672171153
-1.2004595464053356,0.6649730106630463,-0.39459986776612227
0.45581819182761607,-0.13558425140200317,2.4692709574612572
-1.3305255588624734,-0.3944497230496274,2.8082017295159827
-0.3683199429555068,-2.9135515508557837,-0.9375780408677871
1.2078281235160928,0.9722037198478173,-0.2682271730056902
1.4255410458007347,-3.0677123408856226,0.8285957684481409
-2.2119684212733426,-0.2977148599737371,1.8381961259566728
-0.5401598765683,0.8078486794968602,-1.0470151262317253
1.2776305409099573,-0.1735933641127691,0.9197907831462292
1.9846386568950656,-2.567866569624616,1.6725467134620624
-1.7348103829577715,-0.07714531679361974,1.3034653628600608
-0.5010634805517246,0.5840550816466579,-0.027242798731951394
1.4154896465451656,1.2938505073807163,-0.07628185821674979
-1.1065084254751945,0.1553437424559319,0.9214961445439361
-0.3712756814622781,0.20970025333822967,0.47260109142428686
-2.304214935475236,-0.159804155753216,1.2062641920698867
-1.3408723865412917,-0.3145505086504029,0.7697759392978515
-1.1550956837654853,0.6290565975859913,-0.10405552667567661
1.7145583349660354,0.6955159874744237,-0.09248500836145698
1.8730195940251704,-2.178158509867861,0.3238045234735599
-2.1747799405726935,-0.0010529980950654137,0.09629458605848634
2.9081984622516917,-1.227410914573767,1.4726469784022909
0.22776720599389122,0.7161876138476105,-0.42617901844627426
-2.5740192163790723,0.025485402374219934,-0.780962804559921
-2.6300791919256445,-0.569014936900116,-0.2922108643613315
-3.2748787431661532,-1.1556755453713556,0.9002778253584602
1.0456899757354847,-3.029524538435858,2.313958471117509
-1.428178720276782,0.7040403471943271,-1.2745468626316068
-1.9550271782692856,0.3607384835721585,-0.33887251431423043
0.7370238804310194,0.8497301508986492,-0.5853346839655336
-0.3191855528933439,0.5026418877133864,-0.13419028180292547
1.3271602362880774,0.9595980223224757,-0.5956923197889998
0.1992983199442943,0.5784236032853284,-0.12672293795749173
-0.9394178033886397,-0.09491294560531954,1.7060147815198328
0.12425053262623799,0.18291317137109125,-0.1834654888952425
1.0398514405370174,0.5793677231346488,1.8420513250073853
-0.6549672893244157,0.4152489906205111,1.958130813770093
-3.1105474249946905,-0.6605419706811216,0.9614532202891783
-3.190401992565344,-0.7083599467382301,0.2140035337071059
2.0329998211745477,-1.9272815232097467,-2.00732118581752
1.318326686301597,1.3233532015785279,0.1569280644922873
1.0624936217543524,1.050194775189339,-1.1418888994116119
-0.24879785019305078,0.7605475943578821,-0.6957613160154186
-2.6424114808811163,-0.19590154641804394,-1.6031310045225655
-2.7868196735339215,-0.11113930453011737,-1.1127161876472103
0.1831269305654578,0.15189758275171353,0.7400030303183429
3.0168451201397146,1.3978903296571399,-0.5468099947593094
-2.387706703507891,-0.12280512688484167,-0.07916484362668892
-0.6029076928783811,0.6764995403763227,-0.4422337166826877
0.035591349550198326,0.7044821545849874,-0.295887744260651
0.7721734477795738,-0.3621973009457203,1.6538528767756693
-2.8250593068855396,-0.20619008236336148,-0.06973405332160473
-0.5404298520142207,0.5306917739172303,0.33308292883253793
-0.5256803006458166,0.1961803053140688,1.0363734519885608
0.15037638471526552,0.02795022588293637,1.5722933794542393
2.322456889979663,0.8441771090541607,1.0028791025219657
-0.8856045986279618,0.6386495829975797,-0.8489199737780436
-3.2605047573155357,-0.3154669971015225,-1.3468229760319945
0.7486405451361351,-2.824750393297871,2.2591840949972077
-2.580220629245935,0.21767600135097684,-0.7074180915043249
-0.4137778468534411,-0.7793240373553755,1.1059669278422382
-1.0305897522061975,0.669506947874775,-0.42679284968255016
1.8910902435140964,-1.34960122768465,-1.7593830670741502
0.31611683489895,0.10747032030180871,0.8914456332026337
1.5766714279327587,1.0774989915357898,-0.5888834121796812
0.32015429885387486,0.7974428244992409,0.1329620449458927
1.9388233508613308,-2.1239679956730257,-1.7553846505565545
-1.3670082102985677,0.18299741036397565,0.4487738746497866
-2.631571844405687,-0.6602439945888938,1.8255594284370282
1.9325568562522122,1.019926549445565,0.04964116702260048
-0.8315658008552811,0.5525423865688902,-0.6840225171517543
-4.119099115630945,-1.3851687365521193,-0.4605971046892221
-1.9565304698507122,-0.00920149514353677,1.0035775700561675
3.190862215611986,-1.547035585451608,-1.3926017579260286
0.8223588599719638,0.7654625009424944,0.9656685087268981
-3.0418915811273695,-0.35468118985468955,-0.3672312543152285
2.2795919198211747,1.060224071006615,-0.5332933089782949
1.1493491538593286,1.427141332125183,-0.6524540773440157
1.3979193495992208,0.3285540281521986,0.9683677511033344
0.204658226594048,0.11605446617529451,1.78104348783328
-0.6900196731930053,-0.2238155469301788,2.3285652526444487
-0.7161079626068899,0.3017581629484602,0.4372965654412592
-2.910761861878637,-0.07253525502724498,-0.7360172953969398
-2.4431383134520095,-0.18852598617501304,0.2634645422746675
2.3125892462201585,1.0983648391412468,-0.4343866211331066
-3.311350547410726,-0.6755583088613739,-0.9356682767772176
-2.5203978237389335,0.26931866661700216,-1.23195330885051
0.7525630619498431,1.0920140996858767,0.002226962302627432
-3.9019279389872,-1.3130753720046133,-0.22473076743757706
1.0777296806016514,0.7873844034676715,-0.6731562667726219
1.3373197201892317,-2.1674295262350154,-2.0368015115300895
1.745232961626273,1.2591395900307367,-0.7302902360842344
-0.5050898832237534,-0.19983755435313766,1.6366513357919639
-1.5955823668757951,0.1243748923679015,0.2672941373778877
0.032171043509535174,0.637115923063249,1.0776818655466573
-1.3308312185919615,0.32829648466998584,0.6705997471267124
-0.5321644976817471,0.2346328678914681,-0.25890138754889686
-1.6439689248730318,-0.48639556461310646,2.629334953189233
0.2615135026316534,0.669283965012627,-0.09647699871808571
0.3312693184001256,0.48869486669811335,0.7052971128321963
0.04238325782025293,0.8119777293102893,0.9423928235349461
2.0531258121379605,0.6761286935840006,1.0193557715028359
-0.4072540311137439,0.7793384312195485,0.5414670489292845
-1.408021763362803,0.6082931088251904,-0.09527762206183713
2.225435000021418,1.1969985294491412,-0.4635315278326349
1.6027645680947173,-0.9906694967142393,0.45011345802916336
-1.0072113781864227,0.25606696808319385,0.2071435964728726
0.8098115223139603,1.155648612051577,-1.0288442709313443
1.6661134718179396,0.21306541725215333,1.5164667867832424
-1.1661188232512072,0.17284589398254305,0.7307477580299384
0.15598272642682554,1.3771431473440143,-0.066720492789168
-0.08051766865660913,0.5700560434279467,0.6679576446555111
0.7749222661781201,0.6574297183207994,-0.7464768920705335
-2.4241578475204517,-0.12692517817826052,0.8309028546407558
-0.5351493010942914,0.08750246335778132,1.0995376527583574
-0.6289740226000726,-0.5625762598779924,0.6259255598725365
1.0102558841104354,0.6592670995150434,-0.639859103660133
1.5218375662821626,-3.214933174416322,1.0397987121823828
1.9342547665214171,0.7658585848164934,-0.4369415690434751
1.3265090935611918,0.6068320100045094,0.8678702127054986
-3.4265508830000218,-0.9137035107732009,0.08062923498313299
0.11308936600970519,0.8692269959771883,-0.8451692200222916
-1.2888747592904017,0.2209615967462825,0.35803797819521865
3.011603784573138,-1.8096311375907863,-1.529949294614932
0.015042198692650718,-2.4910265799858444,0.007078599845534587
-1.529142800751679,0.5046573069541079,-0.4227323117156472
-1.682922588432881,-0.0396987711339443,0.15054509878131403
1.6617961093564069,1.1322586116157454,-0.7338242860114174
0.6886575006106478,0.24462783960408635,0.5196540070539064
-3.362703231028425,-0.9129969161510116,0.9640810773400578
-1.9628056741972,-0.16933810519246584,1.1489411103408245
1.5909253864495887,-0.06326054677606563,-0.7826359244662457
2.6019145896641835,-0.08666539127525905,2.9554989987587095
-2.486732072865953,-0.13275937347336894,-0.8355988909171949
1.1527009900983778,0.6227578218507082,0.48505601564556317
-0.6977481541909825,0.5948238716619828,-0.33431727385491156
-0.13346981648577427,0.7136483526353673,0.441359810418425
0.7384757462195759,0.8657612601778479,-0.6082950044138368
-1.1578583814912478,-0.10532024108433435,1.374436667939263
1.1354772032918363,1.1790088571941593,-0.5119210584643903
-0.7760608179417193,0.7142565670715957,0.09224245102844911
-0.056044265240036625,0.0322422617231249,1.3285295613774657
-0.7726048680490153,0.5500615279545703,-0.3826923641080668
-2.7801043088841166,-0.28432154733978804,-0.4725471435163153
-2.7845557262308867,-0.003564895310508398,-1.094449533302312
0.7584335802391237,-3.2716978886655212,-1.3414177991626777
1.2240698736736717,0.6794696721047754,0.3544140112544522
0.9724810943570891,0.6081744365272437,0.998162045565005
-2.4534725310107515,-0.03515283141126456,0.34984751445818096
0.5470131781609997,0.2515093150105814,0.9819840652084358
-2.272217901438487,0.42405647447496797,-1.2054018590328028
1.1234158039954907,1.2060449711105539,-0.5314029486796764
-2.0825571941545515,0.28787169381193245,0.030808022189061236
1.0665039985458937,0.34357107190895664,0.28490984449071105
-1.6653993876500943,0.10964867751815134,-0.004363074816572577
0.21727106925276987,0.038122442430772424,1.1376945614128537
-1.9219382831553251,-0.03729964689119197,0.7910882634544469
-0.6229803371302987,0.7088977199604994,-0.3918555485896007
-0.8986834578527757,0.0877982244476257,0.5682397787873901
1.2580773449072598,1.0014276046206025,-0.6327682014389245
-0.9637234152688369,0.8064077319029491,-0.33559102723432416
0.30653549773528066,-1.322802545995945,-0.1917167922159675
-0.7101567713586904,0.8394501414317173,-0.913449502558631
-1.351869765723097,-3.2494123301684055,-1.8315528415500195
-2.022364541259305,0.16255188272375862,0.233256855279976
0.4241973830669099,1.2235862736992222,-1.331321698578122
-1.0555947948482496,-3.3622487612235927,-2.2659730429380147
-0.6708423190480187,-0.35774487329645,2.293359710106708
0.3895370537374573,0.938040498022026,0.1238093954188126
2.0786991794145524,-2.3999461324016975,-1.9517976206828307
0.9938765040870192,0.2424234493185163,0.44902098412992414
2.115786496448504,1.122345285098355,-0.04267466222479223
2.3267252936488747,1.3447011341548853,-0.5625620582417371
-0.028817845468486335,0.7816800997532631,0.2919125553055266
-1.0610403289301356,-0.06405460299365451,1.212576184434796
0.13050966708333736,-0.20300139906933315,0.3994651334705228
-0.320242623005218,-1.206130519929214,-0.9093769354388357
0.8262747038759307,0.475944851161776,-0.5807871348731471
-0.7309455013270363,-0.1016893229229322,2.621745705226977
1.5806418953666221,0.15031204330758108,1.5511375131415908
-1.8802924670490275,-0.3123797867242622,1.8423225263111502
-0.7918937933271707,0.42047821428263016,0.452735948696188
2.206153472105796,-1.9545918886925426,-1.472085004210206
-2.314962117212021,0.0015116864694636873,0.6003513300326578
-2.0249682827636475,-0.20460664007891569,0.8457271469617929
1.6657534349841883,0.9633419511622634,-0.812019175963768
-0.4897829207593436,0.689585121522931,-0.6766978854862713
-0.743863970019763,1.2631487237631727,-0.8212126682990506
0.44393953479952836,0.1201747979508743,1.8669486747968327
-2.6238935549607376,-0.02353086027860656,-0.3632303222636958
0.5097720346622111,-1.833833442061437,1.1586154194745801
-1.8190697016849169,-0.23570066198097298,0.5994634364964856
0.41595597299345954,1.1734692274074627,-0.7660100522082717
1.3075224461649053,-2.5875919135163254,-0.3647638432170946
0.6030810182461633,0.3982113391801461,1.8972149103367117
-1.22773895264837,0.47515320973168107,-0.1461738643329793
-2.0534399397531393,-0.12185572678188658,1.1945136957514986
-0.3662770413012554,0.9302422820473254,-0.26382151450309
-1.1220328144162175,0.5907196702330372,-1.0322561726160702
2.5996964865086576,1.0760020438642077,0.040937969013256366
0.9505125270260426,-2.2684963788354815,-0.3401786900481115
0.2617369027872259,1.0742832235781723,1.1582945825897688
1.4114169606312041,0.9911417596553128,-0.5876004518614194
2.8794533572917946,0.28677073241807993,1.9370286281208506
-1.6071762927863407,0.29850596149007697,0.2190271207605853
0.2530412360261743,-0.6551289527048345,2.2653233124569807
1.9784581761496978,0.8672917498284313,0.347718544203572
3.097330469970224,1.2672267278698128,-0.5612273552813803
-1.5491978119004177,0.7481097925426241,-0.9662091068435021
1.5198269756810068,-0.6144923368691344,-1.0750670815808339
0.6528875476512204,0.4352700330537852,1.4906831635909656
-1.9941851204814505,-0.2352953087889729,0.6114513202367428
0.21607726454560078,-0.8592377233951354,-0.0243999459899708
-1.1056193949638984,-0.1941496992653977,0.985134390974509
1.6470081582075278,0.147939729772892,0.27195094226221866
-1.6391445755735645,0.17830139476335372,-0.17328634455798034
2.380856903676599,-2.54332102080263,-0.28401235823337195
-0.08203645757880267,0.6361339214943575,0.6171143929496168
-2.1655762015848246,0.23647787775138773,0.038950006338285686
1.744692171516234,0.768681177357957,-0.6955806440579964
1.808361091854701,-1.7742516745260963,0.7758931749618331
-1.755365835705297,0.5389699442438574,-0.6195866257586855
1.4873085970649351,-0.922333524346465,-0.24507802064136058
-2.2497091691221685,-0.20380561401218264,-0.017026365896672085
0.300058301553075,0.18037211963409416,1.6889554244046743
-0.6520319996591438,0.3925724933405382,-0.10109948363265378
-1.6438226919574115,-0.1353454907877303,1.2655145089005266
-1.4423825619469037,-0.07576793653789196,0.3117791782159437
0.09351155296300968,0.9219842470500536,-0.8305029617719919
1.9578257342411551,0.7574960060666704,-0.22663294956624558
1.217265541806192,1.105491241674809,-0.48233455778896156
-2.9777950966961826,-0.48026927959158217,-0.1873265814675956
1.1888065193393824,0.6214794223252377,0.4793628553880907
2.0130890825407852,0.6458667927210491,0.6787665016509452
0.38197785578086163,0.5310082150876644,0.9762814606573756
-0.32885783033332794,0.6579632574988796,-0.05343145891837148
1.9579211546794035,1.1901661496348521,-0.30274943808116656
1.287323880521475,-1.626162056894458,-1.2672597112350281
0.014251723816287764,1.259880292176459,-0.2615617785776967
0.400410027229423,0.056289178865061976,1.7330428591502025
0.365541130736179,-0.2723296091946981,1.2218437657129828
0.0032094649441224104,0.5948182729852733,-0.6953116547304513
1.8526531753591797,0.9551362679390278,-0.754762189298758
3.1105591707869036,0.9015937550157467,-0.6836439156643193
1.1554149533250544,1.3526522420567555,0.1061191249462611
-1.4231549140549145,0.18812736902361202,0.1257416786447326
0.823213584454102,-0.2913792135315081,-0.4886573036393444
0.37566304241874565,-2.059079129159595,0.8557043586157801
1.850124108278881,0.16049568864242642,1.4942534873121172
-0.27576137138284085,0.27437907343485746,1.634214167053587
-1.2149153554191672,0.32136870933646694,-0.12580799943990129
1.249411960895869,0.5881504916681696,0.24427516323480572
-0.6157791251497661,0.7010536026104291,-0.9846231190933596
2.3699771992975505,1.0396246197577064,-0.7319649441643256
0.5270528831691256,0.3369145460434997,0.05058376944006394
0.6156308418795231,1.1209198119594483,-1.002919381550116
-1.3282871571855532,-0.29008833035418335,2.783160276094081
0.37816791861678295,0.14080792607024348,1.1444399255886135
-0.4986581648566989,0.3367977071425045,0.01748942987558714
-0.3970776926739349,0.5641107662613535,-0.17563149347106372
-1.4659862399048864,0.4115768248808543,-0.2667154058212452
-6.575856385063629,-3.2175519038955436,-3.1353250679821616
-1.032644394597429,0.9776959182861094,-1.1338336977327101
1.8128214150568234,1.3981656995371774,-0.6452238492348725
-2.2847779665335235,-0.10259747829652871,1.0411187172004244
0.9436459337176663,-3.170923955560028,-0.7397399976139979
-3.4670056850813937,-0.7302914699457286,-0.2895215044767711
-0.786949440715692,0.02502121059340108,0.28464255616735473
-2.2079171201002508,-0.1278356800198771,-0.3296125473286743
0.08587602247536542,-1.763810372952168,-0.624360194431071
0.611256837530229,1.220177510428187,-0.2972234021634805
1.1580357109018655,1.2336448200673389,-0.6929639716783635
-0.22418457949770831,0.9886029407363413,-0.839929130357422
2.098878649997834,0.6366964592918953,-1.44659513408112
0.7074845835787279,0.8310869931949106,-0.9609624729988226
0.41911465516578966,0.39189970149954384,1.4563194409798874
3.1180840811851,-1.6498923950013042,-1.6520278710569551
0.42976277774185295,0.7550637673797103,-0.11029966161189222
1.8720687975391033,0.870792902713063,-0.7419002252661967
1.0859967039907228,0.7687491107772084,0.020996029014248775
-0.3838384551852026,-1.034860584467512,-1.4525088736572598
-0.25319153159387753,0.05546462651055921,-0.4883701047717178
-0.8660197219778635,0.57242731743109,-0.4185582261324719
0.6077314768662656,0.028579778851849463,2.6826624757964916
2.476929441807865,0.7806231779459389,-0.11084219808155726
-3.5495400352158955,-0.9907013783526437,-0.3063520348921247
-1.2477829412134978,0.6561387644840715,-0.7155951468871535
1.5765065185413532,1.257970751492931,-0.7078116938660102
1.0420152857783762,1.2155690464801152,-1.1275034060276685
1.3163515225068632,-2.843402259061283,-1.2712286300112317
2.2213344781407374,-2.6086158023101422,-1.714696986964874
2.148901833081839,1.3766575498502676,-1.1221201863809784
1.1611849577449986,0.441461099677339,0.8441752299677799
0.812244077747976,-2.8809217584082556,-1.3001427802546264
-2.3285105906009935,0.13968697284528994,-0.014661020725147517
-5.552183068879618,-2.445536875374682,-2.6246099444336175
0.32125314613603523,0.38879338451634193,1.5925194064188384
0.9714265116527215,0.25836371016803283,1.7596420137117106
0.8852756304363222,1.0952282932368067,-1.022294726607939
1.085834465978763,0.7030504265466675,-0.4926837169404589
1.0394888909105588,0.8821392230504249,-0.37091534993412156
-0.8321117340501384,-0.3421410648368675,2.136791684655352
3.3288307653259435,-1.6672554887811464,-1.2978284905118955
0.4684637164999314,0.07366463943058099,2.371032012331458
-0.47058522756393484,0.6293262474808577,0.44147823328778146
-0.23244009769077678,-2.7672666604652916,1.3241267462047517
2.6830530941652797,-0.5374693352753634,-0.956697569367394
0.6051238876187035,0.7992756727802932,-0.21039859532086108
0.8389364860024056,0.5843484931017854,1.4500300726174804
1.9052158649305022,0.9270056878391886,0.16518826099079534
-1.3837369550636909,-0.7374495175689516,2.576551700963123
2.1166419918631516,-2.6827694279267082,1.217784438537427
-1.361687694332018,0.49032636758228143,-0.4237843923852834
2.310038296080842,0.7697529823745043,0.4550870389846997
2.6925725012748942,0.7042339113069173,0.7292250905213684
-2.4122070032149514,-0.7225412169264133,0.02514421346076337
-1.2596663031461706,-0.2802504646081908,0.7876619933963639
3.0939680547812993,-1.0870674852840363,0.5560986878260447
0.17136980347394692,0.7756357661122666,-0.6612089221204539
-3.697494231320436,-1.3166272268140764,0.9340876669994237
-1.379632767376642,0.3423371434026079,0.41988817438144965
0.7078074637933387,0.5491167291939941,1.7950829464559754
1.6566777277482057,1.1914516119701446,-0.675109912343707
-0.3099222764902683,-0.767064822498648,-0.5364001815898424
-1.4408867982466154,0.2428705508082553,-0.42542756152863787
1.368797660647059,1.2398426429328264,-0.36014348963444925
0.8119199279920816,-3.5167866683397273,0.054253504713552114
-2.453132990968027,-0.11414857202316464,-0.3969687383533061
-0.17866533535609214,0.28118888884015364,1.501865599801312
1.7941288129071955,-2.3418140263302925,-1.664951944468372
-0.9559571761748792,0.33639020546224074,-0.8146407514513715
-1.1603537671285984,0.09204019200455892,0.6877881335644133
-0.16856588266760003,-0.06515032867394696,2.231046684759487
2.5599178861184724,0.8862177814880866,0.47882704091793266
-1.002860319415709,0.6533465625274129,-0.6563719736135674
-3.758927195512555,-1.2984689448527111,0.019494923395709136
-1.4521204312594551,0.8056060804613813,-1.0619237374188861
0.0759606481726089,-2.224244163270119,-0.41009915625918936
-2.3959681873977337,0.12575575316368756,-1.5526210741572528
2.0960680149949775,1.1785516779325909,-0.4752760724654757
0.4355399164140028,0.3361036638279591,1.3149349385826663
-0.6956912792346203,0.5940890701349258,-0.34799753527666655
0.8971954344048639,-0.3110303379631681,-1.55453769182264
-0.7675585225002418,-0.22956889639623132,0.27489462725653635
0.7406984042703803,0.4628933130000377,0.7885212341315136
-0.972771030557969,0.9988415812216597,-0.2920134151005433
-0.7470912009521896,0.1440859359601591,1.486186427267633
1.1034915263793381,0.880164132518016,0.4676945257562867
0.9411457861218577,0.9905824364035652,-0.10153008584622472
1.3981697614085296,-0.41821327633654387,-0.2335523524144148
-1.708852728431329,0.2638572953983468,-0.2842624930132599
-1.1333708401179416,-0.11926413276123335,1.1617775549525682
-1.031040631992956,0.7152118975132565,-0.46546035628559707
-0.22008324413562158,0.0559921334613135,1.3069623214454151
-2.102980361515476,-0.29117854914502944,1.6366812190748343
-0.4953404562431929,0.034926053986215386,1.3989786546972403
-0.043615298383457166,1.0281768541771725,-0.40195378718519725
-0.2568644672104236,0.3756638374970616,0.8781454997200485
0.14369207640350834,0.7822264387293059,0.2479124254438317
1.8592099254780035,0.9908745045546657,-0.13877780520385172
-1.7975899823128085,0.03796074699601971,0.4378164515955717
-0.3357628477887199,0.6611564716441503,-0.016012432930389002
0.16613283349349342,-0.09250653413498902,2.799575969167679
1.237698115028459,-2.3384212785584007,0.2001542670440502
2.7216589369499986,1.107912340956491,0.5749417450982652
2.651110014111514,-2.0739091448169518,-1.845085099611263
-1.7300305692108449,0.28754226218396967,-0.09972412652136572
-0.7444879377149851,-0.06988978414972633,2.0668547718119434
1.0661000520539041,0.621014521166693,0.41878783184166857
1.4069355241622163,-2.7231973360592643,1.0039695830832187
-1.4439867137900249,0.28597863569591303,0.9287723072031728
1.0649911499251035,-1.0123524963802697,0.26695176292169615
2.4676186445349937,-2.1165471929825905,-0.3454603155297778
-2.300536209292035,0.21026287680547187,-0.2417197009306118
-0.7511798787644443,0.09042358897491128,0.18402652491474605
-2.2920284420905195,0.2705768261431045,-0.3458794169690004
-2.2508118524870455,-0.31658236635636844,0.00899009707759749
-1.0202359211013272,0.5862015241909281,0.06456476393320948
-2.127814214229691,-0.06752880381401459,0.4051025448032035
2.1886544721035817,0.8404301633569384,0.7395509160024211
-0.5939229880680834,-0.08779690993783584,-0.5543087505266127
-0.5879081059453767,0.22682526732004923,-0.4210206950385658
0.9511135793840579,0.4230361517977979,-1.5716719465274636
0.6902956473132139,0.17944211080748806,1.9849731195174134
-1.2529819638647526,-0.36177095620068506,2.161401409588645
1.7334899298081068,1.3414985795070444,-0.5345188219729023
-0.3587389846398462,0.6939065807248482,0.8583604623776049
1.656201868206051,0.514857277455589,0.8587290182945829
-2.0140564365886378,-0.21064745002263935,1.567743728284303
-1.5446406290914243,-0.22932757586286268,1.81726961979704
-0.5178282997317644,0.7276598782171124,-0.5820270307786344
1.4800149905423248,-2.7966044374758647,-0.5610434586540864
1.921964435102621,0.9134428608146581,-0.4456290055963778
-0.17602381170753545,0.7536136491849262,-0.5504780754611621
-0.07235892425972869,0.2408492149345637,1.2760351904877554
-1.698611346976645,-0.09189404441667398,1.023173769143519
-2.109937963220025,0.39449403584222775,-1.16248331791057
-1.8485464827759102,-0.34023468812996377,1.5998661187876144
-0.6730345671944523,0.6567521282700279,-0.6577745964631667
0.07326865230211425,0.02267014654305775,2.8793211858506003
-0.15896703662898426,0.9297631978095617,-0.7678025123793591
0.3172591180328727,0.7699049996160423,-0.4718644972591736
-0.7735589172815801,0.8941888096080063,-0.5614663907200356
-0.8321051141063128,-0.0043694222584469014,1.3909882039072625
-2.2181113328039115,0.2716660466234595,-0.25543827133135566
-1.7538586580659372,-0.1507036935695593,0.7472277860444501
1.6974057424862146,-2.1402651934818606,-0.7865071304235407
-1.2975308739073539,-0.12135103259409061,0.4709023985590416
0.9717870798925091,0.757137348621682,0.21953677563526433
-0.16597895170164806,0.6912695245898793,0.7341119021307115
0.8759462616873633,0.5819911578404421,0.3320171527391777
-1.136844177395393,0.10275392318589854,0.5794641152971082
1.0879624163958104,0.7458437895857415,-0.09014458686278756
-1.2090700238282794,0.879609552154665,-1.0611655473023345
-0.5442774317937483,1.4150441596649417,-1.7652219840119634
1.5219188751752288,1.064635070830828,-0.07077946651843994
2.3630256662412386,-2.2216660568320776,-1.516337097351491
0.5131597595222313,0.5024919809008846,-0.09295961963368546
-0.9476595534577376,0.44167719205717915,0.25844397326326257
0.9294893813013518,0.13353221230122383,-0.8514117420959428
-0.3516184090569601,-0.018702719552632353,1.7025187690593064
1.2612348192855736,0.2722842402970128,-0.22459539160772357
-2.383246542428925,-0.3147313495457982,0.46846980686510925
1.514531567975366,1.0564879464755426,-0.7209802904615606
2.162513822866554,0.7713431295954771,-0.2927737196619147
-1.2232928961017278,0.47388092752358507,-0.858504990344919
-1.8377147353780514,-0.30835480595595766,1.50783458480463
1.1582444581327083,0.8269089480860753,-1.0969934101999552
-1.4394225863347618,-1.1333585017652072,-0.8068521318234068
0.9553352171847396,-1.0567838035352568,-0.6021180932665735
1.4769679360237267,1.0017039072223077,-0.46186447822156246
0.940913936451104,1.3208600506053558,-0.3032160264387628
-3.630907657807888,-0.7287363898897178,-1.7654441462235055
-2.9650409516167935,-0.2322888868103161,-0.27483705288221794
2.6513974551888864,-0.9975147067762093,-0.5067836533726512
-0.6237514247217821,0.2907541262898829,-0.22095852587820713
1.6163379835543132,0.6054743591248354,-0.0752914830858317
0.2829229252266098,0.47684974275826,0.39299370080955837
1.6959462955605815,0.46660040752716353,-0.8629952350198131
1.6053716879299034,-0.4120998677789916,-1.0397516471024868
-0.26782635189067006,0.3682563474504776,0.24837525460482113
-0.5642462586914886,0.9040925684896499,-0.7821743039862368
-1.4848731354352254,0.528019836495778,-0.0970403298005838
1.246130654594009,1.0026746964766984,0.08532819445802718
0.8014380650288696,0.7507051214971892,-0.3039490505142376
1.431938101567013,0.9171295298314951,-0.027903384728862994
1.5991767880070922,1.3493723546015524,-1.2159680314174937
1.0760853715521677,0.594772856812779,0.15372863952643345
2.5662408046781824,-2.107232468384357,-1.8424721386661138
1.5637668965044682,1.0756703060719557,-0.5510486272582685
-0.35507952844490215,0.7337397586186195,-0.3611729398074152
0.621806079912226,1.2099050846996187,-1.5903124553912316
2.018035359542032,0.8716436684252097,-0.6570799206277549
0.09619275551371254,0.3838691877841641,0.03923790797940803
1.922440822656951,-2.326671004644666,1.4757897707186558
-2.5923372234932067,-0.22137479034870758,0.07190134033164414
-2.031667490009709,0.3281183759029724,-0.3849268779549842
-0.6540726045555892,0.19763970785240567,0.7307394864065804
1.9601644782585754,0.6634685432997134,0.447050296050998
0.501098330640331,0.822051310014451,0.7458282107738359
-2.5583321725786035,-0.22508513234817726,0.5283313872973397
0.8041228710194757,0.8865309292879835,-0.3520842615619367
-1.8227036767170808,-0.1428850798324669,1.3530215373016272
0.4566650388056008,0.6586621315141037,-0.9091531019918027
-3.0599319638554885,-0.9350560264110825,-0.1954883953314892
-1.3034499553668029,0.08289055813185471,1.1730785121672471
0.2665495415539193,-3.1903842980063724,-2.045098407850323
-2.5798509253388144,-0.09547206184298072,0.01393877294318766
0.3021651990725344,-0.8967410841355344,-0.24440276593937915
1.5881768673780674,0.8829091459891146,0.6087325955941832
-0.6291395752297858,0.32690189650340085,-0.25770735581951537
0.4784882469069407,0.7198830792133138,0.84748748500393
2.243274491293356,-1.191590641351135,1.3202440965972255
-2.314488339018736,-0.008851888201023159,0.6069504888839865
0.8494329755794641,0.7112360212239272,-0.7089890584319176
-0.05836015376188443,1.1160587768181103,0.4938778817403437
-1.8901456488298496,0.16580343827934244,0.5043157875283936
2.565807383720297,-0.8801405078206506,-0.8419057183027052
0.33916870191348986,0.20946606889210245,1.3520537405409534
1.8590455162815442,1.2199758042131763,-0.3134671453153194
1.126263598059831,0.8141393147678344,0.31210922616923503
-2.1355812095522295,-0.17640390018684066,0.46649288856583376
0.9977186946331515,1.2337105287973187,-0.7206866129457585
-2.114474049032092,-0.32500664634077986,1.7343369023567776
2.1678505227794145,-2.462371208729107,-0.7210612336283262
1.2036800924662994,0.8829534807633618,-0.2333184520014342
-2.4841763673730455,-0.19375710926598186,-0.14383445685266302
-0.24002055365641517,0.5130274052749573,-1.3345937197983875
1.782786977585685,1.0499093334801208,-0.8777004179945441
1.2470060129909692,-2.4984990296787575,-0.5325878970567642
-0.812807528516792,0.4265626933863345,-0.1568001822525228
-3.8149188999986747,-0.7748912843841758,-1.613098883829295
1.21963668491361,0.8976313144971132,-0.21832680942456612
-1.4316429242291773,0.33406673760563965,0.8132691664719812
-0.6583115017243789,0.5931534236592723,-0.08104104129452391
2.8128625000816068,0.28372807098811015,1.805589452395885
-0.4754733445966586,0.09995696762506791,-0.1508060516611504
1.3401199152414203,0.6978375548076282,-0.5614220638605075
1.248168100638032,0.6505787349488482,0.9921769903162321
0.03257442000463104,0.20017775020828604,1.1408448134512998
2.038974769384624,-0.7457641965711241,-0.9587607568525791
1.0581896699065,0.4414312333270013,1.6988215186347273
-0.9528900173718194,0.5096984321531209,-0.37769391878929715
-1.3066915279009421,-0.962527825557205,-0.33551914807380767
0.63466744124152,0.7003181725064945,0.3600059462160581
-0.4143927589055,0.7962016595294734,1.2554271599358242
-3.100029591631385,-0.53755034917785,0.13736076064401648
-2.249430045454978,0.19438497362219628,0.043560549435614514
3.729113067512621,-1.6147694945250695,1.065476364898531
1.6292113660611791,0.9366793099830828,-0.8914857682344284
0.4512789143166091,0.7481523951731505,-0.191061782731744
-1.0097144437980032,0.9735256107303744,-0.6587034271029262
1.0895762091366896,-1.501174178164491,1.2814713228241459
-3.2995180378742512,-0.7270309368026471,0.42723046243932783
-2.5110937186490547,-0.08605342397820963,0.1269716418715562
-2.6569856802370886,-0.03751176155246787,-0.7626426574600282
-0.21256713418970186,0.5179818225776556,-0.20892105981697506
-4.136501963664867,-1.5341619642911706,-0.3067115036911461
-1.7737965627661212,0.30353598893055006,0.2236106424821179
2.634240643720792,0.9159108371649909,0.5392215704204555
-0.5432357072066814,0.2981711693274807,-0.9801420603588853
-1.2349139455496823,0.20118951829732235,1.271343216719265
0.7304546786962769,0.5006921772026444,0.12662910684240197
2.064004625161617,-1.2188677019091074,-0.29728464375564484
0.3039281804392091,0.2704564598561694,1.1103157553871559
-2.9589951598879227,-0.4191998029643966,0.38164558979820995
1.2603104533567877,-0.15434950766111455,-0.03865010924224918
2.4510954363921713,0.8545282027084589,-0.0973828521368007
1.0667128596828568,0.3272341152492878,1.6839344509041865
-0.5572748352987313,0.03506579493395168,1.3707670137387957
0.9103469714695563,0.6823918431988358,0.17476115513616483
1.3001760723105156,1.2543391426264296,-0.4955778296637742
0.12549570068067978,0.9849109325520228,-0.3484869173984441
1.9516823341902931,-2.587392155166518,-0.1888451239131258
1.4179133998611158,0.7414404705697756,-0.42385972723461374
-1.3909511816490507,0.5490037143507249,-0.22366962165901605
0.41734164115093775,0.8280375477098856,-0.5652348905953394
0.7880399196277438,1.2307006941492318,-1.0627102483879713
3.009279570772521,-1.0591162780577916,-0.8225604759992283
0.9633400800581655,0.36933106909131636,0.8121756055042988
0.449082760052262,1.2749875624684883,-0.9301953910341303
1.2863231860418325,1.1962868238162363,-0.9200846444511965
0.6567637296108062,-0.06395162058593451,2.3293216229377625
-0.34878527282410254,0.7043163477400214,-1.1547826928429872
-1.715667197922631,0.8006158741868016,-1.005405954724072
2.2126911665488698,0.7363892429437469,-0.16437897270599822
1.821239755388868,0.9236611621388261,-0.44332357590054766
-0.712827864305733,-1.631382540405904,0.4350876124271755
0.8380499812723451,0.2439832583497197,0.24595768199749457
1.195114705853496,-3.0905418278197136,-0.9522861258169635
-0.10966678552779295,0.28871797086293577,0.9276679344605505
-1.0591057208850487,0.5973370498058924,-0.19513259277793643
-0.5480819988691459,0.5654696814388748,-0.9464100017921675
-3.12885782384563,-0.8471976898413002,-0.3131112656855402
-1.9524552574127447,-0.12997212447743797,-0.46118541948337916
-0.8734314257583277,0.28711847785922284,0.40538850767973655
1.3418825428130101,1.4631045364778057,-0.8453336465730824
-0.3008330911424103,0.7754354170833587,-0.2057596823167725
1.636136583478319,0.8179944654546015,0.35608171507957265
1.01305094105123,1.0207901527661265,-0.8647613861971717
2.1830065744292964,1.165323825217728,-0.7859987623386218
0.8785853528379967,1.4413134715644378,-1.0554218156804471
0.16708724628606147,-2.144869940288867,-0.2563676409325098
2.5639839803676723,-0.4888493890323687,-0.6577617683009807
-2.142645756625714,0.09352398568781702,-0.17673229809102756
-2.4583564597207426,-0.03174887593648017,-0.35861069058693057
2.386225773060605,-1.468429345781579,-0.6475315144952053
-0.7732163548017261,0.45967152396459854,0.18739323255402096
-0.7924512602783501,-0.13939742650724807,1.8044196019428302
-2.057162165063295,0.18430768890960356,-0.2812134760548935
-2.8535991706913473,-0.6101621788802432,0.16854673824422006
-2.1957452301400955,0.22796237232295194,-0.42882346532021426
1.7525449292970225,0.9708611111826992,-0.6289036801251655
0.6790287384987067,-2.3733623127803836,0.5805051050787503
-0.0008916521995806127,0.4133170646469269,0.015510024882280784
0.8870188203875033,-1.4011447916651019,-1.6759211005226153
3.5593810928024454,-1.6384119192180817,1.2987393283001754
-2.131155315409408,0.3377850588821158,-0.25350575720763563
2.3729203224148967,0.3789159147125953,1.8745997834672665
-2.8872535644400767,0.07693176676216808,-1.6598581465711082
-2.6378490744688734,-0.16839823612631125,0.5006949057266494
-0.21525950168293578,0.8879480848974779,-0.8862796170826027
-1.5424770317524785,-0.15130220793734867,1.1289329621066813
-1.7809390394189328,0.09558778525118318,0.2421925895043876
-0.6680639421856513,0.15504049563353384,1.4175211709320128
-0.5060687669956963,0.3084286580037583,1.461437872153548
-1.819338202388643,0.26727167914732575,0.60453051118515
2.8405914128557628,-1.7690758643365911,-2.098451646650053
2.3577904823931073,-0.836332390753478,-0.8457039312717581
2.2123901183764416,0.22204569522075995,3.067054021529016
0.9327403426986862,0.23535573448811703,0.14283338166983647
-0.7306748411327256,0.22317329850673434,1.3154869416820911
1.8380948745507684,0.11382142597939388,1.6230111115210486
-1.2968252680763939,-2.452498445588053,-2.216766331732788
-0.10722939548694517,-0.10945053075739986,1.7566495822967878
-0.42102786070108256,-0.623607712095117,0.5948039102238117
-1.7945970668363416,0.02585335084488023,1.1188164241709528
1.2328503684617333,0.9452911355313244,-0.45991340895443583
-0.6297836572226118,0.7631316275322751,-0.3188251585245366
0.927881951387203,1.2435210673492314,-0.23959028528674403
0.8925997811865544,0.29000749062094106,-0.2752491587331966
2.016292251705757,-2.5067642889884048,-0.7211533004356154
-2.0848016328324954,0.2898860487191085,-0.00427194173180818
1.08628272677679,1.3674735140691718,-1.2766615297639556
-1.009686791827758,0.43112506062086403,-0.46001238534157834
1.4481473204737367,1.3262890326172823,-1.6326921722087004
-1.4869157262465769,-0.1747013159205292,0.6147545846274652
1.714084905205245,0.7780219411602646,0.3677337139356762
0.019126176136961652,-0.15180183380800621,0.733439753808242
1.820234527116376,0.8934698552500692,-0.3862958437198747
-0.36533161961770005,1.1191868395445288,-0.5332002240263659
-0.11066869560482366,1.1359040708898875,0.1390694069826179
2.728070716349191,-1.9308147207383695,-1.8184004770460083
0.48067151249002243,0.4212307903696111,0.8576309221341974
1.1398853008560994,0.3657122940150814,0.3488079737038616
0.38106010417906716,0.018524220698498694,1.7206230580537007
0.27861349989153317,0.17604597826897458,1.818037387218059
2.8993893632767245,0.9251827392904144,0.5028835423294539
0.2840005956851439,0.6233365139570862,-0.956070154376264
0.8037108850422585,0.8862087166124877,0.3334127010980813
-0.20284266581431037,0.09133508606726966,-0.8846184237300886
-0.2432798491800543,-3.336090084310641,-1.1758358392898771
1.6518175912052533,1.2623549436042256,0.33944192248094607
-1.442004123596141,-0.12019575097606355,1.6424483018786356
2.3671594006225254,-1.8126998175402513,-1.5086356096414841
-0.41575612147703844,0.2677934353887124,0.16977990776138566
0.10804132744389876,0.6659793491408139,-0.16110737967355798
0.1894429748638827,0.29157129402037113,2.00919071946599
-0.9898121827044862,0.8483130185536643,-0.8263809209714085
-0.3049824215092285,0.07966518668904617,-0.21055239214219187
-0.8397460227791318,0.13081478873539518,0.7905568020266678
-0.7292183014092448,0.7585969649771983,-0.8624112638960301
3.588133610664861,-2.248147915555324,0.5424347084362325
-1.433729588709225,0.43745663575414623,0.8143508773927003
1.650840486496701,0.4732945585582572,1.6284641400776836
0.622048817742573,1.2181548358969,-0.31482800341904493
-0.36828085243365,0.5812277569620639,0.36692613219003345
-1.2078985184284448,0.6783526890222823,-0.36326871432956515
0.4615156227124436,-0.002247224848187638,2.528409740764365
2.1591328991846517,0.943889545476598,-0.3920260095338144
-1.5641010312762482,0.48778397919613514,-0.1211093825454029
1.2372273416333317,0.9830537576226984,0.0346620511121611
-2.2928931314213923,-0.4407181158601234,1.8345669499346053
-2.4698690020837204,-0.8002157426628533,-0.2196608683915152
0.6735807952545085,0.5350557544144745,-0.2804308651580826
1.300891181487803,-2.7574038032826307,-0.9584500922226755
-1.1431631357661511,0.38318585249938136,-0.16254702901876106
1.7665552969314091,0.16102147010808596,-0.5764855504600704
-1.5158074358335722,0.17265259680716596,0.06493655974179485
2.2243180660036628,1.5956091907644252,-1.0534013120815469
-1.0313567794694696,0.6907654285853155,-0.4415250262849248
-1.5804461067153746,0.47495130999007723,-0.014107856722836449
1.0635039882776383,0.7297729168662165,0.280896066186705
1.8711705737545874,1.1877142448662563,-0.2113830768111834
1.7273691279573278,1.0849898650313121,-0.9774053758643202
-0.18814594214702346,0.5591842612389303,-0.555965919266293
0.7349991316076799,1.2076389522687205,-0.6499479399484751
2.5570513693940193,-1.851679374222511,-0.29603826552209334
1.0589771102547831,0.5380585638671913,0.31336245403051594
-0.06638529717519638,-0.08965936446510964,1.4137475138484121
-1.6831337677070246,-0.2719615378740126,2.3059487503094434
0.4973561538583616,-1.6693138061925132,-0.7239404629171963
-1.0604561049090218,0.46947339964487533,-0.8415669244229816
0.7836388625769679,-0.1860614813153464,2.6515066821085136
-1.8990947969182932,-0.0027410507126527242,1.3140532063115984
1.3536965235115286,-2.370026029416816,-0.8443384080225813
3.0770241571142245,-1.2845163898697898,-1.2465228844246712
0.3452916198157863,0.2818638131380097,0.08786952329115756
-1.204107031621654,0.36611746119550564,1.0248196693434184
1.8128734179989954,0.9705429631658246,-0.34769905056819383
-2.059542142857467,-0.33276249683079695,1.9435867217622558
-0.5533633698774332,0.09237445235039964,1.162868476633983
-0.9717138247680556,0.06840274183785244,1.1766936262218175
0.0367583634418066,-4.2666721644846985,-0.8408247644127047
-0.028108311077562887,-1.5633457797905166,0.3225714582913163
1.976995611725937,1.121077247839742,-0.4210643721972852
0.4803945418827358,0.12969542879923884,1.563233037379524
1.7362134224530426,1.109337112153593,-0.0937565134203904
-0.5747801768724032,0.3696927700749767,1.2842683077217427
2.4221363004908008,-2.6374452732382854,-0.7712840506151516
0.5892313188016215,0.9494675997158465,-0.6553187094440789
1.8576193300818526,0.692875145410555,0.6988217056913472
1.6835807708321104,0.25598260932621825,1.5135905658545046
2.8309998819544417,-1.3539801276707086,-0.9504204963729836
-1.115586947190569,0.6240489450716609,-0.41246786688701825
-0.4451255808983735,0.301407399507146,0.25987773268003606
-2.2544599461690082,-2.1812695933278836,-0.4135658307548145
-0.5693800467995896,-0.1215966287112746,2.660110232697503
-0.6658807555941837,0.4490234295636688,-0.6024739253348036
0.5287098373512958,0.9673053899347756,-0.8314069225114455
1.0017089490559494,0.6620860852435652,0.08307155820423838
2.134810446879606,-0.5392803244938082,-0.5510264411579606
1.0084233782359273,-2.686226804362286,1.5705107156660143
0.4479913385333648,0.7252983858925747,0.4154003896610894
-1.5157841236494185,0.06030740507412388,0.8642409231714472
-1.4576012023753218,0.21979275820847685,0.3805165204134422
1.0800669720213225,-0.09621517575106994,1.5591698359244914
-1.0459145814205961,0.731334547920308,-0.998413541852138
1.530069745412168,0.02888864925900207,1.9597405718625787
-1.2607442381447862,0.09905021813586874,0.8268785488103431
2.628735217024996,1.2203139135099377,-0.029987140988415727
-1.9426677885634474,0.7798703385153809,-1.881860533002261
2.3898956089508174,-0.04729518858032872,-0.36666342194322926
-1.4902612300660787,0.6308511201901478,-0.7637127107051453
3.043533532811957,-1.9315503874119317,-0.20276894979588161
1.756016473314726,-0.18136318388918876,-0.9648196838346212
-0.3294824924841798,0.6208507779656622,-0.01625024816759841
0.41246426676464587,0.539849594591501,0.22372218841195213
-2.6700846212382925,0.03346692305246686,-0.6679955536566107
1.0252631013663924,0.8898769300886042,-0.8620366164470253
-1.6454723781903162,0.4765135204296859,-0.15884047624534403
0.9925148941245716,0.9394325681147867,0.01615152964124309
1.7274093436866895,-2.382852219311657,-1.4287845810203477
-0.8364160871363243,0.830477604991703,-0.05467496614537687
1.3050499187336222,-2.2844138954529063,-0.307780675813893
-0.08904608415694414,1.1462022545998374,-0.7663017004298411
0.3219486003069065,0.7990143885155847,0.03874300856945269
2.5777758035925373,-0.6858089831758487,-0.5962763245079398
-2.1868635160107197,0.06115610594808209,0.19293927201408495
1.3630275071812223,1.0285487830466071,-0.16690515358405927
1.2330294436542646,0.28531820158076737,-0.44012148921159894
2.665794493757359,1.15488465912494,-0.6183962270977679
-0.38249265413983197,0.28808019199792095,0.5597642585195263
1.5574228169595963,-0.04610355196865845,-0.10216713736005936
-1.6394589837678017,0.40819671860045553,-0.21453469516106327
2.519643156572406,-1.6435346894444236,-0.06654782664108164
-1.5844172694061578,0.9469304430875329,-1.3808417543951825
1.1840635438794869,0.6744565089419662,-0.015473423492375089
-1.2958877595120584,0.1828253112747932,-0.30045685860148297
-1.306233231390827,0.8582441703021035,-1.6028016335690887
-1.765061051393338,-0.6126417238787298,0.21319415151076448
2.946330922768495,1.285527182749103,-0.6388917006650212
-1.1188966477843592,0.6143078699629371,-0.3843471203922183
2.310598064254582,1.3181515700806774,-0.5881434339498226
0.39823299723283406,0.5449962496863868,0.3021392444872547
-1.0185570698412691,0.29031200977393634,-0.48368705616080626
0.4506467318105723,0.7448717043022187,0.3822143432146766
3.2239536716077644,-1.58283524243907,-0.7604201917990173
0.1597374841234025,0.5145432116717564,0.7197377633942587
2.1591352366469607,-0.7534250128798083,-0.03916935382148566
-4.810953864076059,-2.1335550982743885,-0.3150913591653106
-0.6405096938562539,0.481316416831181,1.8140432032916392
1.3236211056101943,1.081999131319365,-0.5080668383651454
0.41093602692627734,0.9349109524538188,-0.5552442158434095
0.38949968698643417,0.3902737878446218,0.2073646569987651
0.29167403761949073,0.420610495446318,0.43131372452023586
-1.0857784827222083,0.492718203253127,-0.632439252488181
1.0787254277215148,0.7285166030038511,0.22592025926745027
0.8966001866307919,0.7426649416391862,0.27593838215054295
0.04906068256773527,0.8224475836048881,0.32679117090780635
-0.48346070995108087,-3.0641056126783894,-1.227927965593722
1.0201494082221496,0.6886227707665247,-0.7297775260591762
0.3854367010499424,0.3338835516350492,0.9695640251642299
-0.6407800143606873,0.12923132523019515,-0.22215783480548262
-0.9504522425604022,-0.01171370424055887,1.169996223987311
1.230373701495359,-1.8234790331221342,0.3921702383423302
-1.4733082328226457,-0.12289389442383518,0.48851443159825864
-4.03283434898029,-0.9265703800929043,-1.901392931424621
-1.700293055298366,0.31516589453791416,0.3069413429685281
-1.3689429070694397,0.916256409048295,-1.1245355404207855
-0.28475963266332144,-1.6034279942937235,-0.9292750777985596
-0.9860612040279922,0.15922302350114886,1.260698843822106
-0.4850361711773068,0.7997078430763456,-0.7152910631282784
-2.5181880543693946,0.09463359789082709,-0.5641272414772778
0.5506588262860327,0.6267288450444042,-0.29676414312102317
0.8153152550748706,0.6475793387569336,0.308736005986635
-1.9371791843494603,0.22032167521910453,0.20670856433415472
-0.014793669975117486,0.3776005445264422,1.5039879382994585
-2.1052555631385372,0.1232927458989233,0.229686817578817
0.09022661687340078,0.7818685992938146,-0.07951590443047177
0.11396898372794532,1.2167244280666558,-0.9692646384631811
2.928647398567412,-1.1744661820561901,-1.0243197650931868
-1.6793110092464982,0.26738867973739494,0.14531573387749494
1.6719732691262872,0.45829556406113714,0.7434380274349378
2.1636082593373707,-1.9871700439404767,-1.9682165736790014
0.13744556217785847,0.8113115435369971,-0.4640623402802842
-0.2140351509392312,0.18174474241557123,0.510040739598
-1.3526378049240246,-0.2574252964550657,1.603047139840803
0.8273636999697591,-1.75758504463606,-0.025855874938973337
0.35141452020497776,-0.6718695876955473,0.8689151091733855
-0.7234191086980034,0.8135389414394071,-0.2583777073691639
-1.2995775082788696,-0.1247747904477691,1.1734715218253347
0.30330244511125065,0.022113572138369352,1.9030473675681023
-0.2560152501259809,0.34165376382874296,0.7706374223645165
0.8134371489509584,0.7019132474299573,-0.4186547776027902
-0.13515018383918576,0.42102020722840666,1.1215161557190938
-0.6693959900619278,0.9490232147510593,-0.6961339061831181
-0.5993451534199784,-0.1355571926253497,1.6752621365684521
-0.5633559350104467,0.9442831155420989,-1.5577811734390978
-1.5967695450084858,0.7267866462148952,-1.2744697915143386
-2.421125795851658,0.26475455600401254,-0.6328357875619285
-0.04450716981849635,0.8663887127003387,-1.0204100614777674
-0.3770096911228895,0.853740534294302,-1.549277813593262
2.379862512569249,-0.037417257238596735,0.41134297296074934
0.7131856378141849,1.1446732120993006,-0.33244388247412515
2.4616945096840417,0.7352397491906756,0.008283400159544329
0.740823726463912,1.1296083584153365,-0.008233461644397175
-0.9336488431577558,0.5428128615949118,-0.5199266362578985
-0.9580289204634621,0.7852938526364905,-1.0372802670431331
0.44342576019319446,0.8015118438455158,-0.7898432139572533
-1.0204377699020821,-0.49474863403126107,2.4490955470902978
-1.7835168460585127,-0.3676202724882781,-0.3873954814813376
-1.1246855583570234,-0.3075646494829219,2.491638438757237
0.03220661499883144,0.2814011852712845,1.0695976727966294
0.4777072293209364,0.7123846479423691,-0.5162365712363165
0.06363398614829587,0.6516734313156219,0.23991427526308187
3.943636879991313,-0.5387020693931063,-1.1171451066821838
-0.049083875273688085,1.5101066818523141,-1.0814095875409708
2.0015672396553694,0.7708641795891032,0.24347583987287316
-0.260422879891196,0.032822904077535006,2.324415256745544
1.5722860025787304,-1.272953894626975,-0.2865322199519026
-1.6265526073318561,0.725144817717836,-1.0168174841359632
-1.323600929977766,0.5190074367474894,-0.0668088200811037
1.8638729347933614,0.7488975748219164,-0.6662414281536558
-0.27874729169794177,0.30086492557673966,1.6277101342971416
2.726235964887995,-1.0566079366411976,-0.1373558298828665
3.4129179942309915,-0.5514812879534643,-0.14477430081936934
1.3036214975112927,-0.760878169253141,1.4356646451431367
1.161504205939331,-0.013373824940831766,-0.9493466576042462
1.2076467229007684,-1.8565435808453847,0.05677175587194992
2.799773335223755,-2.324736702241219,-0.9998721942406623
-2.171541773477587,-0.27650493899490414,1.5007355927456045
-0.50957511555644,0.11432009823989168,1.4926507489482896
-1.2622187539377077,0.1443422876815495,1.4820882983751982
3.2710257708616055,-1.2846364532386867,-1.251426088227408
0.5143573934909829,0.7485955244737079,-0.15767957698497814
-6.420199094333058,-3.056163516747183,-3.015282809704994
0.4243323648624992,1.2958958866681762,-0.8432027082205292
1.0596535084068375,-0.03043335106216211,0.7656530225617345
-0.6070279668090435,0.19247546757691736,1.632632622925172
0.8115163869068688,0.7962936162589537,0.2828212829659352
-1.0468448464861155,0.12364024539510012,0.4372373049390936
0.7585899208843973,0.9484770693016099,-0.8004435270834049
-0.6030962534008033,1.1180400235251737,-1.9233778992472959
2.6992044159261996,0.8189263696604074,-0.018325651863138552
-2.1727371901422976,0.21540173342523974,0.09979307602703519
-0.0354249973137374,0.2194537867724873,1.8076244354785995
-1.8067097932804135,-0.0037764067856705806,0.48240202436506924
0.6049229181465677,0.43418544903508216,1.9845104279085943
-0.046727825130125696,0.9520145209578045,-0.9978977532440717
-2.142684668954859,-0.16517457561263685,0.45144821643615984
-1.8275531985419358,-0.287605599458284,2.1173020384406884
1.618149138489347,1.3304884737109421,-0.8534615918052326
1.5337755577102077,0.8427207631660065,0.4906656797212382
-1.2405599101839375,0.5116760716512321,-0.022014844277370695
-0.6705988730530636,0.7455678105175926,-0.5505984013778049
0.5006929538550099,1.108630024257703,-0.7614765802282109
1.1760762589201261,-3.0175365185331517,-1.2716023836803834
0.998863943565508,0.9593545215977809,0.09437359875983853
-1.31260588796284,-0.1134879285543608,1.9268482409720378
1.6112107347488742,-1.4550631524018818,0.16704455900928455
-1.4672228023407032,0.529226727743337,-0.28348115234977445
2.384425824229291,0.6239978301776813,0.48302315449887184
-2.4109841428581738,0.4993081849625791,-1.4268544449169254
-0.45707396789873156,1.1576702155454643,-1.2069179820537015
-0.9492972042486819,0.6650780881827139,-0.45674146781140906
1.9149959768088531,0.6326310224480608,0.08300510538473155
-1.0079952978893314,0.04503498636831214,0.8043794649204736
-0.9832428213506991,0.7110845713536669,-0.8230513073827461
1.4688453672983086,1.109846273266713,-0.3121092085714392
0.7715858247775687,0.9610894301244381,-0.06961462597156493
0.686813623345491,0.721492765428494,-0.7488314285651897
2.069148058523788,-1.3284498112278496,-0.29793381727010454
-1.2904030799160917,0.5071836446209872,-0.33222554805294413
-0.4328522621444564,-0.3199808913612366,1.0730112774781084
2.2615509930111797,-0.6364191013932725,-1.3751660553975604
0.9058117930618473,0.5204268486578333,0.1719171742322633
-0.18702110293746654,0.749421419266072,-0.523419236298017
0.9966572783437117,0.9306833249127862,-0.5672866491392953
-1.540450543646863,-0.25486921654237765,1.128362537485868
0.19976543485550427,0.42757793364510344,-0.7717986607790979
-2.989047560016404,-0.7005965347091633,1.3342105631713395
0.9422418441108645,1.2479110938219768,-1.0149047522819377
0.2852901656938753,0.7536210513296592,0.3760608526381943
2.3328866602406193,0.8929853858297028,-0.49919514439238283
-1.7073531997320648,0.18485520699802543,0.3835751496334382
0.04093941407251957,0.708464526892803,-0.33070277570166434
-1.6592527679353692,0.4359552258860901,-0.0417559135669939
-0.321763502138942,0.3921429555980089,0.7068158538606323
2.238086624238007,-2.3611644861206376,-1.18389690991988
0.03170787987865446,0.9746144340007374,-0.27033626649242054
2.4345224583527174,-1.9519262112077371,1.825723651703084
-0.731110566886049,0.37157119479054285,-0.012867553157663445
-1.5900770787652079,0.5182630284372297,-0.6022323996317255
-1.1698385202839188,0.26227134915036165,1.441509037368186
-1.1209125913281286,0.1717395245039159,0.9907576102683824
1.2749122211275836,-0.06790893465947759,-0.02488431409432084
1.2831988615374068,0.706347114668488,0.3745877605567349
-1.6158444428452534,0.34465144724158553,-0.3772780029467908
0.7652618328839739,0.551885937801711,-0.15684251173251845
3.1219924509477055,-1.6851556169214141,-1.1528535107081346
2.288540641382083,-1.365647357657317,-0.17843935928892635
-0.39384730516448985,-0.5718231358032584,-1.2834182599877675
2.8284453628133774,0.9499020252061996,0.22987694264213646
0.07476542098751804,0.6199847920938439,-0.054001857224779314
-0.0440549230410134,0.6056890933686113,-0.21549780172146565
-1.9632713415665444,0.3364743510286102,-0.26882629122718316
0.4877103773566853,0.2508379840203345,0.2488857616967403
0.23550923174833635,0.6614831814663945,-0.4131383919994323
-1.4121688556469991,0.08609928391793831,-1.3512833921588854
-0.9288271004009766,0.5687621564393568,-0.5715189895009073
-2.767646165015341,0.046203142972244496,-1.2381209835757454
-2.82495469776279,-0.7130652013235708,1.3511010660458356
-2.1237215831274687,-0.05808329043857955,-0.3148503126598754
2.224583827404139,-0.653195643895128,0.529760222181123
-0.30834972209379,1.1068160382648489,-0.9369496312573313
-0.10274494709842517,1.1955837219487588,-1.8210060994046617
-1.7488428760017056,0.2674480642604994,0.028240137597324758
2.36578886031946,1.0866730595195124,0.03911489417164971
1.4272494736154668,1.0940918553147,-0.693355191067527
-1.780259864793945,0.76244257911835,-1.8506540137304117
3.0933494855439982,-1.2439413274426059,-1.087801077581884
0.835019172292821,0.9334440123105696,-0.7100975075406437
-0.4798893575991301,0.4261320227265511,-1.4269376091636026
1.7751017333352688,-1.4356233344765803,-1.9639988405527646
1.4256893675953564,1.232881692476172,-0.5928003635708915
1.7450902580803247,-0.6507977380942949,-0.09567870572259998
-0.7516798326987003,0.18530542482114407,0.7501562179359578
0.40703363828679634,0.9178084795716435,-1.214186874367114
1.4249800871089628,0.49949420618045975,0.7745214936382812
1.0140382910000791,1.010878763823426,0.6558319407070633
-4.781081993070876,-1.8526896978991885,-1.2661224736387247
0.884282806943388,0.016213788695081856,0.09091672640205072
-0.30854212704000344,1.0084764010911618,-0.9292919120322158
-0.5648173137199408,0.8580568604290191,0.4265998286627081
-3.003096809544804,-0.5372413092725423,0.7457289983783376
-0.3164299198390771,-1.438265062898948,-1.5895529905569308
1.1051340633207039,-2.4301782834783077,-2.200497384438566
1.5935706420681721,0.29247785379775854,-0.15687431743081445
0.08815331909638284,1.1407440422186095,-0.7499228158037393
-0.2528866134920736,1.1605231150515798,-1.3915422901941912
1.5855737042656117,1.0195650187363292,0.02257843699716023
-0.31937304399952726,-1.7383608534153245,-1.3221601820716709
1.519477332241093,0.9961850861219513,0.6001040984479388
-0.17841480548347421,-3.0899837657985856,-0.8518582343275597
-0.9855702941327015,0.00670441786048205,2.0008537627707272
-1.8562377177169451,0.5445630867229887,-0.47640592011351074
-1.8900134202580687,0.26396596499650743,0.4971693546031836
0.5237486486078292,0.5244740148694299,-0.7417948817546808
-0.811710363454274,0.4585075935852203,1.1829885439870509
0.9775921635140579,0.8245673307543995,-0.30339279237151456
2.112576792998487,0.04094186942984467,0.18631546466469479
-1.9042986381037736,0.37385701158065904,-0.7755140511241195
2.79209451094222,-2.1517902290678266,-0.9466752685035622
0.7475211052797042,0.9031919696787865,-0.5716692960525435
-1.692414671290207,-0.23132890636705056,1.635876042221846
-1.39408240125841,0.3936177115006777,-0.3687178692663009
-0.28783657357365794,1.152832247948194,-1.7857941993440278
-2.22395491758657,0.0529002766021384,0.5455871664971519
0.5524194235151011,-1.676171054347069,0.3394362983302505
-2.8317307574856923,-0.35285246922250263,-0.7144832983417675
1.0564906122746391,1.0586426438505212,-0.42695377885270264
1.0574935026888057,1.0329035553546984,-0.5299138139312519
-2.9687740398915152,-0.3499249611787023,-1.009326332865693
1.5741827645247877,0.5922491987527495,-0.3181259977277672
2.472527766684826,-0.34605765380684067,-0.1596465409195099
1.4403989573760845,0.47148678141579337,1.843072849660841
0.09335706012426082,-2.4868066019550863,-2.1069814973878533
-1.9542746740485177,0.27380005550132724,-0.39339293290497523
1.0711281364568206,1.1602837215583404,-0.5089917981760431
-2.092939552645766,0.052609623027277154,0.8268718247436792
0.9005081453291058,-2.360198641695247,0.8975998254513456
1.0325152110392537,0.7130996317762625,-0.34211621549658133
2.7332687829569164,-1.880241846509461,-1.8944394465895957
-0.8501181419254822,0.5460808408054195,-1.1750977891734902
1.696567190693088,-0.3828963504920077,1.0845119915797554
2.2627431132033493,0.5991775731293644,0.7938435420529572
-1.4272017483440844,0.24936460558416607,0.7815578406043758
-1.6309166746010861,-0.11745621281843184,-0.24740148223439035
1.4220031545209804,0.6443854488092511,0.017187634242917936
2.727377057942339,-1.3061339398821803,0.030555387565801548
1.0771502157143673,1.0778123426329134,-0.55633941293753
-1.8814239423403303,-0.2179365795940642,1.845913105683954
-1.5200007128804367,-0.038118174363889146,0.895465375239655
1.8002712868861586,0.4724118052875748,0.5738691100111334
-0.3430186273310228,0.020487115193363086,0.7988275355319802
-2.994707904212039,-0.3196043418757864,-0.02277290702882742
0.10785172365616987,-0.9976301868460706,0.6420692129100084
0.6677466916081478,0.4843749051193942,0.11341079193696182
3.252675254362415,-1.7727061019569454,-1.3632281827276387
1.4953129047830387,0.9064598398568201,0.13669671911201545
1.9576322524883059,-0.7099949437175658,-1.5154790174328072
-1.0203417508076877,0.6515272506381748,0.1348399317261387
0.009701536111328467,0.2741144903999456,0.7255859499157663
-0.7978719118346048,0.5682943924079735,-0.28972304495447543
-2.4242761103084804,-0.14790677767385604,0.07030198558812706
0.9253908104977789,0.21481015774106876,0.7808053931678934
2.6561392861305064,0.6505009791958521,1.7934155046270568
-2.493666481328493,0.25595841770100447,-0.7243470688468259
-3.703154575516071,-0.9356350339806994,-0.4228958032007432
-3.6184262403150456,-0.6862635111973686,-1.142786913467627
-0.02266951744114603,0.6895727196323701,0.13997757376947453
1.7238510941508864,-3.161948586629455,-1.0539781660918706
0.48761194181566575,0.5485892593283777,0.09683429899958963
1.6847674563623878,0.7711660381077674,0.7588096587763656
-1.708745367167954,-0.314667215052576,1.8065029772479442
0.046890981621442285,0.9685597965308842,-0.43581435074548774
0.6093198844730213,0.20571944175941215,1.3058010185760922
1.2475874148708987,-2.7665919258805665,-0.5407080775807677
-0.5005750743948982,0.5998504212895781,0.6431628506877421
-2.1921437713564327,0.06913130241945377,0.21655356790461933
1.6314947332872107,0.8409709773903028,0.9166606708814152
1.0410123570494954,1.1630673347739322,-0.22827650432348257
0.22097468998805408,0.9664687471080134,-0.18227294264720423
0.23701177940733661,0.521726746367383,0.22643705897992286
0.2918871464966937,1.2214302498070362,-1.0485910860657939
-1.9540014277633062,0.2920999698423239,0.3223659694811389
-2.0392420642481137,-0.3048690910319265,0.37847196498954055
-1.0192856855842043,0.4320233956338624,-0.40191388899203945
1.6323096523039677,0.7351340853095605,-0.3135048690712072
-2.483593115533381,-0.005113945347540312,-0.10668619718523803
1.4443727664417239,0.8819704261790516,-0.5898383348502111
-2.695367328022567,-0.3491607504895481,-0.4680136715362543
1.333689311765108,0.7498559054097328,-0.5987405194872882
0.36398874438313195,-1.827560133152054,-0.010558019626116816
1.3332843846568578,0.6380081417138749,-0.4487753943261317
0.8231224170523751,-3.358816500347343,-1.0768731391920368
-4.39808595185942,-1.7048344873082686,-0.24062500713108145
1.8744724649013356,1.043717665617747,-1.0964264943085873
-1.2809602697917313,0.45156013648160304,0.2681223030062337
2.681082910284278,0.18553541902629106,0.9382559703498297
1.9693202734647308,0.9087421322189566,-0.35177741699697096
0.5733528403262717,-0.19728241237112232,0.3384497342705546
0.711361692278605,1.235842848659596,-0.4551362844110291
0.7092358854601826,0.2280137687565734,0.4619323303637519
1.2912979075816193,0.8606315989465071,-0.41730220077722197
1.3832731461234515,0.6539745813354818,0.42203877939422496
1.0536833221815152,1.3175844554929292,-1.0851013943017067
2.1798454685855977,0.9346041478208955,-0.5887474454468256
-0.549908105668501,0.5189906619552401,-0.15799566903228868
-2.7718954139759853,-0.25442351106051864,0.1864114165328501
0.2246697764753664,-0.45696985347340685,-1.6024060571872005
0.05749066918209562,0.6855205109457095,0.1986238427180969
2.077032486467923,0.12061809062523102,2.950409664003767
1.5560317984886538,0.7638084330397311,-0.21639981868550368
1.7589257200116593,-2.5308898938717643,1.1770683187338942
-3.275480028888714,-0.6737782267086543,-0.49508810510859047
-0.2180336177460202,0.7054901604954006,0.5087013640807522
-1.6801492354678138,0.35093698082753894,0.157039331001345
-4.466032711395941,-1.9165726510445562,0.34730667471275295
0.4556423826636407,0.387784210195308,1.249556539431
-5.22132475629411,-2.4657733165174758,-0.3626467528036906
-2.156206583859367,-0.3497774569684014,0.6148580049426722
2.193180495236538,1.0007447039809523,-0.744535497229735
1.5472050121976657,1.1031366939255391,-0.23626256561615905
-1.8595626839150858,0.5112610949689352,-0.4269062751175661
-1.7725486025291535,-0.19997403135573644,1.6347313221513546
1.13090460743001,-0.8657692262058594,-1.172600882227712
-0.4410866934929052,-1.417446255599893,-0.9396349597707689
-0.9531622669366014,0.7878593412921282,-1.0680050080849028
2.051978607445583,-0.89547175838134,-0.5432067930971223
2.198115177942909,0.5666381817966339,0.6776002661828302
1.2673797978409955,-2.873907802983175,0.828807855537944
-2.863921887644714,-0.035587531724696336,-1.1714935704646914
-0.20167974901236707,0.8992250818148054,-1.0960984888413916
-1.223728135066595,0.21975360721971812,0.5017480251179156
0.24983827313338966,0.960915720703066,-0.7324014880339449
1.8049339002950437,0.6641733310149204,-0.14248640167517085
-2.066362116630021,0.34729486493908335,-0.11741744173607985
-1.4131871702409027,0.7599213091910322,-1.4125466005586371
-3.522778305077878,-1.09312538081774,0.1528692221196806
-1.2977206863319861,0.1949263596375115,0.43319706428132077
-0.8056929045042309,-2.9351942107103044,-1.8465814293910445
-1.8660708560360906,0.32267546836969874,0.30436685649138473
1.8326653658735628,1.1070600492884355,-0.05745539820501136
-0.03175041607960592,0.9065341271511337,-0.4436173679882152
2.6328435680511943,0.35512758240964815,1.912488170202044
2.416042516090667,0.9061309296685102,-0.45538775868694775
0.32187230508881803,0.6150011247734869,0.040812566269582115
0.43802500595614274,0.19936075719692342,0.6580935061451991
-1.2610773652302145,-0.35464092074972814,0.9016999525404902
2.1353272462371367,-0.4127518175605665,-0.8278644781785122
-0.7225148125823562,0.48760641636340707,-0.21611835943973567
-0.36081487493844533,0.6381649942443542,0.2333166045071729
1.8918204075796343,-1.1598133980052951,0.1259510342602972
-0.9932429852581109,0.6033075125879527,-0.6727328249433012
-2.3334406506646777,-0.27507465800408093,0.7471234491888705
2.2893586467308222,0.45481397194797474,1.8496372816831141
-3.404948720918212,-0.6603152594657149,-0.8436637641700307
-0.06962162867895678,1.1081986239204822,-0.2401379259043967
-1.74457899907752,0.5942336326066703,-0.732485771942908
-3.4005953569945033,-0.7277801398853252,-0.1565484698520898
1.5392077446505035,1.166186729607054,-0.9649851994420222
2.1510582316557674,-1.6729811857889298,0.5577416611904066
0.08154034542621094,-2.229745311256205,0.1517279512068624
1.916263046170573,-2.49571870717567,-0.12663122994354933
0.9083044105998348,-1.9748750815688807,-0.5418434281759261
-3.1221868919441427,-0.5133277032342392,-1.094288627221991
-3.070710665120345,-0.5432948484633907,0.6229816897517654
-2.4244831186792553,-0.3208293444010347,1.5308923958605893
-3.7476026799949858,-0.980156273474487,-1.5086773678685308
1.265572097641167,-0.018125702286832208,2.739328675737589
-1.2804792340138116,0.7763702067214592,-1.1562674079600368
-0.026963925574033425,0.31566531799553976,0.9434612803119977
0.6523725987829735,1.2633822481059522,-1.2228642696464784
-0.29923493526885925,0.9289377553934034,-0.30654258987208144
-0.16417665051810176,-0.32095715200971076,0.9122545096837146
0.6151793781661009,-0.44763093114612856,-0.7668231714794058
-2.4025843177460224,-0.15258338829239268,0.5994773762827232
-0.7416733519459014,0.2606017202126008,0.7526004669615951
1.1687635425494214,0.4306773150793701,0.8197205319423937
-0.10175073425401758,0.8650447401493679,-0.4738504879843734
2.6530626967163977,-2.753933997574392,0.93182919399835
0.6725653004069571,-2.646721619499684,-0.6234749553317708
0.7721487869875274,0.9060482584769585,-0.7969730371375234
0.15745304637106075,0.7139445624359256,-0.5366078928276732
-2.0344881468058627,0.33157464276909165,-0.3715858711100007
1.2694033419874813,1.236038997814386,-0.5033208023461699
-2.567066392531848,0.06344457738918695,-0.12195668146331341
-0.6980514448971951,0.443517145054669,0.9736616534643041
-0.2963410066903815,0.26151301315428443,1.8829133731406291
0.19503000668484072,0.08771679313173451,1.8628492958181522
-3.2295930907836325,-0.5212285863237901,-0.1668842180508139
-0.7030448086934777,0.4236209818271665,-0.3542723617825596
1.8098537978379399,0.4244424378146203,1.706900241611049
1.020180442356472,0.027407617345767032,1.9181109280485809
0.9009731022905938,0.9008284398641547,0.7500132096948332
0.36888019006127637,0.5967909043564431,-0.29944221367822327
-0.03772903627267819,1.108000609752479,-0.42611535714961307
-0.8149741404196326,0.09939152803193307,1.9670909341806084
0.1872689638595075,0.13092079640219126,0.7116593733722776
-0.2687032054937871,0.5247934616053055,0.2772402358451641
1.4469763978941428,0.8929342787690483,-0.17887412341944975
-1.3553664228759752,0.4372735740264051,0.19246089701840544
-1.6056068263895447,0.3865406831730333,-0.4748861231812915
2.066502361387261,0.8940873728813613,-0.4660788366154183
0.28235968334440326,-1.5271644861986329,2.165161325379596
-0.432304146424224,0.7027564830730172,-1.0900951532307195
1.6308734389399266,1.1288868695916703,-0.900810346795677
0.8874075697874801,0.4089601134620541,1.6727970727160306
1.1135232522753629,0.09138148249698437,0.5975461373700821
-0.5371471332286523,-0.06720279431949755,1.0477583455608785
1.2155468102913192,0.7046183468669781,-0.3088206457692481
-0.7224761845708217,0.8060464960779298,1.0356214918426627
-1.6920245027144665,0.5324486410216258,-0.4605379898388258
0.9535765687569382,0.6374916344911716,-0.21266524939152454
0.5062575274369979,-1.536149366980889,0.3746738793967947
-0.42394957721014304,0.35408641328780543,0.21601069496822292
0.8147650980070963,-2.1534467343120287,-2.299956859693842
-2.700518106937125,-0.17137363581029882,-1.1214761594646914
0.9920427427665722,1.1585256885653659,-0.5810367757589168
-2.4119799836583407,-0.004785478084609208,-0.7359991182380664
-1.7409532783504207,-0.13021641793218303,-0.08050281602095866
-2.488852371373889,0.2701272542227844,-0.7652499728392619
-0.34945930951350906,0.8163918991653176,0.08831312279725743
1.3966788306344193,1.4314335484294145,-0.6136823560666477
-1.827148617601149,0.3394576279354755,-0.020311519222047457
-1.4232492410390871,-0.17192805499982883,2.184925674953614
0.7627388605578524,0.5486786590644341,-0.1051738392045379
2.8968043142145214,-2.401533847105823,-0.4510896750486985
1.5816943208716923,0.86123009972013,-0.5651920565734414
2.1461110797958343,-2.0898705039649585,0.996638201491628
1.4320588917452894,0.9143213905442039,-0.7299326747850898
2.373633767811608,-2.4496473329835733,1.052389805792453
1.2499413131230646,1.2016622195663917,-0.759963018637625
2.9651723083720696,-2.18855591017388,-1.0426003609918706
0.9435883356222942,-0.7037800667835714,0.10537510113553848
-0.053815477252214514,0.46485693283825075,0.442504798897713
1.9532387501141293,-1.4773146214438813,-1.0019318881621642
2.385253935257404,-1.3636500379152205,0.9135071115765577
-1.8626369348902356,0.7421917984606007,-1.140510294245079
2.6352520835687026,-1.8416198439172078,-2.4029730372313547
1.387666246204498,0.85213327145095,-0.29084230096688296
-0.855597811399882,0.2172073089856356,0.8873441771245918
-0.0382080135302328,0.0649994904856617,2.3636774820060977
0.5988325568381336,0.952352010813022,0.5748083879315516
-0.07830138387882091,-1.2015638196693577,0.4291008472169702
1.2600012929842654,0.5443910025124,-0.4509214601884404
0.8460297866087821,0.534813475525774,0.2484099731570932
-0.19528642535897572,0.9441577045195717,-0.48648834606300667
1.6772302088302866,-1.8340400893706748,-0.41482992881014547
-0.02017149211015986,0.37495064806781375,0.9711509930930107
-2.0987680153051973,-0.2787808171884718,1.6008911780814525
0.2857085213588984,1.2465679563965801,-1.1175668415570994
-1.1006214208025695,0.19304846731627698,0.8067030808852571
-0.045631331793526284,-0.04311894371322694,1.2629281941181276
0.1359317986224504,0.2153082751372447,1.7752054119266238
-0.34771019310269724,-1.2409539105832548,1.1519950731168516
