grid,positionOrder,laps_pct,driver_age,driver_championship_position,driver_championship_wins
0.20833333333333331,0.13043478260869565,1.0,0.2193227710469089,0.15384615384615385,0.0
0.7083333333333333,0.4782608695652174,0.9821428571428572,0.6707051879465673,0.5384615384615385,0.0
0.7916666666666666,0.6521739130434783,0.9552238805970148,0.41866003934969465,0.6153846153846154,0.0
0.125,0.7391304347826086,0.0,0.3522833178005591,0.576923076923077,0.0
0.5,0.5652173913043479,0.981132075471698,0.38873356114735436,0.19230769230769232,0.0
0.16666666666666666,0.13043478260869565,1.0,0.7269338303821062,0.11538461538461539,0.0
0.25,0.13043478260869565,1.0,0.3652272962617791,0.2692307692307693,0.0
0.41666666666666663,0.26086956521739135,1.0,0.3296054675365019,0.2692307692307693,0.0
0.7083333333333333,0.6521739130434783,0.981132075471698,0.4976700838769803,0.5384615384615385,0.0
0.9583333333333333,0.7391304347826086,0.9649122807017544,0.3397535466500984,0.7307692307692308,0.0
0.29166666666666663,0.3913043478260869,1.0,0.17013565289427357,0.34615384615384615,0.0
0.7083333333333333,0.6956521739130435,0.9743589743589745,0.08025266645956297,0.576923076923077,0.0
0.5833333333333333,0.5217391304347826,0.9824561403508772,0.6511338925132029,0.46153846153846156,0.0
0.5416666666666666,0.4347826086956522,0.9857142857142858,0.6675986331158745,0.6923076923076924,0.0
0.5416666666666666,0.3913043478260869,0.9821428571428572,0.13855234544889705,0.46153846153846156,0.0
0.4583333333333333,0.30434782608695654,0.9859154929577464,0.30868799834317073,0.46153846153846156,0.0
0.125,0.17391304347826086,1.0,0.507300403852128,0.038461538461538464,0.05263157894736842
0.7083333333333333,0.30434782608695654,1.0,0.23092057574816183,0.11538461538461539,0.10526315789473684
0.7916666666666666,0.4782608695652174,1.0,0.22450036243139682,0.42307692307692313,0.0
0.7083333333333333,0.4782608695652174,1.0,0.5408511960236098,0.576923076923077,0.0
0.16666666666666666,0.0,1.0,0.5881743812778295,0.15384615384615385,0.10526315789473684
0.0,0.3913043478260869,0.9803921568627452,0.8349383866625246,0.2692307692307693,0.0
0.5416666666666666,0.782608695652174,0.0,0.28683856270063157,0.8076923076923078,0.0
0.29166666666666663,0.4347826086956522,0.9818181818181818,0.347209278243761,0.5000000000000001,0.0
0.16666666666666666,0.8260869565217391,0.0,0.21507714611162876,0.19230769230769232,0.0
0.41666666666666663,0.34782608695652173,1.0,0.1989230609920265,0.3076923076923077,0.0
0.16666666666666666,0.13043478260869565,1.0,0.23371647509578541,0.34615384615384615,0.0
0.625,0.4782608695652174,0.9772727272727272,0.21725173449311375,0.5000000000000001,0.0
0.6666666666666666,0.4782608695652174,1.0,0.662213938076007,0.5000000000000001,0.0
0.20833333333333331,0.17391304347826086,1.0,0.5146525836181008,0.19230769230769232,0.0
0.4583333333333333,0.5652173913043479,0.9827586206896552,0.41234337786061936,0.7307692307692308,0.0
0.041666666666666664,0.08695652173913043,1.0,0.44972558765662196,0.038461538461538464,0.15789473684210525
0.8333333333333333,0.3913043478260869,0.9014084507042254,0.14165890027958994,0.6153846153846154,0.0
0.875,0.9130434782608696,0.0,0.314590452521487,0.576923076923077,0.0
0.20833333333333331,0.26086956521739135,1.0,0.3490732111421766,0.5384615384615385,0.0
0.375,0.17391304347826086,1.0,0.4731283007145075,0.15384615384615385,0.0
0.6666666666666666,1.0,0.0163934426229508,0.4797556176866522,0.5384615384615385,0.0
0.5416666666666666,0.6956521739130435,0.4705882352941176,0.4688826757792275,0.3846153846153847,0.0
0.08333333333333333,0.043478260869565216,1.0,0.23444133788961374,0.3076923076923077,0.0
0.75,0.5652173913043479,0.9850746268656716,0.4265299782541161,0.6538461538461539,0.0
0.16666666666666666,0.26086956521739135,1.0,0.49176762969866417,0.19230769230769232,0.0
0.8333333333333333,0.8260869565217391,0.9642857142857144,0.20057989023506262,0.8461538461538463,0.0
0.625,0.6521739130434783,0.9714285714285714,0.15170342756549648,0.7307692307692308,0.0
0.125,0.043478260869565216,1.0,0.5592834213523867,0.07692307692307693,0.0
0.75,0.6086956521739131,0.9859154929577464,0.31697214455835143,0.7692307692307693,0.0
0.375,0.34782608695652173,1.0,0.23319871595733677,0.42307692307692313,0.0
0.41666666666666663,0.7391304347826086,0.1551724137931034,0.36895516205861023,0.46153846153846156,0.0
0.5416666666666666,0.5652173913043479,0.6282051282051282,0.6267992130061095,0.3076923076923077,0.0
0.625,0.6086956521739131,0.9818181818181818,0.6115770943357148,0.6538461538461539,0.0
0.25,0.34782608695652173,1.0,0.4707466086776433,0.46153846153846156,0.0
0.29166666666666663,0.043478260869565216,1.0,0.3924614269441855,0.07692307692307693,0.05263157894736842
0.6666666666666666,0.4782608695652174,0.9714285714285714,0.3711297504400952,0.6153846153846154,0.0
0.625,0.6521739130434783,0.9649122807017544,0.2916019467743606,0.576923076923077,0.0
0.75,0.3913043478260869,1.0,0.16972144558351454,0.576923076923077,0.0
0.3333333333333333,0.4347826086956522,0.9803921568627452,0.29698664181422807,0.7307692307692308,0.0
0.5833333333333333,0.8260869565217391,0.6037735849056604,0.19146732939836375,0.6923076923076924,0.0
0.20833333333333331,0.8260869565217391,0.0,0.08770839805322539,0.2307692307692308,0.0
0.8333333333333333,0.8260869565217391,0.0,0.6757792275033654,0.576923076923077,0.0
0.8333333333333333,0.6086956521739131,0.9571428571428572,0.703427565496531,0.8076923076923078,0.0
0.8333333333333333,0.5217391304347826,0.9818181818181818,0.10365537951744841,0.8461538461538463,0.0
0.8333333333333333,0.5217391304347826,0.9850746268656716,0.4854509682095889,0.42307692307692313,0.0
0.08333333333333333,0.6521739130434783,0.0149253731343283,0.40240240240240244,0.11538461538461539,0.10526315789473684
0.9166666666666666,0.4347826086956522,1.0,0.38013875944910414,0.5384615384615385,0.05263157894736842
0.20833333333333331,0.17391304347826086,1.0,0.5178626902764834,0.15384615384615385,0.0
0.29166666666666663,0.30434782608695654,1.0,0.3891477684581133,0.2692307692307693,0.0
0.6666666666666666,0.9565217391304348,0.0,0.23009216112664366,0.8461538461538463,0.0
0.625,0.4782608695652174,0.9824561403508772,0.5277001139070105,0.42307692307692313,0.0
0.20833333333333331,0.13043478260869565,1.0,0.2142487314901107,0.19230769230769232,0.0
0.625,0.6956521739130435,0.9818181818181818,0.31769700735217965,0.6538461538461539,0.0
0.25,0.26086956521739135,1.0,0.37796417106761937,0.46153846153846156,0.0
0.41666666666666663,0.4782608695652174,0.9464285714285714,0.6747437092264679,0.3076923076923077,0.0
0.4583333333333333,0.043478260869565216,1.0,0.5696386041213626,0.2307692307692308,0.0
0.4583333333333333,0.3913043478260869,1.0,0.4055089572330952,0.46153846153846156,0.0
0.375,0.30434782608695654,1.0,0.749301025163094,0.34615384615384615,0.0
0.7083333333333333,0.13043478260869565,1.0,0.3886300093196644,0.2692307692307693,0.0
0.20833333333333331,0.21739130434782608,1.0,0.3388215802008906,0.2692307692307693,0.0
0.41666666666666663,0.34782608695652173,1.0,0.7440198819509165,0.5000000000000001,0.0
0.5,0.4347826086956522,1.0,0.09423216319768035,0.5000000000000001,0.0
0.7083333333333333,0.8695652173913043,0.8461538461538461,0.10769390079734908,0.576923076923077,0.0
0.08333333333333333,0.043478260869565216,1.0,0.33809671740706226,0.11538461538461539,0.15789473684210525
0.6666666666666666,0.8260869565217391,0.1607142857142857,0.38552345448897185,0.34615384615384615,0.0
0.5416666666666666,0.4782608695652174,1.0,0.22708915812364083,0.6538461538461539,0.0
0.75,0.8260869565217391,0.02,0.402091746919333,0.7692307692307693,0.0
0.041666666666666664,0.043478260869565216,1.0,0.44009526768147444,0.07692307692307693,0.0
0.8333333333333333,0.5652173913043479,0.981132075471698,0.37402920161540854,0.6538461538461539,0.0
0.75,0.782608695652174,0.1780821917808219,0.4889717303510408,0.46153846153846156,0.0
0.16666666666666666,0.043478260869565216,1.0,0.42963653308480887,0.0,0.05263157894736842
0.625,0.5217391304347826,0.1232876712328767,0.4721963342652997,0.7307692307692308,0.0
0.08333333333333333,0.043478260869565216,1.0,0.4328466397431914,0.11538461538461539,0.0
0.6666666666666666,0.17391304347826086,0.987012987012987,0.21269545407476442,0.3076923076923077,0.0
0.4583333333333333,0.9130434782608696,0.0,0.3072382727555141,0.8076923076923078,0.0
0.6666666666666666,0.5652173913043479,0.9821428571428572,0.19985502744123418,0.19230769230769232,0.0
0.08333333333333333,0.6086956521739131,0.5151515151515151,0.35145490317904104,0.34615384615384615,0.0
0.7916666666666666,0.6956521739130435,0.8032786885245902,0.3124158641400021,0.7307692307692308,0.0
0.4583333333333333,0.8260869565217391,0.6590909090909091,0.719374546960754,0.42307692307692313,0.0
0.25,0.21739130434782608,1.0,0.6170653412032723,0.11538461538461539,0.05263157894736842
0.75,0.5217391304347826,0.9298245614035088,0.3219426322874598,0.6923076923076924,0.0
0.29166666666666663,0.4347826086956522,0.9818181818181818,0.4903179041110075,0.3076923076923077,0.0
0.5416666666666666,0.8260869565217391,0.296875,0.46111628870249555,0.34615384615384615,0.0
0.25,0.5652173913043479,0.9821428571428572,0.6998032515273895,0.2692307692307693,0.0
0.625,0.6956521739130435,0.8028169014084507,0.21714818266542402,0.46153846153846156,0.0
0.041666666666666664,0.043478260869565216,1.0,0.2735839287563425,0.038461538461538464,0.05263157894736842
0.625,0.4347826086956522,1.0,0.2208760484622554,0.46153846153846156,0.0
0.08333333333333333,0.13043478260869565,1.0,0.3503158330744536,0.19230769230769232,0.05263157894736842
0.7916666666666666,0.782608695652174,0.4833333333333333,0.229574401988195,0.6538461538461539,0.0
0.29166666666666663,0.08695652173913043,1.0,0.37123330226778495,0.0,0.0
0.4583333333333333,0.34782608695652173,1.0,0.3134513824168996,0.3846153846153847,0.0
0.20833333333333331,0.21739130434782608,1.0,0.8015946981464224,0.15384615384615385,0.0
0.041666666666666664,0.08695652173913043,1.0,0.26478202340271295,0.11538461538461539,0.0
0.25,0.21739130434782608,1.0,0.1377239308273791,0.2692307692307693,0.0
0.5833333333333333,0.30434782608695654,1.0,0.48337993165579385,0.5384615384615385,0.0
0.125,0.08695652173913043,1.0,0.5418867143005073,0.11538461538461539,0.0
0.375,0.6521739130434783,0.609375,0.5478927203065134,0.5000000000000001,0.0
0.125,0.34782608695652173,0.9859154929577464,0.31800766283524895,0.2307692307692308,0.0
0.8333333333333333,0.4347826086956522,1.0,0.2926374650512581,0.6538461538461539,0.0
0.6666666666666666,0.5217391304347826,0.9848484848484848,0.21921921921921916,0.46153846153846156,0.0
0.4583333333333333,0.0,1.0,0.5087501294397845,0.0,0.10526315789473684
0.3333333333333333,0.5652173913043479,0.6164383561643836,0.5693279486382934,0.2307692307692308,0.05263157894736842
0.29166666666666663,0.17391304347826086,1.0,0.3121052086569328,0.5384615384615385,0.0
0.08333333333333333,0.34782608695652173,1.0,0.7057057057057057,0.15384615384615385,0.10526315789473684
0.375,0.34782608695652173,0.9824561403508772,0.2065858962410686,0.3076923076923077,0.0
0.125,0.08695652173913043,1.0,0.8044941493217359,0.07692307692307693,0.0
0.25,0.08695652173913043,1.0,0.39908874391633,0.07692307692307693,0.05263157894736842
0.5833333333333333,0.4782608695652174,0.981132075471698,0.7251734493113804,0.5384615384615385,0.0
0.375,0.3913043478260869,1.0,0.5458216837527181,0.34615384615384615,0.0
0.20833333333333331,0.30434782608695654,1.0,0.8083255669462566,0.07692307692307693,0.0
0.5416666666666666,0.8260869565217391,0.2272727272727272,0.5750232991612301,0.19230769230769232,0.05263157894736842
0.4583333333333333,0.21739130434782608,1.0,0.16723620171896036,0.2692307692307693,0.0
0.20833333333333331,0.7391304347826086,0.1428571428571428,0.0848089468779123,0.19230769230769232,0.0
0.16666666666666666,0.08695652173913043,1.0,0.35746090918504714,0.038461538461538464,0.05263157894736842
0.41666666666666663,0.30434782608695654,0.9859154929577464,0.9306202754478619,0.576923076923077,0.0
0.6666666666666666,0.4782608695652174,0.9827586206896552,0.5560733146940045,0.5000000000000001,0.0
0.5833333333333333,0.782608695652174,0.056338028169014,0.19985502744123418,0.11538461538461539,0.0
0.75,0.6956521739130435,0.9772727272727272,0.5075075075075075,0.7307692307692308,0.0
0.125,0.08695652173913043,1.0,0.5215905560733147,0.038461538461538464,0.2631578947368421
0.16666666666666666,0.043478260869565216,1.0,0.36936936936936937,0.15384615384615385,0.0
0.125,0.8260869565217391,0.2676056338028169,0.7421559490525007,0.19230769230769232,0.0
0.5833333333333333,0.5217391304347826,0.9821428571428572,0.13461737599668644,0.5384615384615385,0.0
0.20833333333333331,0.7391304347826086,0.4285714285714285,0.18763591177384265,0.11538461538461539,0.0
0.7083333333333333,0.5652173913043479,0.6714285714285714,0.711608159884022,0.46153846153846156,0.0
0.5416666666666666,0.30434782608695654,1.0,0.36491664077870967,0.5000000000000001,0.0
0.625,0.5652173913043479,0.981132075471698,0.28797763280521893,0.6153846153846154,0.0
0.16666666666666666,0.08695652173913043,1.0,0.8175416796106452,0.07692307692307693,0.05263157894736842
0.25,0.13043478260869565,1.0,0.4345034689862275,0.11538461538461539,0.10526315789473684
0.5833333333333333,0.30434782608695654,1.0,0.2435538987263125,0.34615384615384615,0.0
0.75,0.7391304347826086,0.9636363636363636,0.7519933726830277,0.7692307692307693,0.0
0.41666666666666663,0.3913043478260869,1.0,0.314590452521487,0.6538461538461539,0.0
0.75,0.9130434782608696,0.4333333333333333,0.4532463497980739,0.2692307692307693,0.0
0.041666666666666664,0.8260869565217391,0.4090909090909091,0.27016671844258056,0.038461538461538464,0.10526315789473684
0.25,0.08695652173913043,1.0,0.508543025784405,0.34615384615384615,0.0
0.4583333333333333,0.4782608695652174,0.9836065573770492,0.6787822305063684,0.34615384615384615,0.0
0.75,0.6086956521739131,0.9824561403508772,0.3573573573573574,0.6538461538461539,0.0
0.041666666666666664,0.13043478260869565,1.0,0.6324945635290464,0.11538461538461539,0.0
0.3333333333333333,0.4782608695652174,1.0,0.9412861136999067,0.3846153846153847,0.0
0.5833333333333333,0.8260869565217391,0.8309859154929577,0.25359842601221905,0.5000000000000001,0.0
0.6666666666666666,0.5217391304347826,1.0,0.9095992544268408,0.5000000000000001,0.0
0.041666666666666664,0.8260869565217391,0.5833333333333334,0.39577508543025774,0.11538461538461539,0.0
0.5416666666666666,0.21739130434782608,1.0,0.7894791343067207,0.11538461538461539,0.0
0.3333333333333333,0.26086956521739135,1.0,0.30485658071864963,0.2307692307692308,0.0
0.375,0.26086956521739135,0.9807692307692308,0.23547685616651137,0.2307692307692308,0.0
0.4583333333333333,0.5652173913043479,0.9807692307692308,0.31676504090297186,0.6538461538461539,0.0
0.4583333333333333,0.6521739130434783,0.819672131147541,0.6338407372890131,0.3076923076923077,0.0
0.20833333333333331,0.8260869565217391,0.5909090909090909,0.3746505125815469,0.34615384615384615,0.0
0.125,0.13043478260869565,1.0,0.32018225121673394,0.19230769230769232,0.0
0.4583333333333333,0.21739130434782608,1.0,0.48824686755721247,0.42307692307692313,0.0
0.29166666666666663,0.043478260869565216,1.0,0.2717199958579266,0.0,0.05263157894736842
0.5,0.21739130434782608,1.0,0.2630216423319872,0.46153846153846156,0.0
0.375,0.13043478260869565,1.0,0.4795485140312725,0.19230769230769232,0.0
0.4583333333333333,0.5217391304347826,0.9848484848484848,0.4986020503261883,0.5000000000000001,0.0
0.16666666666666666,0.043478260869565216,1.0,0.47395671533602557,0.11538461538461539,0.05263157894736842
0.8333333333333333,0.6521739130434783,0.9714285714285714,0.35756446101273687,0.7307692307692308,0.0
0.6666666666666666,0.7391304347826086,0.8142857142857143,0.25556591073832446,0.6923076923076924,0.0
0.875,0.4782608695652174,1.0,0.16464740602671613,0.34615384615384615,0.0
0.7083333333333333,0.782608695652174,0.2545454545454545,0.19426322874598723,0.5000000000000001,0.0
0.125,0.26086956521739135,1.0,0.34379206792999883,0.2692307692307693,0.05263157894736842
0.29166666666666663,0.6086956521739131,1.0,0.5939732836284559,0.46153846153846156,0.0
0.125,0.13043478260869565,1.0,0.6432639536087812,0.2692307692307693,0.0
0.5416666666666666,0.17391304347826086,1.0,0.607331469400435,0.3846153846153847,0.0
0.41666666666666663,0.5652173913043479,0.9833333333333332,0.6353940147043595,0.576923076923077,0.0
0.6666666666666666,0.6521739130434783,0.9803921568627452,0.6655275965620793,0.8076923076923078,0.0
0.625,0.4782608695652174,0.8863636363636364,0.7013565289427357,0.5000000000000001,0.0
0.5,0.9130434782608696,0.1698113207547169,0.1418660039349694,0.6153846153846154,0.0
0.625,0.9130434782608696,0.9473684210526316,0.4185564875220045,0.3846153846153847,0.0
0.5833333333333333,0.6521739130434783,0.9772727272727272,0.4115149632391013,0.7692307692307693,0.0
0.625,0.3913043478260869,1.0,0.2024438231334783,0.34615384615384615,0.0
0.125,0.0,1.0,0.6071243657450553,0.0,0.3684210526315789
0.29166666666666663,0.8260869565217391,0.3448275862068966,0.4360567464015739,0.34615384615384615,0.0
0.25,0.043478260869565216,1.0,0.8076007041524282,0.07692307692307693,0.0
0.6666666666666666,0.782608695652174,0.6792452830188679,0.1855648752200476,0.5000000000000001,0.0
0.08333333333333333,0.08695652173913043,1.0,0.5137206171688931,0.0,0.2631578947368421
0.041666666666666664,0.0,1.0,0.33747540644092366,0.0,0.631578947368421
0.8333333333333333,0.6521739130434783,0.9714285714285714,0.20679299989644817,0.7307692307692308,0.0
0.29166666666666663,0.6086956521739131,0.4833333333333333,0.39826032929481214,0.34615384615384615,0.0
0.7083333333333333,0.7391304347826086,0.9473684210526316,0.27078802940871904,0.6923076923076924,0.0
0.29166666666666663,0.3913043478260869,0.9857142857142858,0.5951123537330434,0.2307692307692308,0.0
0.3333333333333333,0.8260869565217391,0.0641025641025641,0.4823444133788961,0.7307692307692308,0.0
0.7916666666666666,0.8260869565217391,0.0,0.1746919333126229,0.7307692307692308,0.0
0.5,0.21739130434782608,1.0,0.44485865175520334,0.11538461538461539,0.05263157894736842
0.375,0.34782608695652173,1.0,0.3873873873873874,0.5000000000000001,0.05263157894736842
0.4583333333333333,0.8260869565217391,0.0,0.1900176038107072,0.7307692307692308,0.0
0.5,0.4782608695652174,0.863013698630137,0.5679817748783265,0.576923076923077,0.0
0.25,0.21739130434782608,1.0,0.406440923682303,0.19230769230769232,0.10526315789473684
0.7083333333333333,0.6086956521739131,1.0,0.22263642953298102,0.5384615384615385,0.0
0.7916666666666666,0.782608695652174,0.2321428571428571,0.314590452521487,0.7307692307692308,0.0
0.29166666666666663,0.782608695652174,0.6567164179104478,0.35911773842808326,0.34615384615384615,0.0
0.375,0.8260869565217391,0.2285714285714285,0.3587035311173241,0.2307692307692308,0.0
0.375,0.6086956521739131,0.9859154929577464,0.37672154913534217,0.3076923076923077,0.05263157894736842
0.4583333333333333,0.17391304347826086,1.0,0.2773117945531738,0.15384615384615385,0.0
0.41666666666666663,0.4782608695652174,0.986842105263158,0.3303303303303302,0.6153846153846154,0.0
0.41666666666666663,0.30434782608695654,1.0,0.23671947809878846,0.5384615384615385,0.0
0.25,0.26086956521739135,0.9857142857142858,0.3534223879051466,0.42307692307692313,0.0
0.16666666666666666,0.30434782608695654,1.0,0.3134513824168996,0.3076923076923077,0.0
0.125,0.0,1.0,0.6013254633944289,0.0,0.2631578947368421
0.41666666666666663,0.9130434782608696,0.5373134328358209,0.6737081909495701,0.3076923076923077,0.0
0.29166666666666663,0.08695652173913043,1.0,0.3238065651858755,0.2692307692307693,0.0
0.16666666666666666,0.4782608695652174,0.9871794871794872,0.5634254944599772,0.2307692307692308,0.05263157894736842
0.9166666666666666,0.9130434782608696,0.1044776119402985,0.3016464740602671,0.7692307692307693,0.0
0.3333333333333333,0.17391304347826086,0.9857142857142858,0.27244485865175516,0.42307692307692313,0.0
0.20833333333333331,0.08695652173913043,1.0,0.5161023092057575,0.19230769230769232,0.0
0.6666666666666666,0.6521739130434783,1.0,0.2158020089054571,0.6153846153846154,0.0
0.7083333333333333,0.5652173913043479,0.9848484848484848,0.19115667391529478,0.3846153846153847,0.0
0.6666666666666666,0.3913043478260869,1.0,0.33416174795485143,0.576923076923077,0.0
0.041666666666666664,0.08695652173913043,1.0,0.3121052086569328,0.07692307692307693,0.0
0.20833333333333331,0.13043478260869565,1.0,0.4804804804804803,0.07692307692307693,0.05263157894736842
0.16666666666666666,0.21739130434782608,1.0,0.5700528114321217,0.2307692307692308,0.05263157894736842
0.08333333333333333,0.043478260869565216,1.0,0.6372579476027753,0.038461538461538464,0.10526315789473684
0.375,0.34782608695652173,0.9857142857142858,0.6751579165372268,0.3846153846153847,0.0
0.20833333333333331,0.26086956521739135,0.9848484848484848,0.5027441234337786,0.19230769230769232,0.0
0.041666666666666664,0.0,1.0,0.48907528217873053,0.038461538461538464,0.2631578947368421
0.6666666666666666,0.17391304347826086,1.0,0.5975975975975976,0.3846153846153847,0.0
0.4583333333333333,0.4782608695652174,1.0,0.2562907735321528,0.5384615384615385,0.0
0.8333333333333333,0.4782608695652174,0.981132075471698,0.018121569845707675,0.42307692307692313,0.0
0.5,0.5652173913043479,0.984126984126984,0.3863518691104899,0.5384615384615385,0.0
0.3333333333333333,0.34782608695652173,1.0,0.09205757481619536,0.3076923076923077,0.0
0.41666666666666663,0.5217391304347826,1.0,0.6048462255358806,0.34615384615384615,0.0
0.25,0.5217391304347826,0.711864406779661,0.16723620171896036,0.19230769230769232,0.0
0.125,0.17391304347826086,0.9859154929577464,0.15760588174381274,0.11538461538461539,0.0
0.625,0.26086956521739135,0.9846153846153848,0.5143419281350314,0.5000000000000001,0.0
0.625,0.4782608695652174,1.0,0.12250181215698452,0.34615384615384615,0.0
0.8333333333333333,0.5217391304347826,0.9818181818181818,0.09909909909909909,0.6538461538461539,0.0
0.625,0.5217391304347826,0.9859154929577464,0.5074039556798178,0.46153846153846156,0.0
0.29166666666666663,0.21739130434782608,1.0,0.3084808946877913,0.34615384615384615,0.0
0.20833333333333331,0.17391304347826086,1.0,0.36325981153567377,0.11538461538461539,0.05263157894736842
0.25,0.3913043478260869,1.0,0.4576990783887336,0.19230769230769232,0.0
0.041666666666666664,0.6956521739130435,0.8181818181818182,0.22149735942839388,0.11538461538461539,0.15789473684210525
0.125,0.13043478260869565,1.0,0.5766801284042662,0.0,0.42105263157894735
0.6666666666666666,0.782608695652174,0.0172413793103448,0.2222222222222221,0.3846153846153847,0.0
0.9166666666666666,0.21739130434782608,1.0,0.31925028476752615,0.19230769230769232,0.0
0.875,0.8695652173913043,0.8,0.4832763798281039,0.7307692307692308,0.0
0.5416666666666666,0.9565217391304348,0.7586206896551724,0.2876669773221495,0.5000000000000001,0.0
0.7083333333333333,0.782608695652174,0.6785714285714286,0.5584550067308687,0.46153846153846156,0.0
0.7916666666666666,0.6521739130434783,0.953846153846154,0.20948534741638192,0.6923076923076924,0.0
0.9166666666666666,0.6521739130434783,1.0,0.25421973697835765,0.6923076923076924,0.0
0.7916666666666666,0.6086956521739131,0.981132075471698,0.3433778606192397,0.576923076923077,0.0
0.625,0.6521739130434783,0.9642857142857144,0.18245832038935483,0.3076923076923077,0.0
0.5833333333333333,0.26086956521739135,1.0,0.49684166925546225,0.5000000000000001,0.0
0.25,0.30434782608695654,0.9848484848484848,0.2627109868489178,0.19230769230769232,0.0
0.75,0.5217391304347826,1.0,0.12301957129543317,0.576923076923077,0.0
0.20833333333333331,0.13043478260869565,1.0,0.15439577508543023,0.07692307692307693,0.0
0.29166666666666663,0.17391304347826086,1.0,0.5749197473335403,0.2692307692307693,0.0
0.041666666666666664,0.0,1.0,0.17458838148493316,0.15384615384615385,0.05263157894736842
0.5,0.5217391304347826,0.9859154929577464,0.22563943253598417,0.6538461538461539,0.0
0.08333333333333333,0.043478260869565216,1.0,0.5044009526768147,0.038461538461538464,0.05263157894736842
0.625,0.4782608695652174,0.9824561403508772,0.4625660142901522,0.3846153846153847,0.0
0.16666666666666666,0.21739130434782608,1.0,0.51931241586414,0.19230769230769232,0.0
0.29166666666666663,0.30434782608695654,1.0,0.3478305892098994,0.2307692307692308,0.0
0.41666666666666663,0.5652173913043479,0.1186440677966101,0.24717821269545404,0.42307692307692313,0.0
0.7083333333333333,0.8260869565217391,0.7647058823529411,0.1594698146422283,0.8076923076923078,0.0
0.5,0.4782608695652174,0.9848484848484848,0.37547892720306497,0.5384615384615385,0.0
0.625,0.3913043478260869,0.984126984126984,0.22812467640053835,0.6538461538461539,0.0
0.375,0.08695652173913043,1.0,0.3028890959925443,0.2692307692307693,0.0
0.20833333333333331,0.6521739130434783,0.9827586206896552,0.8603085844465153,0.34615384615384615,0.0
0.29166666666666663,0.17391304347826086,1.0,0.6863415139277209,0.34615384615384615,0.0
0.125,0.08695652173913043,1.0,0.421455938697318,0.11538461538461539,0.0
0.08333333333333333,0.0,1.0,0.3001967484726106,0.07692307692307693,0.05263157894736842
0.16666666666666666,0.17391304347826086,1.0,0.31231231231231227,0.0,0.05263157894736842
0.7083333333333333,0.5652173913043479,0.984126984126984,0.37402920161540854,0.5384615384615385,0.0
0.41666666666666663,0.8260869565217391,0.6078431372549019,0.46784715750232997,0.46153846153846156,0.0
0.125,0.0,1.0,0.5391943667805736,0.07692307692307693,0.05263157894736842
0.5,0.13043478260869565,1.0,0.21797659728694208,0.42307692307692313,0.0
0.16666666666666666,0.17391304347826086,1.0,0.26923475199337266,0.07692307692307693,0.0
0.7083333333333333,0.5217391304347826,0.9772727272727272,0.08967588277933092,0.6538461538461539,0.0
0.16666666666666666,0.6956521739130435,0.8490566037735849,0.5954230092161126,0.5000000000000001,0.0
0.41666666666666663,0.4347826086956522,0.9848484848484848,0.26353940147043586,0.6538461538461539,0.0
0.3333333333333333,0.4782608695652174,0.9827586206896552,0.5723309516412964,0.42307692307692313,0.0
0.375,0.4347826086956522,0.9859154929577464,0.6397431914673295,0.42307692307692313,0.0
0.4583333333333333,0.8695652173913043,0.0754716981132075,0.15905560733146928,0.6153846153846154,0.0
0.375,0.13043478260869565,1.0,0.38448793621207433,0.2307692307692308,0.0
0.5,0.13043478260869565,1.0,0.14642228435331883,0.2307692307692308,0.0
0.6666666666666666,0.6956521739130435,0.9857142857142858,0.423630527078803,0.46153846153846156,0.0
0.625,0.9130434782608696,0.2692307692307692,0.8233405819612716,0.6153846153846154,0.0
0.16666666666666666,0.21739130434782608,1.0,0.6274205239722481,0.0,0.21052631578947367
0.125,0.17391304347826086,1.0,0.4444444444444444,0.11538461538461539,0.0
0.25,0.08695652173913043,1.0,0.5501708605156881,0.038461538461538464,0.0
0.7916666666666666,0.8260869565217391,0.0422535211267605,0.4112043077560319,0.5000000000000001,0.0
0.16666666666666666,0.34782608695652173,1.0,0.19726623174899038,0.6538461538461539,0.0
0.20833333333333331,0.3913043478260869,1.0,0.567878223050637,0.2307692307692308,0.0
0.75,0.6956521739130435,0.943661971830986,0.2620896758827792,0.7692307692307693,0.0
0.08333333333333333,0.08695652173913043,1.0,0.28103966035000516,0.038461538461538464,0.15789473684210525
0.29166666666666663,0.6956521739130435,0.3793103448275862,0.3136584860722791,0.6153846153846154,0.0
0.125,0.8695652173913043,0.6065573770491803,0.3774464119291707,0.2692307692307693,0.0
0.5416666666666666,0.26086956521739135,1.0,0.3099306202754478,0.3076923076923077,0.0
0.08333333333333333,0.08695652173913043,1.0,0.4834834834834836,0.15384615384615385,0.0
0.08333333333333333,0.0,1.0,0.22077249663456544,0.15384615384615385,0.05263157894736842
0.5416666666666666,0.782608695652174,0.2075471698113207,0.1313037175106141,0.6153846153846154,0.0
0.125,0.21739130434782608,1.0,0.37164750957854387,0.2692307692307693,0.0
0.375,0.21739130434782608,1.0,0.5269752511131822,0.15384615384615385,0.0
0.5833333333333333,0.5652173913043479,1.0,0.535673604639122,0.6153846153846154,0.0
0.9166666666666666,0.782608695652174,0.4305555555555556,0.29118773946360155,0.6923076923076924,0.0
0.4583333333333333,0.4782608695652174,0.8409090909090909,0.4345034689862275,0.19230769230769232,0.0
0.16666666666666666,0.8260869565217391,0.4035087719298245,0.1772807290048669,0.11538461538461539,0.10526315789473684
0.5,0.7391304347826086,0.4363636363636363,0.40757999378689025,0.6153846153846154,0.0
0.4583333333333333,0.34782608695652173,0.9857142857142858,0.33416174795485143,0.576923076923077,0.0
0.16666666666666666,0.043478260869565216,1.0,0.44102723413068246,0.07692307692307693,0.05263157894736842
0.125,0.5217391304347826,0.9655172413793104,0.16205861033447244,0.46153846153846156,0.0
0.625,0.6521739130434783,0.6714285714285714,0.1007559283421352,0.5384615384615385,0.0
0.625,0.3913043478260869,1.0,0.32028580304442367,0.34615384615384615,0.0
0.20833333333333331,0.34782608695652173,1.0,0.43212177694936305,0.11538461538461539,0.05263157894736842
0.8333333333333333,0.7391304347826086,0.9871794871794872,0.6433675054364709,0.7307692307692308,0.0
0.75,0.9130434782608696,0.4545454545454545,0.7121259190224707,0.7692307692307693,0.0
0.75,0.30434782608695654,0.9824561403508772,0.14393704048876454,0.46153846153846156,0.0
0.41666666666666663,0.26086956521739135,1.0,0.2426219322771047,0.6538461538461539,0.0
0.7916666666666666,0.6086956521739131,0.9714285714285714,0.2266749508128818,0.7307692307692308,0.0
0.16666666666666666,0.043478260869565216,1.0,0.09713161437299367,0.19230769230769232,0.05263157894736842
0.625,0.5652173913043479,0.9871794871794872,0.21984053018535765,0.6153846153846154,0.0
0.29166666666666663,0.30434782608695654,1.0,0.33146940043491757,0.2307692307692308,0.0
0.625,0.782608695652174,0.320754716981132,0.3958786372579475,0.6153846153846154,0.0
0.375,0.30434782608695654,1.0,0.44206275240758,0.3076923076923077,0.0
0.5416666666666666,0.3913043478260869,0.9848484848484848,0.17303510406958678,0.3846153846153847,0.0
0.20833333333333331,0.13043478260869565,1.0,0.26768147457802605,0.15384615384615385,0.0
0.0,0.6086956521739131,0.984126984126984,0.20606813710261984,0.576923076923077,0.0
0.25,0.3913043478260869,0.9848484848484848,0.3665734700217458,0.19230769230769232,0.0
0.0,0.6956521739130435,0.9803921568627452,0.6899658278968623,0.34615384615384615,0.0
0.5833333333333333,0.4782608695652174,1.0,0.3547685616651133,0.3076923076923077,0.0
0.6666666666666666,0.6521739130434783,0.9545454545454546,0.455835145490318,0.5000000000000001,0.0
0.29166666666666663,0.0,1.0,0.2834213523868696,0.0,0.5789473684210527
0.125,0.043478260869565216,1.0,0.3516620068344207,0.038461538461538464,0.05263157894736842
0.375,0.17391304347826086,1.0,0.5124779952366159,0.15384615384615385,0.0
0.375,0.34782608695652173,1.0,0.5761623692658175,0.11538461538461539,0.0
0.4583333333333333,0.8260869565217391,0.0,0.39929584757170966,0.42307692307692313,0.0
0.75,0.6521739130434783,0.8928571428571429,0.34223879051465245,0.6923076923076924,0.0
0.7083333333333333,0.7391304347826086,0.2307692307692307,0.4121362742052397,0.6923076923076924,0.0
0.6666666666666666,0.5652173913043479,0.981132075471698,0.4555244900072486,0.6923076923076924,0.0
0.16666666666666666,0.0,1.0,0.4395775085430258,0.038461538461538464,0.05263157894736842
0.25,0.17391304347826086,1.0,0.5975975975975976,0.3076923076923077,0.0
0.041666666666666664,0.0,1.0,0.18856787822305066,0.0,0.10526315789473684
0.3333333333333333,0.21739130434782608,1.0,0.847261054157606,0.3846153846153847,0.0
0.6666666666666666,0.6956521739130435,0.2923076923076923,0.3521797659728694,0.7692307692307693,0.0
0.6666666666666666,0.8260869565217391,0.3666666666666666,0.21735528632080348,0.46153846153846156,0.0
0.75,1.0,0.0142857142857142,0.2380656518587554,0.576923076923077,0.0
0.041666666666666664,0.0,1.0,0.5617686652169411,0.038461538461538464,0.05263157894736842
0.20833333333333331,0.21739130434782608,1.0,0.4529356943150047,0.5000000000000001,0.0
0.25,0.26086956521739135,1.0,0.33291912602257434,0.2307692307692308,0.0
0.125,0.08695652173913043,1.0,0.8066687377032205,0.07692307692307693,0.0
0.75,0.8695652173913043,0.0704225352112676,0.346277311794553,0.2692307692307693,0.0
0.16666666666666666,0.08695652173913043,1.0,0.938593766179973,0.11538461538461539,0.0
0.20833333333333331,0.13043478260869565,1.0,0.28828828828828823,0.038461538461538464,0.15789473684210525
0.08333333333333333,0.043478260869565216,1.0,0.5621828725277,0.11538461538461539,0.05263157894736842
0.8333333333333333,0.08695652173913043,1.0,0.4567671119395258,0.038461538461538464,0.2631578947368421
0.3333333333333333,0.6956521739130435,0.9696969696969696,0.4603914259086672,0.34615384615384615,0.0
0.08333333333333333,0.08695652173913043,1.0,0.9197473335404369,0.07692307692307693,0.0
0.16666666666666666,0.17391304347826086,1.0,0.6437817127472298,0.0,0.3157894736842105
1.0,0.8695652173913043,0.6037735849056604,0.6912084498291395,0.8846153846153847,0.0
0.041666666666666664,0.6956521739130435,1.0,0.43502122812467636,0.2307692307692308,0.0
0.625,0.13043478260869565,1.0,0.6432639536087812,0.19230769230769232,0.0
0.75,0.5652173913043479,1.0,0.21911566739152943,0.6153846153846154,0.0
0.5833333333333333,0.782608695652174,0.28,0.24013668841255043,0.5384615384615385,0.0
0.75,0.6086956521739131,0.9772727272727272,0.49839494667080864,0.5384615384615385,0.0
0.25,0.17391304347826086,1.0,0.29564046805426125,0.3846153846153847,0.0
0.625,0.6086956521739131,0.9827586206896552,0.3630527078802941,0.8461538461538463,0.0
0.20833333333333331,0.17391304347826086,1.0,0.3679196437817127,0.2692307692307693,0.0
0.75,0.9130434782608696,0.0909090909090909,0.2530806668737702,0.576923076923077,0.0
0.041666666666666664,0.0,1.0,0.6382934658796728,0.038461538461538464,0.10526315789473684
0.7083333333333333,0.6521739130434783,1.0,0.18856787822305066,0.6923076923076924,0.0
0.5,0.6086956521739131,0.9821428571428572,0.34959097028062547,0.6153846153846154,0.0
0.8333333333333333,0.6086956521739131,0.9807692307692308,0.8835041938490213,0.6538461538461539,0.0
0.6666666666666666,0.7391304347826086,0.8863636363636364,0.2875634254944599,0.576923076923077,0.0
0.041666666666666664,0.0,1.0,0.3627420523972247,0.038461538461538464,0.10526315789473684
0.4583333333333333,0.4347826086956522,1.0,0.9697628663145905,0.3076923076923077,0.0
0.125,0.17391304347826086,1.0,0.32535984260122186,0.5000000000000001,0.0
0.08333333333333333,0.0,1.0,0.7097442269856062,0.0,0.05263157894736842
0.5416666666666666,0.4782608695652174,0.8888888888888888,0.21818370094232142,0.7307692307692308,0.0
0.6666666666666666,0.4347826086956522,0.9863013698630136,0.4050947499223361,0.6923076923076924,0.0
0.75,0.8260869565217391,0.5573770491803278,0.15677746712229457,0.7307692307692308,0.0
0.25,0.13043478260869565,1.0,0.6819923371647512,0.15384615384615385,0.0
0.25,0.21739130434782608,1.0,0.4390597494045769,0.15384615384615385,0.05263157894736842
0.16666666666666666,0.26086956521739135,1.0,0.6041213627420523,0.2692307692307693,0.0
0.6666666666666666,0.4347826086956522,0.9848484848484848,0.891477684581133,0.6153846153846154,0.0
0.16666666666666666,0.21739130434782608,1.0,0.1746919333126229,0.15384615384615385,0.10526315789473684
0.29166666666666663,0.6956521739130435,0.3717948717948718,0.7007352179765973,0.8076923076923078,0.0
0.375,0.3913043478260869,0.9692307692307692,0.39101170135652885,0.6923076923076924,0.0
0.29166666666666663,0.6956521739130435,0.0,0.6570363466915192,0.15384615384615385,0.0
0.25,0.17391304347826086,1.0,0.1061406233820027,0.34615384615384615,0.0
0.5416666666666666,0.3913043478260869,1.0,0.3131407269338303,0.3076923076923077,0.0
0.625,0.3913043478260869,1.0,0.14932173552863204,0.6538461538461539,0.0
0.041666666666666664,0.3913043478260869,0.9824561403508772,0.3308480894687792,0.15384615384615385,0.0
0.25,0.26086956521739135,0.9857142857142858,0.2447965206585896,0.5384615384615385,0.0
0.5416666666666666,0.6956521739130435,0.0,0.44579061820441135,0.8846153846153847,0.0
0.3333333333333333,0.13043478260869565,1.0,0.20140830485658068,0.11538461538461539,0.0
0.25,0.30434782608695654,0.9855072463768116,0.43087915501708607,0.3076923076923077,0.0
0.375,0.043478260869565216,1.0,0.2968830899865381,0.19230769230769232,0.0
0.375,0.17391304347826086,1.0,0.2924303613958785,0.07692307692307693,0.15789473684210525
0.041666666666666664,0.0,1.0,0.21745883814849332,0.07692307692307693,0.10526315789473684
0.7083333333333333,0.5652173913043479,0.9807692307692308,0.32525629077353235,0.6923076923076924,0.0
0.125,0.0,1.0,0.2240861551206378,0.0,0.10526315789473684
0.5833333333333333,0.6956521739130435,0.9859154929577464,0.25018121569845697,0.576923076923077,0.0
0.0,0.5652173913043479,0.9661016949152542,0.2713057885471678,0.11538461538461539,0.0
0.041666666666666664,0.0,1.0,0.3124158641400021,0.0,0.3157894736842105
0.7916666666666666,0.5652173913043479,0.9857142857142858,0.4179351765558663,0.34615384615384615,0.0
0.125,0.043478260869565216,1.0,0.26923475199337266,0.07692307692307693,0.05263157894736842
0.875,0.782608695652174,0.3432835820895522,0.3200786993890442,0.5384615384615385,0.0
0.5416666666666666,0.6521739130434783,0.9818181818181818,0.54509682095889,0.6538461538461539,0.0
0.4583333333333333,0.6086956521739131,0.8214285714285714,0.2696489593041317,0.5000000000000001,0.0
0.8333333333333333,0.7391304347826086,0.6714285714285714,0.17593455524489998,0.5384615384615385,0.0
0.5833333333333333,0.7391304347826086,0.5714285714285714,0.8168168168168166,0.6538461538461539,0.0
0.625,0.3913043478260869,0.935897435897436,0.1571916744330537,0.42307692307692313,0.0
0.29166666666666663,0.26086956521739135,1.0,0.2719270995133064,0.2307692307692308,0.0
0.08333333333333333,0.043478260869565216,1.0,0.9219219219219221,0.07692307692307693,0.0
0.9166666666666666,0.7391304347826086,0.9636363636363636,0.33302267785026407,0.8846153846153847,0.0
0.3333333333333333,0.9565217391304348,0.0,0.9231645438541991,0.3076923076923077,0.0
0.29166666666666663,0.5217391304347826,1.0,0.35135135135135154,0.5384615384615385,0.0
0.375,0.9130434782608696,0.0,0.26954540747644196,0.8076923076923078,0.0
0.125,0.043478260869565216,1.0,0.38324531427979713,0.2307692307692308,0.0
0.25,0.08695652173913043,1.0,0.5229367298332814,0.11538461538461539,0.0
0.875,0.4782608695652174,0.9743589743589745,0.23247385316350833,0.7692307692307693,0.0
0.7916666666666666,0.6086956521739131,0.9672131147540984,0.2562907735321528,0.7307692307692308,0.0
0.125,0.08695652173913043,1.0,0.48969659314486913,0.038461538461538464,0.2631578947368421
0.041666666666666664,0.0,1.0,0.29066998032515257,0.0,0.7894736842105263
0.75,0.5652173913043479,0.974025974025974,0.2624003313658485,0.5384615384615385,0.0
0.5,0.30434782608695654,0.9859154929577464,0.47809878844361586,0.34615384615384615,0.0
0.20833333333333331,0.08695652173913043,1.0,0.7783990887439163,0.15384615384615385,0.0
0.5833333333333333,0.6521739130434783,0.981132075471698,0.6896551724137931,0.6538461538461539,0.0
0.5,0.6086956521739131,0.9871794871794872,0.628766697732215,0.19230769230769232,0.0
0.6666666666666666,0.30434782608695654,1.0,0.6320803562182873,0.2692307692307693,0.0
0.75,0.26086956521739135,1.0,0.36936936936936937,0.2692307692307693,0.0
0.625,0.26086956521739135,0.9824561403508772,0.1696178937558248,0.34615384615384615,0.0
0.625,0.5217391304347826,0.9859154929577464,0.5449932691312,0.3846153846153847,0.0
0.5833333333333333,0.4782608695652174,0.9821428571428572,0.1581236408822615,0.576923076923077,0.0
0.6666666666666666,0.5217391304347826,1.0,0.17552034793414095,0.6538461538461539,0.0
0.041666666666666664,0.043478260869565216,1.0,0.2576369472921196,0.07692307692307693,0.0
0.5833333333333333,0.26086956521739135,1.0,0.321010665838252,0.34615384615384615,0.0
0.16666666666666666,0.08695652173913043,1.0,0.7296261779020399,0.15384615384615385,0.0
0.875,0.8695652173913043,0.5833333333333334,0.23609816713264986,0.7307692307692308,0.0
0.625,0.5217391304347826,0.9838709677419356,0.3993993993993994,0.6538461538461539,0.0
0.041666666666666664,0.0,1.0,0.17075696386041217,0.07692307692307693,0.10526315789473684
0.3333333333333333,0.8260869565217391,0.2857142857142857,0.5370197783990887,0.34615384615384615,0.0
0.6666666666666666,0.7391304347826086,0.9743589743589745,0.18722170446308362,0.7307692307692308,0.0
0.20833333333333331,0.21739130434782608,1.0,0.42155949052500774,0.3076923076923077,0.0
0.5,0.6956521739130435,0.6338028169014085,0.4396810603707155,0.34615384615384615,0.0
0.8333333333333333,0.5217391304347826,0.9857142857142858,0.5065755410582995,0.7307692307692308,0.0
0.7916666666666666,0.6521739130434783,0.9772727272727272,0.22273998136067097,0.7692307692307693,0.0
0.5,0.782608695652174,0.0,0.468675572123848,0.5000000000000001,0.0
0.16666666666666666,0.13043478260869565,1.0,0.5607331469400434,0.07692307692307693,0.0
0.16666666666666666,0.13043478260869565,1.0,0.44682613648130887,0.19230769230769232,0.0
0.29166666666666663,0.782608695652174,0.7368421052631579,0.3921507714611163,0.6923076923076924,0.0
0.375,0.3913043478260869,1.0,0.2941907424666045,0.34615384615384615,0.0
0.5416666666666666,0.30434782608695654,1.0,0.5280107693900797,0.34615384615384615,0.0
0.08333333333333333,0.3913043478260869,1.0,0.2352697525111318,0.11538461538461539,0.10526315789473684
0.7083333333333333,0.5217391304347826,0.9859154929577464,0.4287045666356013,0.6538461538461539,0.0
0.3333333333333333,0.21739130434782608,1.0,0.3300196748472609,0.2307692307692308,0.0
0.125,0.17391304347826086,1.0,0.45479962721342027,0.0,0.3157894736842105
0.625,0.4782608695652174,0.9818181818181818,0.8965517241379313,0.576923076923077,0.0
0.3333333333333333,0.26086956521739135,1.0,0.4900072486279383,0.15384615384615385,0.0
0.5,0.5652173913043479,0.9827586206896552,0.7002174588381485,0.6153846153846154,0.0
0.41666666666666663,0.4782608695652174,0.7746478873239436,0.1513927720824273,0.3846153846153847,0.0
0.5833333333333333,0.4347826086956522,0.9833333333333332,0.6697732214973593,0.6538461538461539,0.0
0.5416666666666666,0.3913043478260869,1.0,0.4137931034482758,0.5384615384615385,0.0
0.8333333333333333,0.6956521739130435,0.5285714285714286,0.33136584860722795,0.6538461538461539,0.0
0.4583333333333333,0.26086956521739135,1.0,0.5562804183493839,0.46153846153846156,0.0
0.4583333333333333,0.26086956521739135,1.0,0.5294604949777364,0.15384615384615385,0.0
0.75,0.34782608695652173,1.0,0.46008077042559803,0.3846153846153847,0.0
0.375,0.13043478260869565,0.987012987012987,0.42435538987263133,0.15384615384615385,0.0
0.16666666666666666,0.043478260869565216,1.0,0.31541886714300504,0.07692307692307693,0.15789473684210525
0.16666666666666666,0.7391304347826086,0.3684210526315789,0.7175106140623384,0.6538461538461539,0.0
0.41666666666666663,0.782608695652174,0.0,0.3238065651858755,0.46153846153846156,0.0
0.08333333333333333,0.13043478260869565,1.0,0.5186911048980014,0.038461538461538464,0.2631578947368421
0.16666666666666666,0.13043478260869565,1.0,0.32846639743191464,0.11538461538461539,0.15789473684210525
0.875,0.8695652173913043,0.4285714285714285,0.2754478616547582,0.6923076923076924,0.0
0.20833333333333331,0.9130434782608696,0.3409090909090909,0.4975665320492906,0.11538461538461539,0.10526315789473684
0.16666666666666666,0.13043478260869565,1.0,0.5461323392357875,0.11538461538461539,0.0
0.29166666666666663,0.30434782608695654,1.0,0.1932277104690897,0.3076923076923077,0.0
0.3333333333333333,0.34782608695652173,0.9824561403508772,0.7615201408304857,0.46153846153846156,0.0
0.29166666666666663,0.30434782608695654,0.9859154929577464,0.4654654654654655,0.3846153846153847,0.0
0.8333333333333333,0.30434782608695654,1.0,0.2747229988609299,0.6153846153846154,0.0
0.625,0.782608695652174,0.0566037735849056,0.15180697939318633,0.46153846153846156,0.0
0.625,0.4782608695652174,0.9803921568627452,0.24106865486175832,0.7692307692307693,0.0
0.5833333333333333,0.8260869565217391,0.9090909090909092,0.5023299161230195,0.42307692307692313,0.0
0.29166666666666663,0.6956521739130435,0.4528301886792453,0.23444133788961374,0.34615384615384615,0.0
0.29166666666666663,0.6086956521739131,0.9482758620689656,0.453660557108833,0.5384615384615385,0.0
0.5416666666666666,0.4782608695652174,1.0,0.2731697214455835,0.576923076923077,0.0
0.3333333333333333,0.21739130434782608,1.0,0.5869317593455525,0.2307692307692308,0.0
0.08333333333333333,0.043478260869565216,1.0,0.31220876048462254,0.19230769230769232,0.0
0.125,0.043478260869565216,1.0,0.33716475095785414,0.038461538461538464,0.05263157894736842
0.41666666666666663,0.3913043478260869,1.0,0.318836077456767,0.5384615384615385,0.0
0.6666666666666666,0.34782608695652173,1.0,0.8169203686445066,0.5384615384615385,0.0
0.6666666666666666,0.7391304347826086,0.7,0.33612923268095685,0.576923076923077,0.0
0.6666666666666666,0.8260869565217391,0.1153846153846153,0.35238686962824906,0.42307692307692313,0.0
0.29166666666666663,0.34782608695652173,0.9818181818181818,0.5731593662628145,0.5000000000000001,0.0
0.29166666666666663,0.17391304347826086,0.9850746268656716,0.374236305270788,0.19230769230769232,0.0
0.41666666666666663,0.3913043478260869,1.0,0.4403023713368541,0.576923076923077,0.0
0.6666666666666666,0.30434782608695654,1.0,0.34441337889613743,0.2692307692307693,0.0
0.16666666666666666,0.08695652173913043,1.0,0.36222429325877603,0.07692307692307693,0.15789473684210525
0.29166666666666663,0.13043478260869565,0.9859154929577464,0.4469296883089988,0.2307692307692308,0.0
0.5416666666666666,0.7391304347826086,0.647887323943662,0.6845811328569948,0.3846153846153847,0.0
0.08333333333333333,0.4347826086956522,1.0,0.5208656932794864,0.2692307692307693,0.0
0.29166666666666663,0.3913043478260869,1.0,0.5905560733146942,0.6153846153846154,0.0
0.4583333333333333,0.4347826086956522,0.9859154929577464,0.2820751786269027,0.6923076923076924,0.0
0.4583333333333333,0.7391304347826086,0.8113207547169812,0.35818577197887547,0.576923076923077,0.0
0.8333333333333333,0.13043478260869565,1.0,0.5821683752718236,0.0,0.47368421052631576
0.7083333333333333,0.782608695652174,0.9848484848484848,0.25204514859687266,0.34615384615384615,0.0
0.625,0.21739130434782608,1.0,0.3286735010872941,0.3846153846153847,0.0
0.3333333333333333,0.9565217391304348,0.0256410256410256,0.4866935901418661,0.11538461538461539,0.10526315789473684
0.125,0.043478260869565216,1.0,0.5338096717407061,0.07692307692307693,0.0
0.125,0.6521739130434783,0.0,0.4714714714714714,0.11538461538461539,0.05263157894736842
0.08333333333333333,0.043478260869565216,1.0,0.44734389561975774,0.3846153846153847,0.0
0.08333333333333333,0.13043478260869565,1.0,0.6524800662731696,0.0,0.42105263157894735
0.5,0.6086956521739131,1.0,0.28135031583307446,0.5000000000000001,0.0
0.4583333333333333,0.21739130434782608,1.0,0.24251838044941498,0.07692307692307693,0.05263157894736842
0.3333333333333333,0.7391304347826086,0.7169811320754716,0.6084705395050223,0.3076923076923077,0.0
0.875,0.6086956521739131,0.8448275862068966,0.4376100238169205,0.5384615384615385,0.0
0.5,0.5217391304347826,0.9818181818181818,0.2158020089054571,0.2692307692307693,0.0
0.4583333333333333,0.6521739130434783,0.9772727272727272,0.6316661489075284,0.2307692307692308,0.0
0.6666666666666666,0.8260869565217391,0.0,0.3337475406440924,0.6538461538461539,0.0
0.8333333333333333,0.6086956521739131,0.9772727272727272,0.4919747333540436,0.7692307692307693,0.0
0.20833333333333331,0.4347826086956522,1.0,0.3535259397328363,0.2307692307692308,0.0
0.29166666666666663,0.34782608695652173,1.0,0.7915501708605157,0.3846153846153847,0.0
0.5416666666666666,0.34782608695652173,1.0,0.36036036036036023,0.5384615384615385,0.0
0.20833333333333331,0.3913043478260869,1.0,0.6693590141866004,0.3076923076923077,0.0
0.41666666666666663,0.34782608695652173,1.0,0.5620793207000103,0.19230769230769232,0.05263157894736842
0.41666666666666663,0.34782608695652173,1.0,0.46598322460391417,0.3846153846153847,0.0
0.041666666666666664,0.0,1.0,0.338200269234752,0.0,0.6842105263157894
0.75,0.4347826086956522,1.0,0.7199958579268926,0.6153846153846154,0.0
0.5833333333333333,0.8260869565217391,0.0,0.7621414517966243,0.576923076923077,0.0
0.7916666666666666,0.4782608695652174,1.0,0.3015429222325774,0.42307692307692313,0.0
0.4583333333333333,0.4347826086956522,1.0,0.347209278243761,0.6538461538461539,0.0
0.75,0.6521739130434783,0.9859154929577464,0.3238065651858755,0.7307692307692308,0.0
0.3333333333333333,0.26086956521739135,1.0,0.3458631044837941,0.2307692307692308,0.0
0.5416666666666666,0.34782608695652173,0.9846153846153848,0.37278657968313134,0.19230769230769232,0.0
0.29166666666666663,0.17391304347826086,1.0,0.49839494667080864,0.3076923076923077,0.0
0.375,0.21739130434782608,0.9859154929577464,0.10324117220668938,0.3076923076923077,0.0
0.5833333333333333,0.782608695652174,0.9701492537313432,0.3053743398570985,0.7307692307692308,0.0
0.041666666666666664,0.08695652173913043,1.0,0.6908977943460703,0.0,0.3157894736842105
0.125,0.08695652173913043,1.0,0.29439784612198394,0.11538461538461539,0.0
0.6666666666666666,0.26086956521739135,0.9859154929577464,0.7036346691519104,0.6538461538461539,0.0
0.7916666666666666,0.9130434782608696,0.2222222222222222,0.25805115460287864,0.5000000000000001,0.0
0.5833333333333333,0.4347826086956522,0.9848484848484848,0.327430879155017,0.5000000000000001,0.0
0.125,0.8260869565217391,0.0754716981132075,0.36905871388629996,0.11538461538461539,0.05263157894736842
0.8333333333333333,0.34782608695652173,0.9848484848484848,0.8835041938490213,0.5384615384615385,0.0
0.25,0.21739130434782608,1.0,0.790100445272859,0.3846153846153847,0.0
0.6666666666666666,0.6956521739130435,1.0,0.2279175727451591,0.3076923076923077,0.0
0.29166666666666663,0.26086956521739135,1.0,0.49715232473853166,0.2307692307692308,0.0
0.7083333333333333,0.5217391304347826,0.9859154929577464,0.23796210003106555,0.5384615384615385,0.0
0.625,0.3913043478260869,1.0,0.24914569742155956,0.5384615384615385,0.0
0.8333333333333333,0.6086956521739131,0.9142857142857144,0.4520037278657969,0.7692307692307693,0.0
0.5833333333333333,0.5217391304347826,1.0,0.8864036450243349,0.6923076923076924,0.0
0.75,0.3913043478260869,1.0,0.24241482862172514,0.34615384615384615,0.0
0.3333333333333333,0.21739130434782608,1.0,0.22719270995133056,0.3076923076923077,0.0
0.4583333333333333,0.13043478260869565,1.0,0.34710572641607107,0.11538461538461539,0.0
0.875,0.6086956521739131,0.9622641509433962,0.45500673086879995,0.9230769230769231,0.0
0.5833333333333333,0.5217391304347826,0.9818181818181818,0.2907735321528425,0.5000000000000001,0.0
0.08333333333333333,0.08695652173913043,1.0,0.2371336854095475,0.0,0.21052631578947367
0.25,0.21739130434782608,1.0,0.43139691415553494,0.2307692307692308,0.0
0.125,0.782608695652174,1.0,0.8068758413585999,0.07692307692307693,0.0
0.7916666666666666,0.5652173913043479,0.9622641509433962,0.7454696075385732,0.7692307692307693,0.0
0.5,0.782608695652174,0.0285714285714285,0.3551827689758724,0.34615384615384615,0.0
0.6666666666666666,0.6086956521739131,0.9824561403508772,0.42508025266645966,0.576923076923077,0.0
0.375,0.782608695652174,0.0535714285714285,0.2691312001656829,0.42307692307692313,0.0
0.4583333333333333,0.6956521739130435,0.7547169811320755,0.4797556176866522,0.34615384615384615,0.0
0.6666666666666666,0.4782608695652174,1.0,0.39774257015636305,0.5384615384615385,0.0
0.875,0.5217391304347826,0.9622641509433962,0.10137723930827369,0.8461538461538463,0.0
0.7916666666666666,0.30434782608695654,1.0,0.13161437299368317,0.5000000000000001,0.0
0.4583333333333333,0.4347826086956522,0.9824561403508772,0.45945945945945943,0.3846153846153847,0.0
0.41666666666666663,0.30434782608695654,1.0,0.6694625660142901,0.42307692307692313,0.0
0.4583333333333333,0.6086956521739131,0.9622641509433962,0.42663353008180604,0.6153846153846154,0.0
0.75,0.6956521739130435,0.9545454545454546,0.6947292119705912,0.8461538461538463,0.0
0.6666666666666666,0.5217391304347826,0.6197183098591549,0.3924614269441855,0.7307692307692308,0.0
0.41666666666666663,0.6521739130434783,0.981132075471698,0.3051672362017189,0.6538461538461539,0.0
0.8333333333333333,0.4782608695652174,1.0,0.44423734078906496,0.8076923076923078,0.0
0.75,0.4347826086956522,1.0,0.419281350315833,0.576923076923077,0.0
0.625,0.5652173913043479,0.9821428571428572,0.2190121155638396,0.7307692307692308,0.0
0.7083333333333333,0.5217391304347826,0.9743589743589745,0.6539297918608264,0.7307692307692308,0.0
0.041666666666666664,0.8695652173913043,0.0,0.5256290773532155,0.07692307692307693,0.0
0.0,0.6086956521739131,0.9857142857142858,0.2865279072175624,0.6923076923076924,0.0
0.125,0.782608695652174,0.5737704918032787,0.31251941596769184,0.07692307692307693,0.15789473684210525
0.875,0.6521739130434783,0.5087719298245614,0.4374029201615408,0.576923076923077,0.0
0.5833333333333333,0.4782608695652174,0.9824561403508772,0.5649787718753236,0.2692307692307693,0.05263157894736842
0.625,0.6521739130434783,0.9827586206896552,0.3805529667598633,0.6538461538461539,0.0
0.4583333333333333,0.21739130434782608,1.0,0.2563943253598425,0.34615384615384615,0.0
0.08333333333333333,0.08695652173913043,1.0,0.43698871285078167,0.11538461538461539,0.10526315789473684
0.08333333333333333,0.21739130434782608,1.0,0.5259397328362845,0.038461538461538464,0.2631578947368421
0.5833333333333333,0.30434782608695654,0.9863013698630136,0.19819819819819806,0.2307692307692308,0.0
0.41666666666666663,0.08695652173913043,1.0,0.6316661489075284,0.07692307692307693,0.0
0.08333333333333333,0.6956521739130435,0.0,0.4102723413068241,0.11538461538461539,0.05263157894736842
0.3333333333333333,0.4347826086956522,1.0,0.18018018018018012,0.2307692307692308,0.0
0.7083333333333333,0.6521739130434783,1.0,0.29315522418970685,0.8076923076923078,0.0
0.3333333333333333,0.3913043478260869,1.0,0.31293362327845087,0.34615384615384615,0.0
0.041666666666666664,0.08695652173913043,1.0,0.5582479030754892,0.07692307692307693,0.05263157894736842
1.0,0.6086956521739131,0.9833333333333332,0.19944082013047515,0.5384615384615385,0.0
0.16666666666666666,0.17391304347826086,1.0,0.3158330744537641,0.3076923076923077,0.0
0.125,0.13043478260869565,1.0,0.5403334368851609,0.038461538461538464,0.15789473684210525
0.625,0.34782608695652173,1.0,0.38303821062441745,0.46153846153846156,0.0
0.41666666666666663,0.6956521739130435,0.6197183098591549,0.20420420420420415,0.3076923076923077,0.0
0.8333333333333333,0.7391304347826086,0.9833333333333332,0.406440923682303,0.8076923076923078,0.0
0.41666666666666663,0.7391304347826086,0.9827586206896552,0.6361188774981879,0.42307692307692313,0.0
0.041666666666666664,0.0,1.0,0.4070622346484414,0.07692307692307693,0.15789473684210525
0.29166666666666663,0.26086956521739135,0.9848484848484848,0.4605985295640469,0.2692307692307693,0.0
0.125,0.08695652173913043,1.0,0.5386766076421248,0.038461538461538464,0.3157894736842105
0.125,0.13043478260869565,1.0,0.39763901832867354,0.07692307692307693,0.05263157894736842
0.7083333333333333,0.34782608695652173,0.9857142857142858,0.0440095267681474,0.576923076923077,0.0
0.7916666666666666,0.30434782608695654,1.0,0.22046184115149625,0.6153846153846154,0.0
0.5833333333333333,0.782608695652174,0.7358490566037735,0.4788236512374442,0.5000000000000001,0.0
0.125,0.26086956521739135,1.0,0.7339753546650098,0.15384615384615385,0.0
0.08333333333333333,0.0,1.0,0.5650823237030134,0.0,0.21052631578947367
0.75,0.26086956521739135,1.0,0.3737185461323391,0.15384615384615385,0.0
0.7916666666666666,0.6086956521739131,0.9818181818181818,0.21911566739152943,0.7307692307692308,0.0
0.41666666666666663,0.17391304347826086,1.0,0.38624831728279974,0.15384615384615385,0.0
0.7916666666666666,0.5652173913043479,0.9818181818181818,0.47416381899140525,0.8076923076923078,0.0
0.16666666666666666,0.13043478260869565,1.0,0.5426115770943356,0.11538461538461539,0.05263157894736842
0.375,0.17391304347826086,1.0,0.4663974319146733,0.19230769230769232,0.0
0.29166666666666663,0.6086956521739131,1.0,0.4446515480998239,0.2692307692307693,0.0
0.3333333333333333,0.34782608695652173,0.9821428571428572,0.36864450657554104,0.3076923076923077,0.0
0.625,0.6086956521739131,0.9818181818181818,0.15843429636533102,0.46153846153846156,0.0
0.041666666666666664,0.043478260869565216,1.0,0.6118877498187842,0.0,0.2631578947368421
0.375,0.9565217391304348,0.0181818181818181,0.3723723723723724,0.2307692307692308,0.05263157894736842
0.7916666666666666,0.782608695652174,0.981132075471698,0.25266645956301115,0.8076923076923078,0.0
0.041666666666666664,0.0,1.0,0.5116495806150978,0.0,0.15789473684210525
0.20833333333333331,0.17391304347826086,1.0,0.40499119809464634,0.19230769230769232,0.05263157894736842
0.7083333333333333,0.4347826086956522,1.0,0.20927824376100224,0.576923076923077,0.0
0.5,0.17391304347826086,1.0,0.38531635083359217,0.2307692307692308,0.0
0.5833333333333333,0.3913043478260869,1.0,0.13409961685823735,0.2692307692307693,0.0
0.375,0.26086956521739135,0.9821428571428572,0.6824065444755099,0.3846153846153847,0.0
0.041666666666666664,0.0,1.0,0.48141244692968854,0.0,0.05263157894736842
0.375,0.34782608695652173,0.9859154929577464,0.025370197783990744,0.42307692307692313,0.0
0.20833333333333331,0.13043478260869565,1.0,0.2068965517241379,0.15384615384615385,0.0
0.625,0.6956521739130435,0.6142857142857143,0.2049290669980326,0.6923076923076924,0.0
0.7916666666666666,0.7391304347826086,0.9056603773584906,0.23640882261571916,0.7307692307692308,0.0
0.75,0.4782608695652174,1.0,0.29481205343274297,0.7307692307692308,0.0
0.5416666666666666,0.6521739130434783,0.9824561403508772,0.23868696282489388,0.576923076923077,0.0
0.6666666666666666,0.4782608695652174,0.981132075471698,0.22429325877601736,0.42307692307692313,0.0
0.625,0.5652173913043479,1.0,0.23423423423423428,0.576923076923077,0.0
0.8333333333333333,0.5652173913043479,0.9859154929577464,0.34700217458838134,0.576923076923077,0.0
0.041666666666666664,0.0,1.0,0.24179351765558654,0.0,0.15789473684210525
0.625,0.8260869565217391,0.1964285714285714,0.1581236408822615,0.576923076923077,0.0
0.625,0.4347826086956522,1.0,0.4797556176866522,0.46153846153846156,0.0
0.75,0.34782608695652173,1.0,0.21683752718235483,0.576923076923077,0.0
0.041666666666666664,0.8260869565217391,0.0178571428571428,0.404266335300818,0.15384615384615385,0.05263157894736842
0.0,0.6521739130434783,0.9722222222222222,0.3303303303303302,0.576923076923077,0.0
0.375,0.21739130434782608,0.9838709677419356,0.6224500362431398,0.19230769230769232,0.0
0.08333333333333333,0.043478260869565216,1.0,0.6520658589624109,0.07692307692307693,0.0
0.375,0.21739130434782608,1.0,0.7209278243761001,0.07692307692307693,0.05263157894736842
0.7083333333333333,0.782608695652174,0.6833333333333333,0.7247592420006215,0.42307692307692313,0.0
0.5,0.3913043478260869,0.8961038961038961,0.4328466397431914,0.2307692307692308,0.0
0.5,0.4347826086956522,0.981132075471698,0.6319768043905973,0.576923076923077,0.0
0.41666666666666663,0.08695652173913043,1.0,0.5167236201718959,0.0,0.15789473684210525
0.16666666666666666,0.17391304347826086,1.0,0.5841358599979292,0.11538461538461539,0.0
0.5,0.4347826086956522,1.0,0.3797245521383452,0.3846153846153847,0.0
0.375,0.5217391304347826,0.9848484848484848,0.17800559179869524,0.46153846153846156,0.0
0.25,0.21739130434782608,1.0,0.52366159262711,0.11538461538461539,0.0
0.6666666666666666,0.4782608695652174,1.0,0.10334472403437922,0.5000000000000001,0.0
0.375,0.26086956521739135,1.0,0.39422180801491136,0.3076923076923077,0.0
0.29166666666666663,0.26086956521739135,1.0,0.23661592627109873,0.2692307692307693,0.0
0.6666666666666666,0.6086956521739131,0.9696969696969696,0.46525836181008584,0.3846153846153847,0.0
0.125,0.13043478260869565,1.0,0.6542404473438956,0.07692307692307693,0.0
0.375,0.4782608695652174,1.0,0.22139380760070404,0.5384615384615385,0.0
0.7916666666666666,0.4782608695652174,1.0,0.8900279589934763,0.6153846153846154,0.0
0.041666666666666664,0.0,1.0,0.21683752718235483,0.0,0.05263157894736842
0.3333333333333333,0.17391304347826086,1.0,0.652687169928549,0.2307692307692308,0.0
0.7083333333333333,0.9130434782608696,0.0,0.3572538055296677,0.8461538461538463,0.0
0.25,0.043478260869565216,1.0,0.3710261986124055,0.15384615384615385,0.10526315789473684
0.041666666666666664,0.0,1.0,0.32401366884125493,0.0,0.7368421052631579
0.5416666666666666,0.6521739130434783,0.1724137931034483,0.2247074660867764,0.6923076923076924,0.0
0.7916666666666666,0.4347826086956522,0.9821428571428572,0.5115460287874081,0.5000000000000001,0.0
0.16666666666666666,0.30434782608695654,1.0,0.4874184529356944,0.19230769230769232,0.0
0.08333333333333333,0.043478260869565216,1.0,0.18639328984156567,0.038461538461538464,0.0
0.7916666666666666,0.4782608695652174,1.0,0.2266749508128818,0.6538461538461539,0.0
0.041666666666666664,0.0,1.0,0.43305374339857106,0.07692307692307693,0.10526315789473684
0.7083333333333333,0.30434782608695654,1.0,0.4823444133788961,0.11538461538461539,0.05263157894736842
0.625,0.3913043478260869,0.9857142857142858,0.4134824479652066,0.576923076923077,0.0
0.5833333333333333,0.3913043478260869,1.0,0.3544579061820441,0.576923076923077,0.0
0.5,0.8695652173913043,0.0333333333333333,0.6679092885989437,0.5000000000000001,0.0
0.4583333333333333,0.13043478260869565,1.0,0.331780055917987,0.46153846153846156,0.0
0.375,0.30434782608695654,1.0,0.3190431811121466,0.2692307692307693,0.0
0.5,0.5217391304347826,0.9833333333333332,0.5051258154706431,0.5384615384615385,0.0
0.5,0.26086956521739135,1.0,0.16071243657450562,0.34615384615384615,0.0
0.4583333333333333,0.17391304347826086,1.0,0.4297400849124986,0.3846153846153847,0.0
0.16666666666666666,0.17391304347826086,1.0,0.951537744641193,0.2307692307692308,0.0
0.7916666666666666,0.5217391304347826,0.9859154929577464,0.29066998032515257,0.3846153846153847,0.05263157894736842
0.5833333333333333,0.6086956521739131,1.0,0.6604535570052812,0.7692307692307693,0.0
0.75,0.6521739130434783,0.9433962264150944,0.3084808946877913,0.8461538461538463,0.0
0.041666666666666664,0.0,1.0,0.23703013358185776,0.0,0.15789473684210525
0.8333333333333333,0.6521739130434783,1.0,0.350626488557523,0.576923076923077,0.0
0.5416666666666666,0.5652173913043479,0.9859154929577464,0.39577508543025774,0.6538461538461539,0.0
0.29166666666666663,0.17391304347826086,1.0,0.19685202443823135,0.19230769230769232,0.0
0.25,0.13043478260869565,1.0,0.35207621414517964,0.07692307692307693,0.05263157894736842
0.20833333333333331,0.4782608695652174,0.943661971830986,0.1890856373614993,0.15384615384615385,0.0
0.4583333333333333,0.17391304347826086,1.0,0.13441027234130676,0.34615384615384615,0.0
0.5416666666666666,0.3913043478260869,0.9838709677419356,0.6506161333747542,0.2692307692307693,0.0
0.16666666666666666,0.08695652173913043,1.0,0.5203479341410373,0.038461538461538464,0.15789473684210525
0.41666666666666663,0.782608695652174,0.9577464788732394,0.34638086362224274,0.5000000000000001,0.0
0.7916666666666666,0.6956521739130435,0.9696969696969696,0.17624521072796928,0.6538461538461539,0.0
0.75,0.17391304347826086,0.9859154929577464,0.11483897690794231,0.34615384615384615,0.0
1.0,0.8260869565217391,0.9636363636363636,0.39007973490732106,1.0,0.0
0.20833333333333331,0.08695652173913043,1.0,0.11960236098167121,0.19230769230769232,0.0
0.29166666666666663,0.34782608695652173,1.0,0.5222118670394533,0.5000000000000001,0.0
0.5833333333333333,0.34782608695652173,1.0,0.5959407683545614,0.34615384615384615,0.0
0.5416666666666666,0.34782608695652173,1.0,0.5475820648234442,0.34615384615384615,0.0
0.75,0.5217391304347826,0.7164179104477612,0.23899761830796284,0.8076923076923078,0.0
0.41666666666666663,0.9565217391304348,0.0384615384615384,0.3318836077456766,0.3846153846153847,0.0
0.375,0.8695652173913043,0.6440677966101694,0.9934762348555453,0.42307692307692313,0.0
0.4583333333333333,0.6521739130434783,0.5633802816901409,0.6791964378171276,0.7307692307692308,0.0
0.041666666666666664,0.043478260869565216,1.0,0.5701563632598117,0.0,0.3157894736842105
0.16666666666666666,0.7391304347826086,0.9545454545454546,0.4326395360878119,0.11538461538461539,0.10526315789473684
0.8333333333333333,0.5652173913043479,0.9577464788732394,0.4181422802112458,0.8461538461538463,0.0
0.6666666666666666,0.5217391304347826,0.9565217391304348,0.6486486486486487,0.34615384615384615,0.0
0.25,0.21739130434782608,1.0,0.6863415139277209,0.11538461538461539,0.0
0.375,0.17391304347826086,1.0,0.3449311380345863,0.07692307692307693,0.0
0.08333333333333333,0.7391304347826086,0.293103448275862,0.2901522211867039,0.2307692307692308,0.0
0.08333333333333333,0.08695652173913043,1.0,0.27845086465776114,0.2307692307692308,0.0
0.5833333333333333,0.6521739130434783,1.0,0.1843222532877704,0.6923076923076924,0.0
0.3333333333333333,0.6521739130434783,0.4328358208955223,0.6457491974733354,0.576923076923077,0.0
0.20833333333333331,0.043478260869565216,1.0,0.22149735942839388,0.11538461538461539,0.05263157894736842
0.6666666666666666,0.34782608695652173,1.0,0.5284249767008389,0.15384615384615385,0.0
0.41666666666666663,0.6521739130434783,0.9859154929577464,0.17810914362638497,0.42307692307692313,0.0
0.125,0.13043478260869565,1.0,0.24697110904007458,0.2307692307692308,0.0
0.625,0.5217391304347826,1.0,0.3497980739360049,0.7692307692307693,0.0
0.75,0.8260869565217391,0.9649122807017544,0.2161126643885264,0.7307692307692308,0.0
0.6666666666666666,0.5652173913043479,0.8181818181818182,0.6354975665320493,0.3846153846153847,0.0
0.625,0.3913043478260869,0.9859154929577464,0.36926581754167964,0.34615384615384615,0.0
0.20833333333333331,0.13043478260869565,1.0,0.438956197576887,0.15384615384615385,0.0
0.4583333333333333,0.6956521739130435,0.4838709677419355,0.47519933726830277,0.46153846153846156,0.0
0.75,0.5217391304347826,0.9827586206896552,0.15739877808843317,0.46153846153846156,0.0
0.5833333333333333,0.4782608695652174,0.9859154929577464,0.6252459355907634,0.34615384615384615,0.0
0.5416666666666666,0.7391304347826086,0.6619718309859155,0.9378689033861449,0.15384615384615385,0.0
0.7916666666666666,0.6521739130434783,0.9827586206896552,0.29791860826343575,0.7692307692307693,0.0
0.9166666666666666,0.7391304347826086,0.9428571428571428,0.1750025887956922,0.9615384615384616,0.0
0.0,0.3913043478260869,1.0,0.6143729936833384,0.038461538461538464,0.10526315789473684
0.7083333333333333,0.5652173913043479,0.9857142857142858,0.04908356632494559,0.42307692307692313,0.0
0.08333333333333333,0.043478260869565216,1.0,0.6883089986538262,0.0,0.631578947368421
0.625,0.5652173913043479,1.0,0.3369576473024749,0.3846153846153847,0.0
0.041666666666666664,0.0,1.0,0.5736771254012634,0.19230769230769232,0.10526315789473684
0.7916666666666666,0.7391304347826086,0.7368421052631579,0.7078802940871907,0.6538461538461539,0.0
0.5,0.34782608695652173,1.0,0.9166407787097444,0.3076923076923077,0.0
0.4583333333333333,0.34782608695652173,0.9859154929577464,0.5888992440716581,0.42307692307692313,0.0
0.5833333333333333,0.6956521739130435,0.9871794871794872,0.8378378378378377,0.34615384615384615,0.0
0.41666666666666663,0.782608695652174,0.8113207547169812,0.2898415657036345,0.0,0.3157894736842105
0.125,0.043478260869565216,1.0,0.6897587242414829,0.0,0.631578947368421
0.7916666666666666,0.4782608695652174,0.9859154929577464,0.3024748886817852,0.7307692307692308,0.0
0.4583333333333333,0.26086956521739135,1.0,0.6381899140519829,0.3846153846153847,0.0
0.6666666666666666,0.3913043478260869,1.0,0.21279900590245415,0.46153846153846156,0.0
0.7916666666666666,0.3913043478260869,0.9622641509433962,0.3280521901211556,0.576923076923077,0.0
0.125,0.08695652173913043,1.0,0.36615926271098687,0.07692307692307693,0.05263157894736842
0.20833333333333331,0.34782608695652173,0.9848484848484848,0.2718235476856167,0.3076923076923077,0.0
0.20833333333333331,0.13043478260869565,1.0,0.3902868385627003,0.19230769230769232,0.0
0.08333333333333333,0.043478260869565216,1.0,0.4255980118049083,0.07692307692307693,0.0
0.7083333333333333,0.26086956521739135,1.0,0.18887853370611984,0.3846153846153847,0.0
0.375,0.4347826086956522,1.0,0.3869731800766283,0.19230769230769232,0.0
0.41666666666666663,0.30434782608695654,1.0,0.2999896448172308,0.2692307692307693,0.0
0.375,0.3913043478260869,1.0,0.48089468779123945,0.11538461538461539,0.05263157894736842
0.9166666666666666,0.9130434782608696,0.2982456140350877,0.5211763487625556,0.576923076923077,0.0
0.25,0.8260869565217391,1.0,0.4077870974422697,0.8461538461538463,0.0
0.41666666666666663,0.26086956521739135,1.0,0.43688516102309194,0.3076923076923077,0.0
0.5,0.4347826086956522,0.9827586206896552,0.39898519208864025,0.5384615384615385,0.0
0.125,0.043478260869565216,1.0,0.3322978150564355,0.07692307692307693,0.10526315789473684
0.7083333333333333,0.8260869565217391,0.2,0.19664492078285167,0.7692307692307693,0.0
0.875,0.6086956521739131,0.9692307692307692,0.2853888371129749,0.7692307692307693,0.0
0.375,0.782608695652174,0.0,0.421455938697318,0.5000000000000001,0.0
0.29166666666666663,0.5217391304347826,0.9859154929577464,0.29118773946360155,0.2307692307692308,0.0
0.5416666666666666,0.4782608695652174,0.9861111111111112,0.6693590141866004,0.46153846153846156,0.0
0.625,0.4347826086956522,0.9821428571428572,0.05778191985088521,0.42307692307692313,0.0
0.25,0.8260869565217391,1.0,0.5644610127368748,0.5000000000000001,0.0
0.6666666666666666,0.5652173913043479,0.9859154929577464,0.6759863311587448,0.3846153846153847,0.0
0.75,0.3913043478260869,0.9846153846153848,0.33167650409029725,0.46153846153846156,0.0
0.08333333333333333,0.08695652173913043,1.0,0.33395464429947175,0.2692307692307693,0.0
0.3333333333333333,0.08695652173913043,1.0,0.04545925235580406,0.42307692307692313,0.0
0.5,0.6086956521739131,0.6,0.2878740809775292,0.7307692307692308,0.0
0.5416666666666666,0.4782608695652174,0.9821428571428572,0.20927824376100224,0.46153846153846156,0.0
0.6666666666666666,0.6956521739130435,0.2857142857142857,0.4902143522833178,0.3076923076923077,0.05263157894736842
0.125,0.0,1.0,0.634358496427462,0.038461538461538464,0.05263157894736842
0.5,0.8260869565217391,1.0,0.3248420834627731,0.3076923076923077,0.0
0.41666666666666663,0.34782608695652173,0.9857142857142858,0.35746090918504714,0.2307692307692308,0.0
0.9166666666666666,0.4782608695652174,1.0,0.10220565392979186,0.8461538461538463,0.0
0.20833333333333331,0.26086956521739135,1.0,0.4638086362224294,0.15384615384615385,0.0
0.6666666666666666,0.21739130434782608,1.0,0.2464533499016256,0.19230769230769232,0.0
0.16666666666666666,0.782608695652174,0.0,0.6737081909495701,0.2692307692307693,0.0
0.5833333333333333,0.4347826086956522,0.9838709677419356,0.628766697732215,0.2307692307692308,0.0
0.7083333333333333,0.782608695652174,0.0142857142857142,0.3435849642746194,0.6923076923076924,0.0
0.041666666666666664,0.0,1.0,0.5945945945945945,0.11538461538461539,0.05263157894736842
0.25,0.30434782608695654,1.0,0.7124365745055401,0.5384615384615385,0.0
0.875,0.6086956521739131,0.9807692307692308,0.2432432432432432,0.8076923076923078,0.0
0.4583333333333333,0.8260869565217391,0.2745098039215686,0.2607435021228124,0.42307692307692313,0.0
0.041666666666666664,0.0,1.0,0.35238686962824906,0.19230769230769232,0.10526315789473684
0.875,0.6086956521739131,0.9821428571428572,0.4340892616754686,0.6153846153846154,0.0
0.875,0.7391304347826086,0.9696969696969696,0.4803769286527906,0.6923076923076924,0.0
0.25,0.21739130434782608,1.0,0.5780263021642331,0.19230769230769232,0.0
0.9583333333333333,0.8695652173913043,0.6166666666666667,0.5109247178212695,0.7307692307692308,0.0
0.125,0.08695652173913043,1.0,0.35849642746194466,0.15384615384615385,0.0
0.375,0.30434782608695654,0.9838709677419356,0.21921921921921916,0.42307692307692313,0.0
0.7916666666666666,0.6521739130434783,0.9285714285714286,0.2562907735321528,1.0,0.0
0.375,0.26086956521739135,1.0,0.5022263642953297,0.15384615384615385,0.05263157894736842
0.25,0.34782608695652173,0.9803921568627452,0.37879258568913765,0.2307692307692308,0.0
0.08333333333333333,0.13043478260869565,1.0,0.41327534430982693,0.11538461538461539,0.0
0.75,0.3913043478260869,0.9814814814814816,0.45728487107797444,0.5384615384615385,0.0
0.625,0.4782608695652174,0.9833333333333332,0.4087190638914777,0.7307692307692308,0.0
0.16666666666666666,0.043478260869565216,1.0,0.22750336543440008,0.0,0.05263157894736842
0.75,0.6521739130434783,0.6842105263157895,0.7501294397846121,0.34615384615384615,0.0
0.5833333333333333,0.782608695652174,0.0,0.6892409651030342,0.11538461538461539,0.0
0.6666666666666666,0.6956521739130435,0.9636363636363636,0.6385005695350523,0.6153846153846154,0.0
0.29166666666666663,0.4347826086956522,1.0,0.49269959614787195,0.46153846153846156,0.0
0.20833333333333331,0.4347826086956522,0.7808219178082192,0.4272548410479444,0.19230769230769232,0.0
0.25,0.13043478260869565,1.0,0.29532981257119195,0.07692307692307693,0.15789473684210525
0.4583333333333333,0.13043478260869565,1.0,0.2525629077353214,0.42307692307692313,0.0
0.5416666666666666,0.4782608695652174,1.0,0.29729729729729737,0.7692307692307693,0.0
0.041666666666666664,0.043478260869565216,1.0,0.7250698974836907,0.5000000000000001,0.0
0.25,0.08695652173913043,1.0,0.42901522211867027,0.038461538461538464,0.10526315789473684
0.20833333333333331,0.043478260869565216,1.0,0.5362949156052603,0.038461538461538464,0.0
0.875,0.5217391304347826,1.0,0.20824272548410472,0.6538461538461539,0.0
0.16666666666666666,0.08695652173913043,1.0,0.6019467743605675,0.3076923076923077,0.0
0.75,0.4347826086956522,1.0,0.2136274205239722,0.46153846153846156,0.0
0.6666666666666666,0.6086956521739131,0.971830985915493,0.3255669462566013,0.3076923076923077,0.0
0.9166666666666666,0.9565217391304348,0.2,0.3482447965206583,0.8461538461538463,0.0
0.625,0.5217391304347826,0.9857142857142858,0.27845086465776114,0.5000000000000001,0.0
0.41666666666666663,0.8260869565217391,0.0298507462686567,0.588381484933209,0.2307692307692308,0.0
0.3333333333333333,0.21739130434782608,1.0,0.17955886921404163,0.34615384615384615,0.0
0.25,0.13043478260869565,1.0,0.5088536812674742,0.038461538461538464,0.0
0.6666666666666666,0.6086956521739131,0.2575757575757575,0.45800973387180277,0.46153846153846156,0.0
0.3333333333333333,0.08695652173913043,1.0,0.2859065962514239,0.07692307692307693,0.05263157894736842
0.875,0.6956521739130435,0.9027777777777778,0.09340374857616252,0.8461538461538463,0.0
0.9166666666666666,0.6521739130434783,0.4838709677419355,0.5174484829657244,0.576923076923077,0.0
0.625,0.30434782608695654,0.9821428571428572,0.11794553173863509,0.3846153846153847,0.0
0.41666666666666663,0.13043478260869565,1.0,0.647198923060992,0.34615384615384615,0.0
0.7916666666666666,0.782608695652174,0.4029850746268656,0.6058817438127784,0.3846153846153847,0.0
0.041666666666666664,0.043478260869565216,1.0,0.4246660453557005,0.07692307692307693,0.10526315789473684
0.4583333333333333,0.30434782608695654,0.9857142857142858,0.49466708087397726,0.11538461538461539,0.10526315789473684
0.625,0.4347826086956522,0.9821428571428572,0.2932587760173966,0.5384615384615385,0.0
0.8333333333333333,0.17391304347826086,1.0,0.44610127368748054,0.2692307692307693,0.0
0.5833333333333333,0.782608695652174,0.9824561403508772,0.5487211349280314,0.3076923076923077,0.0
0.16666666666666666,0.043478260869565216,1.0,0.5368126747437092,0.038461538461538464,0.2631578947368421
0.20833333333333331,0.30434782608695654,1.0,0.24748886817852334,0.5000000000000001,0.0
0.6666666666666666,0.3913043478260869,1.0,0.3066169617893755,0.5000000000000001,0.0
0.25,0.0,1.0,0.24127575851713778,0.0,0.21052631578947367
0.4583333333333333,0.4347826086956522,1.0,0.2148700424562493,0.5384615384615385,0.0
0.8333333333333333,0.34782608695652173,1.0,0.4201097649373511,0.8076923076923078,0.0
0.7916666666666666,0.34782608695652173,0.9848484848484848,0.2116599357978668,0.5384615384615385,0.0
0.7083333333333333,0.4782608695652174,0.9857142857142858,0.30464947706327017,0.7307692307692308,0.0
0.5833333333333333,0.4782608695652174,0.9857142857142858,0.50636843740292,0.5000000000000001,0.0
0.20833333333333331,0.17391304347826086,1.0,0.49394221808014915,0.038461538461538464,0.10526315789473684
0.041666666666666664,0.043478260869565216,1.0,0.706430568499534,0.15384615384615385,0.10526315789473684
0.4583333333333333,0.8695652173913043,0.2777777777777778,0.7021849435642538,0.7692307692307693,0.0
0.16666666666666666,0.0,1.0,0.2709951330640986,0.0,0.05263157894736842
0.75,0.6521739130434783,0.9827586206896552,0.352801076939008,0.7307692307692308,0.0
0.25,0.043478260869565216,1.0,0.7972455213834524,0.07692307692307693,0.0
0.041666666666666664,0.0,1.0,0.2636429532981256,0.0,0.05263157894736842
0.08333333333333333,0.08695652173913043,1.0,0.3512477995236616,0.2307692307692308,0.0
0.041666666666666664,0.08695652173913043,1.0,0.352801076939008,0.07692307692307693,0.05263157894736842
0.20833333333333331,0.21739130434782608,1.0,0.26416071243657435,0.11538461538461539,0.0
0.29166666666666663,0.17391304347826086,0.9859154929577464,0.33136584860722795,0.11538461538461539,0.0
0.20833333333333331,0.5652173913043479,0.7333333333333333,0.1992337164750958,0.19230769230769232,0.0
0.8333333333333333,0.043478260869565216,1.0,0.4685720202961583,0.11538461538461539,0.05263157894736842
0.041666666666666664,0.0,1.0,0.6143729936833384,0.11538461538461539,0.05263157894736842
0.41666666666666663,0.3913043478260869,0.981132075471698,0.24407165786476126,0.3846153846153847,0.0
0.25,0.9565217391304348,0.3653846153846153,0.30775603189396294,0.2307692307692308,0.0
0.20833333333333331,0.13043478260869565,1.0,0.5739877808843326,0.11538461538461539,0.0
0.20833333333333331,0.5652173913043479,0.8070175438596491,0.49466708087397726,0.19230769230769232,0.0
0.75,0.4782608695652174,1.0,0.1625763694729211,0.7307692307692308,0.0
0.16666666666666666,0.13043478260869565,0.9850746268656716,0.39867453660557106,0.11538461538461539,0.0
0.8333333333333333,0.6086956521739131,0.9772727272727272,0.41710676193434826,0.46153846153846156,0.0
0.75,0.6521739130434783,0.9655172413793104,0.1814228021124571,0.6923076923076924,0.0
0.041666666666666664,0.0,1.0,0.2557730143937038,0.0,0.3684210526315789
0.9583333333333333,0.4347826086956522,0.9871794871794872,0.18452935694314998,0.34615384615384615,0.0
0.75,0.30434782608695654,1.0,0.665734700217459,0.2307692307692308,0.0
0.75,0.6086956521739131,0.981132075471698,0.20316868592730664,0.7307692307692308,0.0
0.75,0.6521739130434783,0.9824561403508772,0.38448793621207433,0.7692307692307693,0.0
0.29166666666666663,0.17391304347826086,1.0,0.5841358599979292,0.07692307692307693,0.0
0.3333333333333333,0.17391304347826086,1.0,0.220979600289945,0.19230769230769232,0.0
0.625,0.6086956521739131,0.9743589743589745,0.22491456974215585,0.7692307692307693,0.0
0.375,0.5217391304347826,0.9772727272727272,0.602153878015947,0.6153846153846154,0.0
0.7916666666666666,0.6521739130434783,0.9824561403508772,0.19726623174899038,0.6923076923076924,0.0
0.9166666666666666,0.6956521739130435,0.9836065573770492,0.18794656725691206,0.8076923076923078,0.0
0.3333333333333333,0.3913043478260869,1.0,0.2148700424562493,0.34615384615384615,0.0
0.6666666666666666,0.6956521739130435,0.8225806451612904,0.627834731283007,0.5384615384615385,0.0
0.20833333333333331,0.08695652173913043,1.0,0.35911773842808326,0.07692307692307693,0.0
0.75,0.8695652173913043,0.0333333333333333,0.26612819716267977,0.6923076923076924,0.0
0.25,0.08695652173913043,1.0,0.2640571606088846,0.15384615384615385,0.0
0.5833333333333333,0.30434782608695654,1.0,0.23454488971730325,0.42307692307692313,0.0
0.6666666666666666,0.8695652173913043,0.0,0.224811017914466,0.6153846153846154,0.0
0.41666666666666663,0.30434782608695654,1.0,0.2187014600807704,0.42307692307692313,0.0
0.41666666666666663,1.0,0.0,0.29346587967277615,0.42307692307692313,0.0
0.16666666666666666,0.21739130434782608,1.0,0.5913844879362122,0.07692307692307693,0.05263157894736842
0.7083333333333333,0.6956521739130435,1.0,0.6479237858548201,0.6153846153846154,0.0
0.75,0.8260869565217391,0.835820895522388,0.4277726001863933,0.6923076923076924,0.0
0.5,0.6956521739130435,0.8695652173913043,0.13026819923371635,0.576923076923077,0.0
0.5416666666666666,0.8260869565217391,0.3285714285714285,0.2263642953298125,0.7692307692307693,0.0
0.5833333333333333,0.8260869565217391,0.1016949152542373,0.22273998136067097,0.6538461538461539,0.0
0.08333333333333333,0.26086956521739135,1.0,0.4299471885678783,0.11538461538461539,0.0
0.041666666666666664,0.043478260869565216,1.0,0.35787511649580606,0.07692307692307693,0.10526315789473684
0.125,0.21739130434782608,1.0,0.28994511753132435,0.0,0.7368421052631579
0.16666666666666666,0.043478260869565216,1.0,0.22077249663456544,0.15384615384615385,0.0
0.5,0.8260869565217391,0.8421052631578947,0.25846536191363767,0.6923076923076924,0.0
0.29166666666666663,0.13043478260869565,1.0,0.14818266542404468,0.11538461538461539,0.0
0.6666666666666666,0.3913043478260869,0.9850746268656716,0.32246039142590865,0.6538461538461539,0.0
0.625,0.5652173913043479,0.981132075471698,0.3972248110179144,0.6538461538461539,0.0
0.5833333333333333,0.26086956521739135,1.0,0.41783162472817637,0.3076923076923077,0.0
0.08333333333333333,0.13043478260869565,1.0,0.6701874288081184,0.11538461538461539,0.0
0.7916666666666666,0.5652173913043479,0.9827586206896552,0.34638086362224274,0.5000000000000001,0.0
0.8333333333333333,0.6086956521739131,0.603448275862069,0.36263850056953495,0.7307692307692308,0.0
0.8333333333333333,0.6956521739130435,0.9655172413793104,0.16837527182354772,0.6153846153846154,0.0
0.5,0.30434782608695654,1.0,0.5273894584239411,0.46153846153846156,0.0
0.875,0.9130434782608696,0.3636363636363636,0.24924924924924918,0.5000000000000001,0.0
0.3333333333333333,0.13043478260869565,1.0,0.43274308791550187,0.2692307692307693,0.0
0.5416666666666666,0.4347826086956522,0.9836065573770492,0.34389561975768856,0.6923076923076924,0.0
0.041666666666666664,0.08695652173913043,1.0,0.3350937144040592,0.2307692307692308,0.0
0.16666666666666666,0.08695652173913043,1.0,0.29781505643574613,0.2692307692307693,0.0
0.6666666666666666,0.782608695652174,0.6,0.25080252666459557,0.42307692307692313,0.0
0.7916666666666666,0.4782608695652174,0.9848484848484848,0.31189810500155324,0.7307692307692308,0.0
0.3333333333333333,0.5217391304347826,1.0,0.3453453453453452,0.6923076923076924,0.0
0.41666666666666663,0.6956521739130435,0.2253521126760563,0.43533188360774555,0.2307692307692308,0.0
0.41666666666666663,0.782608695652174,0.125,0.6043284663974318,0.3076923076923077,0.0
0.5833333333333333,0.3913043478260869,0.9692307692307692,0.3225639432535983,0.5384615384615385,0.0
0.29166666666666663,0.17391304347826086,1.0,0.6179973076524798,0.07692307692307693,0.10526315789473684
0.5416666666666666,0.5652173913043479,0.9827586206896552,0.327430879155017,0.46153846153846156,0.0
0.7916666666666666,0.8260869565217391,0.9701492537313432,0.2294708501605054,0.8461538461538463,0.0
0.20833333333333331,0.7391304347826086,0.5245901639344263,0.5009837423630528,0.0,0.3684210526315789
0.5833333333333333,0.3913043478260869,0.9827586206896552,0.5177591384487936,0.34615384615384615,0.0
0.4583333333333333,0.4782608695652174,1.0,0.34130682406544466,0.42307692307692313,0.0
0.875,0.6521739130434783,0.9701492537313432,0.47323185254219724,0.46153846153846156,0.0
0.9166666666666666,0.7391304347826086,0.981132075471698,0.7287977632805218,0.5384615384615385,0.0
0.41666666666666663,0.5652173913043479,1.0,0.3156259707983845,0.5384615384615385,0.0
0.0,0.34782608695652173,1.0,0.344206275240758,0.5000000000000001,0.0
0.7083333333333333,0.21739130434782608,1.0,0.4826550688619655,0.46153846153846156,0.0
0.3333333333333333,0.26086956521739135,1.0,0.45158952055503776,0.3076923076923077,0.0
0.75,0.17391304347826086,1.0,0.3961892927410169,0.07692307692307693,0.05263157894736842
0.16666666666666666,0.8695652173913043,0.0,0.19467743605674626,0.3076923076923077,0.0
0.5416666666666666,0.4782608695652174,0.9859154929577464,0.29626177902039963,0.7307692307692308,0.0
0.0,0.4782608695652174,0.9857142857142858,0.34130682406544466,0.46153846153846156,0.0
0.041666666666666664,0.8260869565217391,0.45,0.3518691104898002,0.07692307692307693,0.0
0.5,0.5652173913043479,0.9848484848484848,0.09785647716682211,0.5384615384615385,0.0
0.3333333333333333,0.26086956521739135,1.0,0.3397535466500984,0.2692307692307693,0.0
0.08333333333333333,0.6086956521739131,0.696969696969697,0.42290566428497467,0.19230769230769232,0.0
0.125,0.3913043478260869,1.0,0.23288806047426736,0.5384615384615385,0.0
0.5833333333333333,0.782608695652174,0.0,0.19581650616133361,0.6923076923076924,0.0
0.625,0.6086956521739131,0.971830985915493,0.5325670498084292,0.46153846153846156,0.0
0.3333333333333333,0.7391304347826086,0.0259740259740259,0.5939732836284559,0.34615384615384615,0.0
0.041666666666666664,0.0,1.0,0.2384798591695143,0.0,0.2631578947368421
0.375,0.5217391304347826,0.9821428571428572,0.3429636533084808,0.3076923076923077,0.0
0.29166666666666663,0.26086956521739135,1.0,0.34192813503158326,0.2692307692307693,0.0
0.5833333333333333,0.4782608695652174,0.981132075471698,0.4520037278657969,0.46153846153846156,0.0
0.41666666666666663,0.34782608695652173,0.9863013698630136,0.16050533291912594,0.6153846153846154,0.0
0.16666666666666666,0.13043478260869565,1.0,0.23102412757585178,0.15384615384615385,0.0
0.6666666666666666,0.5652173913043479,1.0,0.31324427876152006,0.15384615384615385,0.0
0.16666666666666666,0.782608695652174,0.2678571428571428,0.4578026302164233,0.2692307692307693,0.0
0.7083333333333333,0.8260869565217391,0.0,0.7472299886092988,0.34615384615384615,0.0
0.375,0.30434782608695654,1.0,0.1794553173863518,0.07692307692307693,0.10526315789473684
0.5,0.5217391304347826,0.9833333333333332,0.26788857823340584,0.5384615384615385,0.0
0.375,0.7391304347826086,0.0357142857142857,0.2917054986020503,0.6923076923076924,0.0
0.4583333333333333,0.26086956521739135,1.0,0.5260432846639744,0.42307692307692313,0.0
0.29166666666666663,0.26086956521739135,1.0,0.5859997928963447,0.3846153846153847,0.0
0.8333333333333333,0.6521739130434783,0.9859154929577464,0.22657139898519196,0.8461538461538463,0.0
0.75,0.34782608695652173,1.0,0.3443098270684477,0.3076923076923077,0.0
0.75,0.6956521739130435,0.4166666666666667,0.5946981464222845,0.3846153846153847,0.0
0.20833333333333331,0.21739130434782608,1.0,0.731283007145076,0.11538461538461539,0.0
0.625,0.30434782608695654,1.0,0.18546132339235766,0.6153846153846154,0.0
0.25,0.21739130434782608,1.0,0.30651340996168586,0.3076923076923077,0.0
0.6666666666666666,0.13043478260869565,1.0,0.09858133996065033,0.19230769230769232,0.05263157894736842
0.041666666666666664,0.0,1.0,0.6401573987780884,0.0,0.21052631578947367
0.4583333333333333,0.5217391304347826,0.5517241379310345,0.0,0.46153846153846156,0.0
0.8333333333333333,0.782608695652174,0.9622641509433962,0.31096613855234545,0.7307692307692308,0.0
0.5416666666666666,0.043478260869565216,1.0,0.7129543336439887,0.11538461538461539,0.0
0.7083333333333333,0.5217391304347826,0.9318181818181818,0.24634979807393598,0.9230769230769231,0.0
0.3333333333333333,0.26086956521739135,0.9861111111111112,0.5927306616961789,0.3076923076923077,0.0
0.5416666666666666,0.7391304347826086,0.4339622641509434,0.2056539297918608,0.2307692307692308,0.0
0.7083333333333333,0.3913043478260869,0.9743589743589745,0.5217976597286942,0.6923076923076924,0.0
0.6666666666666666,0.4347826086956522,1.0,0.2964688826757791,0.5384615384615385,0.0
0.7916666666666666,0.5652173913043479,0.3432835820895522,0.5280107693900797,0.6923076923076924,0.0
0.6666666666666666,0.6521739130434783,0.9855072463768116,0.18183700942321623,0.6153846153846154,0.0
0.29166666666666663,0.26086956521739135,1.0,0.38749093921507716,0.2307692307692308,0.0
0.8333333333333333,0.4347826086956522,1.0,0.3791032411722066,0.576923076923077,0.0
0.25,0.8260869565217391,0.3728813559322034,0.5509992751372061,0.5384615384615385,0.0
0.29166666666666663,0.13043478260869565,1.0,0.3433778606192397,0.34615384615384615,0.0
0.375,0.8260869565217391,0.7,0.5992544268406337,0.6153846153846154,0.0
0.625,0.5652173913043479,0.981132075471698,0.32970901936419184,0.6923076923076924,0.0
0.41666666666666663,0.21739130434782608,1.0,0.20793207000103553,0.5384615384615385,0.0
0.20833333333333331,0.043478260869565216,1.0,0.5182768975872425,0.15384615384615385,0.0
0.5,0.8260869565217391,0.2954545454545454,0.21435228331780054,0.3846153846153847,0.0
0.7083333333333333,0.3913043478260869,0.9821428571428572,0.4941493217355286,0.46153846153846156,0.0
0.41666666666666663,0.6086956521739131,0.7945205479452054,0.29439784612198394,0.15384615384615385,0.0
0.125,0.26086956521739135,1.0,0.4478616547582066,0.038461538461538464,0.2631578947368421
0.7916666666666666,0.6521739130434783,1.0,0.29191260225742977,0.6923076923076924,0.0
0.5833333333333333,0.3913043478260869,1.0,0.11815263539401455,0.42307692307692313,0.0
0.041666666666666664,0.8260869565217391,0.4776119402985074,0.31448690069379726,0.038461538461538464,0.15789473684210525
0.5416666666666666,0.30434782608695654,1.0,0.554934244589417,0.34615384615384615,0.0
0.8333333333333333,0.9565217391304348,0.3428571428571428,0.9016257636947291,0.8846153846153847,0.0
0.375,0.5217391304347826,1.0,0.7044630837734285,0.5000000000000001,0.0
0.25,0.30434782608695654,0.9821428571428572,0.3182147664906285,0.3846153846153847,0.0
0.16666666666666666,0.7391304347826086,0.7894736842105263,0.43118981050015526,0.07692307692307693,0.10526315789473684
0.20833333333333331,0.13043478260869565,1.0,0.5140312726519622,0.3076923076923077,0.0
0.41666666666666663,0.17391304347826086,1.0,0.14103758931345134,0.42307692307692313,0.0
0.6666666666666666,0.5652173913043479,0.9577464788732394,0.2570156363259811,0.6923076923076924,0.0
0.75,0.782608695652174,0.9821428571428572,0.4202133167650408,0.7692307692307693,0.0
0.625,0.4782608695652174,1.0,0.3746505125815469,0.34615384615384615,0.0
0.4583333333333333,0.26086956521739135,1.0,0.5353629491560525,0.34615384615384615,0.0
0.5416666666666666,0.782608695652174,0.203125,0.4772703738220978,0.3846153846153847,0.0
0.25,0.26086956521739135,0.9861111111111112,0.3614994304649477,0.2307692307692308,0.0
0.08333333333333333,0.13043478260869565,1.0,0.57077767422595,0.2307692307692308,0.0
0.4583333333333333,0.5652173913043479,1.0,0.365641503572538,0.6538461538461539,0.0
0.875,1.0,0.4242424242424242,0.5044009526768147,0.8846153846153847,0.0
0.20833333333333331,0.13043478260869565,1.0,0.6563114838976907,0.2307692307692308,0.0
0.5,0.8695652173913043,0.2575757575757575,0.49901625763694724,0.2307692307692308,0.0
0.6666666666666666,0.6086956521739131,0.9833333333333332,0.18059438749093915,0.576923076923077,0.0
0.20833333333333331,0.0,1.0,0.7509578544061302,0.038461538461538464,0.10526315789473684
0.20833333333333331,0.13043478260869565,1.0,0.13699906803355077,0.2692307692307693,0.0
0.7916666666666666,0.6086956521739131,0.9666666666666668,0.5265610438024231,0.6923076923076924,0.0
0.29166666666666663,0.4782608695652174,1.0,0.38624831728279974,0.3846153846153847,0.0
0.5,0.30434782608695654,1.0,0.6885161023092057,0.3846153846153847,0.0
0.8333333333333333,0.782608695652174,0.9622641509433962,0.3378896137516827,0.6923076923076924,0.0
0.08333333333333333,0.0,1.0,0.37506471989230605,0.038461538461538464,0.2631578947368421
0.5833333333333333,0.5217391304347826,0.981132075471698,0.47613130371751056,0.34615384615384615,0.0
0.29166666666666663,0.043478260869565216,1.0,0.5246971109040075,0.038461538461538464,0.15789473684210525
0.625,0.8260869565217391,0.0967741935483871,0.29377653515584545,0.6153846153846154,0.0
0.5833333333333333,0.3913043478260869,0.9857142857142858,0.22771046908977932,0.6923076923076924,0.0
0.29166666666666663,0.34782608695652173,1.0,0.4130682406544477,0.5384615384615385,0.0
0.125,0.043478260869565216,1.0,0.44610127368748054,0.2692307692307693,0.0
0.41666666666666663,0.26086956521739135,1.0,0.1571916744330537,0.2307692307692308,0.0
0.125,0.21739130434782608,1.0,0.36067101584342964,0.3076923076923077,0.0
0.041666666666666664,0.0,1.0,0.24427876152014094,0.038461538461538464,0.3157894736842105
0.3333333333333333,0.6521739130434783,0.9821428571428572,0.4790307548928239,0.34615384615384615,0.0
0.9166666666666666,0.782608695652174,0.971830985915493,0.1944703324013668,0.8461538461538463,0.0
0.16666666666666666,0.26086956521739135,1.0,0.3430672051361705,0.2692307692307693,0.05263157894736842
0.875,0.5652173913043479,0.9692307692307692,0.4016775396085741,0.7307692307692308,0.0
0.5,0.4347826086956522,1.0,0.1558455006730869,0.5000000000000001,0.0
0.625,0.4347826086956522,0.9473684210526316,0.6252459355907634,0.576923076923077,0.0
0.20833333333333331,0.043478260869565216,1.0,0.579786683234959,0.15384615384615385,0.0
0.6666666666666666,0.6521739130434783,0.971830985915493,0.0599565082323702,0.3846153846153847,0.0
0.6666666666666666,0.26086956521739135,0.9714285714285714,0.18100859480169806,0.576923076923077,0.0
0.9166666666666666,0.7391304347826086,0.282051282051282,0.28828828828828823,0.6923076923076924,0.0
0.5416666666666666,0.3913043478260869,0.981132075471698,0.2513202858030442,0.42307692307692313,0.0
0.29166666666666663,0.21739130434782608,0.9871794871794872,0.4762348555452003,0.15384615384615385,0.0
0.4583333333333333,0.34782608695652173,1.0,0.32970901936419184,0.42307692307692313,0.0
0.16666666666666666,0.13043478260869565,1.0,0.8001449725587657,0.15384615384615385,0.0
0.9166666666666666,0.6086956521739131,0.9615384615384616,0.3917365641503572,0.8076923076923078,0.0
0.7083333333333333,0.782608695652174,0.9636363636363636,0.2652997825411617,0.8461538461538463,0.0
0.3333333333333333,0.34782608695652173,0.9827586206896552,0.5758517137827481,0.3076923076923077,0.0
0.625,0.782608695652174,0.0227272727272727,0.2853888371129749,0.2307692307692308,0.0
0.041666666666666664,0.043478260869565216,1.0,0.48286217251734476,0.0,0.05263157894736842
0.5,0.5217391304347826,0.9827586206896552,0.4109972041006522,0.46153846153846156,0.0
0.25,0.08695652173913043,1.0,0.39391115253184217,0.15384615384615385,0.0
0.08333333333333333,0.08695652173913043,1.0,0.7595526561043802,0.11538461538461539,0.0
0.375,0.5217391304347826,0.9821428571428572,0.16495806150978565,0.576923076923077,0.0
0.4583333333333333,0.6956521739130435,0.9583333333333334,0.23071347209278248,0.5384615384615385,0.0
0.625,0.26086956521739135,1.0,0.23568395982189083,0.0,0.21052631578947367
0.7916666666666666,0.5652173913043479,0.9615384615384616,0.2133167650409028,0.7307692307692308,0.0
0.16666666666666666,0.3913043478260869,1.0,0.7433985709847779,0.5384615384615385,0.0
0.29166666666666663,0.21739130434782608,1.0,0.25898312105208654,0.19230769230769232,0.0
0.4583333333333333,0.21739130434782608,0.9833333333333332,0.354872113492803,0.3846153846153847,0.0
0.5416666666666666,0.8260869565217391,0.4528301886792453,0.6986641814228021,0.42307692307692313,0.0
0.7916666666666666,0.6521739130434783,0.9859154929577464,0.20316868592730664,0.7692307692307693,0.0
0.5416666666666666,0.7391304347826086,0.1698113207547169,0.742880811846329,0.3846153846153847,0.0
0.375,0.5217391304347826,0.9836065573770492,0.9180905042974008,0.34615384615384615,0.0
0.75,0.8695652173913043,0.6078431372549019,0.16433675054364694,0.5000000000000001,0.0
0.5,0.782608695652174,0.0140845070422535,0.6993890442166304,0.6153846153846154,0.0
0.29166666666666663,0.21739130434782608,1.0,0.31386558972765866,0.3076923076923077,0.0
0.8333333333333333,0.6086956521739131,1.0,0.6577612094853473,0.5000000000000001,0.0
0.7083333333333333,0.4347826086956522,0.9027777777777778,0.5712954333643987,0.6538461538461539,0.0
0.25,0.21739130434782608,1.0,0.5209692451071761,0.46153846153846156,0.0
0.5,0.5652173913043479,0.9821428571428572,0.5318421870146008,0.46153846153846156,0.0
0.5416666666666666,0.782608695652174,0.0227272727272727,0.58796727762245,0.34615384615384615,0.0
0.875,0.5652173913043479,0.9726027397260274,0.2638500569535053,0.7692307692307693,0.0
0.5,0.26086956521739135,0.9846153846153848,0.6044320182251217,0.3846153846153847,0.0
0.08333333333333333,0.17391304347826086,0.9857142857142858,0.5113389251320286,0.11538461538461539,0.0
0.5,0.30434782608695654,1.0,0.43046494770632693,0.11538461538461539,0.05263157894736842
0.08333333333333333,0.13043478260869565,1.0,0.6047426737081909,0.11538461538461539,0.05263157894736842
0.08333333333333333,0.13043478260869565,1.0,0.5526561043802423,0.038461538461538464,0.21052631578947367
0.20833333333333331,0.043478260869565216,1.0,0.5444755099927514,0.15384615384615385,0.0
0.041666666666666664,0.043478260869565216,1.0,0.4347105726416072,0.0,0.10526315789473684
0.29166666666666663,0.6956521739130435,0.9655172413793104,0.3271202236719477,0.2307692307692308,0.0
0.9166666666666666,0.782608695652174,0.8974358974358975,0.40312726519623077,0.7692307692307693,0.0
0.5833333333333333,0.30434782608695654,0.9859154929577464,0.45863104483794137,0.3846153846153847,0.0
0.7916666666666666,0.6086956521739131,0.9827586206896552,0.278554416485451,0.576923076923077,0.0
0.5,0.13043478260869565,1.0,0.4395775085430258,0.15384615384615385,0.10526315789473684
1.0,0.21739130434782608,1.0,0.42901522211867027,0.07692307692307693,0.05263157894736842
0.08333333333333333,0.043478260869565216,1.0,0.33136584860722795,0.038461538461538464,0.0
0.5,0.21739130434782608,1.0,0.21217769493631555,0.46153846153846156,0.0
0.08333333333333333,0.043478260869565216,1.0,0.21497359428393903,0.19230769230769232,0.0
1.0,0.8695652173913043,0.971830985915493,0.363466915191053,0.8461538461538463,0.0
0.20833333333333331,0.9130434782608696,0.0,0.4462048255151705,0.15384615384615385,0.0
0.16666666666666666,0.8260869565217391,0.1269841269841269,0.2753443098270685,0.34615384615384615,0.05263157894736842
0.8333333333333333,0.6956521739130435,0.9824561403508772,0.7989023506264887,0.8461538461538463,0.0
0.16666666666666666,0.3913043478260869,0.8974358974358975,0.5898312105208656,0.2307692307692308,0.0
0.8333333333333333,0.8260869565217391,0.5535714285714286,0.7295226260743504,0.576923076923077,0.0
0.20833333333333331,0.08695652173913043,1.0,0.4663974319146733,0.0,0.3157894736842105
0.41666666666666663,0.5217391304347826,0.9807692307692308,0.606503054778917,0.6153846153846154,0.0
0.041666666666666664,0.0,1.0,0.5314279797038417,0.038461538461538464,0.21052631578947367
0.5416666666666666,0.3913043478260869,0.9848484848484848,0.2753443098270685,0.5384615384615385,0.0
0.20833333333333331,0.08695652173913043,1.0,0.19488453971212583,0.07692307692307693,0.0
0.7083333333333333,0.6086956521739131,0.9102564102564102,0.04255980118049085,0.6538461538461539,0.0
0.7083333333333333,0.4782608695652174,0.9803921568627452,0.2993683338510925,0.6153846153846154,0.0
0.08333333333333333,0.08695652173913043,1.0,0.7422595008801904,0.038461538461538464,0.0
0.3333333333333333,0.6521739130434783,0.3142857142857143,0.43377860619239916,0.2692307692307693,0.0
0.41666666666666663,0.5652173913043479,0.9833333333333332,0.6171688930309618,0.3076923076923077,0.0
0.7083333333333333,0.4347826086956522,1.0,0.10189499844672256,0.5000000000000001,0.0
0.125,0.26086956521739135,1.0,0.5870353111732423,0.5000000000000001,0.0
0.20833333333333331,0.043478260869565216,1.0,0.5591798695246972,0.038461538461538464,0.05263157894736842
0.7916666666666666,0.7391304347826086,0.390625,0.0851196023609816,0.34615384615384615,0.0
0.4583333333333333,0.17391304347826086,1.0,0.34700217458838134,0.19230769230769232,0.0
0.20833333333333331,0.13043478260869565,1.0,0.4616340478409444,0.11538461538461539,0.0
0.16666666666666666,0.21739130434782608,1.0,0.3682302992647819,0.0,0.47368421052631576
0.6666666666666666,0.7391304347826086,0.7285714285714285,0.6397431914673295,0.15384615384615385,0.0
0.3333333333333333,0.30434782608695654,1.0,0.37951744848296554,0.3076923076923077,0.0
0.041666666666666664,0.6086956521739131,0.3571428571428571,0.35362949156052603,0.15384615384615385,0.0
0.20833333333333331,0.30434782608695654,1.0,0.7215491353422387,0.34615384615384615,0.0
0.625,0.9130434782608696,0.0,0.19488453971212583,0.6153846153846154,0.0
0.7083333333333333,0.7391304347826086,1.0,0.34855545200372795,0.46153846153846156,0.0
0.0,0.6521739130434783,0.9857142857142858,0.6354975665320493,0.6923076923076924,0.0
0.08333333333333333,0.0,1.0,0.6730868799834315,0.07692307692307693,0.05263157894736842
0.5416666666666666,0.5217391304347826,0.9833333333333332,0.31738635186911046,0.6538461538461539,0.0
0.125,0.0,1.0,0.44392668530599555,0.038461538461538464,0.10526315789473684
0.125,0.08695652173913043,1.0,0.3257740499119809,0.3846153846153847,0.0
0.08333333333333333,0.8260869565217391,0.0,0.47188567878223053,0.19230769230769232,0.0
0.8333333333333333,0.5652173913043479,0.9571428571428572,0.282800041420731,0.7307692307692308,0.0
0.16666666666666666,0.26086956521739135,1.0,0.17593455524489998,0.42307692307692313,0.0
0.5,0.4347826086956522,0.9836065573770492,0.32504918711815256,0.46153846153846156,0.0
0.3333333333333333,0.26086956521739135,1.0,0.3067205136170653,0.3846153846153847,0.0
0.875,0.7391304347826086,0.9672131147540984,0.09640675157916523,0.8846153846153847,0.0
0.9166666666666666,0.5652173913043479,0.9857142857142858,0.6411929170549862,0.8461538461538463,0.0
0.5,0.34782608695652173,1.0,0.39328984156570357,0.5384615384615385,0.0
0.08333333333333333,0.21739130434782608,1.0,0.21455938697318,0.07692307692307693,0.05263157894736842
0.125,0.043478260869565216,1.0,0.39121880501190853,0.15384615384615385,0.0
0.375,0.782608695652174,0.6226415094339622,0.04276690483587031,0.34615384615384615,0.0
0.041666666666666664,0.0,1.0,0.3225639432535983,0.0,0.6842105263157894
0.29166666666666663,0.21739130434782608,1.0,0.3529046287666977,0.2692307692307693,0.0
0.41666666666666663,0.6086956521739131,0.9714285714285714,0.1533602568085326,0.5384615384615385,0.0
0.5,0.30434782608695654,1.0,0.3811742777260019,0.34615384615384615,0.0
0.20833333333333331,0.782608695652174,0.4285714285714285,0.4772703738220978,0.11538461538461539,0.15789473684210525
0.8333333333333333,0.7391304347826086,0.9571428571428572,0.19302060681371014,0.6923076923076924,0.0
0.5833333333333333,0.5652173913043479,0.9848484848484848,0.31003417210313755,0.3846153846153847,0.0
0.08333333333333333,0.17391304347826086,1.0,0.4335715025370197,0.11538461538461539,0.0
0.25,0.17391304347826086,1.0,0.14321217769493633,0.2692307692307693,0.05263157894736842
0.41666666666666663,0.34782608695652173,1.0,0.12426219322771037,0.15384615384615385,0.0
0.8333333333333333,0.6521739130434783,0.7017543859649122,0.036036036036036,0.576923076923077,0.0
0.20833333333333331,0.08695652173913043,1.0,0.7575851713782749,0.19230769230769232,0.0
0.16666666666666666,0.26086956521739135,1.0,0.5906596251423837,0.11538461538461539,0.0
0.3333333333333333,0.4782608695652174,0.981132075471698,0.22325774049911973,0.6153846153846154,0.0
0.9166666666666666,0.5652173913043479,0.981132075471698,0.3104483794138966,0.6923076923076924,0.0
0.7916666666666666,0.6086956521739131,0.9857142857142858,0.17676296986641815,0.576923076923077,0.0
0.8333333333333333,0.34782608695652173,1.0,0.26447136791964365,0.46153846153846156,0.0
0.29166666666666663,0.21739130434782608,1.0,0.645438541990266,0.19230769230769232,0.0
0.7916666666666666,0.4782608695652174,0.9622641509433962,0.30558144351247796,0.8461538461538463,0.0
0.29166666666666663,0.30434782608695654,1.0,0.16651133892513204,0.42307692307692313,0.0
0.375,0.34782608695652173,1.0,0.6831314072693384,0.3846153846153847,0.0
0.6666666666666666,0.6956521739130435,0.5633802816901409,0.5596976286631459,0.46153846153846156,0.0
0.3333333333333333,0.4347826086956522,1.0,0.18090504297400845,0.3076923076923077,0.0
0.3333333333333333,0.4782608695652174,0.9838709677419356,0.2614683649166407,0.42307692307692313,0.0
0.5,0.21739130434782608,0.9859154929577464,0.35425080252666463,0.2307692307692308,0.0
0.3333333333333333,0.8260869565217391,0.676056338028169,0.09454281868074976,0.42307692307692313,0.0
0.8333333333333333,0.8260869565217391,0.0,0.20151185668427052,0.7692307692307693,0.0
0.4583333333333333,0.8260869565217391,0.0,0.34161747954851407,0.6538461538461539,0.0
0.16666666666666666,0.8260869565217391,0.0641025641025641,0.357046701874288,0.19230769230769232,0.0
0.16666666666666666,0.13043478260869565,1.0,0.24842083462773112,0.19230769230769232,0.0
0.6666666666666666,0.6086956521739131,0.0895522388059701,0.2856994925960442,0.7307692307692308,0.0
0.08333333333333333,0.17391304347826086,1.0,0.28745987366677017,0.07692307692307693,0.05263157894736842
0.3333333333333333,0.8260869565217391,0.9859154929577464,0.6468882675779226,0.19230769230769232,0.0
0.5833333333333333,0.5217391304347826,1.0,0.5881743812778295,0.5000000000000001,0.0
0.125,0.043478260869565216,1.0,0.21093507300403846,0.07692307692307693,0.05263157894736842
0.5416666666666666,0.26086956521739135,0.9827586206896552,0.3826240033136583,0.2307692307692308,0.0
0.5416666666666666,0.5652173913043479,0.9743589743589745,0.30713472092782446,0.3846153846153847,0.0
0.25,0.21739130434782608,1.0,0.7262089675882779,0.15384615384615385,0.0
0.5833333333333333,0.4782608695652174,1.0,0.21704463083773418,0.6538461538461539,0.0
0.29166666666666663,0.30434782608695654,1.0,0.6609713161437301,0.3846153846153847,0.0
0.875,0.6956521739130435,0.971830985915493,0.21621621621621612,0.7692307692307693,0.0
0.625,0.5652173913043479,0.981132075471698,0.21000310655483068,0.3076923076923077,0.0
0.7916666666666666,0.6521739130434783,0.9824561403508772,0.33416174795485143,0.576923076923077,0.0
0.29166666666666663,0.30434782608695654,1.0,0.2476959718339028,0.42307692307692313,0.0
0.5833333333333333,1.0,0.25,0.19343481412446917,0.6153846153846154,0.0
0.25,0.043478260869565216,1.0,0.2391011701356529,0.19230769230769232,0.0
0.9583333333333333,0.5652173913043479,0.8974358974358975,0.33540436988712863,0.7307692307692308,0.0
0.20833333333333331,0.043478260869565216,1.0,0.5487211349280314,0.038461538461538464,0.0
1.0,0.9565217391304348,0.9433962264150944,0.5188982085533811,0.8461538461538463,0.0
0.08333333333333333,0.0,1.0,0.6208967588277934,0.07692307692307693,0.15789473684210525
0.7083333333333333,0.782608695652174,0.6,0.49238894066480277,0.34615384615384615,0.05263157894736842
0.375,0.08695652173913043,1.0,0.4857616236926581,0.19230769230769232,0.0
0.4583333333333333,0.7391304347826086,0.9636363636363636,0.24055089572330945,0.2307692307692308,0.0
0.5,0.4782608695652174,0.9848484848484848,0.33488661074867976,0.576923076923077,0.0
0.375,0.34782608695652173,0.9857142857142858,0.3187325256290773,0.3076923076923077,0.0
0.7916666666666666,0.9565217391304348,0.4,0.46111628870249555,0.8076923076923078,0.0
0.125,0.08695652173913043,1.0,0.34027130578854714,0.11538461538461539,0.15789473684210525
0.5416666666666666,0.26086956521739135,1.0,0.11173242207724965,0.2307692307692308,0.0
0.08333333333333333,0.043478260869565216,1.0,0.46940043491767613,0.0,0.10526315789473684
0.7083333333333333,0.6956521739130435,0.5094339622641509,0.1575023299161229,0.7307692307692308,0.0
0.5416666666666666,0.6086956521739131,0.7323943661971831,0.6783680231956095,0.6538461538461539,0.0
0.41666666666666663,0.0,1.0,0.26954540747644196,0.2692307692307693,0.05263157894736842
0.3333333333333333,0.5217391304347826,0.9824561403508772,0.38624831728279974,0.34615384615384615,0.0
0.125,0.5652173913043479,0.9019607843137256,0.7653515584550068,0.15384615384615385,0.0
0.16666666666666666,0.13043478260869565,1.0,0.3365434399917159,0.2307692307692308,0.0
0.8333333333333333,0.6956521739130435,0.9833333333333332,0.33996065030547773,0.6538461538461539,0.0
0.5416666666666666,0.4782608695652174,0.9666666666666668,0.49166407787097444,0.3076923076923077,0.05263157894736842
0.7083333333333333,0.6956521739130435,0.9803921568627452,0.20006213109661397,0.5384615384615385,0.0
0.875,0.8260869565217391,0.9636363636363636,0.25711918815367074,0.6923076923076924,0.0
0.8333333333333333,0.8260869565217391,0.9701492537313432,0.18825722273998124,0.8076923076923078,0.0
0.75,0.7391304347826086,0.9714285714285714,0.672983328155742,0.3076923076923077,0.0
0.8333333333333333,0.4782608695652174,0.9821428571428572,0.6912084498291395,0.0,0.631578947368421
0.4583333333333333,0.34782608695652173,0.9821428571428572,0.5580407994201098,0.42307692307692313,0.0
0.625,0.3913043478260869,1.0,0.24583203893548722,0.576923076923077,0.0
0.8333333333333333,0.3913043478260869,0.9318181818181818,0.4153463808636222,0.8076923076923078,0.0
0.29166666666666663,0.21739130434782608,1.0,0.35808222015118574,0.0,0.3684210526315789
0.41666666666666663,0.34782608695652173,0.9821428571428572,0.15128922025473746,0.5000000000000001,0.0
0.20833333333333331,0.26086956521739135,1.0,0.3497980739360049,0.2692307692307693,0.0
0.4583333333333333,0.5217391304347826,1.0,0.3239101170135653,0.5384615384615385,0.0
0.3333333333333333,0.4347826086956522,0.981132075471698,0.4736460598529564,0.3076923076923077,0.0
0.6666666666666666,0.26086956521739135,1.0,0.6957647302474887,0.11538461538461539,0.0
0.08333333333333333,0.0,1.0,0.6387076731904318,0.0,0.15789473684210525
0.8333333333333333,0.6521739130434783,0.9857142857142858,0.09972041006523769,0.6153846153846154,0.0
0.41666666666666663,0.34782608695652173,0.9571428571428572,0.1472506989748369,0.6538461538461539,0.0
0.6666666666666666,0.5652173913043479,0.9818181818181818,0.17614165890027955,0.6923076923076924,0.0
0.20833333333333331,0.13043478260869565,1.0,0.4711608159884022,0.11538461538461539,0.0
0.625,0.7391304347826086,0.8214285714285714,0.41617479548514025,0.6153846153846154,0.0
0.5833333333333333,0.30434782608695654,1.0,0.23992958475717097,0.2692307692307693,0.0
0.7083333333333333,0.8260869565217391,0.0178571428571428,0.8445687066376721,0.19230769230769232,0.10526315789473684
0.25,0.08695652173913043,1.0,0.803044423734079,0.15384615384615385,0.0
0.4583333333333333,0.30434782608695654,1.0,0.2049290669980326,0.34615384615384615,0.0
0.16666666666666666,0.8260869565217391,0.65,0.7455731593662627,0.15384615384615385,0.0
0.08333333333333333,0.043478260869565216,1.0,0.6114735425080253,0.0,0.47368421052631576
0.3333333333333333,0.5217391304347826,0.6805555555555556,0.3997100548824686,0.34615384615384615,0.0
0.625,0.5217391304347826,0.9859154929577464,0.22501812156984558,0.6538461538461539,0.0
0.08333333333333333,0.0,1.0,0.4574919747333541,0.0,0.05263157894736842
0.875,0.5217391304347826,0.9859154929577464,0.24251838044941498,0.8076923076923078,0.0
0.7916666666666666,0.30434782608695654,0.9772727272727272,0.44175209692451056,0.5384615384615385,0.0
0.25,0.4782608695652174,1.0,0.42539090814952885,0.576923076923077,0.0
0.20833333333333331,0.043478260869565216,1.0,0.36584860722791746,0.07692307692307693,0.15789473684210525
0.8333333333333333,0.4782608695652174,0.981132075471698,0.40250595423009217,0.6538461538461539,0.0
0.7083333333333333,0.30434782608695654,1.0,0.34762348555452016,0.2692307692307693,0.0
0.375,0.782608695652174,0.5087719298245614,0.12012012012012008,0.42307692307692313,0.0
0.6666666666666666,0.5652173913043479,0.9827586206896552,0.45604224914569746,0.3076923076923077,0.0
0.625,0.8695652173913043,0.0,0.5698457077767423,0.6538461538461539,0.0
0.20833333333333331,0.34782608695652173,0.9857142857142858,0.3182147664906285,0.2692307692307693,0.0
0.8333333333333333,0.782608695652174,0.0681818181818181,0.32277104690897784,0.7692307692307693,0.0
0.7083333333333333,0.6521739130434783,0.981132075471698,0.41368955162058607,0.5000000000000001,0.0
0.7916666666666666,0.5217391304347826,0.9821428571428572,0.3969141555348452,0.8461538461538463,0.0
0.16666666666666666,0.26086956521739135,0.9857142857142858,0.4925960443201822,0.19230769230769232,0.0
0.20833333333333331,0.5652173913043479,0.9807692307692308,0.5164129646888267,0.3076923076923077,0.0
0.375,0.4347826086956522,1.0,0.6774360567464015,0.3846153846153847,0.0
0.125,0.0,1.0,0.51941596769183,0.0,0.05263157894736842
0.5,0.08695652173913043,1.0,0.29667598633115866,0.15384615384615385,0.0
0.20833333333333331,0.17391304347826086,1.0,0.24893859376617988,0.19230769230769232,0.0
0.041666666666666664,0.0,1.0,0.687998343170757,0.0,0.2631578947368421
0.041666666666666664,0.0,1.0,0.4654654654654655,0.0,0.47368421052631576
0.16666666666666666,1.0,0.0,0.327430879155017,0.2692307692307693,0.0
0.5,0.4347826086956522,1.0,0.07859583721652685,0.3846153846153847,0.0
0.75,0.8260869565217391,0.0535714285714285,0.48120534327430864,0.3846153846153847,0.0
0.4583333333333333,0.5217391304347826,1.0,0.6972144558351454,0.5000000000000001,0.0
0.041666666666666664,0.08695652173913043,1.0,0.385005695350523,0.07692307692307693,0.0
0.7083333333333333,0.4347826086956522,0.9636363636363636,0.14020917469193328,0.5000000000000001,0.0
0.125,0.17391304347826086,1.0,0.5764730247488867,0.15384615384615385,0.05263157894736842
0.16666666666666666,0.30434782608695654,1.0,0.507714611162887,0.07692307692307693,0.0
0.5833333333333333,0.4782608695652174,0.9833333333333332,0.6949363156259707,0.7307692307692308,0.0
0.20833333333333331,0.043478260869565216,1.0,0.2753443098270685,0.0,0.10526315789473684
0.125,0.13043478260869565,1.0,0.38935487211349296,0.07692307692307693,0.05263157894736842
0.5833333333333333,0.34782608695652173,1.0,0.23143833488661059,0.5384615384615385,0.0
0.25,0.4347826086956522,1.0,0.3657450554002277,0.34615384615384615,0.0
0.7916666666666666,0.6521739130434783,0.9701492537313432,0.39318628973801384,0.8076923076923078,0.0
0.08333333333333333,0.9130434782608696,1.0,0.27430879155017074,0.8076923076923078,0.0
0.041666666666666664,0.08695652173913043,1.0,0.15128922025473746,0.11538461538461539,0.0
0.125,0.17391304347826086,1.0,0.35373304338821576,0.0,0.3684210526315789
0.125,0.17391304347826086,1.0,0.41866003934969465,0.15384615384615385,0.0
0.625,0.7391304347826086,0.0,0.21559490525007763,0.42307692307692313,0.0
0.25,0.6086956521739131,0.6027397260273972,0.1782126954540747,0.19230769230769232,0.05263157894736842
0.4583333333333333,0.08695652173913043,1.0,0.2741016878947913,0.07692307692307693,0.0
0.7916666666666666,0.5217391304347826,0.981132075471698,0.129129129129129,0.6153846153846154,0.0
0.08333333333333333,0.4347826086956522,0.9824561403508772,0.3152117634876255,0.3076923076923077,0.0
0.3333333333333333,0.4347826086956522,1.0,0.3289841565703634,0.42307692307692313,0.0
0.7083333333333333,0.6086956521739131,0.981132075471698,0.5111318214766489,0.7307692307692308,0.0
0.625,0.7391304347826086,0.3035714285714285,0.28683856270063157,0.576923076923077,0.0
0.20833333333333331,0.08695652173913043,1.0,0.7467122294708501,0.07692307692307693,0.0
0.375,0.7391304347826086,0.5492957746478874,0.2989541265403335,0.07692307692307693,0.15789473684210525
0.5,0.4347826086956522,1.0,0.20316868592730664,0.5000000000000001,0.0
0.5833333333333333,0.4347826086956522,1.0,0.6078492285388837,0.3076923076923077,0.0
0.875,0.3913043478260869,0.9777777777777776,0.09630319975147561,0.8461538461538463,0.0
0.041666666666666664,0.17391304347826086,0.9871794871794872,0.48089468779123945,0.038461538461538464,0.10526315789473684
0.9583333333333333,0.8260869565217391,0.9857142857142858,0.18390804597701138,0.7692307692307693,0.0
0.8333333333333333,0.08695652173913043,1.0,0.652687169928549,0.07692307692307693,0.0
0.20833333333333331,0.17391304347826086,1.0,0.4472403437920678,0.07692307692307693,0.0
0.08333333333333333,0.043478260869565216,1.0,0.4482758620689655,0.038461538461538464,0.15789473684210525
0.08333333333333333,0.0,1.0,0.4708501605053328,0.0,0.15789473684210525
0.0,0.6521739130434783,0.9827586206896552,0.2002692347519932,0.7692307692307693,0.0
0.20833333333333331,0.26086956521739135,1.0,0.3665734700217458,0.2307692307692308,0.0
0.041666666666666664,0.043478260869565216,1.0,0.7462980221600912,0.038461538461538464,0.0
0.75,0.6086956521739131,0.9857142857142858,0.6844775810293053,0.6923076923076924,0.0
0.375,0.21739130434782608,1.0,0.3006109557833696,0.3076923076923077,0.0
0.375,0.6521739130434783,0.9827586206896552,0.5925235580407995,0.46153846153846156,0.0
0.5416666666666666,0.6521739130434783,0.0576923076923076,0.011597804701252934,0.5000000000000001,0.0
0.5,0.6521739130434783,0.4929577464788732,0.12664388526457482,0.5384615384615385,0.0
0.7916666666666666,0.6956521739130435,0.9433962264150944,0.705187946567257,0.5384615384615385,0.0
0.625,0.5652173913043479,0.9642857142857144,0.09547478512995744,0.6538461538461539,0.0
0.041666666666666664,0.6086956521739131,0.971830985915493,0.5575230402816611,0.07692307692307693,0.05263157894736842
0.75,0.6956521739130435,0.9838709677419356,0.42249145697421553,0.5384615384615385,0.0
0.375,0.17391304347826086,1.0,0.16019467743605653,0.11538461538461539,0.0
0.5416666666666666,0.043478260869565216,1.0,0.31231231231231227,0.038461538461538464,0.15789473684210525
0.6666666666666666,0.30434782608695654,1.0,0.3290877083980531,0.2692307692307693,0.0
0.625,0.21739130434782608,1.0,0.3937040488764627,0.34615384615384615,0.0
0.41666666666666663,0.21739130434782608,1.0,0.34700217458838134,0.34615384615384615,0.0
0.75,0.5652173913043479,1.0,0.47488868178523336,0.5000000000000001,0.0
0.4583333333333333,0.5217391304347826,0.9857142857142858,0.7363570467018743,0.3846153846153847,0.0
0.5416666666666666,0.782608695652174,0.8235294117647058,0.6595215905560734,0.46153846153846156,0.0
0.20833333333333331,0.17391304347826086,1.0,0.2987470228849538,0.2307692307692308,0.0
0.5833333333333333,0.4782608695652174,0.9824561403508772,0.5498602050326187,0.3076923076923077,0.0
0.0,0.5217391304347826,0.9857142857142858,0.38490214352283325,0.6538461538461539,0.0
0.20833333333333331,0.7391304347826086,0.320754716981132,0.17966242104173147,0.19230769230769232,0.05263157894736842
0.75,0.7391304347826086,0.28,0.35135135135135154,0.7307692307692308,0.0
0.375,0.26086956521739135,1.0,0.5722273998136067,0.2692307692307693,0.0
0.875,0.6956521739130435,0.6428571428571429,0.3447240343792066,0.6923076923076924,0.0
0.20833333333333331,0.6521739130434783,0.9726027397260274,0.3705084394739566,0.11538461538461539,0.05263157894736842
0.125,0.13043478260869565,1.0,0.15874495184839998,0.11538461538461539,0.0
0.08333333333333333,0.043478260869565216,1.0,0.28135031583307446,0.15384615384615385,0.0
0.75,0.17391304347826086,1.0,0.1539815677746711,0.576923076923077,0.0
0.7916666666666666,0.5217391304347826,0.9285714285714286,0.45635290462876665,0.8076923076923078,0.0
0.7916666666666666,0.6956521739130435,0.9714285714285714,0.24189706948327638,0.6923076923076924,0.0
0.75,0.6086956521739131,1.0,0.28901315108211656,0.6153846153846154,0.0
0.16666666666666666,0.08695652173913043,1.0,0.4077870974422697,0.07692307692307693,0.15789473684210525
0.08333333333333333,0.08695652173913043,1.0,0.3636740188464327,0.19230769230769232,0.0
0.41666666666666663,0.3913043478260869,0.981132075471698,0.14476545511028271,0.6153846153846154,0.0
0.5,0.3913043478260869,1.0,0.2853888371129749,0.2307692307692308,0.0
0.3333333333333333,0.6521739130434783,0.7115384615384616,0.5586621103862484,0.5384615384615385,0.0
0.16666666666666666,0.7391304347826086,1.0,0.4265299782541161,0.19230769230769232,0.0
0.875,0.8695652173913043,0.9642857142857144,0.19374546960753847,0.8076923076923078,0.0
0.25,0.043478260869565216,1.0,0.2744123433778607,0.038461538461538464,0.0
0.6666666666666666,0.6956521739130435,0.9824561403508772,0.11463187325256285,0.46153846153846156,0.0
0.7083333333333333,0.7391304347826086,0.9714285714285714,0.3095164129646888,0.6538461538461539,0.0
0.20833333333333331,0.08695652173913043,1.0,0.3452417935176555,0.2307692307692308,0.05263157894736842
0.5416666666666666,0.6521739130434783,0.2857142857142857,0.3688516102309205,0.3076923076923077,0.0
0.29166666666666663,0.5217391304347826,1.0,0.23226674950812887,0.3846153846153847,0.0
0.3333333333333333,0.4347826086956522,1.0,0.17841979910945427,0.6153846153846154,0.0
0.375,0.21739130434782608,1.0,0.27524075799937864,0.2307692307692308,0.0
0.5,0.4782608695652174,1.0,0.26281453867660753,0.7307692307692308,0.0
0.08333333333333333,0.0,1.0,0.3203893548721133,0.0,0.631578947368421
0.4583333333333333,0.6086956521739131,0.9824561403508772,0.22522522522522503,0.6153846153846154,0.0
0.5416666666666666,0.3913043478260869,1.0,0.364398881640261,0.19230769230769232,0.05263157894736842
0.625,0.3913043478260869,1.0,0.5211763487625556,0.15384615384615385,0.0
0.5833333333333333,0.4347826086956522,0.9857142857142858,0.23827275551413485,0.6538461538461539,0.0
0.75,0.7391304347826086,0.2045454545454545,0.35010872941907434,0.5384615384615385,0.0
0.4583333333333333,0.4347826086956522,0.9857142857142858,0.5533809671740708,0.3076923076923077,0.0
0.625,0.26086956521739135,1.0,0.518380449414932,0.34615384615384615,0.0
0.125,0.17391304347826086,1.0,0.3516620068344207,0.15384615384615385,0.10526315789473684
0.8333333333333333,0.5652173913043479,0.7014925373134329,0.32877705291498405,0.6923076923076924,0.0
0.20833333333333331,0.8260869565217391,0.5606060606060606,0.18307963135549332,0.34615384615384615,0.0
0.625,0.3913043478260869,0.9821428571428572,0.42290566428497467,0.42307692307692313,0.0
0.875,0.6086956521739131,0.9803921568627452,0.30102516309412863,0.6923076923076924,0.0
0.9166666666666666,0.4347826086956522,0.9833333333333332,0.5468572020296161,0.576923076923077,0.0
0.375,0.043478260869565216,1.0,0.4538676607642125,0.038461538461538464,0.21052631578947367
0.08333333333333333,0.26086956521739135,1.0,0.5093714404059231,0.0,0.21052631578947367
0.08333333333333333,0.043478260869565216,1.0,0.44775810293051665,0.038461538461538464,0.21052631578947367
0.20833333333333331,0.21739130434782608,1.0,0.5730558144351248,0.3076923076923077,0.0
0.375,0.26086956521739135,0.9863013698630136,0.46339442891167026,0.3846153846153847,0.0
0.3333333333333333,0.30434782608695654,1.0,0.3448275862068966,0.2692307692307693,0.0
0.7083333333333333,0.7391304347826086,0.9848484848484848,0.4995340167753959,0.6153846153846154,0.0
0.625,0.6521739130434783,0.8524590163934426,0.6889303096199648,0.6538461538461539,0.0
0.5,0.782608695652174,0.0,0.2719270995133064,0.2307692307692308,0.05263157894736842
0.5416666666666666,0.21739130434782608,1.0,0.4029201615408511,0.3846153846153847,0.0
0.08333333333333333,0.13043478260869565,1.0,0.18090504297400845,0.07692307692307693,0.10526315789473684
0.3333333333333333,0.21739130434782608,1.0,0.522315418867143,0.038461538461538464,0.2631578947368421
0.041666666666666664,0.13043478260869565,1.0,0.3532152842497671,0.19230769230769232,0.10526315789473684
0.041666666666666664,0.0,1.0,0.27751889820855336,0.0,0.15789473684210525
0.5416666666666666,0.4782608695652174,0.9772727272727272,0.2638500569535053,0.5384615384615385,0.0
0.41666666666666663,0.34782608695652173,1.0,0.5416796106451278,0.3846153846153847,0.0
0.041666666666666664,0.043478260869565216,1.0,0.4698146422284353,0.038461538461538464,0.10526315789473684
0.7083333333333333,0.4347826086956522,0.9824561403508772,0.27627627627627627,0.3846153846153847,0.0
0.41666666666666663,0.7391304347826086,0.7272727272727273,0.4088226157191672,0.11538461538461539,0.05263157894736842
0.08333333333333333,0.13043478260869565,1.0,0.3955679817748785,0.15384615384615385,0.05263157894736842
0.20833333333333331,0.6521739130434783,0.875,0.2757585171378275,0.8076923076923078,0.0
0.5833333333333333,0.6521739130434783,0.9848484848484848,0.6751579165372268,0.6153846153846154,0.0
0.5,0.6956521739130435,0.2105263157894736,0.03821062441752088,0.7692307692307693,0.0
0.7916666666666666,0.6956521739130435,0.9855072463768116,0.5038831935383659,0.6923076923076924,0.0
0.29166666666666663,0.21739130434782608,1.0,0.457077767422595,0.19230769230769232,0.0
0.7916666666666666,0.8260869565217391,0.0,0.30682406544475505,0.8461538461538463,0.0
0.29166666666666663,0.8260869565217391,0.0357142857142857,0.6360153256704981,0.3076923076923077,0.0
0.20833333333333331,0.08695652173913043,1.0,0.5534845190017603,0.11538461538461539,0.0
0.75,0.30434782608695654,0.9871794871794872,0.21238479859169512,0.6538461538461539,0.0
0.4583333333333333,0.30434782608695654,0.9859154929577464,0.5159987573780676,0.5000000000000001,0.0
0.125,0.17391304347826086,1.0,0.28611369990680335,0.34615384615384615,0.0
0.4583333333333333,0.8695652173913043,0.109090909090909,0.3705084394739566,0.2692307692307693,0.0
0.5833333333333333,0.6086956521739131,0.9482758620689656,0.4395775085430258,0.5000000000000001,0.0
0.20833333333333331,0.9130434782608696,0.0,0.367816091954023,0.34615384615384615,0.0
0.29166666666666663,0.17391304347826086,1.0,0.4294294294294294,0.19230769230769232,0.0
0.5833333333333333,0.6521739130434783,0.9807692307692308,0.282800041420731,0.6923076923076924,0.0
0.3333333333333333,0.34782608695652173,1.0,0.4574919747333541,0.34615384615384615,0.0
0.3333333333333333,0.9130434782608696,0.0,0.3800352076214144,0.15384615384615385,0.0
0.29166666666666663,0.9130434782608696,0.05,0.5577301439370406,0.2307692307692308,0.0
0.5,0.4347826086956522,1.0,0.19902661281971612,0.34615384615384615,0.0
0.041666666666666664,0.0,1.0,0.23889406648027334,0.0,0.10526315789473684
0.041666666666666664,0.0,1.0,0.4383348866107486,0.15384615384615385,0.05263157894736842
0.41666666666666663,0.17391304347826086,1.0,0.7262089675882779,0.15384615384615385,0.0
0.20833333333333331,0.13043478260869565,1.0,0.5693279486382934,0.2692307692307693,0.0
0.5833333333333333,0.6956521739130435,0.981132075471698,0.17593455524489998,0.42307692307692313,0.0
0.08333333333333333,0.0,1.0,0.27524075799937864,0.038461538461538464,0.15789473684210525
0.9166666666666666,0.17391304347826086,1.0,0.4447550999275136,0.11538461538461539,0.0
0.25,0.17391304347826086,1.0,0.5619757688723206,0.11538461538461539,0.05263157894736842
0.3333333333333333,0.4782608695652174,0.9767441860465116,0.4041627834731283,0.07692307692307693,0.10526315789473684
0.6666666666666666,0.8695652173913043,0.918032786885246,0.1533602568085326,0.5000000000000001,0.0
0.41666666666666663,0.3913043478260869,0.821917808219178,0.3918401159780469,0.576923076923077,0.0
0.041666666666666664,0.08695652173913043,1.0,0.36833385109247163,0.07692307692307693,0.0
0.7083333333333333,0.5652173913043479,1.0,0.36957647302474883,0.5000000000000001,0.0
0.25,0.13043478260869565,1.0,0.44972558765662196,0.19230769230769232,0.0
0.8333333333333333,0.7391304347826086,0.6274509803921569,0.7001139070104587,0.6153846153846154,0.0
0.75,0.4347826086956522,1.0,0.6533084808946876,0.2692307692307693,0.0
0.7083333333333333,0.3913043478260869,0.9863013698630136,0.6006006006006006,0.3076923076923077,0.0
0.125,0.17391304347826086,1.0,0.36646991819405605,0.19230769230769232,0.0
0.625,0.4782608695652174,1.0,0.21217769493631555,0.576923076923077,0.0
0.25,0.21739130434782608,1.0,0.20762141451796623,0.2307692307692308,0.0
0.3333333333333333,0.34782608695652173,1.0,0.347209278243761,0.42307692307692313,0.0
0.3333333333333333,0.3913043478260869,1.0,0.455835145490318,0.576923076923077,0.0
0.29166666666666663,0.34782608695652173,0.9857142857142858,0.08584446515480992,0.34615384615384615,0.0
0.375,0.30434782608695654,1.0,0.6300093196644923,0.5000000000000001,0.0
0.8333333333333333,0.6086956521739131,0.981132075471698,0.5267681474578025,0.46153846153846156,0.0
0.25,0.17391304347826086,1.0,0.2505954230092161,0.19230769230769232,0.0
0.041666666666666664,0.043478260869565216,1.0,0.5101998550274411,0.0,0.10526315789473684
0.25,0.26086956521739135,1.0,0.2960546753650203,0.07692307692307693,0.15789473684210525
0.6666666666666666,0.4782608695652174,1.0,0.34348141244692965,0.46153846153846156,0.0
0.8333333333333333,0.5652173913043479,0.9821428571428572,0.5005695350522936,0.6153846153846154,0.0
0.3333333333333333,0.34782608695652173,1.0,0.18670394532463486,0.42307692307692313,0.0
0.25,0.13043478260869565,1.0,0.2636429532981256,0.19230769230769232,0.0
0.20833333333333331,0.08695652173913043,1.0,0.44713679196437806,0.0,0.2631578947368421
0.20833333333333331,0.043478260869565216,1.0,0.5761623692658175,0.19230769230769232,0.0
0.25,0.782608695652174,0.8208955223880597,0.4331572952262608,0.34615384615384615,0.0
0.3333333333333333,0.4347826086956522,0.9859154929577464,0.21725173449311375,0.3076923076923077,0.0
0.6666666666666666,0.6086956521739131,0.9821428571428572,0.6777467122294709,0.7307692307692308,0.0
0.08333333333333333,0.6956521739130435,0.9,0.5854820337578959,0.2692307692307693,0.0
0.20833333333333331,0.3913043478260869,0.9871794871794872,0.5069897483690586,0.07692307692307693,0.0
0.5416666666666666,0.5652173913043479,0.9824561403508772,0.2713057885471678,0.5000000000000001,0.0
0.16666666666666666,0.21739130434782608,1.0,0.4702288495391944,0.11538461538461539,0.05263157894736842
0.7916666666666666,0.8695652173913043,0.35,0.2447965206585896,0.6923076923076924,0.0
0.375,0.7391304347826086,0.5892857142857143,0.2033757895826861,0.19230769230769232,0.0
0.8333333333333333,0.782608695652174,0.9622641509433962,0.14735425080252662,0.6923076923076924,0.0
0.20833333333333331,0.6521739130434783,0.380281690140845,0.2855959407683545,0.2307692307692308,0.0
0.625,0.6086956521739131,0.9861111111111112,0.3964999482240861,0.6153846153846154,0.0
0.6666666666666666,0.6956521739130435,0.6078431372549019,0.4625660142901522,0.42307692307692313,0.0
0.08333333333333333,0.043478260869565216,1.0,0.39101170135652885,0.11538461538461539,0.05263157894736842
0.4583333333333333,0.26086956521739135,1.0,0.4650512581547066,0.3076923076923077,0.0
0.75,0.6086956521739131,0.9285714285714286,0.23319871595733677,0.6923076923076924,0.0
0.041666666666666664,0.17391304347826086,1.0,0.23133478305892086,0.0,0.21052631578947367
0.08333333333333333,0.0,1.0,0.5352593973283628,0.038461538461538464,0.05263157894736842
0.5416666666666666,0.6956521739130435,0.981132075471698,0.25235580407994196,0.6538461538461539,0.0
0.5,0.17391304347826086,0.9857142857142858,0.6773325049187118,0.3846153846153847,0.0
0.8333333333333333,0.6521739130434783,0.3134328358208955,0.6917262089675884,0.6923076923076924,0.0
0.7083333333333333,0.6521739130434783,0.9827586206896552,0.2426219322771047,0.6923076923076924,0.0
0.6666666666666666,0.6521739130434783,0.9850746268656716,0.24075799937868902,0.576923076923077,0.0
0.6666666666666666,0.7391304347826086,0.3214285714285714,0.1249870560215387,0.2692307692307693,0.0
0.5,0.26086956521739135,1.0,0.3455524490007247,0.34615384615384615,0.0
0.8333333333333333,0.6956521739130435,0.9423076923076924,0.44900072486279385,0.6923076923076924,0.0
0.16666666666666666,0.17391304347826086,1.0,0.4823444133788961,0.19230769230769232,0.0
0.6666666666666666,0.8260869565217391,0.2,0.564357460909185,0.5384615384615385,0.0
0.875,0.8695652173913043,0.9649122807017544,0.44703324013668855,0.9230769230769231,0.0
0.5,0.7391304347826086,0.75,0.6877912395153776,0.46153846153846156,0.0
0.25,0.21739130434782608,1.0,0.13958786372579468,0.5000000000000001,0.0
0.5,0.13043478260869565,1.0,0.21290255773014388,0.15384615384615385,0.0
0.625,0.6956521739130435,0.9411764705882352,0.22129025577301442,0.6538461538461539,0.0
0.375,0.3913043478260869,0.981132075471698,0.22387905146525833,0.19230769230769232,0.0
0.125,0.0,1.0,0.2939836388112249,0.038461538461538464,0.10526315789473684
0.7083333333333333,0.5217391304347826,0.971830985915493,0.20389354872113497,0.7307692307692308,0.0
0.7916666666666666,0.4782608695652174,0.953846153846154,0.5185875530703117,0.6538461538461539,0.0
0.875,0.5652173913043479,1.0,0.1740706223464844,0.6538461538461539,0.0
0.625,0.5217391304347826,1.0,0.19736978357668,0.6923076923076924,0.0
0.6666666666666666,1.0,0.6901408450704225,0.4841047944496222,0.5000000000000001,0.0
0.5416666666666666,0.26086956521739135,1.0,0.18370094232163203,0.19230769230769232,0.0
0.625,0.7391304347826086,0.0,0.11608159884021951,0.5000000000000001,0.0
0.4583333333333333,0.26086956521739135,1.0,0.3733043388215802,0.34615384615384615,0.0
0.5416666666666666,0.782608695652174,0.2641509433962264,0.6957647302474887,0.5384615384615385,0.0
0.5416666666666666,0.4347826086956522,0.9642857142857144,0.30868799834317073,0.576923076923077,0.0
0.6666666666666666,0.782608695652174,0.9714285714285714,0.18028373200786985,0.576923076923077,0.0
0.25,0.8260869565217391,0.4696969696969697,0.5075075075075075,0.3076923076923077,0.0
0.041666666666666664,0.043478260869565216,1.0,0.5984260122191156,0.038461538461538464,0.10526315789473684
0.5416666666666666,0.3913043478260869,1.0,0.2989541265403335,0.6923076923076924,0.0
0.25,0.21739130434782608,1.0,0.6106451278865073,0.3076923076923077,0.0
0.16666666666666666,0.21739130434782608,1.0,0.4845190017603811,0.19230769230769232,0.0
0.7083333333333333,0.30434782608695654,1.0,0.16060888474681567,0.5384615384615385,0.0
0.20833333333333331,0.5217391304347826,0.3506493506493506,0.2702702702702703,0.5384615384615385,0.0
0.25,0.17391304347826086,1.0,0.24572848710779738,0.34615384615384615,0.0
0.20833333333333331,0.08695652173913043,1.0,0.505540022781402,0.038461538461538464,0.0
0.625,0.782608695652174,0.0,0.7029098063580823,0.3846153846153847,0.0
0.25,0.8260869565217391,0.3571428571428571,0.7310759034896965,0.07692307692307693,0.05263157894736842
0.25,0.782608695652174,0.75,0.16361188774981883,0.2692307692307693,0.0
0.20833333333333331,0.5652173913043479,0.7096774193548387,0.19053536294915596,0.2307692307692308,0.0
0.41666666666666663,0.782608695652174,0.4528301886792453,0.48379413896655277,0.34615384615384615,0.0
0.8333333333333333,0.5652173913043479,1.0,0.18276897587242402,0.576923076923077,0.0
0.8333333333333333,0.7391304347826086,0.9818181818181818,0.40602671637154386,0.7307692307692308,0.0
0.5833333333333333,0.5652173913043479,1.0,0.1689965827896862,0.6538461538461539,0.0
0.875,0.6521739130434783,0.9848484848484848,0.1558455006730869,0.7692307692307693,0.0
0.5,0.4782608695652174,0.9821428571428572,0.37185461323392355,0.42307692307692313,0.0
0.25,0.17391304347826086,1.0,0.10220565392979186,0.19230769230769232,0.10526315789473684
0.75,0.6521739130434783,0.981132075471698,0.49559904732318527,0.6923076923076924,0.0
0.7916666666666666,0.8695652173913043,0.9298245614035088,0.6998032515273895,0.8076923076923078,0.0
0.375,0.4782608695652174,0.9821428571428572,0.31510821165993574,0.5384615384615385,0.0
0.4583333333333333,0.4782608695652174,1.0,0.6332194263228745,0.42307692307692313,0.0
0.041666666666666664,0.0,1.0,0.44133788961375164,0.07692307692307693,0.15789473684210525
0.9166666666666666,0.6086956521739131,0.7543859649122807,0.3955679817748785,0.5384615384615385,0.0
0.6666666666666666,0.5217391304347826,0.9803921568627452,0.5195195195195195,0.5000000000000001,0.0
0.125,0.782608695652174,0.6842105263157895,0.2998860929895413,0.6923076923076924,0.0
0.5,0.5217391304347826,0.9803921568627452,0.34441337889613743,0.34615384615384615,0.0
0.08333333333333333,0.782608695652174,0.8636363636363636,0.4603914259086672,0.038461538461538464,0.2631578947368421
0.5416666666666666,0.5217391304347826,0.9807692307692308,0.269027648337993,0.46153846153846156,0.0
0.5833333333333333,0.6956521739130435,0.0149253731343283,0.7094335715025368,0.46153846153846156,0.0
0.5,0.5652173913043479,0.9871794871794872,0.3296054675365019,0.5384615384615385,0.0
0.041666666666666664,0.0,1.0,0.314590452521487,0.0,0.42105263157894735
0.5833333333333333,0.4347826086956522,0.9871794871794872,0.9132235683959822,0.576923076923077,0.0
0.7083333333333333,0.6956521739130435,0.0,0.18856787822305066,0.6153846153846154,0.0
0.5,0.4347826086956522,0.9859154929577464,0.6099202650926787,0.34615384615384615,0.0
0.5833333333333333,0.5652173913043479,0.981132075471698,0.1553277415346379,0.7307692307692308,0.0
0.5833333333333333,0.17391304347826086,1.0,0.1979910945428187,0.5384615384615385,0.0
0.25,0.21739130434782608,1.0,0.6461634047840945,0.42307692307692313,0.0
0.20833333333333331,0.7391304347826086,0.4328358208955223,0.28135031583307446,0.15384615384615385,0.0
0.8333333333333333,0.6086956521739131,1.0,0.21176348762555652,0.7307692307692308,0.0
0.75,0.782608695652174,0.981132075471698,0.19012115563839693,0.8076923076923078,0.0
0.5833333333333333,0.30434782608695654,1.0,0.43025784405094747,0.2692307692307693,0.0
0.25,0.21739130434782608,1.0,0.27814020917469195,0.2307692307692308,0.0
0.16666666666666666,0.0,1.0,0.2044113078595836,0.038461538461538464,0.05263157894736842
0.20833333333333331,0.13043478260869565,1.0,0.2751372061716889,0.5384615384615385,0.0
0.0,0.6086956521739131,0.981132075471698,0.8487107797452624,0.42307692307692313,0.0
0.08333333333333333,0.0,1.0,0.6042249145697423,0.0,0.3157894736842105
0.25,0.6956521739130435,0.1818181818181818,0.8095681888785335,0.07692307692307693,0.0
0.75,0.4347826086956522,0.9859154929577464,0.9168478823651238,0.5384615384615385,0.0
0.41666666666666663,0.21739130434782608,1.0,0.34037485761623687,0.2692307692307693,0.0
0.125,0.13043478260869565,1.0,0.3286735010872941,0.11538461538461539,0.0
0.625,0.17391304347826086,1.0,0.26830278554416487,0.15384615384615385,0.0
0.5,0.5217391304347826,0.9821428571428572,0.5968727348037692,0.46153846153846156,0.0
0.41666666666666663,0.4782608695652174,0.9827586206896552,0.4795485140312725,0.42307692307692313,0.0
0.7083333333333333,0.30434782608695654,0.9821428571428572,0.6218287252770012,0.3846153846153847,0.0
0.7916666666666666,0.8695652173913043,0.4333333333333333,0.4427876152014083,0.6538461538461539,0.0
0.625,0.4782608695652174,0.9859154929577464,0.3344724034379205,0.6538461538461539,0.0
0.25,0.17391304347826086,1.0,0.4374029201615408,0.11538461538461539,0.10526315789473684
0.8333333333333333,0.6521739130434783,0.9615384615384616,0.448482965724345,0.9230769230769231,0.0
0.5416666666666666,0.3913043478260869,1.0,0.6664595630112871,0.46153846153846156,0.0
0.7083333333333333,0.5652173913043479,0.9672131147540984,0.2866314590452521,0.42307692307692313,0.0
0.29166666666666663,0.6086956521739131,0.981132075471698,0.3322978150564355,0.2307692307692308,0.0
0.7083333333333333,0.782608695652174,0.0,0.29957543750647175,0.7307692307692308,0.0
0.375,0.30434782608695654,0.9863013698630136,0.48752200476338414,0.6153846153846154,0.0
0.75,0.6521739130434783,1.0,0.35083359221290245,0.576923076923077,0.0
0.5833333333333333,0.4782608695652174,1.0,0.3420316868592732,0.46153846153846156,0.0
0.375,0.13043478260869565,1.0,0.1717924821373097,0.11538461538461539,0.10526315789473684
0.6666666666666666,0.8260869565217391,0.0,0.6345656000828415,0.34615384615384615,0.0
0.5416666666666666,0.9130434782608696,0.3454545454545454,0.2110386248317282,0.5384615384615385,0.0
0.8333333333333333,0.5217391304347826,0.9821428571428572,0.33146940043491757,0.6153846153846154,0.0
0.08333333333333333,0.6086956521739131,1.0,0.7169928549238893,0.038461538461538464,0.15789473684210525
0.75,0.34782608695652173,1.0,0.8922025473749613,0.576923076923077,0.0
0.5833333333333333,0.6956521739130435,0.7833333333333333,0.30175002588795696,0.7692307692307693,0.0
0.375,0.4782608695652174,0.8857142857142857,0.5091643367505436,0.07692307692307693,0.0
0.4583333333333333,0.6086956521739131,1.0,0.3035104069586828,0.34615384615384615,0.0
0.5416666666666666,0.9130434782608696,0.0,0.3264989127058092,0.46153846153846156,0.0
0.29166666666666663,0.6521739130434783,0.9666666666666668,0.4157605881743811,0.8461538461538463,0.0
0.125,0.17391304347826086,1.0,0.5617686652169411,0.46153846153846156,0.0
0.25,0.9130434782608696,0.2142857142857142,0.28901315108211656,0.2307692307692308,0.0
0.29166666666666663,0.4782608695652174,1.0,0.16754685720202955,0.3846153846153847,0.0
0.625,0.30434782608695654,1.0,0.37092264678471576,0.2307692307692308,0.0
0.5416666666666666,0.6521739130434783,0.8947368421052632,0.39857098477788133,0.7692307692307693,0.0
0.8333333333333333,0.9130434782608696,0.0188679245283018,0.7186496841669257,0.42307692307692313,0.0
0.6666666666666666,0.34782608695652173,1.0,0.644195920057989,0.6538461538461539,0.0
0.375,0.5652173913043479,0.9848484848484848,0.7731179455317387,0.5000000000000001,0.0
0.7083333333333333,0.6086956521739131,0.971830985915493,0.36325981153567377,0.576923076923077,0.0
0.7083333333333333,0.6956521739130435,0.9772727272727272,0.41638189914051993,0.576923076923077,0.0
0.8333333333333333,0.5217391304347826,1.0,0.4804804804804803,0.5000000000000001,0.0
0.7916666666666666,0.5652173913043479,0.9772727272727272,0.39826032929481214,0.6923076923076924,0.0
0.29166666666666663,0.4782608695652174,0.9821428571428572,0.4609091850471161,0.46153846153846156,0.0
0.16666666666666666,0.08695652173913043,1.0,0.44195920057989,0.15384615384615385,0.05263157894736842
0.7916666666666666,0.6956521739130435,0.4736842105263157,0.22998860929895404,0.6153846153846154,0.0
0.5833333333333333,0.21739130434782608,0.9821428571428572,0.130061095578337,0.34615384615384615,0.0
0.125,0.043478260869565216,1.0,0.39349694522108325,0.11538461538461539,0.15789473684210525
0.3333333333333333,0.13043478260869565,1.0,0.36926581754167964,0.3076923076923077,0.0
0.7083333333333333,0.7391304347826086,0.9107142857142856,0.3136584860722791,0.6538461538461539,0.0
0.16666666666666666,0.08695652173913043,1.0,0.38749093921507716,0.07692307692307693,0.0
0.41666666666666663,0.17391304347826086,1.0,0.327430879155017,0.3846153846153847,0.0
0.08333333333333333,0.0,1.0,0.2432432432432432,0.0,0.21052631578947367
0.75,0.5652173913043479,1.0,0.07590348969659311,0.6538461538461539,0.0
0.625,0.5652173913043479,0.9848484848484848,0.2183908045977011,0.6153846153846154,0.0
0.5,0.4347826086956522,0.9830508474576272,0.7121259190224707,0.42307692307692313,0.0
0.625,0.4347826086956522,0.9850746268656716,0.41555348451900187,0.6153846153846154,0.0
0.5416666666666666,0.4782608695652174,0.9863013698630136,0.3765144454799625,0.7307692307692308,0.0
0.7916666666666666,0.6956521739130435,0.9824561403508772,0.37827482655068856,0.6153846153846154,0.0
0.4583333333333333,0.4347826086956522,0.9848484848484848,0.19188153670912278,0.3846153846153847,0.0
0.29166666666666663,0.21739130434782608,1.0,0.6069172620896759,0.07692307692307693,0.05263157894736842
0.5416666666666666,0.08695652173913043,1.0,0.410686548617583,0.038461538461538464,0.15789473684210525
0.25,0.34782608695652173,1.0,0.1628870249559906,0.2692307692307693,0.0
0.5416666666666666,0.782608695652174,0.8428571428571429,0.2177694936315624,0.5384615384615385,0.0
0.041666666666666664,0.08695652173913043,1.0,0.21207414310862582,0.11538461538461539,0.10526315789473684
0.5833333333333333,0.34782608695652173,1.0,0.200476338407373,0.3076923076923077,0.0
0.7083333333333333,0.34782608695652173,1.0,0.2935694315004659,0.5000000000000001,0.0
0.6666666666666666,0.3913043478260869,0.9857142857142858,0.14756135445790608,0.5000000000000001,0.0
0.20833333333333331,0.30434782608695654,1.0,0.4265299782541161,0.15384615384615385,0.0
0.125,0.13043478260869565,1.0,0.2243968106037071,0.11538461538461539,0.05263157894736842
1.0,0.6956521739130435,0.9622641509433962,0.4173138655897277,0.8846153846153847,0.0
0.75,0.782608695652174,0.8867924528301887,0.3325049187118153,0.576923076923077,0.0
0.5833333333333333,0.4782608695652174,1.0,0.2311276794035415,0.5384615384615385,0.0
0.25,0.26086956521739135,0.9859154929577464,0.33902868385627005,0.2307692307692308,0.0
0.125,0.043478260869565216,1.0,0.769907838873356,0.15384615384615385,0.0
0.875,0.6521739130434783,0.9622641509433962,0.4823444133788961,0.7692307692307693,0.0
0.75,0.6086956521739131,0.9859154929577464,0.2773117945531738,0.42307692307692313,0.0
0.4583333333333333,0.4347826086956522,1.0,0.31448690069379726,0.5000000000000001,0.0
0.41666666666666663,0.4347826086956522,0.9827586206896552,0.23060992026509275,0.6153846153846154,0.0
0.08333333333333333,0.6956521739130435,0.2105263157894736,0.710779745262504,0.5000000000000001,0.0
0.16666666666666666,0.13043478260869565,1.0,0.6004970487729109,0.2307692307692308,0.0
0.20833333333333331,0.17391304347826086,1.0,0.2745158952055503,0.15384615384615385,0.0
0.5833333333333333,0.21739130434782608,0.9655172413793104,0.6732939836388112,0.19230769230769232,0.0
0.75,0.7391304347826086,0.9428571428571428,0.3717510614062338,0.34615384615384615,0.0
0.5416666666666666,0.30434782608695654,1.0,0.6730868799834315,0.42307692307692313,0.0
0.375,0.08695652173913043,0.9859154929577464,0.2435538987263125,0.11538461538461539,0.0
0.5833333333333333,0.6956521739130435,0.8285714285714286,0.5118566842704773,0.34615384615384615,0.0
0.041666666666666664,0.08695652173913043,1.0,0.3056849953401678,0.19230769230769232,0.0
0.20833333333333331,0.13043478260869565,0.9859154929577464,0.55793724759242,0.5384615384615385,0.0
0.041666666666666664,0.17391304347826086,1.0,0.321424873149011,0.19230769230769232,0.0
0.16666666666666666,0.043478260869565216,1.0,0.3522833178005591,0.0,0.3684210526315789
0.08333333333333333,0.0,1.0,0.16236926581754152,0.07692307692307693,0.05263157894736842
0.75,0.8260869565217391,0.1764705882352941,0.40747644195920074,0.7307692307692308,0.0
0.875,0.8260869565217391,0.3205128205128205,0.31417624521072807,0.7692307692307693,0.0
0.41666666666666663,0.043478260869565216,1.0,0.8480894687791241,0.2307692307692308,0.10526315789473684
0.7916666666666666,0.4347826086956522,0.967741935483871,0.3092057574816195,0.34615384615384615,0.0
0.7916666666666666,0.13043478260869565,0.9863013698630136,0.415035725380553,0.576923076923077,0.0
0.5416666666666666,0.6956521739130435,0.9803921568627452,0.7030133581857718,0.5000000000000001,0.0
0.20833333333333331,0.17391304347826086,1.0,0.46401573987780886,0.2692307692307693,0.0
0.125,0.0,1.0,0.5323599461530495,0.15384615384615385,0.10526315789473684
0.75,0.6521739130434783,0.4666666666666667,0.2368230299264782,0.8076923076923078,0.0
0.6666666666666666,0.5652173913043479,0.9482758620689656,0.28870249559904726,0.5000000000000001,0.0
0.7916666666666666,0.7391304347826086,0.9857142857142858,0.39287563425494465,0.6538461538461539,0.0
0.6666666666666666,0.6956521739130435,0.9807692307692308,0.8827793310551932,0.6538461538461539,0.0
0.041666666666666664,0.0,1.0,0.25991508750129433,0.0,0.5789473684210527
0.08333333333333333,0.0,1.0,0.2783473128300713,0.0,0.3684210526315789
0.625,0.6086956521739131,0.9824561403508772,0.4406130268199233,0.42307692307692313,0.0
0.29166666666666663,0.6956521739130435,0.7954545454545454,0.40405923164543855,0.3846153846153847,0.0
0.3333333333333333,0.5217391304347826,0.9827586206896552,0.36201718960339657,0.46153846153846156,0.0
0.625,0.3913043478260869,1.0,0.1797659728694211,0.46153846153846156,0.0
0.20833333333333331,0.4347826086956522,1.0,0.3484519001760382,0.2692307692307693,0.0
0.20833333333333331,0.17391304347826086,1.0,0.8117427772600188,0.07692307692307693,0.0
0.6666666666666666,0.6521739130434783,0.9824561403508772,0.3595319457388422,0.6153846153846154,0.0
0.375,0.3913043478260869,1.0,0.02174588381484921,0.42307692307692313,0.0
0.3333333333333333,0.3913043478260869,1.0,0.12229470850160495,0.5000000000000001,0.0
0.3333333333333333,0.5217391304347826,0.9824561403508772,0.15418867143005066,0.5000000000000001,0.0
0.5416666666666666,0.5652173913043479,0.9827586206896552,0.20907114010562278,0.5000000000000001,0.0
0.08333333333333333,0.0,1.0,0.48783266024645333,0.038461538461538464,0.21052631578947367
0.041666666666666664,0.0,1.0,0.5209692451071761,0.0,0.42105263157894735
0.875,0.4347826086956522,0.9857142857142858,0.315004659832246,0.46153846153846156,0.0
0.041666666666666664,0.0,1.0,0.19944082013047515,0.0,0.21052631578947367
0.20833333333333331,0.08695652173913043,1.0,0.5181733457595528,0.0,0.15789473684210525
0.375,0.30434782608695654,1.0,0.1329605467536502,0.2307692307692308,0.0
0.75,0.5217391304347826,0.9827586206896552,0.46743295019157083,0.3846153846153847,0.0
0.4583333333333333,0.3913043478260869,0.9871794871794872,0.1772807290048669,0.46153846153846156,0.0
0.25,0.6521739130434783,1.0,0.20534327430879162,0.7692307692307693,0.0
0.4583333333333333,0.30434782608695654,0.9848484848484848,0.2515273894584239,0.42307692307692313,0.0
0.08333333333333333,0.0,1.0,0.31572952262607434,0.0,0.10526315789473684
0.25,0.8695652173913043,0.028169014084507,0.431293362327845,0.07692307692307693,0.0
0.4583333333333333,0.6521739130434783,0.981132075471698,0.3197680439059749,0.2692307692307693,0.0
0.20833333333333331,0.043478260869565216,1.0,0.36709122916019465,0.07692307692307693,0.0
0.7083333333333333,0.782608695652174,0.0862068965517241,0.3822097960028994,0.6923076923076924,0.0
0.625,0.6956521739130435,0.9649122807017544,0.23868696282489388,0.5384615384615385,0.0
0.625,0.6086956521739131,0.9545454545454546,0.31448690069379726,0.6538461538461539,0.0
0.75,0.8260869565217391,0.981132075471698,0.18339028683856262,0.6923076923076924,0.0
0.7083333333333333,0.4347826086956522,1.0,0.7320078699389045,0.5000000000000001,0.0
0.5833333333333333,0.6956521739130435,0.981132075471698,0.09402505954230078,0.6153846153846154,0.0
0.625,0.4782608695652174,0.9857142857142858,0.16247281764523158,0.576923076923077,0.0
0.4583333333333333,0.13043478260869565,1.0,0.5433364398881639,0.11538461538461539,0.05263157894736842
0.41666666666666663,0.6086956521739131,0.9824561403508772,0.6841669255462359,0.5384615384615385,0.0
0.7083333333333333,0.782608695652174,0.5507246376811594,0.7021849435642538,0.8076923076923078,0.0
0.3333333333333333,0.21739130434782608,1.0,0.34855545200372795,0.11538461538461539,0.0
0.5833333333333333,0.4782608695652174,0.9848484848484848,0.15667391529460495,0.3076923076923077,0.0
0.75,0.6086956521739131,0.9824561403508772,0.19519519519519535,0.7307692307692308,0.0
0.7916666666666666,0.9130434782608696,0.0,0.2795899347623485,0.576923076923077,0.0
0.4583333333333333,0.782608695652174,0.5714285714285714,0.3477270373822099,0.038461538461538464,0.05263157894736842
0.20833333333333331,0.21739130434782608,1.0,0.4746815781298539,0.19230769230769232,0.05263157894736842
0.125,0.08695652173913043,1.0,0.16216216216216206,0.15384615384615385,0.0
1.0,0.7391304347826086,0.9821428571428572,0.4908356632494564,0.7692307692307693,0.0
0.7083333333333333,0.5217391304347826,0.967741935483871,0.4272548410479444,0.6538461538461539,0.0
0.5833333333333333,0.782608695652174,0.6724137931034483,0.23661592627109873,0.6923076923076924,0.0
0.875,0.5652173913043479,0.9772727272727272,0.3389251320285802,0.6923076923076924,0.0
0.7916666666666666,0.6086956521739131,0.9705882352941176,0.3901832867350108,0.6153846153846154,0.0
0.16666666666666666,0.043478260869565216,1.0,0.5462358910634773,0.07692307692307693,0.0
0.625,0.5652173913043479,0.9848484848484848,0.23278450864657763,0.5000000000000001,0.0
0.20833333333333331,0.3913043478260869,1.0,0.03841772807290045,0.34615384615384615,0.0
1.0,0.9565217391304348,0.0,0.36926581754167964,0.3076923076923077,0.05263157894736842
0.125,0.043478260869565216,1.0,0.6332194263228745,0.038461538461538464,0.21052631578947367
0.7083333333333333,0.6521739130434783,0.981132075471698,0.21404162783473124,0.7307692307692308,0.0
0.125,0.0,1.0,0.5977011494252873,0.038461538461538464,0.10526315789473684
0.20833333333333331,0.30434782608695654,1.0,0.19902661281971612,0.19230769230769232,0.0
0.375,0.26086956521739135,1.0,0.16878947913430675,0.3076923076923077,0.0
0.4583333333333333,0.30434782608695654,1.0,0.614994304649477,0.3076923076923077,0.0
0.25,0.7391304347826086,0.1929824561403508,0.07901004452728588,0.15384615384615385,0.0
0.9166666666666666,0.6956521739130435,0.8831168831168831,0.2955369162265713,0.7692307692307693,0.0
0.08333333333333333,0.08695652173913043,1.0,0.3293983638811224,0.07692307692307693,0.0
0.5416666666666666,0.5217391304347826,0.9859154929577464,0.22884953919436668,0.8461538461538463,0.0
0.7916666666666666,0.7391304347826086,0.9666666666666668,0.2563943253598425,0.6923076923076924,0.0
0.16666666666666666,0.0,1.0,0.5899347623485556,0.07692307692307693,0.05263157894736842
0.25,0.26086956521739135,1.0,0.17479548514031285,0.2307692307692308,0.0
0.375,0.3913043478260869,0.9833333333333332,0.35621828725277016,0.3076923076923077,0.0
0.3333333333333333,0.13043478260869565,1.0,0.6580718649684167,0.34615384615384615,0.0
0.4583333333333333,0.26086956521739135,0.9871794871794872,0.5984260122191156,0.42307692307692313,0.0
0.7916666666666666,0.6086956521739131,0.8771929824561403,0.34669151910531215,0.7307692307692308,0.0
0.041666666666666664,0.0,1.0,0.1679610645127887,0.11538461538461539,0.10526315789473684
0.7083333333333333,0.6956521739130435,0.9714285714285714,0.15874495184839998,0.7692307692307693,0.0
0.25,0.8695652173913043,0.0,0.3178005591798695,0.3076923076923077,0.0
0.29166666666666663,0.34782608695652173,0.9827586206896552,0.11649580615097854,0.3076923076923077,0.0
0.20833333333333331,0.13043478260869565,1.0,0.7916537226882052,0.11538461538461539,0.0
0.8333333333333333,0.6956521739130435,0.9818181818181818,0.7490939215077148,0.7692307692307693,0.0
0.8333333333333333,0.3913043478260869,0.9871794871794872,0.36802319560940244,0.19230769230769232,0.0
0.7083333333333333,0.4347826086956522,0.971830985915493,0.33043388215802016,0.6153846153846154,0.0
0.625,0.5652173913043479,0.9859154929577464,0.38200269234751993,0.576923076923077,0.0
0.29166666666666663,0.8260869565217391,0.6666666666666666,0.7327327327327327,0.2307692307692308,0.0
0.375,0.8695652173913043,0.0806451612903225,0.5417831624728175,0.6153846153846154,0.0
0.875,0.9130434782608696,0.981132075471698,0.17106761934348136,0.6538461538461539,0.0
0.5833333333333333,0.4347826086956522,1.0,0.3225639432535983,0.2692307692307693,0.0
0.5,0.782608695652174,0.9857142857142858,0.5022263642953297,0.46153846153846156,0.0
0.3333333333333333,0.30434782608695654,1.0,0.27203065134099613,0.11538461538461539,0.0
0.25,0.6086956521739131,0.1232876712328767,0.4357460909185047,0.2692307692307693,0.0
0.3333333333333333,0.21739130434782608,0.9859154929577464,0.4320182251216733,0.3076923076923077,0.0
0.5833333333333333,0.6086956521739131,0.9818181818181818,0.22118670394532458,0.7307692307692308,0.0
0.20833333333333331,0.043478260869565216,1.0,0.5621828725277,0.07692307692307693,0.0
0.41666666666666663,0.13043478260869565,1.0,0.4446515480998239,0.2692307692307693,0.0
0.41666666666666663,0.34782608695652173,0.9859154929577464,0.7465051258154707,0.34615384615384615,0.0
0.4583333333333333,0.8695652173913043,0.0641025641025641,0.3120016568292431,0.42307692307692313,0.0
1.0,1.0,0.0204081632653061,0.32888060474267367,0.8846153846153847,0.0
0.29166666666666663,0.8260869565217391,0.2142857142857142,0.37734286010148077,0.2307692307692308,0.0
0.16666666666666666,0.043478260869565216,1.0,0.4370922646784714,0.07692307692307693,0.0
0.41666666666666663,0.21739130434782608,1.0,0.6615926271098687,0.46153846153846156,0.0
0.3333333333333333,0.30434782608695654,1.0,0.3799316557937249,0.11538461538461539,0.05263157894736842
0.20833333333333331,0.6956521739130435,0.0961538461538461,0.3924614269441855,0.19230769230769232,0.0
0.8333333333333333,0.8695652173913043,0.0,0.5283214248731491,0.7307692307692308,0.0
0.29166666666666663,0.043478260869565216,1.0,0.5907631769700736,0.11538461538461539,0.0
0.041666666666666664,0.0,1.0,0.4427876152014083,0.038461538461538464,0.21052631578947367
0.25,0.13043478260869565,1.0,0.3239101170135653,0.038461538461538464,0.15789473684210525
0.7083333333333333,0.5217391304347826,0.9482758620689656,0.244175209692451,0.8846153846153847,0.0
0.5833333333333333,0.5652173913043479,0.9857142857142858,0.2136274205239722,0.46153846153846156,0.0
0.6666666666666666,0.782608695652174,0.4102564102564102,0.23423423423423428,0.5384615384615385,0.0
0.4583333333333333,0.8695652173913043,0.1282051282051282,0.7247592420006215,0.11538461538461539,0.0
0.7083333333333333,1.0,0.0,0.29025577301439354,0.42307692307692313,0.0
0.20833333333333331,0.26086956521739135,0.9848484848484848,0.6248317282800042,0.2692307692307693,0.0
0.29166666666666663,0.26086956521739135,1.0,0.9407683545614582,0.11538461538461539,0.0
0.4583333333333333,0.34782608695652173,1.0,0.9383866625245936,0.42307692307692313,0.0
0.20833333333333331,0.13043478260869565,1.0,0.5200372786579683,0.46153846153846156,0.0
0.75,0.4782608695652174,0.9833333333333332,0.4663974319146733,0.7307692307692308,0.0
0.20833333333333331,0.7391304347826086,0.65,0.4743709226467847,0.11538461538461539,0.05263157894736842
0.7916666666666666,0.6956521739130435,0.9859154929577464,0.47706327016671835,0.46153846153846156,0.0
0.25,0.21739130434782608,1.0,0.18981050015532763,0.46153846153846156,0.0
0.375,0.26086956521739135,0.987012987012987,0.16589002795899344,0.3076923076923077,0.0
0.75,0.21739130434782608,1.0,0.44610127368748054,0.19230769230769232,0.10526315789473684
0.29166666666666663,0.043478260869565216,1.0,0.5523454488971729,0.038461538461538464,0.0
0.41666666666666663,0.4347826086956522,0.9850746268656716,0.6766076421248834,0.3846153846153847,0.0
0.4583333333333333,0.30434782608695654,1.0,0.5036760898829864,0.2692307692307693,0.0
0.625,0.4347826086956522,0.9859154929577464,0.5618722170446309,0.576923076923077,0.0
0.041666666666666664,0.0,1.0,0.6730868799834315,0.0,0.15789473684210525
0.125,0.043478260869565216,1.0,0.5273894584239411,0.038461538461538464,0.2631578947368421
0.20833333333333331,0.8260869565217391,0.2545454545454545,0.11815263539401455,0.5384615384615385,0.0
0.3333333333333333,0.17391304347826086,1.0,0.15418867143005066,0.15384615384615385,0.0
0.0,0.8260869565217391,0.0,0.1469400434917677,0.5000000000000001,0.0
0.375,0.26086956521739135,1.0,0.9262710986848919,0.07692307692307693,0.0
0.7916666666666666,0.5217391304347826,0.9642857142857144,0.4246660453557005,0.038461538461538464,0.05263157894736842
0.5833333333333333,0.5217391304347826,0.9714285714285714,0.15377446411929163,0.7307692307692308,0.0
0.041666666666666664,0.0,1.0,0.3015429222325774,0.0,0.05263157894736842
0.41666666666666663,0.5652173913043479,1.0,0.11162887024955981,0.5384615384615385,0.0
0.625,0.5217391304347826,0.9722222222222222,0.6324945635290464,0.42307692307692313,0.0
0.625,0.6956521739130435,0.9859154929577464,0.6067101584342964,0.6538461538461539,0.0
0.375,0.3913043478260869,0.9871794871794872,0.6639743191467329,0.576923076923077,0.0
0.125,0.17391304347826086,1.0,0.5114424769597181,0.038461538461538464,0.15789473684210525
0.7916666666666666,0.17391304347826086,1.0,0.40043491767629713,0.11538461538461539,0.05263157894736842
0.5416666666666666,0.6086956521739131,0.981132075471698,0.3805529667598633,0.576923076923077,0.0
0.25,0.9130434782608696,0.064516129032258,0.5840323081702392,0.2692307692307693,0.0
0.5416666666666666,0.3913043478260869,1.0,0.226985606295951,0.11538461538461539,0.10526315789473684
0.5,0.5217391304347826,1.0,0.710676193434814,0.6923076923076924,0.0
0.4583333333333333,0.21739130434782608,0.9833333333333332,0.14020917469193328,0.3846153846153847,0.0
0.7083333333333333,0.8695652173913043,0.3584905660377358,0.7137827482655068,0.8076923076923078,0.0
0.75,0.7391304347826086,0.1666666666666666,0.3037175106140624,0.8076923076923078,0.0
0.9166666666666666,0.6521739130434783,0.9714285714285714,0.23568395982189083,0.5384615384615385,0.0
0.20833333333333331,0.4347826086956522,0.7307692307692307,0.3197680439059749,0.11538461538461539,0.05263157894736842
0.9166666666666666,0.4347826086956522,0.9821428571428572,0.6589002795899348,0.46153846153846156,0.0
0.375,0.21739130434782608,1.0,0.32214973594283935,0.2692307692307693,0.0
0.9166666666666666,0.8695652173913043,0.0153846153846153,0.44423734078906496,0.6538461538461539,0.0
0.3333333333333333,0.34782608695652173,1.0,0.22077249663456544,0.3846153846153847,0.0
0.041666666666666664,0.6956521739130435,0.8591549295774648,0.44900072486279385,0.19230769230769232,0.10526315789473684
0.5,0.4782608695652174,0.9807692307692308,0.21021021021021014,0.5000000000000001,0.0
0.29166666666666663,0.4782608695652174,1.0,0.5033654343999172,0.15384615384615385,0.10526315789473684
0.5,0.4347826086956522,0.9821428571428572,0.393600497048773,0.6538461538461539,0.0
0.7083333333333333,0.4347826086956522,1.0,0.09682095888992426,0.42307692307692313,0.0
0.7083333333333333,0.5652173913043479,0.9622641509433962,0.25846536191363767,0.7307692307692308,0.0
0.5,0.6086956521739131,0.7564102564102564,0.27751889820855336,0.6153846153846154,0.0
0.29166666666666663,0.17391304347826086,0.9850746268656716,0.7361499430464948,0.5000000000000001,0.0
0.125,0.17391304347826086,1.0,0.2627109868489178,0.15384615384615385,0.0
0.875,0.6521739130434783,0.9824561403508772,0.43553898726312523,0.6923076923076924,0.0
0.29166666666666663,0.8695652173913043,0.0,0.25587656622139376,0.2692307692307693,0.0
0.08333333333333333,0.8260869565217391,0.6792452830188679,0.7680439059749404,0.038461538461538464,0.3684210526315789
0.5416666666666666,0.4347826086956522,1.0,0.38345241793517637,0.576923076923077,0.0
0.3333333333333333,0.26086956521739135,1.0,0.9608574091332711,0.2692307692307693,0.0
0.7916666666666666,0.6956521739130435,0.9807692307692308,0.34793414103758913,0.5384615384615385,0.0
0.7083333333333333,0.6086956521739131,0.9428571428571428,0.41648545096820966,0.6153846153846154,0.0
0.625,0.782608695652174,0.0377358490566037,0.2900486693590141,0.7692307692307693,0.0
0.5833333333333333,0.34782608695652173,1.0,0.7048772910841876,0.3076923076923077,0.0
0.3333333333333333,0.5652173913043479,0.8490566037735849,0.567878223050637,0.2307692307692308,0.05263157894736842
0.08333333333333333,0.26086956521739135,1.0,0.3299161230195712,0.11538461538461539,0.15789473684210525
0.41666666666666663,0.3913043478260869,0.9871794871794872,0.37765351558454996,0.5384615384615385,0.0
0.6666666666666666,0.4347826086956522,0.9848484848484848,0.2770011390701047,0.6923076923076924,0.0
0.6666666666666666,0.8260869565217391,0.0,0.34389561975768856,0.6923076923076924,0.0
0.20833333333333331,0.13043478260869565,1.0,0.2260536398467432,0.19230769230769232,0.0
0.041666666666666664,0.7391304347826086,0.7611940298507462,0.5143419281350314,0.038461538461538464,0.21052631578947367
0.125,0.13043478260869565,1.0,0.633530081805944,0.2692307692307693,0.0
0.7083333333333333,0.5217391304347826,1.0,0.2613648130889511,0.6923076923076924,0.0
0.4583333333333333,0.4347826086956522,1.0,0.38842290566428495,0.34615384615384615,0.0
0.16666666666666666,0.21739130434782608,1.0,0.14932173552863204,0.2692307692307693,0.0
0.75,0.782608695652174,0.4696969696969697,0.20762141451796623,0.6538461538461539,0.0
0.8333333333333333,0.6521739130434783,0.984375,0.20969245107176138,0.6538461538461539,0.0
0.75,0.5217391304347826,0.9722222222222222,0.44900072486279385,0.5384615384615385,0.0
0.75,0.3913043478260869,0.9859154929577464,0.7109868489178834,0.576923076923077,0.0
0.41666666666666663,0.6956521739130435,0.9384615384615383,0.10759034896965936,0.34615384615384615,0.0
0.041666666666666664,0.08695652173913043,1.0,0.4886610748679714,0.0,0.15789473684210525
0.7916666666666666,0.6956521739130435,0.981132075471698,0.36450243346795075,0.8461538461538463,0.0
0.41666666666666663,0.7391304347826086,0.0701754385964912,0.5583514549031792,0.07692307692307693,0.05263157894736842
0.7083333333333333,0.17391304347826086,1.0,0.9016257636947291,0.3076923076923077,0.0
0.375,0.21739130434782608,1.0,0.6018432225328776,0.07692307692307693,0.05263157894736842
0.7083333333333333,0.4347826086956522,1.0,0.6043284663974318,0.6153846153846154,0.0
0.9166666666666666,0.782608695652174,0.2982456140350877,0.21569845707776736,0.6923076923076924,0.0
0.8333333333333333,0.5217391304347826,1.0,0.45117531324427884,0.6923076923076924,0.0
0.08333333333333333,0.043478260869565216,1.0,0.5267681474578025,0.0,0.47368421052631576
0.7083333333333333,0.5217391304347826,0.9859154929577464,0.3684374029201616,0.7307692307692308,0.0
0.875,0.30434782608695654,0.9701492537313432,0.28683856270063157,0.6538461538461539,0.0
0.29166666666666663,0.26086956521739135,0.9830508474576272,0.31251941596769184,0.2692307692307693,0.0
0.7916666666666666,0.6086956521739131,0.9857142857142858,0.07145076110593351,0.7692307692307693,0.0
0.25,0.13043478260869565,1.0,0.9190224707466086,0.07692307692307693,0.0
0.5,0.3913043478260869,0.9871794871794872,0.3159366262814537,0.6538461538461539,0.0
0.29166666666666663,0.30434782608695654,0.9833333333333332,0.3968106037071555,0.34615384615384615,0.0
0.3333333333333333,0.34782608695652173,1.0,0.5732629180905042,0.19230769230769232,0.0
0.4583333333333333,0.26086956521739135,1.0,0.580718649684167,0.2692307692307693,0.0
0.29166666666666663,0.13043478260869565,1.0,0.36160298229263743,0.2692307692307693,0.0
0.20833333333333331,0.8260869565217391,0.0,0.16889303096199648,0.07692307692307693,0.10526315789473684
0.5833333333333333,0.4782608695652174,0.9824561403508772,0.20171896033964998,0.7692307692307693,0.0
0.6666666666666666,0.4347826086956522,0.9104477611940298,0.697835766801284,0.8076923076923078,0.0
0.3333333333333333,0.08695652173913043,1.0,0.37568603085844465,0.15384615384615385,0.0
0.3333333333333333,1.0,0.1818181818181818,0.979703841772807,0.6538461538461539,0.0
0.5,0.5217391304347826,1.0,0.6700838769804287,0.46153846153846156,0.0
0.5,0.7391304347826086,0.0526315789473684,0.3497980739360049,0.6538461538461539,0.0
0.5,0.17391304347826086,1.0,0.5994615304960134,0.2692307692307693,0.0
0.20833333333333331,0.4782608695652174,0.9871794871794872,0.1686859273066169,0.2692307692307693,0.0
0.3333333333333333,0.21739130434782608,1.0,0.5986331158744953,0.15384615384615385,0.0
0.375,0.3913043478260869,1.0,0.37610023816920357,0.3846153846153847,0.0
0.9166666666666666,0.3913043478260869,1.0,0.9775292533913225,0.6538461538461539,0.0
0.25,0.8260869565217391,0.8421052631578947,0.5589727658693178,0.07692307692307693,0.05263157894736842
0.08333333333333333,0.8695652173913043,0.6119402985074627,0.32970901936419184,0.038461538461538464,0.21052631578947367
0.3333333333333333,0.30434782608695654,1.0,0.6484415449932692,0.2307692307692308,0.0
0.7083333333333333,0.5652173913043479,0.9743589743589745,0.4596665631148389,0.6923076923076924,0.0
0.3333333333333333,0.782608695652174,0.1034482758620689,0.36201718960339657,0.6538461538461539,0.0
0.75,0.5217391304347826,0.9743589743589745,0.7345966656311482,0.6538461538461539,0.0
0.7916666666666666,0.6956521739130435,0.9682539682539684,0.17686652169410788,0.6923076923076924,0.0
0.041666666666666664,0.0,1.0,0.24490007248627932,0.0,0.2631578947368421
0.9166666666666666,0.8695652173913043,0.9482758620689656,0.6375686030858443,0.8461538461538463,0.0
0.5,0.21739130434782608,0.9850746268656716,0.4456870663767214,0.46153846153846156,0.0
0.3333333333333333,0.21739130434782608,1.0,0.8018018018018018,0.11538461538461539,0.0
0.041666666666666664,0.0,1.0,0.3102412757585171,0.0,0.21052631578947367
0.7916666666666666,0.782608695652174,0.1333333333333333,0.33809671740706226,0.2307692307692308,0.0
0.7916666666666666,0.4347826086956522,1.0,0.717199958579269,0.576923076923077,0.0
0.3333333333333333,0.30434782608695654,1.0,0.9661385523454491,0.3076923076923077,0.0
0.25,0.08695652173913043,1.0,0.2540126333229781,0.11538461538461539,0.0
0.7083333333333333,0.6956521739130435,0.4929577464788732,0.32339235787511644,0.2307692307692308,0.0
0.5833333333333333,0.6521739130434783,0.9824561403508772,0.27720824272548406,0.3846153846153847,0.0
0.29166666666666663,0.17391304347826086,1.0,0.4538676607642125,0.15384615384615385,0.0
0.25,0.8260869565217391,0.123076923076923,0.5816506161333745,0.34615384615384615,0.0
0.8333333333333333,0.9130434782608696,0.7704918032786885,0.7469193331262296,0.7692307692307693,0.0
0.7083333333333333,0.3913043478260869,0.9857142857142858,0.22553588070829445,0.6153846153846154,0.0
0.6666666666666666,0.4347826086956522,0.9848484848484848,0.6593144869006939,0.5000000000000001,0.0
0.7916666666666666,0.5652173913043479,1.0,0.28290359324842074,0.6538461538461539,0.0
0.3333333333333333,0.17391304347826086,1.0,0.29595112353733033,0.15384615384615385,0.0
0.5,0.34782608695652173,1.0,0.6809568188878532,0.34615384615384615,0.0
0.7916666666666666,0.6521739130434783,0.9642857142857144,0.5179662421041731,0.6538461538461539,0.0
0.7083333333333333,0.4347826086956522,0.981132075471698,0.48907528217873053,0.46153846153846156,0.0
0.3333333333333333,0.17391304347826086,1.0,0.31728280004142073,0.15384615384615385,0.0
0.5416666666666666,0.34782608695652173,1.0,0.2311276794035415,0.19230769230769232,0.0
0.8333333333333333,0.782608695652174,0.4482758620689655,0.15439577508543023,0.6923076923076924,0.0
0.41666666666666663,0.17391304347826086,1.0,0.5667391529460495,0.2307692307692308,0.0
0.041666666666666664,0.0,1.0,0.757895826861344,0.038461538461538464,0.15789473684210525
0.08333333333333333,1.0,0.2142857142857142,0.9768043905974939,0.6153846153846154,0.0
0.125,0.08695652173913043,1.0,0.4319146732939836,0.11538461538461539,0.05263157894736842
0.16666666666666666,0.17391304347826086,1.0,0.4637050843947397,0.15384615384615385,0.05263157894736842
0.16666666666666666,0.043478260869565216,1.0,0.6095060577819198,0.038461538461538464,0.05263157894736842
0.5416666666666666,0.34782608695652173,1.0,0.887128507818163,0.576923076923077,0.0
0.9166666666666666,0.4782608695652174,0.9855072463768116,0.2897380138759449,0.6923076923076924,0.0
0.6666666666666666,0.782608695652174,0.2816901408450704,0.3895619757688724,0.5384615384615385,0.0
0.875,0.6956521739130435,0.9714285714285714,0.2652997825411617,0.7692307692307693,0.0
0.625,0.6086956521739131,0.9833333333333332,0.5545200372786578,0.42307692307692313,0.0
0.041666666666666664,0.26086956521739135,1.0,0.6887232059645854,0.0,0.2631578947368421
0.5,0.26086956521739135,1.0,0.6410893652272962,0.42307692307692313,0.0
0.41666666666666663,0.34782608695652173,1.0,0.34607020813917355,0.2307692307692308,0.0
0.29166666666666663,0.13043478260869565,1.0,0.32825929377653507,0.3846153846153847,0.0
0.29166666666666663,0.3913043478260869,1.0,0.37817127472299883,0.3846153846153847,0.0
0.625,0.3913043478260869,0.9827586206896552,0.2812467640053846,0.34615384615384615,0.0
0.5,0.6956521739130435,0.4507042253521127,0.45148596872734803,0.5384615384615385,0.0
0.7083333333333333,0.6521739130434783,0.9615384615384616,0.21766594180387278,0.7692307692307693,0.0
0.7916666666666666,0.6521739130434783,0.9428571428571428,0.5251113182147664,0.6923076923076924,0.0
0.4583333333333333,0.5652173913043479,0.9859154929577464,0.5538987263125195,0.8076923076923078,0.0
0.7083333333333333,0.6086956521739131,0.3478260869565217,0.19623071347209264,0.8076923076923078,0.0
1.0,0.782608695652174,0.9285714285714286,0.30775603189396294,0.8076923076923078,0.0
0.25,0.5217391304347826,0.9824561403508772,0.3415139277208241,0.2692307692307693,0.0
0.7916666666666666,0.782608695652174,0.1267605633802817,0.20513617065341205,0.5000000000000001,0.0
0.25,0.08695652173913043,1.0,0.6226571398985192,0.2307692307692308,0.0
0.41666666666666663,0.34782608695652173,1.0,0.3838666252459355,0.2307692307692308,0.0
0.6666666666666666,0.7391304347826086,0.0,0.33364398881640267,0.6538461538461539,0.0
0.16666666666666666,0.21739130434782608,1.0,0.11452832142487313,0.19230769230769232,0.0
0.7916666666666666,0.6521739130434783,0.981132075471698,0.3234959097028062,0.7692307692307693,0.0
0.7083333333333333,0.5217391304347826,0.981132075471698,0.12084498291394818,0.576923076923077,0.0
0.3333333333333333,0.6956521739130435,0.9285714285714286,0.3453453453453452,0.2692307692307693,0.0
0.041666666666666664,0.0,1.0,0.5795795795795795,0.0,0.47368421052631576
0.9583333333333333,0.6086956521739131,1.0,0.18535777156466804,0.8076923076923078,0.0
0.8333333333333333,0.7391304347826086,0.971830985915493,0.6593144869006939,0.6923076923076924,0.0
0.5833333333333333,0.4782608695652174,1.0,0.23785854820337582,0.6153846153846154,0.0
0.20833333333333331,0.782608695652174,0.6785714285714286,0.7399813606710157,0.15384615384615385,0.0
0.4583333333333333,0.21739130434782608,1.0,0.39546442994718856,0.42307692307692313,0.0
0.125,0.043478260869565216,1.0,0.16557937247592425,0.11538461538461539,0.0
0.5,0.5217391304347826,0.9857142857142858,0.3037175106140624,0.6538461538461539,0.0
0.5416666666666666,0.34782608695652173,0.9821428571428572,0.833488661074868,0.2307692307692308,0.0
0.6666666666666666,0.34782608695652173,1.0,0.7240343792067931,0.46153846153846156,0.0
0.3333333333333333,0.7391304347826086,0.2830188679245283,0.5333954644299472,0.7307692307692308,0.0
0.08333333333333333,0.043478260869565216,1.0,0.444133788961375,0.0,0.21052631578947367
0.6666666666666666,0.4347826086956522,0.9827586206896552,0.3921507714611163,0.6538461538461539,0.0
0.20833333333333331,0.17391304347826086,1.0,0.3598426012219116,0.2692307692307693,0.0
0.041666666666666664,0.0,1.0,0.5679817748783265,0.0,0.2631578947368421
0.5833333333333333,0.4347826086956522,1.0,0.2027544786165476,0.3846153846153847,0.0
0.375,0.3913043478260869,0.9824561403508772,0.49497773635704667,0.42307692307692313,0.0
0.875,0.5652173913043479,0.9824561403508772,0.23309516412964693,0.6923076923076924,0.0
0.625,0.4347826086956522,0.9714285714285714,0.4717821269545408,0.42307692307692313,0.0
0.16666666666666666,0.21739130434782608,1.0,0.4425805115460286,0.11538461538461539,0.0
0.20833333333333331,0.7391304347826086,0.9482758620689656,0.772082427254841,0.19230769230769232,0.0
0.25,0.21739130434782608,1.0,0.29636533084808936,0.3076923076923077,0.0
0.16666666666666666,0.30434782608695654,1.0,0.43336439888164024,0.15384615384615385,0.05263157894736842
0.41666666666666663,0.4782608695652174,0.9772727272727272,0.6624210417313867,0.3846153846153847,0.0
0.4583333333333333,0.30434782608695654,1.0,0.23330226778502638,0.19230769230769232,0.0
0.75,0.4347826086956522,0.9692307692307692,0.27627627627627627,0.6923076923076924,0.0
0.5833333333333333,0.3913043478260869,0.9859154929577464,0.36605571088329714,0.42307692307692313,0.0
0.5416666666666666,0.6086956521739131,0.967741935483871,0.16278347312830077,0.576923076923077,0.0
0.9583333333333333,0.782608695652174,0.3469387755102041,0.3388215802008906,0.6923076923076924,0.0
0.041666666666666664,0.0,1.0,0.2884953919436677,0.0,0.7368421052631579
0.7916666666666666,0.6086956521739131,0.971830985915493,0.3553898726312519,0.6923076923076924,0.0
0.08333333333333333,0.13043478260869565,1.0,0.3915294604949777,0.19230769230769232,0.0
0.75,0.9565217391304348,0.4561403508771929,0.1782126954540747,0.6153846153846154,0.0
0.4583333333333333,0.3913043478260869,1.0,0.3607745676711194,0.19230769230769232,0.0
0.5416666666666666,0.5217391304347826,0.9833333333333332,0.6367401884643262,0.3846153846153847,0.0
0.75,0.6086956521739131,1.0,0.47126436781609193,0.3846153846153847,0.0
0.041666666666666664,0.043478260869565216,1.0,0.2817645231438335,0.038461538461538464,0.15789473684210525
0.75,0.6521739130434783,0.9848484848484848,0.3685409547478513,0.6538461538461539,0.0
0.6666666666666666,0.26086956521739135,1.0,0.6204825515170345,0.42307692307692313,0.0
0.625,0.7391304347826086,0.0,0.3831417624521072,0.3076923076923077,0.0
0.3333333333333333,0.17391304347826086,0.9857142857142858,0.2824893859376617,0.2307692307692308,0.0
0.5833333333333333,0.6956521739130435,0.896551724137931,0.49301025163094137,0.6153846153846154,0.0
0.5416666666666666,0.5217391304347826,0.98,0.22522522522522503,0.576923076923077,0.0
0.875,0.5652173913043479,0.9821428571428572,0.4176245210727969,0.6538461538461539,0.0
0.25,0.13043478260869565,1.0,0.21590556073314693,0.11538461538461539,0.0
0.41666666666666663,0.21739130434782608,1.0,0.6483379931655793,0.2692307692307693,0.0
0.5416666666666666,0.34782608695652173,1.0,0.24811017914466182,0.5384615384615385,0.0
0.7916666666666666,0.6521739130434783,0.9508196721311476,0.43429636533084803,0.6923076923076924,0.0
0.3333333333333333,0.34782608695652173,1.0,0.3228745987366677,0.42307692307692313,0.0
0.20833333333333331,0.13043478260869565,1.0,0.344206275240758,0.07692307692307693,0.0
0.75,0.4782608695652174,0.9821428571428572,0.24945635290462875,0.576923076923077,0.0
0.6666666666666666,0.9130434782608696,0.0,0.2493528010769389,0.15384615384615385,0.0
0.375,0.4782608695652174,0.9818181818181818,0.5609402505954229,0.5000000000000001,0.0
0.041666666666666664,0.0,1.0,0.5984260122191156,0.0,0.15789473684210525
0.5833333333333333,0.8260869565217391,0.7017543859649122,0.19840530185357774,0.6153846153846154,0.0
0.4583333333333333,0.3913043478260869,0.9848484848484848,0.24241482862172514,0.42307692307692313,0.0
0.125,0.043478260869565216,1.0,0.5049187118152636,0.11538461538461539,0.0
0.5416666666666666,0.5217391304347826,1.0,0.5715025370197784,0.2692307692307693,0.0
0.5833333333333333,0.6521739130434783,1.0,0.21984053018535765,0.6153846153846154,0.0
0.41666666666666663,0.6956521739130435,0.8059701492537313,0.25225225225225223,0.2307692307692308,0.0
0.29166666666666663,0.26086956521739135,1.0,0.24862793828311058,0.42307692307692313,0.0
0.16666666666666666,0.9130434782608696,0.647887323943662,0.3567360463912188,0.15384615384615385,0.15789473684210525
0.25,0.30434782608695654,1.0,0.3886300093196644,0.46153846153846156,0.0
0.75,0.7391304347826086,0.971830985915493,0.37382209796002885,0.7307692307692308,0.0
0.875,0.6086956521739131,0.9622641509433962,0.45987366677021857,0.6538461538461539,0.0
0.75,0.6086956521739131,0.981132075471698,0.3271202236719477,0.7692307692307693,0.0
0.125,0.8695652173913043,0.7884615384615384,0.3229781505643574,0.0,0.15789473684210525
0.75,0.6956521739130435,0.7910447761194029,0.08605156881018938,0.6538461538461539,0.0
0.08333333333333333,0.043478260869565216,1.0,0.5836181008594801,0.0,0.47368421052631576
0.29166666666666663,0.8260869565217391,0.0,0.17769493631562594,0.42307692307692313,0.0
0.5833333333333333,0.6086956521739131,0.981132075471698,0.09330019674847245,0.6153846153846154,0.0
0.6666666666666666,0.6956521739130435,0.9423076923076924,0.23858341099720404,0.576923076923077,0.0
0.625,0.5217391304347826,0.9848484848484848,0.28797763280521893,0.6923076923076924,0.0
0.16666666666666666,0.17391304347826086,1.0,0.05146525836181004,0.19230769230769232,0.05263157894736842
0.16666666666666666,0.6521739130434783,0.981132075471698,0.42155949052500774,0.8461538461538463,0.0
0.4583333333333333,0.8260869565217391,0.1886792452830188,0.6709122916019468,0.46153846153846156,0.0
0.4583333333333333,0.34782608695652173,1.0,0.37547892720306497,0.34615384615384615,0.0
0.7916666666666666,0.5217391304347826,0.9857142857142858,0.6659418038728384,0.5384615384615385,0.0
0.625,0.9130434782608696,0.0,0.4730247488868178,0.576923076923077,0.0
0.41666666666666663,0.782608695652174,0.0,0.1418660039349694,0.5384615384615385,0.0
0.375,0.17391304347826086,1.0,0.12136274205239717,0.07692307692307693,0.0
0.5833333333333333,0.6521739130434783,0.9649122807017544,0.42218080149114634,0.5000000000000001,0.0
0.041666666666666664,0.0,1.0,0.5737806772289531,0.0,0.3684210526315789
0.7916666666666666,0.8695652173913043,0.1038961038961039,0.34058196127161633,0.7307692307692308,0.0
0.20833333333333331,0.21739130434782608,1.0,0.3088951019985503,0.19230769230769232,0.0
0.7083333333333333,0.7391304347826086,0.5714285714285714,0.5204514859687275,0.5384615384615385,0.0
0.7083333333333333,0.8260869565217391,0.0,0.2894273583928756,0.6153846153846154,0.0
0.7916666666666666,0.6521739130434783,0.9672131147540984,0.47198923060992026,0.8076923076923078,0.0
0.6666666666666666,0.6521739130434783,0.9859154929577464,0.3375789582686134,0.6153846153846154,0.0
0.041666666666666664,0.0,1.0,0.5426115770943356,0.0,0.47368421052631576
0.3333333333333333,0.21739130434782608,1.0,0.4014704359531944,0.3846153846153847,0.0
0.08333333333333333,0.08695652173913043,1.0,0.2938800869835352,0.15384615384615385,0.0
0.125,0.30434782608695654,1.0,0.27047737392564974,0.2692307692307693,0.0
0.75,0.7391304347826086,0.9714285714285714,0.671222947085016,0.6538461538461539,0.0
0.29166666666666663,0.7391304347826086,0.7894736842105263,0.33260847053950504,0.46153846153846156,0.0
0.20833333333333331,0.13043478260869565,1.0,0.3518691104898002,0.07692307692307693,0.0
0.75,0.8260869565217391,0.0857142857142857,0.1893962928445686,0.7307692307692308,0.0
0.3333333333333333,0.21739130434782608,1.0,0.8286217251734493,0.2692307692307693,0.0
0.41666666666666663,0.3913043478260869,1.0,0.2648855752304027,0.5000000000000001,0.0
0.16666666666666666,0.4347826086956522,1.0,0.39059749404576993,0.3846153846153847,0.0
0.5,0.26086956521739135,0.9833333333333332,0.3713368540954747,0.19230769230769232,0.0
0.6666666666666666,0.5217391304347826,1.0,0.41513927720824273,0.5000000000000001,0.0
0.5833333333333333,0.782608695652174,0.5178571428571429,0.21290255773014388,0.3076923076923077,0.0
0.041666666666666664,0.13043478260869565,1.0,0.6535155845500671,0.07692307692307693,0.0
0.5416666666666666,0.5217391304347826,0.981132075471698,0.19364191777984874,0.6538461538461539,0.0
0.6666666666666666,0.782608695652174,0.1142857142857142,0.2617790203997101,0.576923076923077,0.0
0.125,0.08695652173913043,1.0,0.5846536191363778,0.038461538461538464,0.05263157894736842
0.7083333333333333,0.6521739130434783,0.9818181818181818,0.1644403023713369,0.7692307692307693,0.0
0.7916666666666666,0.6956521739130435,0.9649122807017544,0.4605985295640469,0.6153846153846154,0.0
0.375,0.30434782608695654,1.0,0.666563114838977,0.3846153846153847,0.0
0.20833333333333331,0.6956521739130435,0.9285714285714286,0.29056642849746295,0.6153846153846154,0.0
0.125,0.17391304347826086,1.0,0.47799523661592613,0.038461538461538464,0.05263157894736842
0.75,0.4782608695652174,0.8571428571428571,0.28062545303924613,0.7307692307692308,0.0
0.75,0.6956521739130435,0.2714285714285714,0.13824168996582786,0.576923076923077,0.0
0.41666666666666663,0.5652173913043479,0.9848484848484848,0.2161126643885264,0.6923076923076924,0.0
0.7083333333333333,0.4782608695652174,0.971830985915493,0.09619964792378588,0.6538461538461539,0.0
0.08333333333333333,0.043478260869565216,1.0,0.5125815470643056,0.07692307692307693,0.05263157894736842
0.125,0.30434782608695654,1.0,0.449414932173553,0.3076923076923077,0.0
0.4583333333333333,0.3913043478260869,0.9772727272727272,0.27368748058403225,0.34615384615384615,0.0
0.7916666666666666,0.4347826086956522,0.9859154929577464,0.33737185461323393,0.2692307692307693,0.0
0.16666666666666666,0.21739130434782608,1.0,0.7436056746401574,0.19230769230769232,0.0
0.3333333333333333,0.3913043478260869,0.9818181818181818,0.29481205343274297,0.19230769230769232,0.0
0.3333333333333333,0.4347826086956522,0.981132075471698,0.26095060577819185,0.2692307692307693,0.0
0.7916666666666666,0.8260869565217391,0.0,0.2136274205239722,0.3076923076923077,0.0
0.5,0.4347826086956522,0.9821428571428572,0.5192088640364501,0.42307692307692313,0.0
0.4583333333333333,0.30434782608695654,1.0,0.7457802630216426,0.34615384615384615,0.0
0.5416666666666666,0.6086956521739131,0.9827586206896552,0.1686859273066169,0.46153846153846156,0.0
0.75,0.4782608695652174,0.981132075471698,0.3092057574816195,0.7692307692307693,0.0
0.29166666666666663,0.17391304347826086,1.0,0.20482551517034275,0.19230769230769232,0.0
0.6666666666666666,0.3913043478260869,0.981132075471698,0.20451485968727356,0.5000000000000001,0.0
0.6666666666666666,0.5217391304347826,0.9857142857142858,0.5277001139070105,0.6153846153846154,0.0
0.9166666666666666,0.4782608695652174,0.9859154929577464,0.28839184011597796,0.8846153846153847,0.0
0.625,0.5652173913043479,0.9859154929577464,0.3182147664906285,0.6538461538461539,0.0
0.6666666666666666,0.3913043478260869,1.0,0.1280936108522316,0.5384615384615385,0.0
0.875,0.8260869565217391,0.6981132075471698,0.19623071347209264,0.8461538461538463,0.0
0.20833333333333331,0.13043478260869565,1.0,0.24407165786476126,0.19230769230769232,0.0
0.08333333333333333,0.043478260869565216,1.0,0.6303199751475612,0.0,0.21052631578947367
0.9166666666666666,0.6956521739130435,0.5178571428571429,0.3102412757585171,0.42307692307692313,0.0
0.5833333333333333,0.3913043478260869,0.9696969696969696,0.11794553173863509,0.46153846153846156,0.0
0.5833333333333333,0.30434782608695654,0.9824561403508772,0.3838666252459355,0.3846153846153847,0.0
0.41666666666666663,0.21739130434782608,1.0,0.5490317904111006,0.3076923076923077,0.0
0.3333333333333333,0.26086956521739135,1.0,0.2834213523868696,0.34615384615384615,0.05263157894736842
0.9166666666666666,0.5652173913043479,0.9142857142857144,0.20378999689344512,0.6923076923076924,0.0
0.125,0.782608695652174,0.0333333333333333,0.48596872734803775,0.038461538461538464,0.10526315789473684
0.25,0.6086956521739131,0.9807692307692308,0.2941907424666045,0.6153846153846154,0.0
0.25,0.21739130434782608,0.9857142857142858,0.22822822822822808,0.19230769230769232,0.0
0.3333333333333333,0.34782608695652173,0.987012987012987,0.295744019881951,0.2692307692307693,0.0
0.16666666666666666,0.13043478260869565,1.0,0.7718753235994615,0.15384615384615385,0.0
0.75,0.4782608695652174,1.0,0.45697421559490525,0.6923076923076924,0.0
0.0,0.6086956521739131,1.0,0.3464844154499329,0.46153846153846156,0.0
0.125,0.7391304347826086,0.5205479452054794,0.32432432432432423,0.19230769230769232,0.05263157894736842
0.5833333333333333,0.6086956521739131,0.9848484848484848,0.3762037899968933,0.5384615384615385,0.0
0.5416666666666666,0.6086956521739131,0.9285714285714286,0.18660039349694513,0.19230769230769232,0.0
0.5416666666666666,0.782608695652174,0.0,0.6389147768458114,0.42307692307692313,0.0
0.375,0.30434782608695654,1.0,0.19612716164440291,0.2307692307692308,0.0
0.7083333333333333,0.782608695652174,0.3793103448275862,0.654965310137724,0.7692307692307693,0.0
0.5,0.5652173913043479,0.9807692307692308,0.2824893859376617,0.576923076923077,0.0
0.041666666666666664,0.0,1.0,0.5832038935487212,0.07692307692307693,0.05263157894736842
0.25,0.5217391304347826,0.8169014084507042,0.2595008801905353,0.5000000000000001,0.0
0.375,0.6956521739130435,0.5857142857142857,0.47799523661592613,0.11538461538461539,0.05263157894736842
0.6666666666666666,0.34782608695652173,0.9833333333333332,0.21342031686859264,0.3076923076923077,0.0
0.25,0.17391304347826086,1.0,0.365641503572538,0.07692307692307693,0.10526315789473684
0.5833333333333333,0.9130434782608696,0.9166666666666666,0.9971005488246869,0.5000000000000001,0.0
0.25,0.782608695652174,0.5256410256410257,0.19488453971212583,0.2692307692307693,0.0
0.7916666666666666,0.5652173913043479,1.0,0.19302060681371014,0.7692307692307693,0.0
0.041666666666666664,0.043478260869565216,1.0,0.302578440509475,0.07692307692307693,0.05263157894736842
1.0,0.5652173913043479,0.9464285714285714,0.3098270684477581,0.6923076923076924,0.0
0.041666666666666664,0.0,1.0,0.6894480687584137,0.0,0.3157894736842105
0.41666666666666663,0.4347826086956522,1.0,0.42766904835870356,0.3846153846153847,0.0
0.5,0.5217391304347826,0.9821428571428572,0.2626074350212282,0.6153846153846154,0.0
0.41666666666666663,0.34782608695652173,0.9871794871794872,0.4630837734286011,0.46153846153846156,0.0
0.3333333333333333,0.26086956521739135,1.0,0.4801698249974111,0.2307692307692308,0.0
0.16666666666666666,0.0,1.0,0.22843533188360765,0.0,0.15789473684210525
0.16666666666666666,0.043478260869565216,1.0,0.350626488557523,0.2307692307692308,0.0
0.5416666666666666,0.21739130434782608,1.0,0.5498602050326187,0.3846153846153847,0.0
0.7916666666666666,0.6086956521739131,0.8974358974358975,0.6954540747644196,0.8076923076923078,0.0
0.6666666666666666,0.6956521739130435,0.9824561403508772,0.4937351144247697,0.8076923076923078,0.0
0.20833333333333331,0.17391304347826086,1.0,0.4541783162472819,0.576923076923077,0.0
0.5416666666666666,0.26086956521739135,0.9861111111111112,0.16081598840219535,0.34615384615384615,0.0
0.7083333333333333,0.6086956521739131,0.974025974025974,0.6906906906906909,0.576923076923077,0.0
0.20833333333333331,0.21739130434782608,1.0,0.5490317904111006,0.15384615384615385,0.0
0.29166666666666663,0.6086956521739131,0.9859154929577464,0.26374650512581554,0.3076923076923077,0.0
0.75,0.17391304347826086,0.9726027397260274,0.3299161230195712,0.6153846153846154,0.0
0.4583333333333333,0.26086956521739135,1.0,0.6506161333747542,0.3846153846153847,0.0
0.20833333333333331,0.5652173913043479,1.0,0.23444133788961374,0.2692307692307693,0.0
0.625,0.7391304347826086,0.6086956521739131,0.6087811949880915,0.3846153846153847,0.0
0.75,0.6956521739130435,0.971830985915493,0.6079527803665734,0.6153846153846154,0.0
0.5416666666666666,0.5652173913043479,0.6142857142857143,0.4022988505747127,0.11538461538461539,0.0
0.8333333333333333,0.782608695652174,0.9696969696969696,0.17904111007559276,0.7307692307692308,0.0
0.41666666666666663,0.26086956521739135,0.9818181818181818,0.468675572123848,0.34615384615384615,0.0
0.125,0.17391304347826086,1.0,0.462255358807083,0.15384615384615385,0.05263157894736842
0.5,0.8260869565217391,0.1509433962264151,0.32339235787511644,0.2692307692307693,0.0
0.8333333333333333,0.8260869565217391,0.0,0.22356839598218903,0.34615384615384615,0.0
0.16666666666666666,0.043478260869565216,1.0,0.41172206689448054,0.11538461538461539,0.05263157894736842
0.875,0.6521739130434783,0.8679245283018868,0.3432743087915502,0.6923076923076924,0.0
0.20833333333333331,0.21739130434782608,1.0,0.4924924924924925,0.19230769230769232,0.0
0.6666666666666666,0.5652173913043479,0.9821428571428572,0.32856994925960437,0.7692307692307693,0.0
0.16666666666666666,0.5652173913043479,0.9482758620689656,0.259190224707466,0.5000000000000001,0.0
0.5,0.3913043478260869,0.9859154929577464,0.25328777052914975,0.42307692307692313,0.0
0.5416666666666666,0.7391304347826086,0.0178571428571428,0.7479548514031273,0.34615384615384615,0.0
0.125,0.34782608695652173,1.0,0.2413793103448275,0.038461538461538464,0.2631578947368421
0.7083333333333333,0.6521739130434783,0.676923076923077,0.5452003727865797,0.46153846153846156,0.0
0.5833333333333333,0.34782608695652173,0.9827586206896552,0.7290048669359015,0.3076923076923077,0.0
0.75,0.8695652173913043,0.3181818181818182,0.40064202133167637,0.7692307692307693,0.0
0.29166666666666663,0.08695652173913043,1.0,0.49684166925546225,0.15384615384615385,0.0
0.29166666666666663,0.9565217391304348,0.1272727272727272,0.3745469607538572,0.2692307692307693,0.05263157894736842
0.16666666666666666,0.13043478260869565,1.0,0.7641089365227296,0.19230769230769232,0.0
0.375,0.8260869565217391,0.6136363636363636,0.15625970798384592,0.5384615384615385,0.0
0.5416666666666666,0.26086956521739135,1.0,0.7283835559697629,0.19230769230769232,0.0
0.3333333333333333,0.30434782608695654,1.0,0.5717096406751578,0.46153846153846156,0.0
0.0,0.7391304347826086,0.9861111111111112,0.5459252355804078,0.576923076923077,0.0
0.3333333333333333,0.6086956521739131,0.9824561403508772,0.42249145697421553,0.3076923076923077,0.0
0.29166666666666663,0.13043478260869565,1.0,0.44113078595837196,0.34615384615384615,0.0
0.29166666666666663,0.6956521739130435,0.0,0.39908874391633,0.46153846153846156,0.0
0.7916666666666666,0.6086956521739131,0.3717948717948718,0.2791757274515895,0.7307692307692308,0.0
0.375,0.26086956521739135,1.0,0.20265092678885777,0.19230769230769232,0.0
0.7916666666666666,0.782608695652174,0.7924528301886793,0.288806047426737,0.8846153846153847,0.0
0.125,0.13043478260869565,1.0,0.568706637672155,0.07692307692307693,0.05263157894736842
0.08333333333333333,0.6521739130434783,0.4772727272727273,0.668634151392772,0.2692307692307693,0.0
0.6666666666666666,0.5652173913043479,0.9824561403508772,0.21859790825308056,0.3846153846153847,0.0
0.75,0.782608695652174,0.9821428571428572,0.3003003003003003,0.7692307692307693,0.0
0.625,0.30434782608695654,0.9871794871794872,0.6277311794553175,0.19230769230769232,0.0
0.5416666666666666,0.4782608695652174,0.971830985915493,0.33053743398571,0.42307692307692313,0.0
0.875,0.6521739130434783,0.9824561403508772,0.15004659832246026,0.576923076923077,0.0
0.041666666666666664,0.08695652173913043,1.0,0.2222222222222221,0.11538461538461539,0.0
0.5,0.34782608695652173,1.0,0.7389458423941182,0.42307692307692313,0.0
0.375,0.3913043478260869,1.0,0.22056539297918598,0.6153846153846154,0.0
0.16666666666666666,0.13043478260869565,1.0,0.210727969348659,0.15384615384615385,0.0
0.625,0.6086956521739131,0.9577464788732394,0.42518380449414916,0.6153846153846154,0.0
0.8333333333333333,0.4782608695652174,0.6857142857142857,0.3751682717199958,0.3076923076923077,0.0
0.3333333333333333,0.08695652173913043,1.0,0.574298436367402,0.19230769230769232,0.05263157894736842
0.5833333333333333,0.3913043478260869,0.987012987012987,0.3063063063063063,0.7692307692307693,0.0
0.5416666666666666,0.34782608695652173,0.9772727272727272,0.5756446101273687,0.6538461538461539,0.0
0.20833333333333331,0.8260869565217391,0.32,0.26219322771046916,0.2307692307692308,0.0
0.75,0.6086956521739131,0.981132075471698,0.3988816402609505,0.6538461538461539,0.0
0.4583333333333333,0.4347826086956522,0.987012987012987,0.34182458320389353,0.6153846153846154,0.0
0.375,0.17391304347826086,1.0,0.6254530392461428,0.07692307692307693,0.05263157894736842
0.125,0.08695652173913043,1.0,0.17541679610645122,0.11538461538461539,0.10526315789473684
0.5416666666666666,0.4782608695652174,0.9838709677419356,0.4587345966656311,0.576923076923077,0.0
0.7083333333333333,0.5217391304347826,0.9827586206896552,0.4036450243346794,0.6923076923076924,0.0
0.7083333333333333,0.7391304347826086,0.9743589743589745,0.4029201615408511,0.6923076923076924,0.0
0.7916666666666666,0.782608695652174,0.9714285714285714,0.2243968106037071,0.8461538461538463,0.0
0.7916666666666666,0.7391304347826086,0.875,0.8617583100341721,0.34615384615384615,0.0
0.25,0.13043478260869565,1.0,0.06451278865071952,0.15384615384615385,0.05263157894736842
0.4583333333333333,0.8260869565217391,0.2807017543859649,0.5862068965517242,0.6923076923076924,0.0
0.3333333333333333,0.21739130434782608,1.0,0.6371543957750854,0.2692307692307693,0.0
0.8333333333333333,0.5652173913043479,0.9827586206896552,0.47457802630216417,0.5000000000000001,0.0
0.125,0.13043478260869565,1.0,0.35621828725277016,0.15384615384615385,0.0
0.5,0.26086956521739135,0.981132075471698,0.3015429222325774,0.34615384615384615,0.0
0.5833333333333333,0.6956521739130435,0.9836065573770492,0.32494563529046283,0.7692307692307693,0.0
0.16666666666666666,0.13043478260869565,1.0,0.28518173345759545,0.2307692307692308,0.0
0.5,0.4347826086956522,1.0,0.39743191467329386,0.46153846153846156,0.0
0.4583333333333333,0.5652173913043479,1.0,0.5843429636533086,0.3076923076923077,0.0
0.375,0.7391304347826086,0.3896103896103896,0.19384902143522842,0.2307692307692308,0.0
0.08333333333333333,0.0,1.0,0.39919229574401993,0.19230769230769232,0.10526315789473684
0.625,0.4782608695652174,1.0,0.07704255980118047,0.6538461538461539,0.0
0.375,0.13043478260869565,1.0,0.5404369887128508,0.2307692307692308,0.0
0.041666666666666664,0.08695652173913043,1.0,0.3984674329501916,0.11538461538461539,0.05263157894736842
0.29166666666666663,0.4782608695652174,1.0,0.556694625660143,0.038461538461538464,0.0
0.125,0.13043478260869565,1.0,0.621518069793932,0.11538461538461539,0.0
0.41666666666666663,0.782608695652174,0.2954545454545454,0.42228435331883607,0.8461538461538463,0.0
0.7083333333333333,0.6521739130434783,0.5094339622641509,0.5323599461530495,0.7307692307692308,0.0
0.041666666666666664,0.4782608695652174,1.0,0.23858341099720404,0.0,0.21052631578947367
0.5,0.13043478260869565,1.0,0.3120016568292431,0.19230769230769232,0.0
0.4583333333333333,0.6521739130434783,0.7532467532467533,0.662213938076007,0.42307692307692313,0.0
0.125,0.34782608695652173,0.9814814814814816,0.3461737599668633,0.5000000000000001,0.0
0.375,0.7391304347826086,0.7948717948717948,0.00724862793828307,0.5000000000000001,0.0
0.16666666666666666,0.13043478260869565,1.0,0.2626074350212282,0.15384615384615385,0.0
0.4583333333333333,0.4347826086956522,1.0,0.5530703116910014,0.42307692307692313,0.0
0.41666666666666663,0.26086956521739135,0.9859154929577464,0.4852438645542092,0.46153846153846156,0.0
0.6666666666666666,0.5652173913043479,0.8611111111111112,0.3663663663663663,0.34615384615384615,0.0
0.75,0.3913043478260869,0.9772727272727272,0.2971937454696074,0.2692307692307693,0.0
0.5,0.30434782608695654,1.0,0.2737910324117221,0.3846153846153847,0.0
0.7916666666666666,0.4347826086956522,0.9848484848484848,0.3105519312415864,0.46153846153846156,0.0
0.25,0.08695652173913043,1.0,0.16278347312830077,0.5384615384615385,0.0
0.25,0.8695652173913043,0.4102564102564102,0.47799523661592613,0.2692307692307693,0.0
0.3333333333333333,0.21739130434782608,1.0,0.2607435021228124,0.19230769230769232,0.0
0.08333333333333333,0.4782608695652174,0.9827586206896552,0.34441337889613743,0.19230769230769232,0.0
0.125,0.08695652173913043,1.0,0.44330537433985695,0.11538461538461539,0.0
0.041666666666666664,0.08695652173913043,1.0,0.25359842601221905,0.0,0.3157894736842105
0.20833333333333331,0.21739130434782608,1.0,0.28828828828828823,0.2307692307692308,0.0
0.3333333333333333,0.17391304347826086,1.0,0.3427565496531013,0.07692307692307693,0.0
0.5,0.8695652173913043,0.0,0.45407476441959194,0.19230769230769232,0.0
0.08333333333333333,0.043478260869565216,1.0,0.46660453557005277,0.07692307692307693,0.0
0.5833333333333333,0.7391304347826086,0.8484848484848485,0.4774774774774775,0.34615384615384615,0.0
0.4583333333333333,0.7391304347826086,0.875,0.47799523661592613,0.7307692307692308,0.0
0.75,0.6956521739130435,0.9859154929577464,0.6542404473438956,0.2692307692307693,0.0
0.08333333333333333,0.13043478260869565,1.0,0.35331883607745684,0.07692307692307693,0.0
0.041666666666666664,0.7391304347826086,0.7142857142857143,0.5401263332297814,0.038461538461538464,0.3157894736842105
0.6666666666666666,0.6521739130434783,0.9848484848484848,0.23640882261571916,0.6153846153846154,0.0
0.041666666666666664,0.0,1.0,0.47292119705912805,0.11538461538461539,0.10526315789473684
0.8333333333333333,0.782608695652174,0.4,0.4067515791653722,0.8076923076923078,0.0
0.4583333333333333,0.30434782608695654,0.9824561403508772,0.2939836388112249,0.46153846153846156,0.0
0.375,0.13043478260869565,1.0,0.9209899554727141,0.3076923076923077,0.0
0.5833333333333333,0.6956521739130435,0.9714285714285714,0.31417624521072807,0.46153846153846156,0.0
0.6666666666666666,0.5217391304347826,0.9824561403508772,0.21466293880086984,0.46153846153846156,0.0
0.125,0.782608695652174,0.8103448275862069,0.7408097752925336,0.038461538461538464,0.0
0.08333333333333333,0.0,1.0,0.568706637672155,0.0,0.3157894736842105
0.375,0.34782608695652173,1.0,0.5015015015015014,0.07692307692307693,0.05263157894736842
0.8333333333333333,0.6521739130434783,1.0,0.20606813710261984,0.7692307692307693,0.0
0.08333333333333333,0.043478260869565216,1.0,0.3602568085326705,0.0,0.3684210526315789
0.9166666666666666,0.7391304347826086,0.9661016949152542,0.4345034689862275,0.576923076923077,0.0
0.5416666666666666,0.34782608695652173,1.0,0.208139173656415,0.5384615384615385,0.0
0.7083333333333333,0.8695652173913043,0.4931506849315068,0.10282696489593035,0.8461538461538463,0.0
0.5,0.26086956521739135,1.0,0.3013358185771977,0.2692307692307693,0.0
0.7916666666666666,0.782608695652174,1.0,0.7483690587138863,0.7692307692307693,0.0
0.7083333333333333,0.5652173913043479,1.0,0.7303510406958684,0.7307692307692308,0.0
0.5833333333333333,0.9130434782608696,0.0,0.2541161851506678,0.46153846153846156,0.0
0.75,0.6086956521739131,0.5352112676056338,0.0883297090193641,0.7692307692307693,0.0
0.3333333333333333,0.13043478260869565,1.0,0.5200372786579683,0.2307692307692308,0.0
0.8333333333333333,0.9130434782608696,0.0,0.9001760381070725,0.8846153846153847,0.0
0.5,0.5652173913043479,0.9857142857142858,0.6056746401573989,0.3076923076923077,0.0
0.5,0.3913043478260869,0.9857142857142858,0.22356839598218903,0.5384615384615385,0.0
0.0,0.5217391304347826,1.0,0.18318318318318305,0.576923076923077,0.0
0.08333333333333333,0.0,1.0,0.44682613648130887,0.038461538461538464,0.15789473684210525
0.4583333333333333,0.5652173913043479,0.9696969696969696,0.27047737392564974,0.5000000000000001,0.0
0.041666666666666664,0.8260869565217391,0.0,0.23247385316350833,0.19230769230769232,0.0
0.29166666666666663,0.21739130434782608,1.0,0.12540126333229773,0.2692307692307693,0.0
0.875,0.6956521739130435,0.7068965517241379,0.45852749301025164,0.8076923076923078,0.0
0.41666666666666663,0.34782608695652173,0.971830985915493,0.40468054261157715,0.6153846153846154,0.0
0.29166666666666663,0.13043478260869565,1.0,0.4642228435331883,0.19230769230769232,0.0
0.29166666666666663,0.26086956521739135,0.9850746268656716,0.3092057574816195,0.2307692307692308,0.0
1.0,0.8695652173913043,0.746268656716418,0.321424873149011,0.7692307692307693,0.0
0.375,0.5217391304347826,0.9666666666666668,0.3685409547478513,0.038461538461538464,0.15789473684210525
0.29166666666666663,0.043478260869565216,1.0,0.2420006213109661,0.07692307692307693,0.05263157894736842
0.125,0.21739130434782608,1.0,0.5983224603914259,0.3076923076923077,0.0
0.5,0.21739130434782608,1.0,0.4073728901315108,0.3076923076923077,0.0
0.7083333333333333,0.7391304347826086,0.3773584905660377,0.2817645231438335,0.34615384615384615,0.0
0.041666666666666664,0.043478260869565216,1.0,0.8102930516723621,0.07692307692307693,0.0
0.25,0.782608695652174,0.0,0.40436988712850774,0.3846153846153847,0.0
0.41666666666666663,0.34782608695652173,1.0,0.6489593041317181,0.2692307692307693,0.0
0.7083333333333333,0.9565217391304348,0.044776119402985,0.7027027027027029,0.8076923076923078,0.0
0.41666666666666663,0.3913043478260869,1.0,0.07196852024438227,0.576923076923077,0.0
0.5,0.26086956521739135,1.0,0.5242829035932486,0.34615384615384615,0.0
0.20833333333333331,0.7391304347826086,0.4418604651162791,0.3286735010872941,0.2692307692307693,0.0
0.08333333333333333,0.043478260869565216,1.0,0.2605363984674328,0.07692307692307693,0.0
0.7916666666666666,0.5217391304347826,0.9423076923076924,0.2483172828000414,0.7307692307692308,0.0
0.375,0.17391304347826086,1.0,0.7063270166718443,0.3076923076923077,0.0
0.9166666666666666,0.8695652173913043,0.4545454545454545,0.3308480894687792,0.8846153846153847,0.0
0.375,0.3913043478260869,1.0,0.5607331469400434,0.5000000000000001,0.0
0.75,0.0,1.0,0.40592316454385413,0.11538461538461539,0.05263157894736842
0.5833333333333333,0.4347826086956522,1.0,0.3794138966552758,0.46153846153846156,0.0
0.4583333333333333,0.34782608695652173,1.0,0.39991715853784804,0.19230769230769232,0.10526315789473684
0.3333333333333333,0.3913043478260869,1.0,0.20855338096717402,0.576923076923077,0.0
0.75,0.4782608695652174,1.0,0.22429325877601736,0.6538461538461539,0.0
0.8333333333333333,0.5652173913043479,1.0,0.3013358185771977,0.6538461538461539,0.0
0.29166666666666663,0.08695652173913043,1.0,0.5825825825825826,0.15384615384615385,0.0
0.16666666666666666,0.782608695652174,0.375,0.39121880501190853,0.2307692307692308,0.0
0.125,0.13043478260869565,1.0,0.5430257844050947,0.15384615384615385,0.0
0.5833333333333333,0.17391304347826086,1.0,0.6971109040074559,0.34615384615384615,0.0
0.5,0.8260869565217391,0.0588235294117647,0.2747229988609299,0.42307692307692313,0.0
0.5,0.4782608695652174,0.9821428571428572,0.6555866211038626,0.2307692307692308,0.0
0.7916666666666666,0.5652173913043479,1.0,0.18484001242621928,0.5000000000000001,0.0
0.29166666666666663,0.34782608695652173,1.0,0.154913534223879,0.3076923076923077,0.0
0.9166666666666666,0.8695652173913043,0.2115384615384615,0.31769700735217965,0.7692307692307693,0.0
0.041666666666666664,0.0,1.0,0.3995029512270891,0.07692307692307693,0.10526315789473684
0.375,0.9130434782608696,0.5576923076923077,0.829139484311898,0.6538461538461539,0.0
0.4583333333333333,0.13043478260869565,1.0,0.6013254633944289,0.038461538461538464,0.10526315789473684
0.7083333333333333,0.3913043478260869,0.9642857142857144,0.5145490317904113,0.46153846153846156,0.0
0.8333333333333333,0.5217391304347826,0.9655172413793104,0.7280729004866937,0.46153846153846156,0.0
0.6666666666666666,0.4347826086956522,0.9859154929577464,0.23785854820337582,0.7307692307692308,0.0
0.041666666666666664,0.0,1.0,0.26892409651030336,0.038461538461538464,0.10526315789473684
0.875,0.7391304347826086,0.8205128205128205,0.18245832038935483,0.7692307692307693,0.0
0.16666666666666666,0.26086956521739135,1.0,0.6048462255358806,0.3076923076923077,0.0
0.6666666666666666,0.782608695652174,0.2987012987012987,0.7305581443512479,0.46153846153846156,0.0
0.20833333333333331,0.34782608695652173,0.9857142857142858,0.5922129025577303,0.15384615384615385,0.0
0.41666666666666663,0.3913043478260869,0.9848484848484848,0.5925235580407995,0.3076923076923077,0.0
0.9166666666666666,0.5652173913043479,0.9859154929577464,0.40571606088847467,0.46153846153846156,0.0
0.16666666666666666,0.043478260869565216,1.0,0.26416071243657435,0.15384615384615385,0.0
0.5,0.5217391304347826,0.9836065573770492,0.8277933105519313,0.6153846153846154,0.0
0.41666666666666663,0.3913043478260869,0.9807692307692308,0.2550481515998757,0.46153846153846156,0.0
0.5,0.30434782608695654,1.0,0.5401263332297814,0.576923076923077,0.0
0.75,0.6086956521739131,0.9821428571428572,0.23609816713264986,0.6538461538461539,0.0
0.5416666666666666,0.782608695652174,0.4507042253521127,0.5210727969348659,0.2307692307692308,0.0
0.625,0.7391304347826086,0.8611111111111112,0.25680853267060155,0.576923076923077,0.0
0.125,0.782608695652174,0.1408450704225352,0.31831831831831825,0.11538461538461539,0.05263157894736842
0.20833333333333331,0.13043478260869565,1.0,0.593559076317697,0.11538461538461539,0.0
0.6666666666666666,0.21739130434782608,1.0,0.19778399088743903,0.15384615384615385,0.0
0.5,0.13043478260869565,1.0,0.3178005591798695,0.34615384615384615,0.0
0.5416666666666666,0.6956521739130435,0.9482758620689656,0.40312726519623077,0.6923076923076924,0.0
0.25,0.17391304347826086,1.0,0.25173449311380336,0.11538461538461539,0.0
0.29166666666666663,0.043478260869565216,1.0,0.20223671947809874,0.07692307692307693,0.0
0.3333333333333333,0.5217391304347826,1.0,0.35083359221290245,0.576923076923077,0.0
0.375,0.5217391304347826,0.9859154929577464,0.1976804390597494,0.42307692307692313,0.0
0.125,0.0,1.0,0.2470746608677643,0.0,0.3157894736842105
0.16666666666666666,0.043478260869565216,1.0,0.4166925546235891,0.0,0.05263157894736842
0.6666666666666666,0.4782608695652174,1.0,0.16537226882054468,0.576923076923077,0.0
0.5,0.26086956521739135,1.0,0.12301957129543317,0.2307692307692308,0.0
0.375,0.5652173913043479,0.9102564102564102,0.21310966138552345,0.5384615384615385,0.0
0.16666666666666666,0.8260869565217391,0.0,0.5324634979807394,0.0,0.2631578947368421
0.4583333333333333,0.782608695652174,0.7321428571428571,0.28414621518069794,0.5384615384615385,0.0
0.4583333333333333,0.21739130434782608,1.0,0.6925546235891065,0.576923076923077,0.0
0.375,0.26086956521739135,0.9859154929577464,0.38966552759656214,0.2307692307692308,0.0
0.375,0.17391304347826086,1.0,0.15543129336232775,0.11538461538461539,0.0
0.3333333333333333,0.8695652173913043,0.5681818181818182,0.6203789996893445,0.11538461538461539,0.05263157894736842
0.29166666666666663,0.17391304347826086,1.0,0.5870353111732423,0.11538461538461539,0.0
0.375,0.5652173913043479,0.8591549295774648,0.2812467640053846,0.3076923076923077,0.0
0.7916666666666666,0.782608695652174,0.4642857142857143,0.24552138345241792,0.3846153846153847,0.0
0.25,0.17391304347826086,1.0,0.39007973490732106,0.42307692307692313,0.0
0.5416666666666666,0.5217391304347826,1.0,0.2780366573470021,0.7307692307692308,0.0
0.625,0.34782608695652173,1.0,0.9574401988195094,0.2692307692307693,0.0
0.9166666666666666,0.8695652173913043,0.9565217391304348,0.4883504193849022,0.7692307692307693,0.0
0.7916666666666666,0.6956521739130435,0.9473684210526316,0.25049187118152616,0.6538461538461539,0.0
0.75,0.5217391304347826,0.9818181818181818,0.4216630423526977,0.5000000000000001,0.0
0.5833333333333333,0.4782608695652174,1.0,0.2811432121776949,0.576923076923077,0.0
0.75,0.5217391304347826,1.0,0.5140312726519622,0.7307692307692308,0.0
0.4583333333333333,0.6956521739130435,1.0,0.30496013254633947,0.3846153846153847,0.0
0.75,0.6086956521739131,0.9871794871794872,0.3194573884229057,0.6538461538461539,0.0
0.3333333333333333,0.4347826086956522,1.0,0.5946981464222845,0.46153846153846156,0.0
0.125,0.7391304347826086,0.7887323943661971,0.3933933933933935,0.11538461538461539,0.05263157894736842
0.041666666666666664,0.0,1.0,0.5425080252666459,0.07692307692307693,0.10526315789473684
0.25,0.26086956521739135,0.9859154929577464,0.15512063787925845,0.2307692307692308,0.0
0.8333333333333333,0.7391304347826086,0.2264150943396226,0.28000414207310753,0.576923076923077,0.0
0.16666666666666666,0.26086956521739135,1.0,0.252770011390701,0.15384615384615385,0.0
0.9166666666666666,0.9130434782608696,0.0227272727272727,0.6511338925132029,0.2692307692307693,0.0
0.20833333333333331,0.17391304347826086,1.0,0.3666770218494355,0.0,0.42105263157894735
0.20833333333333331,0.30434782608695654,1.0,0.661385523454489,0.42307692307692313,0.0
0.041666666666666664,0.0,1.0,0.5799937868903384,0.0,0.47368421052631576
0.20833333333333331,0.34782608695652173,0.9692307692307692,0.22066894480687582,0.46153846153846156,0.0
0.5416666666666666,0.26086956521739135,1.0,0.43885264574919747,0.15384615384615385,0.0
0.29166666666666663,0.5652173913043479,0.9807692307692308,0.3359221290255773,0.8461538461538463,0.0
0.125,0.043478260869565216,1.0,0.40561250906078494,0.07692307692307693,0.10526315789473684
0.9166666666666666,0.5652173913043479,0.913793103448276,0.3303303303303302,0.576923076923077,0.0
0.25,0.17391304347826086,1.0,0.6033964999482242,0.3076923076923077,0.0
0.375,0.26086956521739135,1.0,0.27234130682406543,0.42307692307692313,0.0
0.7916666666666666,0.6521739130434783,0.9824561403508772,0.07435021228124672,0.7692307692307693,0.0
0.5,0.34782608695652173,1.0,0.45945945945945943,0.3076923076923077,0.0
0.9166666666666666,0.6956521739130435,0.9666666666666668,0.1915708812260536,0.8076923076923078,0.0
0.3333333333333333,0.21739130434782608,1.0,0.16071243657450562,0.3846153846153847,0.0
0.08333333333333333,0.9565217391304348,0.6037735849056604,0.5744019881950915,0.19230769230769232,0.10526315789473684
0.875,0.9130434782608696,0.0,0.2566014290152221,0.6923076923076924,0.0
0.25,0.13043478260869565,1.0,0.48565807186496834,0.15384615384615385,0.0
0.4583333333333333,0.13043478260869565,1.0,0.3544579061820441,0.0,0.3684210526315789
0.6666666666666666,0.5217391304347826,1.0,0.25018121569845697,0.6538461538461539,0.0
0.7083333333333333,0.6956521739130435,0.9622641509433962,0.44102723413068246,0.5000000000000001,0.0
0.16666666666666666,0.13043478260869565,1.0,0.36201718960339657,0.07692307692307693,0.0
0.625,0.6086956521739131,1.0,0.4476545511028269,0.2692307692307693,0.0
0.41666666666666663,0.4782608695652174,1.0,0.3907010458734599,0.6153846153846154,0.0
0.375,0.21739130434782608,1.0,0.07279693486590033,0.2307692307692308,0.0
0.6666666666666666,0.30434782608695654,0.9846153846153848,0.25225225225225223,0.42307692307692313,0.0
0.4583333333333333,0.13043478260869565,1.0,0.318836077456767,0.038461538461538464,0.2631578947368421
0.041666666666666664,0.0,1.0,0.24396810603707153,0.0,0.2631578947368421
0.875,0.6956521739130435,0.9714285714285714,0.26892409651030336,0.7692307692307693,0.0
0.3333333333333333,0.782608695652174,0.559322033898305,0.47126436781609193,0.2307692307692308,0.0
0.9166666666666666,0.5652173913043479,0.9310344827586208,0.29470850160505313,0.5000000000000001,0.0
0.375,0.3913043478260869,0.9850746268656716,0.34254944599772186,0.2692307692307693,0.0
0.7916666666666666,0.4782608695652174,0.9824561403508772,0.11432121776949355,0.576923076923077,0.0
0.75,0.5652173913043479,1.0,0.25163094128611363,0.576923076923077,0.0
0.5,0.8260869565217391,0.0,0.3637775706741224,0.2692307692307693,0.0
0.375,0.30434782608695654,0.9836065573770492,0.4254944599772186,0.3846153846153847,0.0
0.3333333333333333,0.34782608695652173,0.9855072463768116,0.1976804390597494,0.6153846153846154,0.0
0.125,0.21739130434782608,1.0,0.33426529978254116,0.11538461538461539,0.15789473684210525
0.5833333333333333,0.13043478260869565,1.0,0.6200683442062753,0.3076923076923077,0.0
0.625,0.4782608695652174,1.0,0.45148596872734803,0.6538461538461539,0.0
0.75,0.30434782608695654,1.0,0.5480998239618928,0.5000000000000001,0.0
0.625,0.5217391304347826,0.9807692307692308,0.6642849746298023,0.46153846153846156,0.0
0.20833333333333331,0.043478260869565216,1.0,0.6568292430361398,0.0,0.5263157894736842
0.75,0.9130434782608696,0.0153846153846153,0.5969762866314592,0.5000000000000001,0.0
0.75,0.6956521739130435,1.0,0.23143833488661059,0.7307692307692308,0.0
0.5416666666666666,0.8260869565217391,0.1,0.5650823237030134,0.038461538461538464,0.05263157894736842
0.20833333333333331,0.26086956521739135,1.0,0.44423734078906496,0.3076923076923077,0.0
0.375,0.30434782608695654,1.0,0.3940147043595319,0.5000000000000001,0.0
0.7083333333333333,0.8695652173913043,0.4,0.1711711711711712,0.6538461538461539,0.0
0.08333333333333333,0.043478260869565216,1.0,0.24531427979703835,0.19230769230769232,0.0
0.041666666666666664,0.30434782608695654,1.0,0.522729626177902,0.038461538461538464,0.10526315789473684
0.5,0.6521739130434783,0.0,0.1297504400952677,0.576923076923077,0.0
0.16666666666666666,0.043478260869565216,1.0,0.6827171999585793,0.11538461538461539,0.0
0.125,0.08695652173913043,1.0,0.6024645334990162,0.0,0.10526315789473684
0.5416666666666666,0.4347826086956522,0.9848484848484848,0.12954333643988802,0.46153846153846156,0.0
0.041666666666666664,0.0,1.0,0.39391115253184217,0.038461538461538464,0.10526315789473684
0.8333333333333333,0.30434782608695654,0.9863013698630136,0.31956094025059534,0.576923076923077,0.0
0.5416666666666666,0.26086956521739135,1.0,0.5647716682199442,0.038461538461538464,0.10526315789473684
0.8333333333333333,0.4347826086956522,0.9772727272727272,0.42373407890649273,0.6153846153846154,0.0
0.5,0.26086956521739135,0.9857142857142858,0.6338407372890131,0.34615384615384615,0.0
0.5833333333333333,0.4347826086956522,1.0,0.49777363570467026,0.46153846153846156,0.0
0.75,0.21739130434782608,1.0,0.30175002588795696,0.15384615384615385,0.0
0.20833333333333331,0.08695652173913043,1.0,0.7334575955265612,0.2692307692307693,0.0
0.8333333333333333,0.8260869565217391,0.0,0.38179558869214025,0.34615384615384615,0.0
0.8333333333333333,0.8695652173913043,0.0,0.31065548306927615,0.3846153846153847,0.0
0.5833333333333333,0.4347826086956522,0.9743589743589745,0.3254633944289116,0.5384615384615385,0.0
0.7916666666666666,0.8695652173913043,0.0,0.41658900279589917,0.7692307692307693,0.0
0.41666666666666663,0.6956521739130435,0.9827586206896552,0.8791550170860516,0.5000000000000001,0.0
0.75,0.9130434782608696,0.9850746268656716,0.47509578544061304,0.7692307692307693,0.0
0.20833333333333331,0.17391304347826086,1.0,0.31355493424458936,0.3076923076923077,0.0
0.8333333333333333,0.7391304347826086,0.9772727272727272,0.41586414000207084,0.8846153846153847,0.0
0.041666666666666664,0.0,1.0,0.3228745987366677,0.15384615384615385,0.05263157894736842
0.08333333333333333,0.5217391304347826,1.0,0.32214973594283935,0.42307692307692313,0.0
0.20833333333333331,0.782608695652174,0.2714285714285714,0.5219012115563839,0.19230769230769232,0.05263157894736842
0.5,0.4782608695652174,0.9857142857142858,0.35694315004659827,0.3076923076923077,0.0
0.16666666666666666,0.13043478260869565,1.0,0.23692658175416792,0.038461538461538464,0.05263157894736842
0.20833333333333331,0.13043478260869565,1.0,0.45190017603810717,0.19230769230769232,0.10526315789473684
0.08333333333333333,0.043478260869565216,1.0,0.23350937144040596,0.0,0.21052631578947367
0.16666666666666666,0.17391304347826086,1.0,0.39701770736253494,0.19230769230769232,0.05263157894736842
0.625,0.4347826086956522,0.7692307692307693,0.4084084084084083,0.6153846153846154,0.0
0.41666666666666663,0.5217391304347826,0.9672131147540984,0.45283214248731496,0.34615384615384615,0.0
0.75,0.782608695652174,0.5205479452054794,0.32660246453349895,0.5384615384615385,0.0
0.75,0.6521739130434783,0.9850746268656716,0.39391115253184217,0.7307692307692308,0.0
0.3333333333333333,0.4347826086956522,0.9859154929577464,0.22418970694832752,0.6153846153846154,0.0
0.20833333333333331,0.043478260869565216,1.0,0.3375789582686134,0.34615384615384615,0.0
0.9583333333333333,0.6521739130434783,0.9285714285714286,0.34099616858237547,0.7307692307692308,0.0
0.41666666666666663,0.6521739130434783,0.9824561403508772,0.7217562389976182,0.576923076923077,0.0
0.041666666666666664,0.043478260869565216,1.0,0.29978254116185155,0.0,0.2631578947368421
0.5,0.34782608695652173,1.0,0.5065755410582995,0.2307692307692308,0.0
0.9166666666666666,0.8695652173913043,0.9642857142857144,0.43978461219840526,0.7307692307692308,0.0
0.625,0.6086956521739131,0.9833333333333332,0.3675054364709536,0.576923076923077,0.0
0.08333333333333333,0.043478260869565216,1.0,0.5253184218701461,0.0,0.47368421052631576
0.625,0.3913043478260869,1.0,0.7606917262089676,0.576923076923077,0.0
0.41666666666666663,0.34782608695652173,1.0,0.19270995133064095,0.46153846153846156,0.0
0.5416666666666666,0.6086956521739131,1.0,0.3082737910324117,0.7307692307692308,0.0
0.25,0.13043478260869565,1.0,0.12716164440302358,0.15384615384615385,0.0
0.041666666666666664,0.0,1.0,0.4618411514963239,0.0,0.10526315789473684
0.6666666666666666,0.34782608695652173,0.9848484848484848,0.5864140002071034,0.3846153846153847,0.0
0.16666666666666666,0.043478260869565216,1.0,0.5795795795795795,0.11538461538461539,0.0
0.7083333333333333,0.7391304347826086,0.3962264150943396,0.28518173345759545,0.3846153846153847,0.0
0.041666666666666664,0.08695652173913043,1.0,0.5104069586828206,0.07692307692307693,0.05263157894736842
0.20833333333333331,0.21739130434782608,1.0,0.19239929584757165,0.2307692307692308,0.0
0.9583333333333333,0.6086956521739131,0.9857142857142858,0.30268199233716486,0.7692307692307693,0.0
0.125,0.7391304347826086,0.0,0.5197266231748991,0.15384615384615385,0.05263157894736842
0.20833333333333331,0.13043478260869565,1.0,0.5802008905457183,0.19230769230769232,0.10526315789473684
0.041666666666666664,0.043478260869565216,1.0,0.5353629491560525,0.038461538461538464,0.2631578947368421
0.8333333333333333,0.9565217391304348,0.1403508771929824,0.42487314901108,0.6923076923076924,0.0
0.3333333333333333,0.4782608695652174,0.9285714285714286,0.5526561043802423,0.46153846153846156,0.0
0.7916666666666666,0.7391304347826086,0.9642857142857144,0.3640882261571916,0.7307692307692308,0.0
0.625,0.9565217391304348,0.7272727272727273,0.45894170032101056,0.7307692307692308,0.0
0.5,0.30434782608695654,0.9836065573770492,0.24914569742155956,0.42307692307692313,0.0
0.375,0.6086956521739131,0.4629629629629629,0.381588485036761,0.19230769230769232,0.0
0.125,0.08695652173913043,1.0,0.4384384384384383,0.07692307692307693,0.10526315789473684
0.3333333333333333,0.17391304347826086,1.0,0.31862897380138755,0.2307692307692308,0.0
0.375,0.3913043478260869,0.9824561403508772,0.6306306306306306,0.3076923076923077,0.0
0.041666666666666664,0.0,1.0,0.6368437402920162,0.07692307692307693,0.05263157894736842
0.3333333333333333,0.0,1.0,0.2805219012115563,0.34615384615384615,0.05263157894736842
0.29166666666666663,0.21739130434782608,1.0,0.49932691312001665,0.2307692307692308,0.0
0.8333333333333333,0.8695652173913043,0.2711864406779661,0.26602464533499015,0.7692307692307693,0.0
0.75,0.34782608695652173,0.9838709677419356,0.5228331780055919,0.46153846153846156,0.0
0.08333333333333333,0.043478260869565216,1.0,0.45096820958889916,0.038461538461538464,0.21052631578947367
0.3333333333333333,0.043478260869565216,1.0,0.2470746608677643,0.038461538461538464,0.05263157894736842
0.5,0.4347826086956522,1.0,0.2601221911566738,0.46153846153846156,0.0
0.29166666666666663,0.26086956521739135,1.0,0.20254737496116804,0.2307692307692308,0.0
0.375,0.5217391304347826,0.9464285714285714,0.4430982706844775,0.6153846153846154,0.0
0.6666666666666666,0.9130434782608696,0.3773584905660377,0.37920679299989657,0.8076923076923078,0.0
0.5,0.8260869565217391,0.1666666666666666,0.6535155845500671,0.34615384615384615,0.0
0.125,0.13043478260869565,1.0,0.3407890649269958,0.11538461538461539,0.05263157894736842
0.125,0.043478260869565216,1.0,0.3193538365952159,0.0,0.10526315789473684
1.0,0.782608695652174,0.9807692307692308,0.1868074971523247,0.8076923076923078,0.0
0.5416666666666666,0.4782608695652174,1.0,0.4692968830899864,0.42307692307692313,0.0
0.6666666666666666,0.5652173913043479,0.9838709677419356,0.31231231231231227,0.6538461538461539,0.0
0.5416666666666666,0.4347826086956522,0.9833333333333332,0.4715750232991611,0.576923076923077,0.0
0.75,0.5217391304347826,0.7258064516129032,0.7175106140623384,0.2692307692307693,0.0
0.041666666666666664,0.0,1.0,0.4390597494045769,0.0,0.21052631578947367
0.4583333333333333,0.6521739130434783,0.5151515151515151,0.698767733250492,0.6153846153846154,0.0
0.625,0.3913043478260869,0.9857142857142858,0.6360153256704981,0.34615384615384615,0.0
0.08333333333333333,0.30434782608695654,1.0,0.3328155741948846,0.07692307692307693,0.0
0.041666666666666664,0.0,1.0,0.4692968830899864,0.11538461538461539,0.05263157894736842
0.041666666666666664,0.043478260869565216,1.0,0.276794035414725,0.0,0.10526315789473684
0.08333333333333333,0.0,1.0,0.33385109247178213,0.0,0.47368421052631576
0.875,0.6521739130434783,0.9571428571428572,0.24697110904007458,0.6923076923076924,0.0
0.75,0.30434782608695654,0.9861111111111112,0.3193538365952159,0.5384615384615385,0.0
0.08333333333333333,0.0,1.0,0.3360256808532671,0.0,0.5789473684210527
0.041666666666666664,0.0,1.0,0.6198612405508959,0.0,0.5263157894736842
0.5833333333333333,0.30434782608695654,0.9859154929577464,0.2878740809775292,0.5000000000000001,0.0
0.08333333333333333,0.6521739130434783,0.7833333333333333,0.3737185461323391,0.2692307692307693,0.0
0.7083333333333333,0.7391304347826086,0.9821428571428572,0.32722377549963744,0.8076923076923078,0.0
0.5416666666666666,0.34782608695652173,0.9818181818181818,0.7304545925235579,0.46153846153846156,0.0
0.3333333333333333,0.30434782608695654,1.0,0.20617168893030957,0.2692307692307693,0.0
0.41666666666666663,0.6956521739130435,0.984126984126984,0.21321321321321318,0.6923076923076924,0.0
0.5416666666666666,0.7391304347826086,0.5094339622641509,0.41431086258672467,0.42307692307692313,0.0
0.08333333333333333,0.6521739130434783,0.8732394366197183,0.6060888474681578,0.038461538461538464,0.15789473684210525
0.6666666666666666,0.7391304347826086,0.1320754716981132,0.36481308895101994,0.7307692307692308,0.0
0.16666666666666666,0.08695652173913043,1.0,0.2735839287563425,0.3076923076923077,0.0
0.6666666666666666,0.4782608695652174,1.0,0.16029822926374637,0.5000000000000001,0.0
0.041666666666666664,0.043478260869565216,1.0,0.6158227192709951,0.0,0.5263157894736842
0.3333333333333333,0.30434782608695654,1.0,0.21321321321321318,0.2692307692307693,0.0
0.4583333333333333,0.3913043478260869,1.0,0.2598115356736046,0.5000000000000001,0.0
0.08333333333333333,0.13043478260869565,1.0,0.36036036036036023,0.038461538461538464,0.05263157894736842
0.5833333333333333,0.5217391304347826,1.0,0.5940768354561459,0.46153846153846156,0.0
0.20833333333333331,0.6086956521739131,0.9850746268656716,0.37506471989230605,0.3846153846153847,0.05263157894736842
0.5416666666666666,0.782608695652174,0.9696969696969696,0.3421352386869627,0.5000000000000001,0.0
0.29166666666666663,0.30434782608695654,0.9821428571428572,0.29191260225742977,0.2307692307692308,0.0
0.3333333333333333,0.13043478260869565,1.0,0.33322978150564364,0.2307692307692308,0.0
0.25,0.8260869565217391,0.0140845070422535,0.2999896448172308,0.2692307692307693,0.0
0.9166666666666666,0.9130434782608696,0.9642857142857144,0.893652272962618,0.8461538461538463,0.0
0.7916666666666666,0.3913043478260869,1.0,0.25328777052914975,0.5000000000000001,0.0
0.9166666666666666,0.782608695652174,0.75,0.29615822719271,0.6153846153846154,0.0
0.625,0.6086956521739131,0.9818181818181818,0.25453039246142684,0.6538461538461539,0.0
0.7083333333333333,0.6521739130434783,0.9827586206896552,0.13886300093196646,0.5384615384615385,0.0
0.9166666666666666,0.6956521739130435,0.9487179487179488,0.6397431914673295,0.8846153846153847,0.0
0.5,0.5652173913043479,0.9859154929577464,0.834317075696386,0.6153846153846154,0.0
0.4583333333333333,0.043478260869565216,1.0,0.5798902350626489,0.038461538461538464,0.0
0.5,0.30434782608695654,1.0,0.5515170342756548,0.5000000000000001,0.0
0.8333333333333333,0.6521739130434783,0.5357142857142857,0.7146111628870249,0.19230769230769232,0.0
0.8333333333333333,0.4347826086956522,0.9452054794520548,0.3070311691001345,0.8076923076923078,0.0
0.5,0.8260869565217391,0.2307692307692307,0.33457595526561046,0.576923076923077,0.0
0.08333333333333333,0.0,1.0,0.5195195195195195,0.038461538461538464,0.3684210526315789
0.20833333333333331,0.13043478260869565,1.0,0.3096199647923785,0.19230769230769232,0.0
0.5416666666666666,0.5652173913043479,0.979591836734694,0.19343481412446917,0.5000000000000001,0.0
0.7083333333333333,0.6956521739130435,0.912280701754386,0.20399710054882458,0.6153846153846154,0.0
0.041666666666666664,0.17391304347826086,0.9833333333333332,0.35021228124676407,0.19230769230769232,0.0
0.25,0.3913043478260869,1.0,0.5544164854509683,0.3846153846153847,0.0
0.4583333333333333,0.5652173913043479,0.9833333333333332,0.357046701874288,0.3076923076923077,0.0
0.29166666666666663,0.26086956521739135,0.9836065573770492,0.3325049187118153,0.2307692307692308,0.0
0.4583333333333333,0.5217391304347826,0.9859154929577464,0.47033240136688415,0.42307692307692313,0.0
0.041666666666666664,0.0,1.0,0.5099927513720617,0.0,0.15789473684210525
0.8333333333333333,0.9130434782608696,0.1153846153846153,0.1616444030237134,0.6153846153846154,0.0
0.8333333333333333,0.5652173913043479,0.9836065573770492,0.0918504711608159,0.6153846153846154,0.0
0.6666666666666666,0.782608695652174,0.9545454545454546,0.18504711608159874,0.8076923076923078,0.0
0.5416666666666666,0.782608695652174,0.625,0.4182458320389355,0.7692307692307693,0.0
0.29166666666666663,0.782608695652174,0.9807692307692308,0.36874805840323077,0.3076923076923077,0.0
0.3333333333333333,0.4782608695652174,0.9850746268656716,0.7835766801284041,0.3846153846153847,0.0
0.5833333333333333,0.8260869565217391,0.0,0.40043491767629713,0.5384615384615385,0.0
0.8333333333333333,0.5652173913043479,0.9848484848484848,0.7134720927824376,0.6923076923076924,0.0
0.041666666666666664,0.13043478260869565,1.0,0.2708915812364088,0.038461538461538464,0.10526315789473684
0.5833333333333333,0.26086956521739135,1.0,0.30837734286010143,0.42307692307692313,0.0
0.20833333333333331,0.3913043478260869,1.0,0.6109557833695765,0.038461538461538464,0.05263157894736842
0.16666666666666666,0.17391304347826086,1.0,0.6241068654861759,0.3076923076923077,0.0
0.6666666666666666,0.4347826086956522,0.9772727272727272,0.30775603189396294,0.7692307692307693,0.0
0.29166666666666663,0.30434782608695654,1.0,0.7150253701977838,0.3846153846153847,0.0
0.125,0.08695652173913043,1.0,0.312830071450761,0.2307692307692308,0.0
0.75,0.8695652173913043,0.0,0.3420316868592732,0.7307692307692308,0.0
0.16666666666666666,0.08695652173913043,1.0,0.15149632391011691,0.07692307692307693,0.0
0.5,0.34782608695652173,1.0,0.21052086569327944,0.3846153846153847,0.0
0.41666666666666663,0.8260869565217391,0.3392857142857143,0.6503054778916848,0.7307692307692308,0.0
0.6666666666666666,0.9130434782608696,0.0,0.44713679196437806,0.5000000000000001,0.0
0.375,0.21739130434782608,1.0,0.6273169721445584,0.19230769230769232,0.0
0.8333333333333333,0.6086956521739131,1.0,0.24728176452314377,0.6153846153846154,0.0
0.20833333333333331,0.26086956521739135,1.0,0.3625349487418452,0.2307692307692308,0.05263157894736842
0.041666666666666664,0.0,1.0,0.2374443408926168,0.0,0.05263157894736842
0.7916666666666666,0.5652173913043479,0.9827586206896552,0.19944082013047515,0.6923076923076924,0.0
0.4583333333333333,0.9130434782608696,0.0273972602739726,0.1702392047219633,0.34615384615384615,0.0
0.9166666666666666,0.782608695652174,0.9649122807017544,0.4093403748576161,0.8846153846153847,0.0
0.125,0.17391304347826086,1.0,0.7668012840426632,0.15384615384615385,0.0
0.41666666666666663,0.26086956521739135,1.0,0.2664388526457492,0.5384615384615385,0.0
0.29166666666666663,0.26086956521739135,1.0,0.44713679196437806,0.3076923076923077,0.0
0.4583333333333333,0.21739130434782608,1.0,0.5034689862276069,0.19230769230769232,0.0
0.5,0.4782608695652174,0.9818181818181818,0.6961789375582479,0.576923076923077,0.0
0.7083333333333333,0.5217391304347826,0.9859154929577464,0.3107590348969659,0.3846153846153847,0.0
0.875,0.6956521739130435,0.9743589743589745,0.4867971419695558,0.46153846153846156,0.0
0.375,0.782608695652174,0.8873239436619719,0.9001760381070725,0.3076923076923077,0.0
0.041666666666666664,0.0,1.0,0.49808429118773945,0.0,0.3157894736842105
0.6666666666666666,0.6086956521739131,0.5636363636363636,0.40540540540540526,0.6538461538461539,0.0
0.4583333333333333,0.17391304347826086,0.9859154929577464,0.27555141348244794,0.11538461538461539,0.0
0.7916666666666666,0.6956521739130435,0.9393939393939394,0.4476545511028269,0.7692307692307693,0.0
0.7083333333333333,0.8695652173913043,0.0227272727272727,0.45407476441959194,0.6923076923076924,0.0
0.29166666666666663,0.08695652173913043,1.0,0.15035725380552956,0.07692307692307693,0.0
0.5416666666666666,0.5217391304347826,0.9821428571428572,0.28901315108211656,0.8076923076923078,0.0
0.041666666666666664,0.08695652173913043,1.0,0.4226985606295952,0.07692307692307693,0.05263157894736842
0.875,0.08695652173913043,1.0,0.53650201926064,0.0,0.3157894736842105
0.20833333333333331,0.26086956521739135,1.0,0.45914880397639024,0.0,0.3157894736842105
0.25,0.17391304347826086,1.0,0.4361602982292636,0.15384615384615385,0.0
0.041666666666666664,0.0,1.0,0.5698457077767423,0.038461538461538464,0.21052631578947367
0.20833333333333331,0.17391304347826086,1.0,0.3223568395982188,0.19230769230769232,0.0
0.9166666666666666,0.9130434782608696,0.0,0.6276276276276276,0.07692307692307693,0.05263157894736842
0.16666666666666666,0.13043478260869565,1.0,0.3496945221083152,0.19230769230769232,0.05263157894736842
0.5833333333333333,0.5217391304347826,1.0,0.32525629077353235,0.3846153846153847,0.0
0.625,0.7391304347826086,0.4084507042253521,0.27627627627627627,0.5000000000000001,0.0
0.5833333333333333,0.4347826086956522,0.981132075471698,0.34244589417003235,0.6923076923076924,0.0
0.29166666666666663,0.08695652173913043,1.0,0.49104276690483584,0.038461538461538464,0.10526315789473684
0.4583333333333333,0.30434782608695654,1.0,0.2266749508128818,0.576923076923077,0.0
0.25,0.17391304347826086,1.0,0.7532359946153051,0.19230769230769232,0.0
0.625,0.3913043478260869,0.9848484848484848,0.5998757378067723,0.46153846153846156,0.0
0.5,0.4347826086956522,0.9838709677419356,0.14642228435331883,0.6923076923076924,0.0
0.75,0.5652173913043479,1.0,0.20461841151496318,0.7307692307692308,0.0
0.3333333333333333,0.30434782608695654,1.0,0.6178937558247903,0.2307692307692308,0.0
0.875,0.782608695652174,0.9833333333333332,0.17997307652480066,0.7692307692307693,0.0
0.16666666666666666,0.043478260869565216,1.0,0.17293155224189705,0.038461538461538464,0.10526315789473684
0.25,0.26086956521739135,1.0,0.6269027648337995,0.07692307692307693,0.05263157894736842
0.3333333333333333,0.17391304347826086,1.0,0.3751682717199958,0.2307692307692308,0.0
1.0,0.782608695652174,0.9818181818181818,0.1829760795278036,1.0,0.0
0.375,0.30434782608695654,1.0,0.4523143833488661,0.3076923076923077,0.0
0.125,0.08695652173913043,1.0,0.36294915605260436,0.11538461538461539,0.0
0.4583333333333333,0.5652173913043479,0.9824561403508772,0.24034379206793,0.5000000000000001,0.0
0.375,0.4782608695652174,0.981132075471698,0.12881847364605992,0.5384615384615385,0.0
0.6666666666666666,0.30434782608695654,0.9857142857142858,0.554830692761727,0.2307692307692308,0.0
0.6666666666666666,0.34782608695652173,1.0,0.21631976804390596,0.6538461538461539,0.0
0.4583333333333333,0.4347826086956522,0.986842105263158,0.41203272237754995,0.46153846153846156,0.0
0.625,0.34782608695652173,0.9714285714285714,0.5229367298332814,0.6923076923076924,0.0
0.20833333333333331,0.17391304347826086,1.0,0.2301957129543335,0.11538461538461539,0.10526315789473684
0.41666666666666663,0.043478260869565216,1.0,0.5294604949777364,0.3076923076923077,0.0
0.125,0.0,1.0,0.3987780884332608,0.07692307692307693,0.05263157894736842
0.20833333333333331,0.13043478260869565,1.0,0.2799005902454178,0.15384615384615385,0.0
0.16666666666666666,0.7391304347826086,0.9824561403508772,0.5556591073832453,0.6538461538461539,0.0
0.75,0.782608695652174,0.1551724137931034,0.30620275447861656,0.8076923076923078,0.0
0.125,0.043478260869565216,1.0,0.2391011701356529,0.0,0.15789473684210525
0.125,0.043478260869565216,1.0,0.05001553277415338,0.19230769230769232,0.05263157894736842
0.9166666666666666,0.8695652173913043,0.2909090909090909,0.9146732939836391,0.9230769230769231,0.0
0.3333333333333333,0.9130434782608696,0.3333333333333333,0.40405923164543855,0.5384615384615385,0.0
0.25,0.6086956521739131,0.5471698113207547,0.20648234441337887,0.19230769230769232,0.0
0.7916666666666666,0.5652173913043479,1.0,0.6701874288081184,0.42307692307692313,0.0
0.625,0.08695652173913043,1.0,0.35787511649580606,0.19230769230769232,0.0
0.0,1.0,0.0,0.6701874288081184,0.8846153846153847,0.0
0.041666666666666664,0.0,1.0,0.5596976286631459,0.038461538461538464,0.05263157894736842
0.875,0.9565217391304348,0.4426229508196721,0.7092264678471574,0.8076923076923078,0.0
0.08333333333333333,0.3913043478260869,0.9833333333333332,0.5447861654758206,0.2692307692307693,0.0
0.5416666666666666,0.3913043478260869,0.9833333333333332,0.3631562597079838,0.5000000000000001,0.0
0.25,0.26086956521739135,1.0,0.3143833488661074,0.2307692307692308,0.0
0.7083333333333333,0.8260869565217391,0.0153846153846153,0.697835766801284,0.8076923076923078,0.0
0.16666666666666666,0.0,1.0,0.3152117634876255,0.038461538461538464,0.21052631578947367
0.25,0.26086956521739135,1.0,0.5990473231852542,0.3076923076923077,0.0
0.41666666666666663,0.13043478260869565,1.0,0.34223879051465245,0.11538461538461539,0.05263157894736842
0.20833333333333331,0.782608695652174,0.0151515151515151,0.0819094957025992,0.19230769230769232,0.0
0.375,0.17391304347826086,1.0,0.18080149114631872,0.11538461538461539,0.0
0.3333333333333333,0.34782608695652173,0.971830985915493,0.24790307548928237,0.2692307692307693,0.0
0.0,0.8260869565217391,0.0,0.21031376203789998,0.5384615384615385,0.0
0.7083333333333333,0.5652173913043479,0.9821428571428572,0.25525525525525516,0.6153846153846154,0.0
0.25,0.4347826086956522,0.9848484848484848,0.0057989023506264115,0.3846153846153847,0.0
0.9166666666666666,0.9130434782608696,0.9622641509433962,0.18225121673397526,1.0,0.0
0.125,0.043478260869565216,1.0,0.40695868282075165,0.11538461538461539,0.05263157894736842
0.5833333333333333,0.5217391304347826,1.0,0.18763591177384265,0.46153846153846156,0.0
0.041666666666666664,0.0,1.0,0.4834834834834836,0.038461538461538464,0.10526315789473684
0.5833333333333333,0.7391304347826086,0.0,0.2595008801905353,0.2692307692307693,0.0
0.041666666666666664,0.043478260869565216,1.0,0.2706844775810293,0.038461538461538464,0.05263157894736842
0.125,0.30434782608695654,1.0,0.30910220565392976,0.34615384615384615,0.0
0.16666666666666666,0.043478260869565216,1.0,0.3554934244589416,0.038461538461538464,0.0
0.16666666666666666,0.6086956521739131,0.9772727272727272,0.21569845707776736,0.07692307692307693,0.10526315789473684
0.20833333333333331,0.21739130434782608,1.0,0.28735632183908044,0.07692307692307693,0.05263157894736842
0.08333333333333333,0.043478260869565216,1.0,0.5919022470746609,0.038461538461538464,0.0
0.5833333333333333,0.17391304347826086,1.0,0.4288081184632908,0.19230769230769232,0.0
0.0,0.782608695652174,0.0566037735849056,0.3079631355493425,0.3076923076923077,0.0
0.125,0.043478260869565216,1.0,0.2544268406337371,0.0,0.47368421052631576
0.5,0.7391304347826086,0.782051282051282,0.2438645542093819,0.46153846153846156,0.0
0.3333333333333333,0.6086956521739131,0.9827586206896552,0.893652272962618,0.576923076923077,0.0
0.5833333333333333,0.17391304347826086,1.0,0.5555555555555556,0.15384615384615385,0.05263157894736842
0.5833333333333333,0.4782608695652174,0.981132075471698,0.6809568188878532,0.42307692307692313,0.0
0.375,0.6086956521739131,0.9859154929577464,0.45697421559490525,0.19230769230769232,0.0
0.7916666666666666,0.6086956521739131,0.9642857142857144,0.23961892927410167,0.6923076923076924,0.0
0.375,0.08695652173913043,1.0,0.5973904939422181,0.038461538461538464,0.0
0.9583333333333333,0.4347826086956522,1.0,0.9949259604432019,0.46153846153846156,0.0
0.29166666666666663,0.34782608695652173,1.0,0.6468882675779226,0.42307692307692313,0.0
0.41666666666666663,0.0,1.0,0.7336646991819407,0.038461538461538464,0.3157894736842105
0.8333333333333333,0.6956521739130435,0.9772727272727272,0.31065548306927615,0.8461538461538463,0.0
0.5833333333333333,0.3913043478260869,0.9827586206896552,0.2903593248420834,0.34615384615384615,0.0
0.041666666666666664,0.0,1.0,0.6010148079113595,0.0,0.10526315789473684
0.125,0.13043478260869565,1.0,0.710779745262504,0.19230769230769232,0.10526315789473684
0.125,0.08695652173913043,1.0,0.3971212591902247,0.07692307692307693,0.21052631578947367
0.875,0.8260869565217391,0.0689655172413793,0.34027130578854714,0.7307692307692308,0.0
0.8333333333333333,0.782608695652174,0.7714285714285715,0.6780573677125401,0.6153846153846154,0.0
0.16666666666666666,0.17391304347826086,1.0,0.16381899140519818,0.07692307692307693,0.05263157894736842
0.7083333333333333,0.6086956521739131,0.9827586206896552,0.20202961582271928,0.6538461538461539,0.0
0.4583333333333333,0.7391304347826086,0.0,0.5040902971937455,0.19230769230769232,0.0
0.375,0.30434782608695654,1.0,0.43056849953401666,0.3846153846153847,0.0
0.875,0.26086956521739135,1.0,0.9151910531220877,0.34615384615384615,0.0
0.5833333333333333,0.4782608695652174,1.0,0.34058196127161633,0.46153846153846156,0.0
0.25,0.21739130434782608,1.0,0.5601118359739048,0.46153846153846156,0.0
0.125,0.782608695652174,0.2888888888888888,0.5816506161333745,0.15384615384615385,0.05263157894736842
0.75,0.8260869565217391,0.4328358208955223,0.1976804390597494,0.8076923076923078,0.0
0.5,0.6956521739130435,0.5409836065573771,0.6312519415967692,0.5384615384615385,0.0
0.5416666666666666,0.8260869565217391,0.6285714285714286,0.6203789996893445,0.6538461538461539,0.0
0.6666666666666666,0.30434782608695654,1.0,0.18981050015532763,0.6153846153846154,0.0
0.41666666666666663,0.3913043478260869,0.9836065573770492,0.5152738945842394,0.2307692307692308,0.0
0.375,0.26086956521739135,1.0,0.5787511649580614,0.2307692307692308,0.0
0.8333333333333333,0.7391304347826086,0.9818181818181818,0.4963239101170136,0.6923076923076924,0.0
0.08333333333333333,0.0,1.0,0.35528632080356215,0.15384615384615385,0.15789473684210525
0.20833333333333331,0.13043478260869565,1.0,0.47457802630216417,0.15384615384615385,0.05263157894736842
0.625,0.5652173913043479,0.967741935483871,0.1947809878844361,0.6923076923076924,0.0
0.7916666666666666,0.5217391304347826,1.0,0.1890856373614993,0.6153846153846154,0.0
0.20833333333333331,0.7391304347826086,0.0615384615384615,0.19198508853681262,0.2692307692307693,0.0
0.7916666666666666,0.7391304347826086,0.9821428571428572,0.3837630734182458,0.7692307692307693,0.0
0.75,0.4782608695652174,1.0,0.829967898933416,0.6153846153846154,0.0
0.6666666666666666,0.4782608695652174,0.9821428571428572,0.11359635497566523,0.5000000000000001,0.0
0.25,0.08695652173913043,1.0,0.5389872631251942,0.15384615384615385,0.05263157894736842
0.4583333333333333,0.30434782608695654,1.0,0.6038107072589831,0.6538461538461539,0.0
0.75,0.5652173913043479,0.9772727272727272,0.7440198819509165,0.7307692307692308,0.0
0.41666666666666663,0.26086956521739135,1.0,0.32028580304442367,0.038461538461538464,0.10526315789473684
0.5833333333333333,0.6521739130434783,0.2878787878787879,0.3255669462566013,0.7692307692307693,0.0
0.5,0.6521739130434783,0.7321428571428571,0.21538780159469806,0.7307692307692308,0.0
0.41666666666666663,0.21739130434782608,1.0,0.330123226674951,0.46153846153846156,0.0
0.7083333333333333,0.6521739130434783,0.9444444444444444,0.15108211659935789,0.6538461538461539,0.0
0.75,0.4782608695652174,1.0,0.14424769597183384,0.7692307692307693,0.0
0.75,0.26086956521739135,1.0,0.6941079010044526,0.0,0.6842105263157894
0.375,0.30434782608695654,1.0,0.2426219322771047,0.2307692307692308,0.0
0.5,0.782608695652174,0.4827586206896552,0.46349798073936,0.6923076923076924,0.0
0.375,0.30434782608695654,1.0,0.24024024024024027,0.2692307692307693,0.0
0.3333333333333333,0.6956521739130435,0.1379310344827586,0.7066376721549135,0.5384615384615385,0.0
0.8333333333333333,0.782608695652174,0.0,0.5200372786579683,0.6923076923076924,0.0
0.25,0.13043478260869565,1.0,0.305995650823237,0.0,0.10526315789473684
0.7083333333333333,0.4782608695652174,0.981132075471698,0.3397535466500984,0.576923076923077,0.0
0.7083333333333333,0.6956521739130435,0.9836065573770492,0.4309827068447758,0.6923076923076924,0.0
0.75,0.8260869565217391,0.0454545454545454,0.2044113078595836,0.576923076923077,0.0
0.08333333333333333,0.782608695652174,0.9649122807017544,0.378481930206068,0.07692307692307693,0.05263157894736842
0.7916666666666666,0.6521739130434783,0.974025974025974,0.3222532877705291,0.5384615384615385,0.0
0.41666666666666663,0.7391304347826086,0.0,0.1398985192088641,0.2692307692307693,0.0
0.4583333333333333,0.17391304347826086,1.0,0.3647095371233302,0.2307692307692308,0.0
0.7916666666666666,0.3913043478260869,0.9859154929577464,0.8885782334058197,0.34615384615384615,0.0
0.16666666666666666,0.08695652173913043,1.0,0.4714714714714714,0.11538461538461539,0.05263157894736842
0.5416666666666666,0.6521739130434783,0.9245283018867924,0.3415139277208241,0.6923076923076924,0.0
0.75,1.0,0.0,0.3924614269441855,0.7307692307692308,0.0
0.25,0.4347826086956522,1.0,0.3216319768043905,0.34615384615384615,0.0
0.6666666666666666,0.6086956521739131,0.9482758620689656,0.679507093300197,0.42307692307692313,0.0
0.4583333333333333,0.17391304347826086,1.0,0.32183908045977005,0.0,0.631578947368421
0.75,0.8260869565217391,0.0140845070422535,0.6356011183597392,0.6153846153846154,0.0
0.3333333333333333,0.26086956521739135,1.0,0.2426219322771047,0.3846153846153847,0.0
0.125,0.3913043478260869,0.9772727272727272,0.3567360463912188,0.19230769230769232,0.05263157894736842
0.041666666666666664,0.0,1.0,0.6162369265817542,0.0,0.47368421052631576
0.41666666666666663,0.34782608695652173,1.0,0.39794967381174273,0.6538461538461539,0.0
0.75,0.5217391304347826,0.9859154929577464,0.19084601843222526,0.6923076923076924,0.0
0.375,0.13043478260869565,1.0,0.315004659832246,0.0,0.05263157894736842
0.75,0.6521739130434783,0.9666666666666668,0.28424976700838767,0.7307692307692308,0.0
0.3333333333333333,0.8260869565217391,0.0,0.6050533291912603,0.6153846153846154,0.0
0.16666666666666666,0.13043478260869565,1.0,0.38624831728279974,0.11538461538461539,0.05263157894736842
0.625,0.6086956521739131,1.0,0.2751372061716889,0.6923076923076924,0.0
0.41666666666666663,0.30434782608695654,1.0,0.21186703945324636,0.576923076923077,0.0
0.5833333333333333,0.4782608695652174,0.9833333333333332,0.4051983017500258,0.2692307692307693,0.0
0.8333333333333333,0.9130434782608696,0.0943396226415094,0.22418970694832752,0.7692307692307693,0.0
0.375,0.08695652173913043,1.0,0.44993269131200164,0.3076923076923077,0.0
0.8333333333333333,0.4347826086956522,0.9577464788732394,0.30775603189396294,0.2692307692307693,0.0
0.875,0.782608695652174,0.9696969696969696,0.17417417417417413,0.8076923076923078,0.0
0.25,0.17391304347826086,1.0,0.6322874598736667,0.15384615384615385,0.0
0.16666666666666666,0.13043478260869565,0.9861111111111112,0.3072382727555141,0.2692307692307693,0.0
0.7083333333333333,0.0,1.0,0.36460598529564026,0.0,0.42105263157894735
0.7083333333333333,0.5217391304347826,0.9487179487179488,0.7296261779020399,0.6153846153846154,0.0
0.29166666666666663,0.6521739130434783,0.9230769230769232,0.2222222222222221,0.42307692307692313,0.0
0.16666666666666666,0.17391304347826086,1.0,0.2734803769286527,0.11538461538461539,0.0
0.16666666666666666,0.043478260869565216,1.0,0.5207621414517964,0.038461538461538464,0.0
0.29166666666666663,0.5217391304347826,0.9821428571428572,0.9748369058713886,0.3076923076923077,0.0
0.16666666666666666,0.5652173913043479,1.0,0.5689137413275345,0.2692307692307693,0.0
0.125,0.043478260869565216,1.0,0.2036864450657554,0.07692307692307693,0.0
0.5416666666666666,0.34782608695652173,0.9701492537313432,0.5621828725277,0.5384615384615385,0.0
0.7083333333333333,0.5652173913043479,0.5671641791044776,0.4556280418349383,0.8076923076923078,0.0
0.625,0.6086956521739131,1.0,0.40530185357771553,0.7307692307692308,0.0
0.4583333333333333,0.8260869565217391,0.1282051282051282,0.11753132442787606,0.5000000000000001,0.0
0.625,0.782608695652174,0.0357142857142857,0.32028580304442367,0.7692307692307693,0.0
0.3333333333333333,0.30434782608695654,0.9830508474576272,0.6438852645749198,0.2307692307692308,0.0
0.9166666666666666,0.08695652173913043,1.0,0.33840737289013156,0.07692307692307693,0.0
0.25,0.17391304347826086,1.0,0.34544889717303495,0.2692307692307693,0.0
0.9166666666666666,0.6956521739130435,0.9545454545454546,0.29698664181422807,0.7692307692307693,0.0
0.8333333333333333,0.5217391304347826,0.967741935483871,0.2824893859376617,0.7307692307692308,0.0
0.25,0.21739130434782608,1.0,0.3607745676711194,0.15384615384615385,0.05263157894736842
0.5,0.34782608695652173,0.9859154929577464,0.8639328984156571,0.34615384615384615,0.0
0.6666666666666666,0.34782608695652173,0.9863013698630136,0.22398260329294806,0.7307692307692308,0.0
0.29166666666666663,0.5652173913043479,0.8275862068965517,0.4775810293051672,0.34615384615384615,0.0
0.041666666666666664,0.08695652173913043,1.0,0.17013565289427357,0.07692307692307693,0.10526315789473684
0.4583333333333333,0.30434782608695654,1.0,0.6411929170549862,0.15384615384615385,0.0
0.125,0.26086956521739135,1.0,0.9559904732318527,0.2692307692307693,0.0
0.9166666666666666,0.8695652173913043,0.0188679245283018,0.3121052086569328,0.8846153846153847,0.0
0.6666666666666666,0.3913043478260869,1.0,0.25266645956301115,0.34615384615384615,0.0
0.125,0.13043478260869565,1.0,0.061613337475406316,0.19230769230769232,0.05263157894736842
0.41666666666666663,0.5217391304347826,1.0,0.39132235683959826,0.3846153846153847,0.0
0.25,0.34782608695652173,1.0,0.30071450761105933,0.3076923076923077,0.0
0.6666666666666666,0.7391304347826086,0.7313432835820896,0.1817334575955265,0.3076923076923077,0.0
0.8333333333333333,0.7391304347826086,0.6301369863013698,0.33053743398571,0.6923076923076924,0.0
0.5416666666666666,0.5217391304347826,0.9859154929577464,0.549756653204929,0.3076923076923077,0.0
0.7916666666666666,0.8695652173913043,0.1571428571428571,0.4736460598529564,0.7692307692307693,0.0
0.5833333333333333,0.6086956521739131,0.9772727272727272,0.1546028787408097,0.7307692307692308,0.0
0.625,0.5652173913043479,0.6212121212121212,0.20347934141037582,0.3076923076923077,0.0
0.625,0.5217391304347826,1.0,0.8111214662938802,0.6153846153846154,0.0
0.7083333333333333,0.5652173913043479,1.0,0.4395775085430258,0.7307692307692308,0.0
0.7083333333333333,0.6086956521739131,0.6901408450704225,0.1864968416692554,0.5384615384615385,0.0
0.20833333333333331,0.17391304347826086,1.0,0.4255980118049083,0.07692307692307693,0.05263157894736842
0.5833333333333333,0.7391304347826086,0.4509803921568627,0.21114217665941803,0.6538461538461539,0.0
0.375,0.30434782608695654,1.0,0.27969348659003823,0.34615384615384615,0.05263157894736842
0.875,0.7391304347826086,0.9655172413793104,0.39484311898104996,0.6538461538461539,0.0
0.7916666666666666,0.5652173913043479,0.9772727272727272,0.23454488971730325,0.5384615384615385,0.0
0.6666666666666666,0.34782608695652173,0.981132075471698,0.3363363363363363,0.6153846153846154,0.0
0.6666666666666666,0.6956521739130435,0.971830985915493,0.33964999482240865,0.2692307692307693,0.0
0.3333333333333333,0.34782608695652173,0.9838709677419356,0.3895619757688724,0.6538461538461539,0.0
0.5833333333333333,0.4782608695652174,0.9846153846153848,0.37289013151082107,0.6538461538461539,0.0
0.8333333333333333,0.6521739130434783,1.0,0.4047840944392669,0.7692307692307693,0.0
0.875,0.782608695652174,0.981132075471698,0.2513202858030442,0.6923076923076924,0.0
0.5,0.5652173913043479,0.9859154929577464,0.08014911463187313,0.8846153846153847,0.0
0.8333333333333333,0.782608695652174,0.1403508771929824,0.26757792275033654,0.3846153846153847,0.0
0.625,0.4782608695652174,0.9857142857142858,0.17686652169410788,0.34615384615384615,0.0
0.25,0.30434782608695654,1.0,0.4287045666356013,0.19230769230769232,0.0
0.625,0.4347826086956522,0.9863013698630136,0.31065548306927615,0.7692307692307693,0.0
0.16666666666666666,0.26086956521739135,1.0,0.7495081288184735,0.038461538461538464,0.05263157894736842
0.20833333333333331,0.08695652173913043,1.0,0.22118670394532458,0.038461538461538464,0.05263157894736842
0.7083333333333333,0.4347826086956522,0.9642857142857144,0.40561250906078494,0.5000000000000001,0.0
0.20833333333333331,0.17391304347826086,1.0,0.3407890649269958,0.15384615384615385,0.0
0.375,0.13043478260869565,1.0,0.6127161644403023,0.11538461538461539,0.05263157894736842
0.6666666666666666,0.782608695652174,0.106060606060606,0.4427876152014083,0.46153846153846156,0.0
0.625,0.26086956521739135,0.9871794871794872,0.43854199026612806,0.34615384615384615,0.0
0.375,0.30434782608695654,1.0,0.1542922232577404,0.42307692307692313,0.0
0.125,0.4782608695652174,1.0,0.37216526871699296,0.34615384615384615,0.05263157894736842
0.375,0.17391304347826086,0.9850746268656716,0.5251113182147664,0.15384615384615385,0.05263157894736842
0.6666666666666666,0.4782608695652174,1.0,0.24148286217251735,0.6153846153846154,0.0
0.6666666666666666,0.4782608695652174,1.0,0.8856787822305063,0.6538461538461539,0.0
0.6666666666666666,0.5652173913043479,0.971830985915493,0.3400642021331677,0.6923076923076924,0.0
0.8333333333333333,0.8695652173913043,0.971830985915493,0.1007559283421352,0.8846153846153847,0.0
0.3333333333333333,0.26086956521739135,1.0,0.23371647509578541,0.11538461538461539,0.10526315789473684
0.5833333333333333,0.26086956521739135,0.9850746268656716,0.1438334886610747,0.3846153846153847,0.0
0.9166666666666666,0.6956521739130435,0.9833333333333332,0.22450036243139682,0.7307692307692308,0.0
0.125,0.08695652173913043,1.0,0.23671947809878846,0.11538461538461539,0.05263157894736842
0.4583333333333333,0.26086956521739135,0.9857142857142858,0.47488868178523336,0.2692307692307693,0.0
0.7083333333333333,0.5652173913043479,0.9464285714285714,0.4418556487522005,0.7692307692307693,0.0
0.7916666666666666,0.17391304347826086,1.0,0.7648337993165579,0.19230769230769232,0.0
0.41666666666666663,0.8260869565217391,0.2142857142857142,0.4616340478409444,0.3846153846153847,0.0
0.75,0.6521739130434783,0.9333333333333332,0.21414517966242097,0.8076923076923078,0.0
0.08333333333333333,0.34782608695652173,1.0,0.38842290566428495,0.2692307692307693,0.0
0.041666666666666664,0.5652173913043479,0.5666666666666667,0.3898726312519416,0.11538461538461539,0.15789473684210525
0.375,0.34782608695652173,1.0,0.2942942942942942,0.3846153846153847,0.05263157894736842
0.125,0.26086956521739135,1.0,0.2658175416796107,0.3846153846153847,0.0
0.29166666666666663,0.5217391304347826,1.0,0.32018225121673394,0.34615384615384615,0.0
0.5416666666666666,0.6521739130434783,0.9772727272727272,0.43139691415553494,0.6923076923076924,0.0
0.7916666666666666,0.7391304347826086,0.1698113207547169,0.521487004245625,0.19230769230769232,0.0
0.7916666666666666,0.5652173913043479,0.9807692307692308,0.1495288391840115,0.6923076923076924,0.0
0.041666666666666664,0.0,1.0,0.4618411514963239,0.038461538461538464,0.3157894736842105
0.7083333333333333,0.7391304347826086,0.9824561403508772,0.7403955679817749,0.46153846153846156,0.0
0.375,0.3913043478260869,1.0,0.33768251009630323,0.5384615384615385,0.0
0.16666666666666666,0.8260869565217391,0.0175438596491228,0.42797970384177275,0.2692307692307693,0.0
0.041666666666666664,0.0,1.0,0.5444755099927514,0.038461538461538464,0.47368421052631576
0.5833333333333333,0.5217391304347826,0.9821428571428572,0.48172310241275773,0.5000000000000001,0.0
0.375,0.17391304347826086,1.0,0.529149839494667,0.15384615384615385,0.0
0.5416666666666666,0.4347826086956522,1.0,0.7347002174588384,0.5384615384615385,0.0
0.7083333333333333,0.8260869565217391,0.5471698113207547,0.34669151910531215,0.6923076923076924,0.0
0.5833333333333333,0.6956521739130435,0.9857142857142858,0.44858651755203494,0.6538461538461539,0.0
0.4583333333333333,1.0,0.15,0.633530081805944,0.2692307692307693,0.0
0.5833333333333333,0.21739130434782608,0.9855072463768116,0.4855545200372786,0.6153846153846154,0.0
0.41666666666666663,0.5652173913043479,0.9821428571428572,0.2643678160919539,0.42307692307692313,0.0
0.4583333333333333,0.4347826086956522,1.0,0.6218287252770012,0.11538461538461539,0.05263157894736842
0.041666666666666664,0.043478260869565216,1.0,0.32339235787511644,0.07692307692307693,0.10526315789473684
0.6666666666666666,0.6956521739130435,0.9848484848484848,0.5248006627316972,0.576923076923077,0.0
0.16666666666666666,0.6956521739130435,0.7647058823529411,0.43015429222325774,0.15384615384615385,0.05263157894736842
0.125,0.0,1.0,0.46712229470850164,0.19230769230769232,0.05263157894736842
0.20833333333333331,0.26086956521739135,1.0,0.5637361499430464,0.5000000000000001,0.0
0.375,0.21739130434782608,0.9857142857142858,0.5961478720099411,0.34615384615384615,0.0
0.041666666666666664,0.21739130434782608,1.0,0.20192606399502955,0.15384615384615385,0.05263157894736842
0.41666666666666663,0.4782608695652174,0.9824561403508772,0.43056849953401666,0.42307692307692313,0.0
0.5416666666666666,0.3913043478260869,0.9824561403508772,0.11597804701252956,0.34615384615384615,0.0
0.5416666666666666,0.34782608695652173,1.0,0.3219426322874598,0.2307692307692308,0.0
0.6666666666666666,0.30434782608695654,1.0,0.7143005074039557,0.3846153846153847,0.0
0.4583333333333333,0.4347826086956522,0.9859154929577464,0.3950502226364294,0.6538461538461539,0.0
0.8333333333333333,0.6086956521739131,0.9838709677419356,0.2974008491249871,0.7307692307692308,0.0
0.041666666666666664,0.782608695652174,0.0517241379310344,0.3414103758931344,0.0,0.10526315789473684
0.25,0.5652173913043479,0.9859154929577464,0.7944496220358288,0.34615384615384615,0.0
0.7083333333333333,0.5217391304347826,0.98,0.3789996893445169,0.6153846153846154,0.0
0.20833333333333331,0.7391304347826086,0.3389830508474576,0.8972765869317594,0.3076923076923077,0.0
0.041666666666666664,0.0,1.0,0.692658175416796,0.0,0.6842105263157894
0.625,0.21739130434782608,1.0,0.6049497773635704,0.038461538461538464,0.10526315789473684
0.41666666666666663,0.30434782608695654,1.0,0.42663353008180604,0.2692307692307693,0.0
0.5416666666666666,0.34782608695652173,1.0,0.6052604328466398,0.6538461538461539,0.0
0.6666666666666666,0.34782608695652173,1.0,0.2702702702702703,0.46153846153846156,0.0
0.7083333333333333,0.6521739130434783,0.8363636363636363,0.202133167650409,0.5384615384615385,0.0
0.41666666666666663,0.8260869565217391,0.6666666666666666,0.0771461116288702,0.34615384615384615,0.0
0.7916666666666666,0.6956521739130435,0.4339622641509434,0.4432018225121672,0.19230769230769232,0.10526315789473684
0.4583333333333333,0.4347826086956522,1.0,0.36905871388629996,0.2692307692307693,0.0
0.16666666666666666,0.08695652173913043,1.0,0.25484104794449614,0.3076923076923077,0.0
0.25,0.26086956521739135,1.0,0.5985295640468054,0.6153846153846154,0.0
0.7916666666666666,0.34782608695652173,0.971830985915493,0.29180905042974004,0.576923076923077,0.0
0.4583333333333333,0.21739130434782608,1.0,0.5996686341513928,0.11538461538461539,0.05263157894736842
0.20833333333333331,0.13043478260869565,1.0,0.1597804701252975,0.07692307692307693,0.0
0.16666666666666666,0.0,1.0,0.3614994304649477,0.07692307692307693,0.15789473684210525
0.6666666666666666,0.8695652173913043,0.0,0.36999068033550797,0.576923076923077,0.0
0.9583333333333333,0.3913043478260869,1.0,0.33395464429947175,0.2307692307692308,0.0
0.29166666666666663,0.4347826086956522,0.9827586206896552,0.2537019778399088,0.42307692307692313,0.0
0.20833333333333331,0.6956521739130435,0.3833333333333333,0.2685098891995443,0.2307692307692308,0.0
0.75,0.5652173913043479,0.9722222222222222,0.7036346691519104,0.8076923076923078,0.0
0.08333333333333333,0.0,1.0,0.6532049290669981,0.0,0.47368421052631576
0.16666666666666666,0.6521739130434783,0.4385964912280701,0.3950502226364294,0.34615384615384615,0.0
0.08333333333333333,0.6521739130434783,0.0,0.5473749611680645,0.11538461538461539,0.0
0.20833333333333331,0.13043478260869565,1.0,0.5812364088226156,0.07692307692307693,0.0
0.75,0.4782608695652174,1.0,0.22242932587760167,0.46153846153846156,0.0
0.7916666666666666,0.6956521739130435,0.9696969696969696,0.8147457802630216,0.6153846153846154,0.0
0.5833333333333333,0.5652173913043479,0.9821428571428572,0.2708915812364088,0.6538461538461539,0.0
0.5416666666666666,0.6521739130434783,0.490566037735849,0.38013875944910414,0.46153846153846156,0.0
0.4583333333333333,0.8260869565217391,0.0144927536231884,0.25080252666459557,0.15384615384615385,0.0
0.29166666666666663,0.30434782608695654,1.0,0.2780366573470021,0.5000000000000001,0.0
0.7916666666666666,0.9130434782608696,0.0,0.2559801180490835,0.6923076923076924,0.0
0.16666666666666666,0.6956521739130435,0.4716981132075472,0.7271409340374857,0.038461538461538464,0.21052631578947367
0.41666666666666663,0.4347826086956522,0.9824561403508772,0.23247385316350833,0.46153846153846156,0.0
0.5833333333333333,0.5217391304347826,1.0,0.2687169928549239,0.42307692307692313,0.0
0.5833333333333333,0.6956521739130435,0.9827586206896552,0.12871492181836997,0.8076923076923078,0.0
0.3333333333333333,0.3913043478260869,1.0,0.23754789272030652,0.3076923076923077,0.0
0.08333333333333333,0.08695652173913043,1.0,0.2627109868489178,0.07692307692307693,0.0
0.625,0.34782608695652173,1.0,0.21849435642539083,0.6538461538461539,0.0
0.375,0.782608695652174,0.4285714285714285,0.2547374961168064,0.42307692307692313,0.0
0.8333333333333333,0.6086956521739131,1.0,0.41586414000207084,0.7692307692307693,0.0
0.16666666666666666,0.13043478260869565,1.0,0.1536709122916019,0.2307692307692308,0.0
0.29166666666666663,0.3913043478260869,0.9772727272727272,0.26198612405508936,0.5000000000000001,0.0
0.375,0.26086956521739135,1.0,0.6280418349383867,0.2307692307692308,0.0
0.25,0.30434782608695654,1.0,0.24345034689862277,0.2692307692307693,0.0
0.5416666666666666,0.4347826086956522,1.0,0.23164543854199027,0.42307692307692313,0.0
0.29166666666666663,0.08695652173913043,1.0,0.4953919436678058,0.038461538461538464,0.10526315789473684
0.125,0.043478260869565216,1.0,0.43533188360774555,0.07692307692307693,0.0
0.041666666666666664,0.08695652173913043,1.0,0.21279900590245415,0.07692307692307693,0.10526315789473684
0.375,0.21739130434782608,1.0,0.48141244692968854,0.2307692307692308,0.0
0.08333333333333333,0.08695652173913043,1.0,0.45945945945945943,0.2692307692307693,0.0
0.375,0.26086956521739135,1.0,0.2049290669980326,0.46153846153846156,0.0
0.41666666666666663,0.5652173913043479,0.65,0.23164543854199027,0.11538461538461539,0.05263157894736842
0.5,0.17391304347826086,1.0,0.3203893548721133,0.6153846153846154,0.0
0.625,0.5217391304347826,0.9827586206896552,0.21176348762555652,0.6153846153846154,0.0
0.6666666666666666,0.4782608695652174,0.8507462686567164,0.7283835559697629,0.46153846153846156,0.0
0.7083333333333333,0.6956521739130435,0.9821428571428572,0.42508025266645966,0.6538461538461539,0.0
0.6666666666666666,0.5217391304347826,0.9857142857142858,0.47395671533602557,0.5000000000000001,0.0
0.4583333333333333,0.34782608695652173,1.0,0.19384902143522842,0.2307692307692308,0.0
0.5833333333333333,0.7391304347826086,0.3684210526315789,0.34451693072382716,0.6538461538461539,0.0
0.25,0.21739130434782608,1.0,0.4526250388319353,0.0,0.3157894736842105
0.125,0.782608695652174,0.0,0.20803562182872526,0.07692307692307693,0.05263157894736842
0.6666666666666666,0.4782608695652174,1.0,0.8276897587242416,0.6538461538461539,0.0
0.29166666666666663,0.17391304347826086,1.0,0.5375375375375373,0.2692307692307693,0.0
0.08333333333333333,0.0,1.0,0.38842290566428495,0.07692307692307693,0.15789473684210525
0.16666666666666666,0.26086956521739135,1.0,0.42373407890649273,0.2692307692307693,0.0
0.3333333333333333,0.17391304347826086,1.0,0.39059749404576993,0.2692307692307693,0.0
0.6666666666666666,0.5652173913043479,0.981132075471698,0.7457802630216426,0.3076923076923077,0.0
0.041666666666666664,0.0,1.0,0.5933519726623175,0.038461538461538464,0.05263157894736842
0.4583333333333333,0.34782608695652173,1.0,0.1739670705187948,0.3846153846153847,0.0
0.7916666666666666,0.782608695652174,0.0,0.7305581443512479,0.46153846153846156,0.0
0.041666666666666664,0.0,1.0,0.4482758620689655,0.0,0.21052631578947367
0.7916666666666666,0.782608695652174,0.5686274509803921,0.1947809878844361,0.46153846153846156,0.0
0.625,0.26086956521739135,1.0,0.42259500880190526,0.42307692307692313,0.0
0.5833333333333333,0.5652173913043479,0.9859154929577464,0.252770011390701,0.34615384615384615,0.0
0.08333333333333333,0.21739130434782608,1.0,0.267267267267267,0.0,0.10526315789473684
0.20833333333333331,0.13043478260869565,1.0,0.6262814538676609,0.2692307692307693,0.0
0.5,0.782608695652174,0.4285714285714285,0.25225225225225223,0.42307692307692313,0.0
0.16666666666666666,0.34782608695652173,1.0,0.6265921093507301,0.2307692307692308,0.0
0.29166666666666663,0.17391304347826086,1.0,0.46877912395153776,0.11538461538461539,0.05263157894736842
0.29166666666666663,0.21739130434782608,1.0,0.4033343688516102,0.2692307692307693,0.0
0.6666666666666666,0.8260869565217391,0.5454545454545454,0.1711711711711712,0.576923076923077,0.0
0.6666666666666666,1.0,0.1509433962264151,0.1861861861861861,0.6153846153846154,0.0
0.8333333333333333,0.5217391304347826,0.981132075471698,0.5138241689965828,0.2307692307692308,0.0
0.041666666666666664,0.0,1.0,0.25515170342756543,0.0,0.5263157894736842
0.08333333333333333,0.13043478260869565,1.0,0.3097235166200685,0.2692307692307693,0.0
0.5416666666666666,0.782608695652174,0.1578947368421052,0.27265196230713473,0.8076923076923078,0.0
0.16666666666666666,0.17391304347826086,1.0,0.6039142590866728,0.038461538461538464,0.10526315789473684
0.5,0.4347826086956522,0.9859154929577464,0.3840737289013152,0.42307692307692313,0.0
0.625,0.782608695652174,0.056338028169014,0.5941803872838356,0.3076923076923077,0.0
0.41666666666666663,0.17391304347826086,1.0,0.495702599150875,0.576923076923077,0.0
0.875,0.34782608695652173,0.9565217391304348,0.3001967484726106,0.7692307692307693,0.0
0.6666666666666666,0.30434782608695654,1.0,0.16651133892513204,0.2692307692307693,0.0
0.375,0.13043478260869565,1.0,0.780677228953091,0.3846153846153847,0.0
0.125,0.043478260869565216,1.0,0.4584239411825619,0.07692307692307693,0.15789473684210525
0.7916666666666666,0.4347826086956522,0.9838709677419356,0.369887128507818,0.07692307692307693,0.0
0.041666666666666664,0.13043478260869565,1.0,0.198301750025888,0.11538461538461539,0.0
0.41666666666666663,0.8695652173913043,0.4918032786885246,0.24893859376617988,0.42307692307692313,0.0
0.625,0.6956521739130435,0.2394366197183098,0.19333126229677944,0.7307692307692308,0.0
0.125,0.08695652173913043,1.0,0.5432328880604742,0.038461538461538464,0.15789473684210525
0.75,0.5217391304347826,1.0,0.2715128922025474,0.5384615384615385,0.0
0.20833333333333331,0.17391304347826086,1.0,0.12353733043388215,0.2692307692307693,0.0
0.9583333333333333,0.782608695652174,0.9622641509433962,0.40561250906078494,0.9230769230769231,0.0
0.5416666666666666,0.4347826086956522,1.0,0.7527182354768562,0.5384615384615385,0.0
0.6666666666666666,0.5652173913043479,1.0,0.43595319457388415,0.576923076923077,0.0
0.20833333333333331,0.17391304347826086,1.0,0.116702909806358,0.2692307692307693,0.0
0.08333333333333333,0.17391304347826086,1.0,0.6972144558351454,0.15384615384615385,0.0
0.5416666666666666,0.30434782608695654,0.981132075471698,0.6964895930413173,0.6153846153846154,0.0
0.4583333333333333,0.34782608695652173,0.9838709677419356,0.32877705291498405,0.46153846153846156,0.0
0.4583333333333333,0.34782608695652173,0.9871794871794872,0.25038831935383654,0.576923076923077,0.0
0.5,0.34782608695652173,1.0,0.3038210624417521,0.34615384615384615,0.0
0.5833333333333333,0.3913043478260869,1.0,0.19788754271512876,0.5384615384615385,0.0
0.20833333333333331,0.17391304347826086,1.0,0.5606295951123539,0.2307692307692308,0.05263157894736842
0.20833333333333331,0.13043478260869565,1.0,0.5591798695246972,0.2692307692307693,0.05263157894736842
0.5416666666666666,0.4347826086956522,0.9836065573770492,0.2900486693590141,0.6923076923076924,0.0
0.125,0.0,1.0,0.6126126126126126,0.0,0.3157894736842105
0.5833333333333333,0.8260869565217391,0.0,0.1861861861861861,0.3846153846153847,0.0
0.25,0.34782608695652173,1.0,0.30143937040488766,0.42307692307692313,0.0
0.375,0.26086956521739135,1.0,0.4565600082841461,0.6153846153846154,0.0
0.20833333333333331,0.13043478260869565,1.0,0.47188567878223053,0.15384615384615385,0.0
0.41666666666666663,0.26086956521739135,0.981132075471698,0.7123330226778501,0.6153846153846154,0.0
0.16666666666666666,0.3913043478260869,1.0,0.4966345656000828,0.6153846153846154,0.0
0.41666666666666663,0.6521739130434783,0.9333333333333332,0.43823133478305887,0.2307692307692308,0.0
0.8333333333333333,0.7391304347826086,0.9298245614035088,0.44113078595837196,0.6538461538461539,0.0
0.75,0.4782608695652174,0.9571428571428572,0.41938490214352275,0.6153846153846154,0.0
0.041666666666666664,0.0,1.0,0.395671533602568,0.07692307692307693,0.21052631578947367
0.4583333333333333,0.13043478260869565,1.0,0.6274205239722481,0.46153846153846156,0.0
0.08333333333333333,0.0,1.0,0.608574091332712,0.0,0.42105263157894735
0.5416666666666666,0.4782608695652174,1.0,0.6042249145697423,0.46153846153846156,0.0
0.375,0.782608695652174,0.5714285714285714,0.8400124262193229,0.6923076923076924,0.0
0.7916666666666666,0.4347826086956522,0.9848484848484848,0.1631976804390598,0.576923076923077,0.0
0.5,0.4782608695652174,1.0,0.6178937558247903,0.3076923076923077,0.0
0.41666666666666663,0.8260869565217391,0.0,0.6585896241068654,0.2692307692307693,0.0
0.5416666666666666,0.4347826086956522,0.974025974025974,0.4928031479755617,0.6538461538461539,0.0
0.125,0.043478260869565216,1.0,0.7393600497048771,0.038461538461538464,0.0
0.041666666666666664,0.0,1.0,0.23930827379103237,0.0,0.2631578947368421
0.8333333333333333,0.6956521739130435,0.9428571428571428,0.45065755410582997,0.8846153846153847,0.0
0.7083333333333333,0.4347826086956522,1.0,0.2872527700113906,0.6153846153846154,0.0
0.6666666666666666,0.9130434782608696,0.5454545454545454,0.34607020813917355,0.6923076923076924,0.0
0.4583333333333333,0.3913043478260869,0.9857142857142858,0.2027544786165476,0.6538461538461539,0.0
0.875,0.7391304347826086,0.7454545454545455,0.18100859480169806,0.42307692307692313,0.0
0.125,0.08695652173913043,1.0,0.5459252355804078,0.11538461538461539,0.0
0.75,0.6521739130434783,0.9833333333333332,0.26467847157502333,0.3846153846153847,0.0
0.41666666666666663,0.30434782608695654,1.0,0.11390701045873453,0.42307692307692313,0.0
0.4583333333333333,0.4347826086956522,0.9818181818181818,0.1642331987159571,0.576923076923077,0.0
0.6666666666666666,0.30434782608695654,0.9857142857142858,0.184943564253909,0.576923076923077,0.0
0.6666666666666666,0.6521739130434783,0.981132075471698,0.47198923060992026,0.42307692307692313,0.0
0.5416666666666666,0.6086956521739131,0.6774193548387096,0.679817748783266,0.6923076923076924,0.0
0.7916666666666666,0.7391304347826086,0.9833333333333332,0.12043077560318916,0.5000000000000001,0.0
0.41666666666666663,0.3913043478260869,1.0,0.5911773842808326,0.46153846153846156,0.0
0.6666666666666666,0.6956521739130435,0.7931034482758621,0.5084394739567153,0.6153846153846154,0.0
0.25,0.043478260869565216,1.0,0.5225225225225225,0.038461538461538464,0.15789473684210525
0.041666666666666664,0.0,1.0,0.4905250077663872,0.038461538461538464,0.3157894736842105
0.7083333333333333,0.8260869565217391,0.9827586206896552,0.5176555866211037,0.6923076923076924,0.0
0.6666666666666666,0.8260869565217391,0.123076923076923,0.19188153670912278,0.6923076923076924,0.0
0.7083333333333333,0.4782608695652174,0.9848484848484848,0.9117738428083255,0.5000000000000001,0.0
0.3333333333333333,0.34782608695652173,0.9857142857142858,0.6324945635290464,0.5000000000000001,0.0
0.5416666666666666,0.8260869565217391,0.0,0.5019157088122606,0.5000000000000001,0.0
0.41666666666666663,0.34782608695652173,1.0,0.18929274101687887,0.7307692307692308,0.0
0.375,0.13043478260869565,1.0,0.43823133478305887,0.34615384615384615,0.0
0.41666666666666663,0.26086956521739135,1.0,0.24697110904007458,0.34615384615384615,0.0
0.5416666666666666,0.6521739130434783,0.7704918032786885,0.13057885471678587,0.6153846153846154,0.0
0.125,0.5217391304347826,0.9824561403508772,0.2190121155638396,0.07692307692307693,0.05263157894736842
0.7916666666666666,0.5652173913043479,0.9871794871794872,0.48182665424044746,0.7307692307692308,0.0
0.5833333333333333,0.34782608695652173,1.0,0.36170653412032716,0.42307692307692313,0.0
0.375,0.21739130434782608,0.9859154929577464,0.6116806461634048,0.3846153846153847,0.0
0.25,0.4347826086956522,0.981132075471698,0.48379413896655277,0.19230769230769232,0.05263157894736842
0.16666666666666666,0.08695652173913043,1.0,0.4084084084084083,0.11538461538461539,0.05263157894736842
0.125,0.21739130434782608,1.0,0.36874805840323077,0.2307692307692308,0.0
0.125,0.08695652173913043,1.0,0.4683649166407786,0.038461538461538464,0.10526315789473684
0.7916666666666666,0.6956521739130435,0.4716981132075472,0.45697421559490525,0.6538461538461539,0.0
0.5,0.3913043478260869,1.0,0.15159987573780676,0.7307692307692308,0.0
0.5833333333333333,0.30434782608695654,1.0,0.19913016464740585,0.42307692307692313,0.0
0.41666666666666663,0.08695652173913043,1.0,0.17593455524489998,0.34615384615384615,0.0
0.25,0.21739130434782608,1.0,0.5287356321839081,0.038461538461538464,0.05263157894736842
0.08333333333333333,0.043478260869565216,1.0,0.7264160712436576,0.038461538461538464,0.21052631578947367
0.9166666666666666,0.8695652173913043,0.028169014084507,0.29615822719271,0.8846153846153847,0.0
0.5,0.6086956521739131,1.0,0.5923164543854198,0.34615384615384615,0.0
0.5,0.6956521739130435,0.9821428571428572,0.142487314901108,0.7692307692307693,0.0
0.16666666666666666,0.4347826086956522,0.5844155844155844,0.6781609195402298,0.0,0.2631578947368421
0.08333333333333333,0.08695652173913043,1.0,0.1900176038107072,0.0,0.10526315789473684
0.6666666666666666,0.782608695652174,0.6981132075471698,0.5174484829657244,0.3076923076923077,0.0
0.5,0.5652173913043479,1.0,0.2737910324117221,0.2692307692307693,0.0
0.375,0.4782608695652174,0.9814814814814816,0.2470746608677643,0.46153846153846156,0.0
0.75,0.4782608695652174,1.0,0.267267267267267,0.2692307692307693,0.0
0.5,0.26086956521739135,1.0,0.2567049808429118,0.34615384615384615,0.0
0.16666666666666666,0.043478260869565216,1.0,0.184943564253909,0.0,0.0
0.875,0.782608695652174,0.2692307692307692,0.3302267785026405,0.7307692307692308,0.0
0.8333333333333333,0.7391304347826086,0.9696969696969696,0.23899761830796284,0.6923076923076924,0.0
0.16666666666666666,0.0,1.0,0.3688516102309205,0.2307692307692308,0.10526315789473684
0.5416666666666666,0.4782608695652174,0.9824561403508772,0.20762141451796623,0.34615384615384615,0.0
0.6666666666666666,0.3913043478260869,0.967741935483871,0.19043181112146623,0.6538461538461539,0.0
0.4583333333333333,0.34782608695652173,1.0,0.1087294190742466,0.5384615384615385,0.0
0.7916666666666666,0.782608695652174,0.9636363636363636,0.4615304960132547,0.9230769230769231,0.0
0.625,0.4782608695652174,0.9821428571428572,0.36926581754167964,0.5384615384615385,0.0
0.5416666666666666,0.5652173913043479,0.9836065573770492,0.16827171999585788,0.576923076923077,0.0
0.41666666666666663,0.30434782608695654,0.9871794871794872,0.5089572330951642,0.3076923076923077,0.0
0.041666666666666664,0.0,1.0,0.32504918711815256,0.07692307692307693,0.10526315789473684
0.41666666666666663,0.4347826086956522,0.981132075471698,0.5572123847985917,0.6923076923076924,0.0
0.20833333333333331,0.8260869565217391,0.0754716981132075,0.6651133892513204,0.11538461538461539,0.0
0.625,0.6521739130434783,0.9622641509433962,0.3426529978254116,0.576923076923077,0.0
0.0,0.6521739130434783,0.9807692307692308,0.5302889095992545,0.15384615384615385,0.05263157894736842
0.125,0.0,1.0,0.3372683027855442,0.2307692307692308,0.05263157894736842
0.25,0.17391304347826086,1.0,0.6577612094853473,0.2692307692307693,0.0
0.41666666666666663,0.3913043478260869,0.9850746268656716,0.26571398985192074,0.3846153846153847,0.0
0.625,0.0,1.0,0.36740188464326384,0.2307692307692308,0.05263157894736842
0.41666666666666663,0.4347826086956522,0.9821428571428572,0.4347105726416072,0.5384615384615385,0.0
0.5416666666666666,0.3913043478260869,1.0,0.2534948741845293,0.42307692307692313,0.0
0.041666666666666664,0.043478260869565216,1.0,0.4765455110282699,0.038461538461538464,0.05263157894736842
0.7916666666666666,0.6521739130434783,0.9848484848484848,0.31800766283524895,0.6923076923076924,0.0
0.25,0.8695652173913043,0.2179487179487179,0.5027441234337786,0.6153846153846154,0.0
0.6666666666666666,0.34782608695652173,1.0,0.3267060163611887,0.5000000000000001,0.0
0.20833333333333331,0.21739130434782608,1.0,0.7887542715128923,0.11538461538461539,0.0
0.041666666666666664,0.0,1.0,0.3353008180594388,0.0,0.5263157894736842
0.41666666666666663,0.8695652173913043,0.0,0.45728487107797444,0.576923076923077,0.0
0.125,0.08695652173913043,1.0,0.4030237133685408,0.11538461538461539,0.0
0.5416666666666666,0.7391304347826086,0.4788732394366197,0.10769390079734908,0.5000000000000001,0.0
0.25,0.8695652173913043,0.1917808219178082,0.1220876048462255,0.3076923076923077,0.0
0.7916666666666666,0.6521739130434783,0.9714285714285714,0.4234234234234231,0.6923076923076924,0.0
0.8333333333333333,0.8695652173913043,0.1549295774647887,0.33074453764108924,0.8076923076923078,0.0
0.75,0.6086956521739131,1.0,0.38231334783058935,0.6923076923076924,0.0
0.625,0.782608695652174,0.7014925373134329,0.5320492906699803,0.6153846153846154,0.0
0.375,0.782608695652174,0.6727272727272727,0.34410272341306825,0.3076923076923077,0.0
0.29166666666666663,0.26086956521739135,1.0,0.589209899554727,0.07692307692307693,0.0
0.25,0.5652173913043479,0.9836065573770492,0.1737599668634151,0.42307692307692313,0.0
0.9166666666666666,0.5217391304347826,1.0,0.3707155431293361,0.34615384615384615,0.05263157894736842
0.9583333333333333,0.30434782608695654,0.9857142857142858,0.2001656829243036,0.46153846153846156,0.0
0.041666666666666664,0.13043478260869565,1.0,0.5563839701770736,0.2307692307692308,0.0
0.5,0.21739130434782608,1.0,0.2847675261468364,0.2307692307692308,0.05263157894736842
0.08333333333333333,0.043478260869565216,1.0,0.23330226778502638,0.0,0.05263157894736842
0.16666666666666666,0.30434782608695654,0.9833333333333332,0.3618100859480169,0.11538461538461539,0.05263157894736842
0.08333333333333333,0.13043478260869565,1.0,0.34441337889613743,0.07692307692307693,0.10526315789473684
0.3333333333333333,0.4347826086956522,1.0,0.5517241379310343,0.5384615384615385,0.0
0.625,0.21739130434782608,1.0,0.6302164233198717,0.19230769230769232,0.0
0.3333333333333333,0.17391304347826086,1.0,0.5360878119498809,0.15384615384615385,0.05263157894736842
0.8333333333333333,0.6086956521739131,0.6842105263157895,0.46277311794553166,0.7692307692307693,0.0
0.7083333333333333,0.08695652173913043,1.0,0.2770011390701047,0.15384615384615385,0.10526315789473684
0.20833333333333331,0.7391304347826086,0.9298245614035088,0.50636843740292,0.15384615384615385,0.0
0.375,0.4782608695652174,0.9827586206896552,0.47996272134203166,0.2307692307692308,0.0
0.7916666666666666,0.6956521739130435,0.9814814814814816,0.2745158952055503,0.8076923076923078,0.0
0.16666666666666666,0.13043478260869565,1.0,0.2243968106037071,0.07692307692307693,0.0
0.625,0.5217391304347826,0.9859154929577464,0.2680956818887853,0.46153846153846156,0.0
0.375,0.21739130434782608,0.9861111111111112,0.25297711504608045,0.19230769230769232,0.0
0.5,0.6521739130434783,0.9824561403508772,0.40633737185461327,0.5384615384615385,0.0
0.3333333333333333,0.5217391304347826,0.9838709677419356,0.3860412136274205,0.3846153846153847,0.0
0.4583333333333333,0.26086956521739135,0.9857142857142858,0.29636533084808936,0.576923076923077,0.0
0.375,0.21739130434782608,1.0,0.6738117427772601,0.3846153846153847,0.0
0.08333333333333333,0.08695652173913043,1.0,0.6148907528217875,0.07692307692307693,0.05263157894736842
0.7916666666666666,0.4782608695652174,1.0,0.24552138345241792,0.5384615384615385,0.0
0.625,0.5217391304347826,0.981132075471698,0.5894170032101067,0.34615384615384615,0.0
0.875,0.9565217391304348,0.0,0.3446204825515169,0.8076923076923078,0.0
0.16666666666666666,0.13043478260869565,1.0,0.40716578647613133,0.15384615384615385,0.05263157894736842
0.4583333333333333,0.13043478260869565,0.9859154929577464,0.6477166821994407,0.19230769230769232,0.0
0.25,0.17391304347826086,1.0,0.6599357978668323,0.15384615384615385,0.0
0.16666666666666666,0.21739130434782608,1.0,0.547271409340375,0.038461538461538464,0.0
0.5,0.3913043478260869,0.9848484848484848,0.2949156052604329,0.34615384615384615,0.0
0.5833333333333333,0.4782608695652174,1.0,0.6715336025680854,0.34615384615384615,0.0
0.29166666666666663,0.26086956521739135,1.0,0.13244278761520145,0.5384615384615385,0.0
0.5416666666666666,0.6086956521739131,0.9821428571428572,0.3662628145386766,0.7307692307692308,0.0
0.08333333333333333,0.043478260869565216,1.0,0.518380449414932,0.038461538461538464,0.10526315789473684
0.0,0.5217391304347826,0.981132075471698,0.13824168996582786,0.5000000000000001,0.0
0.75,0.782608695652174,0.6226415094339622,0.30206068137102615,0.6538461538461539,0.0
0.125,0.7391304347826086,0.704225352112676,0.41141141141141135,0.07692307692307693,0.15789473684210525
0.5833333333333333,0.34782608695652173,1.0,0.3360256808532671,0.6153846153846154,0.0
0.20833333333333331,0.6956521739130435,0.2753623188405797,0.43854199026612806,0.07692307692307693,0.0
0.5,0.9130434782608696,0.0256410256410256,0.35362949156052603,0.8076923076923078,0.0
0.3333333333333333,0.6521739130434783,0.6571428571428571,0.4663974319146733,0.3846153846153847,0.0
0.16666666666666666,0.043478260869565216,1.0,0.34607020813917355,0.038461538461538464,0.0
0.25,0.4347826086956522,1.0,0.34990162576369466,0.07692307692307693,0.05263157894736842
0.5,0.5652173913043479,0.9848484848484848,0.3260847053950504,0.42307692307692313,0.0
0.3333333333333333,0.13043478260869565,1.0,0.2228435331883607,0.42307692307692313,0.0
0.5,0.6521739130434783,0.971830985915493,0.2930516723620171,0.6538461538461539,0.0
0.5416666666666666,0.3913043478260869,1.0,0.6621103862483173,0.34615384615384615,0.0
0.16666666666666666,0.17391304347826086,1.0,0.6244175209692449,0.11538461538461539,0.0
0.16666666666666666,0.7391304347826086,0.9649122807017544,0.5599047323185253,0.11538461538461539,0.05263157894736842
0.375,0.6956521739130435,0.8,0.17904111007559276,0.42307692307692313,0.0
0.6666666666666666,0.782608695652174,0.2816901408450704,0.3162472817645231,0.6538461538461539,0.0
0.75,0.30434782608695654,1.0,0.016671844258051127,0.34615384615384615,0.0
0.6666666666666666,0.782608695652174,0.3333333333333333,0.23516620068344207,0.6538461538461539,0.0
0.6666666666666666,0.8260869565217391,0.6440677966101694,0.18763591177384265,0.6153846153846154,0.0
0.75,0.6086956521739131,1.0,0.24873149011080053,0.6153846153846154,0.0
0.9166666666666666,0.6956521739130435,0.9571428571428572,0.18214766490628553,0.8076923076923078,0.0
0.625,0.5217391304347826,0.9743589743589745,0.308170239204722,0.3846153846153847,0.0
0.5833333333333333,0.4782608695652174,0.9821428571428572,0.760070415242829,0.5000000000000001,0.0
0.5833333333333333,0.7391304347826086,0.9014084507042254,0.6609713161437301,0.5000000000000001,0.0
0.20833333333333331,0.7391304347826086,0.1971830985915492,0.3547685616651133,0.19230769230769232,0.0
0.5,0.782608695652174,0.7611940298507462,0.20606813710261984,0.7307692307692308,0.0
0.7916666666666666,0.6086956521739131,0.1016949152542373,0.2933623278450864,0.6923076923076924,0.0
0.20833333333333331,0.8260869565217391,0.0142857142857142,0.47229988609298945,0.5384615384615385,0.0
0.041666666666666664,0.0,1.0,0.22367194780987876,0.0,0.2631578947368421
0.041666666666666664,0.0,1.0,0.24686755721238474,0.0,0.3157894736842105
0.41666666666666663,0.3913043478260869,1.0,0.5464429947188569,0.3846153846153847,0.0
0.16666666666666666,0.26086956521739135,1.0,0.3589106347727038,0.038461538461538464,0.05263157894736842
0.5416666666666666,0.8260869565217391,0.8846153846153846,0.22584653619136374,0.46153846153846156,0.0
0.29166666666666663,0.30434782608695654,1.0,0.3012322667495081,0.2692307692307693,0.0
0.8333333333333333,0.3913043478260869,0.9821428571428572,0.6190328259293778,0.5000000000000001,0.0
0.08333333333333333,0.0,1.0,0.3937040488764627,0.11538461538461539,0.21052631578947367
0.16666666666666666,0.08695652173913043,1.0,0.756135445790618,0.19230769230769232,0.0
0.29166666666666663,0.8260869565217391,0.0,0.32308170239204714,0.3846153846153847,0.0
0.6666666666666666,0.3913043478260869,0.981132075471698,0.08946877912395146,0.5000000000000001,0.0
0.5,0.3913043478260869,1.0,0.6748472610541576,0.6538461538461539,0.0
0.125,0.13043478260869565,1.0,0.24976700838769794,0.0,0.3157894736842105
0.41666666666666663,0.3913043478260869,0.9871794871794872,0.4101687894791344,0.6538461538461539,0.0
0.5833333333333333,0.6956521739130435,0.9827586206896552,0.3293983638811224,0.8076923076923078,0.0
0.041666666666666664,0.0,1.0,0.25007766387076724,0.0,0.42105263157894735
0.8333333333333333,0.6086956521739131,0.981132075471698,0.4628766697732214,0.8461538461538463,0.0
0.7083333333333333,0.4347826086956522,0.9827586206896552,0.21373097235166183,0.3846153846153847,0.0
0.7916666666666666,0.5217391304347826,1.0,0.15449932691311996,0.8076923076923078,0.0
0.6666666666666666,0.26086956521739135,1.0,0.2846639743191467,0.8076923076923078,0.0
0.9166666666666666,0.8260869565217391,0.2678571428571428,0.7252770011390701,0.19230769230769232,0.0
0.20833333333333331,0.13043478260869565,1.0,0.7581029305167235,0.11538461538461539,0.0
0.7916666666666666,0.4782608695652174,0.9859154929577464,0.3078595837216527,0.5384615384615385,0.0
0.25,0.21739130434782608,1.0,0.16019467743605653,0.46153846153846156,0.0
0.875,0.7391304347826086,0.9772727272727272,0.22708915812364083,0.7692307692307693,0.0
0.8333333333333333,0.8260869565217391,0.1,0.23868696282489388,0.6538461538461539,0.0
0.16666666666666666,0.5217391304347826,0.943661971830986,0.25836181008594794,0.46153846153846156,0.0
0.5,0.26086956521739135,0.9863013698630136,0.5968727348037692,0.34615384615384615,0.0
0.08333333333333333,0.043478260869565216,1.0,0.39225432328880605,0.07692307692307693,0.05263157894736842
0.08333333333333333,0.043478260869565216,1.0,0.19726623174899038,0.0,0.15789473684210525
0.5,0.26086956521739135,1.0,0.3971212591902247,0.3076923076923077,0.0
0.75,0.5217391304347826,0.6575342465753424,0.41244692968830887,0.6538461538461539,0.0
0.8333333333333333,0.6521739130434783,0.971830985915493,0.31604017810914353,0.7307692307692308,0.0
0.16666666666666666,0.30434782608695654,1.0,0.4267370819094958,0.19230769230769232,0.0
0.29166666666666663,0.21739130434782608,0.987012987012987,0.25805115460287864,0.2692307692307693,0.0
0.20833333333333331,0.30434782608695654,0.9848484848484848,0.4013668841255047,0.46153846153846156,0.0
0.7083333333333333,0.6521739130434783,0.6538461538461539,0.3133478305892099,0.7307692307692308,0.0
0.75,0.6521739130434783,0.9714285714285714,0.14590452521486996,0.6923076923076924,0.0
0.6666666666666666,0.5652173913043479,0.9850746268656716,0.1890856373614993,0.5000000000000001,0.0
0.375,0.5652173913043479,0.9772727272727272,0.21083152117634874,0.5384615384615385,0.0
0.625,0.21739130434782608,1.0,0.26281453867660753,0.3846153846153847,0.0
0.125,0.0,1.0,0.4725069897483689,0.07692307692307693,0.05263157894736842
0.3333333333333333,0.6086956521739131,1.0,0.17003210106658384,0.6923076923076924,0.0
0.125,0.6086956521739131,0.6428571428571429,0.5569017293155225,0.038461538461538464,0.05263157894736842
0.08333333333333333,0.13043478260869565,1.0,0.521487004245625,0.07692307692307693,0.0
0.9166666666666666,0.6956521739130435,0.9615384615384616,0.30558144351247796,0.7692307692307693,0.0
0.5416666666666666,0.7391304347826086,0.9107142857142856,0.23734078906492695,0.7692307692307693,0.0
0.7916666666666666,0.6521739130434783,0.6376811594202898,0.1644403023713369,0.11538461538461539,0.0
0.29166666666666663,0.21739130434782608,1.0,0.5446826136481309,0.2307692307692308,0.0
0.7083333333333333,0.4782608695652174,0.984126984126984,0.33115874495184827,0.46153846153846156,0.0
0.8333333333333333,0.782608695652174,0.9821428571428572,0.4774774774774775,0.6923076923076924,0.0
0.8333333333333333,0.6521739130434783,0.967741935483871,0.11245728487107798,0.2692307692307693,0.0
0.5833333333333333,0.0,1.0,0.6082634358496426,0.0,0.21052631578947367
0.5,0.26086956521739135,0.9838709677419356,0.24500362431396916,0.15384615384615385,0.0
0.5416666666666666,0.08695652173913043,1.0,0.4268406337371855,0.42307692307692313,0.0
0.7916666666666666,0.6956521739130435,0.5517241379310345,0.7252770011390701,0.07692307692307693,0.05263157894736842
0.16666666666666666,0.782608695652174,0.9622641509433962,0.34120327223775493,0.2692307692307693,0.0
0.7916666666666666,0.7391304347826086,0.981132075471698,0.28901315108211656,0.576923076923077,0.0
0.125,0.043478260869565216,1.0,0.5367091229160192,0.07692307692307693,0.10526315789473684
0.7916666666666666,0.8260869565217391,0.3,0.4884539712125917,0.576923076923077,0.0
0.5833333333333333,0.6521739130434783,0.9577464788732394,0.21745883814849332,0.576923076923077,0.0
0.20833333333333331,0.30434782608695654,1.0,0.7952780366573471,0.11538461538461539,0.0
0.4583333333333333,0.30434782608695654,1.0,0.5982189085637362,0.11538461538461539,0.05263157894736842
0.5833333333333333,0.5217391304347826,0.8333333333333334,0.3019571295433364,0.7692307692307693,0.0
0.5833333333333333,0.3913043478260869,0.9857142857142858,0.518069793931863,0.42307692307692313,0.0
0.5833333333333333,0.6521739130434783,1.0,0.20151185668427052,0.7307692307692308,0.0
0.5416666666666666,0.7391304347826086,0.4,0.49746298022160085,0.3846153846153847,0.05263157894736842
0.20833333333333331,0.13043478260869565,1.0,0.38459148803976384,0.3076923076923077,0.0
0.3333333333333333,0.30434782608695654,1.0,0.2566014290152221,0.5000000000000001,0.0
0.16666666666666666,0.043478260869565216,1.0,0.4710572641607125,0.15384615384615385,0.0
0.125,0.08695652173913043,1.0,0.5834109972041006,0.11538461538461539,0.0
0.7083333333333333,0.7391304347826086,0.4722222222222222,0.33747540644092366,0.6153846153846154,0.0
0.125,0.13043478260869565,1.0,0.3179041110075592,0.0,0.10526315789473684
0.7916666666666666,0.7391304347826086,0.7454545454545455,0.19913016464740585,0.8461538461538463,0.0
0.75,0.6086956521739131,0.881578947368421,0.2993683338510925,0.8076923076923078,0.0
0.5,0.4782608695652174,0.9833333333333332,0.3346795070933002,0.5000000000000001,0.0
0.29166666666666663,0.17391304347826086,1.0,0.9255462358910636,0.07692307692307693,0.0
0.5833333333333333,0.043478260869565216,1.0,0.2799005902454178,0.15384615384615385,0.0
0.125,0.3913043478260869,1.0,0.3076524800662731,0.34615384615384615,0.0
1.0,0.4347826086956522,1.0,0.8342135238686963,0.6153846153846154,0.0
0.041666666666666664,0.0,1.0,0.50647198923061,0.0,0.21052631578947367
0.7083333333333333,0.8260869565217391,0.2807017543859649,0.3190431811121466,0.7307692307692308,0.0
0.41666666666666663,0.3913043478260869,1.0,0.4551102826964897,0.6538461538461539,0.0
0.08333333333333333,0.08695652173913043,1.0,0.2766904835870353,0.15384615384615385,0.0
0.7083333333333333,0.4782608695652174,0.9857142857142858,0.33198715957336633,0.5384615384615385,0.0
0.29166666666666663,0.17391304347826086,1.0,0.7844050947499221,0.15384615384615385,0.0
0.16666666666666666,0.043478260869565216,1.0,0.41783162472817637,0.07692307692307693,0.0
0.29166666666666663,0.26086956521739135,1.0,0.47582064823444137,0.34615384615384615,0.0
0.125,0.5652173913043479,1.0,0.4348141244692969,0.15384615384615385,0.05263157894736842
0.75,0.21739130434782608,0.9859154929577464,0.4068551309930619,0.3076923076923077,0.0
0.8333333333333333,0.4782608695652174,1.0,0.620586103344724,0.5384615384615385,0.0
0.7083333333333333,0.4782608695652174,1.0,0.1803872838355597,0.3846153846153847,0.0
0.625,0.5652173913043479,0.9803921568627452,0.5384695039867453,0.3846153846153847,0.0
0.375,0.13043478260869565,1.0,0.23734078906492695,0.3076923076923077,0.0
0.5833333333333333,0.5217391304347826,0.981132075471698,0.5969762866314592,0.46153846153846156,0.0
0.20833333333333331,0.13043478260869565,1.0,0.1963342652997826,0.2307692307692308,0.0
0.125,0.4782608695652174,0.981132075471698,0.3277415346380863,0.15384615384615385,0.0
0.125,0.0,1.0,0.42249145697421553,0.0,0.05263157894736842
0.041666666666666664,0.0,1.0,0.6520658589624109,0.0,0.2631578947368421
0.5833333333333333,0.26086956521739135,1.0,0.7303510406958684,0.07692307692307693,0.05263157894736842
0.6666666666666666,0.7391304347826086,0.1,0.3369576473024749,0.7307692307692308,0.0
0.875,0.9130434782608696,0.0,0.22004763384073722,0.8461538461538463,0.0
0.75,0.782608695652174,0.9857142857142858,0.29087708398053214,0.6923076923076924,0.0
0.375,0.5652173913043479,1.0,0.9762866314590453,0.3076923076923077,0.0
0.3333333333333333,0.5217391304347826,0.9821428571428572,0.6653204929066998,0.42307692307692313,0.0
0.5,0.5652173913043479,0.9859154929577464,0.35300818059438743,0.3076923076923077,0.0
0.41666666666666663,0.17391304347826086,1.0,0.5292533913223569,0.038461538461538464,0.10526315789473684
0.3333333333333333,0.6521739130434783,0.6363636363636364,0.4424769597183391,0.19230769230769232,0.10526315789473684
0.75,0.8260869565217391,0.0491803278688524,0.2266749508128818,0.8461538461538463,0.0
0.625,0.7391304347826086,0.9772727272727272,0.24987056021538778,0.6923076923076924,0.0
0.25,0.0,1.0,0.5259397328362845,0.07692307692307693,0.05263157894736842
0.7083333333333333,0.6521739130434783,1.0,0.5328777052914984,0.5000000000000001,0.0
0.7083333333333333,0.4782608695652174,0.9830508474576272,0.17303510406958678,0.3846153846153847,0.0
0.7083333333333333,0.8260869565217391,0.1052631578947368,0.2075178626902766,0.6538461538461539,0.0
0.3333333333333333,0.21739130434782608,1.0,0.6251423837630734,0.15384615384615385,0.0
0.5416666666666666,0.4347826086956522,0.9838709677419356,0.7636947292119705,0.5384615384615385,0.0
0.625,0.34782608695652173,1.0,0.46722584653619115,0.34615384615384615,0.0
0.20833333333333331,0.13043478260869565,1.0,0.9057678368023194,0.3076923076923077,0.0
0.3333333333333333,0.3913043478260869,0.9848484848484848,0.13554934244589412,0.5384615384615385,0.0
0.875,0.9130434782608696,0.0,0.25494459977218586,0.6923076923076924,0.0
0.5416666666666666,0.8695652173913043,0.6545454545454545,0.7433985709847779,0.15384615384615385,0.0
0.0,0.6956521739130435,0.4150943396226415,0.19954437195816488,0.7307692307692308,0.0
0.375,0.6521739130434783,1.0,0.39826032929481214,0.6538461538461539,0.0
0.125,0.17391304347826086,1.0,0.37154395775085436,0.2692307692307693,0.0
0.3333333333333333,0.34782608695652173,1.0,0.8769804287045666,0.3076923076923077,0.0
0.041666666666666664,0.5217391304347826,1.0,0.37723930827379104,0.038461538461538464,0.2631578947368421
0.3333333333333333,0.782608695652174,0.7692307692307693,0.6274205239722481,0.34615384615384615,0.0
0.8333333333333333,0.782608695652174,0.984126984126984,0.9588899244071656,0.3076923076923077,0.0
0.6666666666666666,0.6521739130434783,1.0,0.6517552034793415,0.7307692307692308,0.0
0.041666666666666664,0.782608695652174,0.1830985915492957,0.4306720513617066,0.19230769230769232,0.0
0.4583333333333333,0.26086956521739135,1.0,0.1858755307031167,0.34615384615384615,0.0
0.8333333333333333,0.3913043478260869,0.9859154929577464,0.3923578751164958,0.6538461538461539,0.0
0.5833333333333333,0.4782608695652174,0.9836065573770492,0.2059645852749301,0.5384615384615385,0.0
0.41666666666666663,0.6956521739130435,0.0277777777777777,0.49425287356321834,0.6538461538461539,0.0
0.8333333333333333,0.6956521739130435,0.981132075471698,0.23102412757585178,0.7307692307692308,0.0
0.7083333333333333,0.6521739130434783,0.5774647887323944,0.7050843947395671,0.8076923076923078,0.0
0.5,0.21739130434782608,1.0,0.47706327016671835,0.2692307692307693,0.0
0.875,0.8260869565217391,0.9821428571428572,0.17810914362638497,0.7307692307692308,0.0
0.08333333333333333,0.043478260869565216,1.0,0.5082323703013358,0.0,0.5263157894736842
0.7916666666666666,0.5217391304347826,0.9772727272727272,0.3432743087915502,0.6538461538461539,0.0
0.375,0.5217391304347826,1.0,0.2651962307134721,0.46153846153846156,0.0
0.25,0.34782608695652173,1.0,0.5041938490214353,0.5384615384615385,0.0
0.25,0.7391304347826086,0.704225352112676,0.20979600289945122,0.2307692307692308,0.0
0.7916666666666666,0.5652173913043479,1.0,0.2136274205239722,0.6153846153846154,0.0
0.75,0.6956521739130435,0.971830985915493,0.28683856270063157,0.576923076923077,0.0
0.08333333333333333,0.0,1.0,0.3096199647923785,0.0,0.15789473684210525
0.75,0.6086956521739131,0.9833333333333332,0.1912602257429843,0.6153846153846154,0.0
0.41666666666666663,0.8695652173913043,0.2641509433962264,0.22387905146525833,0.5384615384615385,0.0
0.7083333333333333,0.6956521739130435,0.971830985915493,0.7501294397846121,0.34615384615384615,0.0
0.5,0.6086956521739131,0.9649122807017544,0.4041627834731283,0.46153846153846156,0.0
0.0,0.17391304347826086,1.0,0.22936729833281544,0.2692307692307693,0.0
0.08333333333333333,0.8260869565217391,0.9014084507042254,0.27140934037485764,0.038461538461538464,0.05263157894736842
0.8333333333333333,0.4347826086956522,1.0,0.4717821269545408,0.46153846153846156,0.0
0.5,0.7391304347826086,0.9857142857142858,0.18794656725691206,0.7307692307692308,0.0
0.41666666666666663,0.4347826086956522,1.0,0.14331572952262606,0.5384615384615385,0.0
0.41666666666666663,0.34782608695652173,0.9821428571428572,0.7200994097545821,0.34615384615384615,0.0
0.5833333333333333,0.21739130434782608,0.981132075471698,0.6544475509992751,0.3846153846153847,0.0
0.08333333333333333,0.0,1.0,0.35083359221290245,0.0,0.3684210526315789
0.16666666666666666,0.17391304347826086,1.0,0.27430879155017074,0.038461538461538464,0.05263157894736842
0.625,0.26086956521739135,1.0,0.3891477684581133,0.3846153846153847,0.0
0.625,0.4347826086956522,0.9818181818181818,0.751579165372269,0.3846153846153847,0.0
0.5416666666666666,0.4782608695652174,0.9772727272727272,0.3652272962617791,0.7692307692307693,0.0
0.3333333333333333,0.3913043478260869,1.0,0.6515480998239618,0.42307692307692313,0.0
0.041666666666666664,0.0,1.0,0.44734389561975774,0.038461538461538464,0.15789473684210525
0.0,0.26086956521739135,1.0,0.2846639743191467,0.3846153846153847,0.0
0.375,0.4347826086956522,1.0,0.5939732836284559,0.46153846153846156,0.0
0.5416666666666666,0.6956521739130435,0.9857142857142858,0.5009837423630528,0.6538461538461539,0.0
0.8333333333333333,0.34782608695652173,0.9833333333333332,0.210727969348659,0.3846153846153847,0.0
0.041666666666666664,0.043478260869565216,1.0,0.48690069379724554,0.07692307692307693,0.15789473684210525
0.3333333333333333,0.3913043478260869,0.9859154929577464,0.4261157709433572,0.576923076923077,0.0
0.5416666666666666,0.4782608695652174,1.0,0.521487004245625,0.5000000000000001,0.0
0.125,0.0,1.0,0.2731697214455835,0.0,0.10526315789473684
0.75,0.4782608695652174,1.0,0.2878740809775292,0.6923076923076924,0.0
0.125,0.043478260869565216,1.0,0.36419177798488134,0.07692307692307693,0.0
0.41666666666666663,0.4347826086956522,0.9821428571428572,0.7080873977425701,0.576923076923077,0.0
0.5,0.3913043478260869,1.0,0.6558972765869318,0.42307692307692313,0.0
0.625,0.26086956521739135,1.0,0.29056642849746295,0.5000000000000001,0.0
0.4583333333333333,0.3913043478260869,0.9821428571428572,0.09350730040385202,0.42307692307692313,0.0
0.125,0.043478260869565216,1.0,0.3238065651858755,0.3076923076923077,0.0
0.20833333333333331,0.13043478260869565,1.0,0.22584653619136374,0.11538461538461539,0.0
0.6666666666666666,0.6521739130434783,0.2105263157894736,0.19550585067826454,0.3076923076923077,0.0
0.08333333333333333,0.0,1.0,0.4698146422284353,0.0,0.5789473684210527
0.041666666666666664,0.0,1.0,0.3290877083980531,0.0,1.0
0.25,0.043478260869565216,1.0,0.461323392357875,0.0,0.3157894736842105
0.16666666666666666,0.7391304347826086,0.0,0.4294294294294294,0.3076923076923077,0.0
0.08333333333333333,0.8260869565217391,0.4931506849315068,0.3328155741948846,0.11538461538461539,0.15789473684210525
0.375,0.34782608695652173,1.0,0.17231024127575845,0.3846153846153847,0.0
0.375,0.7391304347826086,0.3846153846153846,0.776328052190121,0.42307692307692313,0.0
0.4583333333333333,0.5217391304347826,0.8805970149253731,0.4715750232991611,0.5000000000000001,0.0
0.7083333333333333,0.8260869565217391,0.0,0.07507507507507505,0.8076923076923078,0.0
0.5,0.782608695652174,0.7049180327868853,0.726623174899037,0.5384615384615385,0.0
0.16666666666666666,0.21739130434782608,1.0,0.9356943150046597,0.11538461538461539,0.0
0.7083333333333333,0.4782608695652174,0.9827586206896552,0.9277208242725485,0.6153846153846154,0.0
0.5833333333333333,0.34782608695652173,1.0,0.5640468054261156,0.576923076923077,0.0
0.29166666666666663,0.0,1.0,0.6535155845500671,0.0,0.3157894736842105
0.29166666666666663,0.9130434782608696,0.5833333333333334,0.5316350833592214,0.15384615384615385,0.05263157894736842
0.5833333333333333,0.5652173913043479,0.981132075471698,0.43750647198923054,0.3846153846153847,0.0
0.75,0.8260869565217391,0.1551724137931034,0.26799213006109557,0.7307692307692308,0.0
0.4583333333333333,0.30434782608695654,1.0,0.4325359842601222,0.19230769230769232,0.0
0.3333333333333333,0.21739130434782608,1.0,0.3679196437817127,0.19230769230769232,0.0
0.25,0.17391304347826086,0.9859154929577464,0.13844879362120743,0.2692307692307693,0.0
0.41666666666666663,0.08695652173913043,1.0,0.3771357564461013,0.15384615384615385,0.0
0.75,0.3913043478260869,0.9859154929577464,0.32214973594283935,0.2307692307692308,0.0
0.20833333333333331,0.21739130434782608,1.0,0.42829035932484216,0.5000000000000001,0.0
0.08333333333333333,0.21739130434782608,0.9807692307692308,0.17158537848193023,0.07692307692307693,0.10526315789473684
0.041666666666666664,0.043478260869565216,1.0,0.2454178316247282,0.0,0.2631578947368421
0.8333333333333333,0.6956521739130435,1.0,0.17924821373097244,0.7692307692307693,0.0
0.8333333333333333,0.7391304347826086,0.3,0.26312519415967683,0.7307692307692308,0.0
0.25,0.34782608695652173,1.0,0.27306616961789376,0.2692307692307693,0.0
0.8333333333333333,0.6521739130434783,0.9821428571428572,0.09785647716682211,0.8846153846153847,0.0
0.7916666666666666,0.7391304347826086,0.0,0.2237754996375685,0.8461538461538463,0.0
0.41666666666666663,0.13043478260869565,1.0,0.3487625556591072,0.19230769230769232,0.0
0.7083333333333333,0.9565217391304348,0.8214285714285714,0.3054778916847882,0.3076923076923077,0.0
0.3333333333333333,0.782608695652174,0.6865671641791045,0.1055193124158641,0.6538461538461539,0.0
0.9166666666666666,0.9565217391304348,0.0333333333333333,0.46008077042559803,0.9230769230769231,0.0
0.041666666666666664,0.043478260869565216,1.0,0.44993269131200164,0.038461538461538464,0.21052631578947367
0.08333333333333333,0.17391304347826086,1.0,0.43087915501708607,0.19230769230769232,0.0
0.4583333333333333,0.21739130434782608,1.0,0.3149011080045563,0.3076923076923077,0.0
0.6666666666666666,0.8260869565217391,0.2285714285714285,0.41493217355286305,0.576923076923077,0.0
0.41666666666666663,0.26086956521739135,1.0,0.6044320182251217,0.038461538461538464,0.05263157894736842
0.08333333333333333,0.08695652173913043,1.0,0.795795795795796,0.15384615384615385,0.0
0.08333333333333333,0.043478260869565216,1.0,0.44869006937972467,0.07692307692307693,0.0
0.7083333333333333,0.6956521739130435,0.9642857142857144,0.19643781712747233,0.7692307692307693,0.0
0.29166666666666663,0.26086956521739135,1.0,0.1367919643781712,0.5000000000000001,0.0
0.25,0.8260869565217391,0.1132075471698113,0.4924924924924925,0.038461538461538464,0.10526315789473684
0.8333333333333333,0.5652173913043479,0.9692307692307692,0.3273273273273273,0.6153846153846154,0.0
0.16666666666666666,0.3913043478260869,0.9821428571428572,0.3134513824168996,0.2692307692307693,0.0
0.25,0.17391304347826086,1.0,0.5620793207000103,0.2692307692307693,0.05263157894736842
0.29166666666666663,0.26086956521739135,1.0,0.23951537744641194,0.3846153846153847,0.0
0.4583333333333333,0.17391304347826086,1.0,0.9594076835456147,0.2692307692307693,0.0
0.375,0.782608695652174,0.5666666666666667,0.4645334990162575,0.34615384615384615,0.0
0.8333333333333333,0.6956521739130435,0.9824561403508772,0.21714818266542402,0.7692307692307693,0.0
0.6666666666666666,0.6956521739130435,0.4193548387096774,0.677643160401781,0.3846153846153847,0.0
0.08333333333333333,0.08695652173913043,1.0,0.6510303406855129,0.0,0.42105263157894735
0.7083333333333333,0.5217391304347826,0.981132075471698,0.2113492803147975,0.46153846153846156,0.0
0.08333333333333333,0.0,1.0,0.692347519933727,0.0,0.3684210526315789
0.125,0.8260869565217391,0.3,0.42891167029098054,0.42307692307692313,0.0
0.16666666666666666,0.08695652173913043,1.0,0.4790307548928239,0.038461538461538464,0.05263157894736842
0.08333333333333333,0.08695652173913043,1.0,0.20151185668427052,0.19230769230769232,0.0
0.3333333333333333,0.6956521739130435,0.7192982456140351,0.49839494667080864,0.46153846153846156,0.0
0.6666666666666666,0.8260869565217391,0.0,0.5022263642953297,0.2692307692307693,0.0
0.3333333333333333,0.26086956521739135,1.0,0.4348141244692969,0.34615384615384615,0.0
0.7916666666666666,0.6086956521739131,1.0,0.30175002588795696,0.7692307692307693,0.0
0.8333333333333333,0.6086956521739131,0.9298245614035088,0.2573262918090503,0.7307692307692308,0.0
0.5416666666666666,0.30434782608695654,0.9821428571428572,0.5099927513720617,0.5000000000000001,0.0
0.625,0.5217391304347826,0.9827586206896552,0.32888060474267367,0.5384615384615385,0.0
0.625,0.9130434782608696,0.4363636363636363,0.3789996893445169,0.34615384615384615,0.0
0.8333333333333333,0.5217391304347826,0.9821428571428572,0.381588485036761,0.6538461538461539,0.0
0.4583333333333333,0.34782608695652173,0.9861111111111112,0.6571398985192087,0.42307692307692313,0.0
0.0,0.3913043478260869,1.0,0.12374443408926161,0.42307692307692313,0.0
0.7083333333333333,0.4782608695652174,1.0,0.4323288806047427,0.576923076923077,0.0
0.4583333333333333,0.6086956521739131,1.0,0.20120120120120122,0.34615384615384615,0.0
0.375,0.4347826086956522,1.0,0.7283835559697629,0.46153846153846156,0.0
0.29166666666666663,0.21739130434782608,1.0,0.6616961789375582,0.46153846153846156,0.0
0.7916666666666666,0.8260869565217391,0.3962264150943396,0.40188464326395357,0.8076923076923078,0.0
0.375,0.782608695652174,0.4918032786885246,0.6410893652272962,0.19230769230769232,0.0
0.29166666666666663,0.08695652173913043,1.0,0.3360256808532671,0.3076923076923077,0.0
0.41666666666666663,0.26086956521739135,1.0,0.40654447550999273,0.42307692307692313,0.0
0.7916666666666666,0.6521739130434783,0.971830985915493,0.1820441130785958,0.6538461538461539,0.0
0.5833333333333333,0.3913043478260869,1.0,0.6184115149632392,0.5384615384615385,0.0
0.3333333333333333,0.3913043478260869,0.9824561403508772,0.15512063787925845,0.5000000000000001,0.0
0.8333333333333333,0.4782608695652174,0.9859154929577464,0.6433675054364709,0.46153846153846156,0.0
0.375,0.34782608695652173,1.0,0.21569845707776736,0.42307692307692313,0.0
0.25,0.4347826086956522,1.0,0.47582064823444137,0.11538461538461539,0.05263157894736842
0.41666666666666663,0.26086956521739135,1.0,0.6660453557005281,0.3846153846153847,0.0
0.16666666666666666,0.3913043478260869,1.0,0.4976700838769803,0.3846153846153847,0.0
0.4583333333333333,0.6521739130434783,1.0,0.38334886610748686,0.34615384615384615,0.0
0.75,0.5217391304347826,1.0,0.2715128922025474,0.6923076923076924,0.0
0.25,0.21739130434782608,0.9827586206896552,0.3120016568292431,0.19230769230769232,0.0
0.20833333333333331,0.0,1.0,0.542093817955887,0.07692307692307693,0.10526315789473684
0.6666666666666666,0.34782608695652173,1.0,0.2716164440302371,0.2692307692307693,0.0
0.5416666666666666,0.3913043478260869,0.9855072463768116,0.4616340478409444,0.5000000000000001,0.0
0.25,0.3913043478260869,0.9821428571428572,0.13554934244589412,0.2692307692307693,0.0
0.125,0.8695652173913043,0.0,0.42735839287563415,0.19230769230769232,0.0
0.625,0.7391304347826086,0.7017543859649122,0.20099409754582165,0.7307692307692308,0.0
0.3333333333333333,0.30434782608695654,0.9857142857142858,0.6498912705809257,0.0,0.21052631578947367
0.16666666666666666,0.13043478260869565,1.0,0.607745676711194,0.2692307692307693,0.0
0.25,0.13043478260869565,1.0,0.9035932484208347,0.3076923076923077,0.0
0.5833333333333333,0.21739130434782608,1.0,0.29191260225742977,0.2692307692307693,0.0
0.7083333333333333,0.5652173913043479,1.0,0.16827171999585788,0.6538461538461539,0.0
0.29166666666666663,0.8695652173913043,0.0,0.5104069586828206,0.34615384615384615,0.0
0.08333333333333333,0.043478260869565216,1.0,0.7329398363881123,0.038461538461538464,0.2631578947368421
0.8333333333333333,0.21739130434782608,1.0,0.34886610748679714,0.2307692307692308,0.05263157894736842
0.3333333333333333,0.3913043478260869,0.9857142857142858,0.4900072486279383,0.3846153846153847,0.0
0.7083333333333333,0.5217391304347826,0.8666666666666667,0.595630112871492,0.3846153846153847,0.0
0.3333333333333333,0.08695652173913043,1.0,0.40695868282075165,0.15384615384615385,0.0
0.875,0.8260869565217391,0.9666666666666668,0.49777363570467026,0.6923076923076924,0.0
0.625,0.5217391304347826,0.9821428571428572,0.9291705498602052,0.6153846153846154,0.0
0.25,0.08695652173913043,1.0,0.3299161230195712,0.11538461538461539,0.0
0.6666666666666666,0.4782608695652174,0.9859154929577464,0.133892513202858,0.5384615384615385,0.0
0.3333333333333333,0.21739130434782608,1.0,0.3972248110179144,0.15384615384615385,0.0
0.375,0.5217391304347826,0.9857142857142858,0.3207000103551827,0.2307692307692308,0.0
0.7916666666666666,0.6086956521739131,0.9827586206896552,0.23319871595733677,0.5384615384615385,0.0
0.3333333333333333,0.17391304347826086,1.0,0.3139691415553484,0.11538461538461539,0.15789473684210525
0.7916666666666666,0.5217391304347826,0.5740740740740741,0.5156881018949986,0.6153846153846154,0.0
0.5,0.3913043478260869,0.9861111111111112,0.6102309205757481,0.3846153846153847,0.0
0.41666666666666663,0.8260869565217391,0.2741935483870967,0.15284249767008384,0.3846153846153847,0.0
0.7083333333333333,0.4347826086956522,1.0,0.20907114010562278,0.6538461538461539,0.0
0.08333333333333333,0.13043478260869565,1.0,0.4426840633737186,0.11538461538461539,0.05263157894736842
0.625,0.4347826086956522,0.9803921568627452,0.5799937868903384,0.2692307692307693,0.0
0.375,0.26086956521739135,1.0,0.6448172310241278,0.2307692307692308,0.0
0.41666666666666663,0.26086956521739135,0.9857142857142858,0.8450864657761208,0.2692307692307693,0.0
0.9166666666666666,0.782608695652174,0.1014492753623188,0.09122916019467742,0.8461538461538463,0.0
0.25,0.21739130434782608,1.0,0.4911463187325258,0.19230769230769232,0.0
0.20833333333333331,0.26086956521739135,1.0,0.16247281764523158,0.3076923076923077,0.0
0.75,0.8260869565217391,0.9655172413793104,0.19498809153981556,0.7692307692307693,0.0
0.75,0.6521739130434783,0.5283018867924528,0.6564150357253806,0.6923076923076924,0.0
0.16666666666666666,0.043478260869565216,1.0,0.3397535466500984,0.038461538461538464,0.0
0.20833333333333331,0.17391304347826086,1.0,0.3518691104898002,0.2692307692307693,0.0
0.75,0.9565217391304348,0.9464285714285714,0.49301025163094137,0.8076923076923078,0.0
0.29166666666666663,0.17391304347826086,1.0,0.15180697939318633,0.07692307692307693,0.0
0.5833333333333333,0.782608695652174,0.9655172413793104,0.1929170549860204,0.6923076923076924,0.0
0.375,0.8260869565217391,0.0,0.5396085740913328,0.6153846153846154,0.0
0.29166666666666663,0.30434782608695654,1.0,0.3745469607538572,0.2692307692307693,0.0
0.041666666666666664,0.8695652173913043,0.5789473684210527,0.28456042249145697,0.11538461538461539,0.05263157894736842
0.125,0.9130434782608696,0.0,0.5968727348037692,0.34615384615384615,0.0
0.5,0.5652173913043479,0.9824561403508772,0.2927410168789478,0.6153846153846154,0.0
0.5416666666666666,0.5217391304347826,0.9850746268656716,0.25649787718753225,0.46153846153846156,0.0
0.3333333333333333,0.21739130434782608,1.0,0.3538365952159055,0.2307692307692308,0.0
0.20833333333333331,0.043478260869565216,1.0,0.93134513824169,0.07692307692307693,0.0
0.3333333333333333,0.26086956521739135,1.0,0.7158537848193023,0.3076923076923077,0.0
0.625,0.5652173913043479,0.9859154929577464,0.21238479859169512,0.6538461538461539,0.0
0.9166666666666666,0.7391304347826086,0.9701492537313432,0.24303613958786374,0.6538461538461539,0.0
0.5833333333333333,0.9130434782608696,0.0925925925925925,0.5226260743502122,0.576923076923077,0.0
0.20833333333333331,0.13043478260869565,1.0,0.19395257326291804,0.19230769230769232,0.0
0.041666666666666664,0.17391304347826086,1.0,0.5252148700424559,0.0,0.15789473684210525
0.5833333333333333,0.782608695652174,0.9821428571428572,0.47457802630216417,0.2692307692307693,0.0
0.5,0.6521739130434783,0.9622641509433962,0.20513617065341205,0.576923076923077,0.0
0.375,0.17391304347826086,1.0,0.21756238997618305,0.0,0.05263157894736842
0.41666666666666663,0.17391304347826086,1.0,0.1932277104690897,0.15384615384615385,0.0
0.5,0.782608695652174,0.0,0.20057989023506262,0.5000000000000001,0.0
0.8333333333333333,0.5217391304347826,0.8867924528301887,0.3290877083980531,0.6923076923076924,0.0
0.7916666666666666,0.8260869565217391,0.9433962264150944,0.4230092161126642,0.6153846153846154,0.0
0.125,0.17391304347826086,1.0,0.31251941596769184,0.19230769230769232,0.0
0.125,0.34782608695652173,0.0,0.30112871492181836,0.8076923076923078,0.0
0.08333333333333333,0.043478260869565216,1.0,0.2670601636118878,0.11538461538461539,0.05263157894736842
0.625,0.4347826086956522,0.9859154929577464,0.3292948120534327,0.7692307692307693,0.0
0.5,0.6956521739130435,0.9482758620689656,0.2030651340996168,0.7692307692307693,0.0
0.20833333333333331,0.26086956521739135,1.0,0.576369472921197,0.2692307692307693,0.0
0.16666666666666666,0.13043478260869565,1.0,0.46908977943460695,0.15384615384615385,0.0
0.5,0.6086956521739131,0.98,0.933519726623175,0.576923076923077,0.0
0.3333333333333333,0.5217391304347826,0.6981132075471698,0.4648441544993269,0.3846153846153847,0.0
0.08333333333333333,0.34782608695652173,1.0,0.2808325566946256,0.3076923076923077,0.0
0.20833333333333331,0.13043478260869565,1.0,0.18815367091229163,0.19230769230769232,0.0
0.0,0.8260869565217391,0.0,0.238169203686445,0.7692307692307693,0.0
0.5416666666666666,0.34782608695652173,1.0,0.7149218183700943,0.576923076923077,0.0
0.4583333333333333,0.17391304347826086,1.0,0.5048151599875736,0.15384615384615385,0.10526315789473684
0.5416666666666666,0.21739130434782608,1.0,0.7478512995754374,0.5000000000000001,0.0
0.16666666666666666,0.6521739130434783,0.6428571428571429,0.4201097649373511,0.3076923076923077,0.0
0.20833333333333331,0.5652173913043479,0.9871794871794872,0.347312830071451,0.2692307692307693,0.0
0.9166666666666666,0.4782608695652174,0.717948717948718,0.2987470228849538,0.7307692307692308,0.0
0.75,0.6956521739130435,0.8032786885245902,0.4187635911773844,0.8846153846153847,0.0
0.041666666666666664,0.0,1.0,0.48141244692968854,0.038461538461538464,0.21052631578947367
0.7083333333333333,0.6086956521739131,0.9850746268656716,0.28393911152531837,0.576923076923077,0.0
0.3333333333333333,0.21739130434782608,1.0,0.7320078699389045,0.34615384615384615,0.0
0.08333333333333333,0.9565217391304348,0.3272727272727272,0.6317697007352179,0.038461538461538464,0.21052631578947367
0.625,0.5652173913043479,1.0,0.1641296468882676,0.07692307692307693,0.0
0.125,0.782608695652174,0.1923076923076923,0.57512685098892,0.46153846153846156,0.0
0.7916666666666666,0.7391304347826086,0.9696969696969696,0.2904628766697731,0.6923076923076924,0.0
0.3333333333333333,0.782608695652174,0.0895522388059701,0.3448275862068966,0.3846153846153847,0.0
0.3333333333333333,0.4782608695652174,0.9827586206896552,0.161333747540644,0.8461538461538463,0.0
0.7916666666666666,0.6521739130434783,0.5,0.4083048565807186,0.34615384615384615,0.0
0.29166666666666663,0.4782608695652174,0.9857142857142858,0.6220358289323806,0.5384615384615385,0.0
0.4583333333333333,0.13043478260869565,1.0,0.4055089572330952,0.3076923076923077,0.0
0.875,0.8695652173913043,0.9850746268656716,0.3719581650616133,0.7307692307692308,0.0
0.7083333333333333,0.8260869565217391,0.0,0.6943150046598323,0.5384615384615385,0.0
0.25,0.782608695652174,0.0,0.3293983638811224,0.34615384615384615,0.0
0.8333333333333333,0.6956521739130435,0.943661971830986,0.22501812156984558,0.9230769230769231,0.0
0.25,0.4347826086956522,0.9857142857142858,0.20057989023506262,0.2307692307692308,0.0
0.7083333333333333,0.5217391304347826,0.9871794871794872,0.4973594283939111,0.6923076923076924,0.0
0.6666666666666666,0.6086956521739131,0.9859154929577464,0.9175727451589519,0.5384615384615385,0.0
0.8333333333333333,0.6956521739130435,0.9803921568627452,0.31552241897069466,0.7307692307692308,0.0
0.6666666666666666,0.5217391304347826,0.9857142857142858,0.7114010562286424,0.42307692307692313,0.0
0.29166666666666663,0.34782608695652173,1.0,0.43595319457388415,0.19230769230769232,0.0
0.041666666666666664,0.0,1.0,0.31096613855234545,0.0,0.2631578947368421
0.25,0.8260869565217391,0.2816901408450704,0.4061302681992336,0.6153846153846154,0.0
0.4583333333333333,0.8260869565217391,0.0333333333333333,0.17448482965724343,0.46153846153846156,0.0
0.625,0.5652173913043479,0.9859154929577464,0.6698767733250492,0.8461538461538463,0.0
0.4583333333333333,0.7391304347826086,0.3846153846153846,0.4055089572330952,0.5384615384615385,0.0
0.6666666666666666,0.3913043478260869,0.9818181818181818,0.2917054986020503,0.42307692307692313,0.0
0.20833333333333331,0.30434782608695654,0.9818181818181818,0.34896965931448687,0.42307692307692313,0.0
0.3333333333333333,0.3913043478260869,1.0,0.4846225535880708,0.7307692307692308,0.0
0.7916666666666666,0.7391304347826086,0.9772727272727272,0.4535570052811433,0.9230769230769231,0.0
0.6666666666666666,0.6956521739130435,0.981132075471698,0.6427461944703323,0.7692307692307693,0.0
0.5,0.5652173913043479,0.7714285714285715,0.3550792171481827,0.8076923076923078,0.0
0.75,0.6956521739130435,0.9107142857142856,0.6911048980014498,0.7692307692307693,0.0
0.7916666666666666,0.4347826086956522,0.9859154929577464,0.40695868282075165,0.6923076923076924,0.0
0.20833333333333331,0.6956521739130435,0.6883116883116883,0.36491664077870967,0.34615384615384615,0.0
0.41666666666666663,0.26086956521739135,0.9838709677419356,0.512892202547375,0.46153846153846156,0.0
0.25,0.782608695652174,1.0,0.17541679610645122,0.3846153846153847,0.0
0.7083333333333333,0.21739130434782608,1.0,0.4918711815263539,0.15384615384615385,0.0
0.625,0.5652173913043479,1.0,0.347209278243761,0.5000000000000001,0.0
0.7916666666666666,0.6521739130434783,0.9743589743589745,0.2541161851506678,0.6538461538461539,0.0
0.125,0.08695652173913043,1.0,0.15998757378067718,0.15384615384615385,0.0
0.16666666666666666,0.21739130434782608,1.0,0.39515377446411937,0.34615384615384615,0.0
0.20833333333333331,0.6086956521739131,0.9726027397260274,0.4501397949673811,0.07692307692307693,0.0
0.625,0.3913043478260869,1.0,0.2670601636118878,0.15384615384615385,0.0
0.41666666666666663,0.08695652173913043,1.0,0.1600911256083669,0.07692307692307693,0.0
0.875,0.6086956521739131,0.961038961038961,0.33747540644092366,0.6923076923076924,0.0
0.875,0.7391304347826086,0.95,0.3070311691001345,0.8076923076923078,0.0
0.16666666666666666,0.08695652173913043,1.0,0.31479755617686644,0.2692307692307693,0.0
0.5416666666666666,0.34782608695652173,0.9836065573770492,0.1309930620275448,0.5384615384615385,0.0
0.7916666666666666,0.6956521739130435,0.95,0.44993269131200164,0.8846153846153847,0.0
0.08333333333333333,0.0,1.0,0.3889406648027338,0.038461538461538464,0.05263157894736842
0.75,0.7391304347826086,0.1971830985915492,0.6853059956508234,0.46153846153846156,0.0
0.20833333333333331,0.4347826086956522,0.981132075471698,0.3547685616651133,0.11538461538461539,0.0
0.625,0.7391304347826086,0.9577464788732394,0.19788754271512876,0.7692307692307693,0.0
0.125,0.08695652173913043,1.0,0.5316350833592214,0.15384615384615385,0.05263157894736842
0.4583333333333333,0.30434782608695654,1.0,0.3030961996479239,0.3076923076923077,0.0
0.29166666666666663,0.13043478260869565,0.9857142857142858,0.302578440509475,0.576923076923077,0.0
0.29166666666666663,0.5217391304347826,1.0,0.39391115253184217,0.8076923076923078,0.0
0.5,0.5652173913043479,0.9473684210526316,0.5139277208242725,0.15384615384615385,0.0
0.3333333333333333,0.6086956521739131,0.5373134328358209,0.40043491767629713,0.34615384615384615,0.0
0.5,0.30434782608695654,1.0,0.36957647302474883,0.3076923076923077,0.0
0.5,0.6086956521739131,0.1886792452830188,0.12063787925856884,0.2692307692307693,0.0
0.125,0.5217391304347826,0.9824561403508772,0.419281350315833,0.11538461538461539,0.0
0.6666666666666666,0.4347826086956522,0.9855072463768116,0.39867453660557106,0.576923076923077,0.0
0.4583333333333333,0.3913043478260869,0.9836065573770492,0.159159159159159,0.576923076923077,0.0
0.20833333333333331,0.13043478260869565,1.0,0.8329709019364193,0.2692307692307693,0.0
0.375,0.5217391304347826,0.9848484848484848,0.5896241068654862,0.42307692307692313,0.0
0.08333333333333333,0.043478260869565216,1.0,0.3175934555244899,0.11538461538461539,0.15789473684210525
0.375,0.34782608695652173,1.0,0.393600497048773,0.6153846153846154,0.0
0.08333333333333333,0.8260869565217391,0.0273972602739726,0.5255255255255256,0.15384615384615385,0.05263157894736842
0.16666666666666666,0.08695652173913043,1.0,0.4146215180697941,0.11538461538461539,0.05263157894736842
0.25,0.21739130434782608,1.0,0.8588588588588588,0.34615384615384615,0.0
0.7916666666666666,0.6956521739130435,0.971830985915493,0.1986124055089571,0.7692307692307693,0.0
0.625,0.30434782608695654,0.9743589743589745,0.28704566635601114,0.2307692307692308,0.0
0.29166666666666663,0.30434782608695654,0.9833333333333332,0.3139691415553484,0.2692307692307693,0.0
0.5,0.4347826086956522,1.0,0.1552241897069483,0.7307692307692308,0.0
0.375,0.3913043478260869,1.0,0.6781609195402298,0.42307692307692313,0.0
0.5416666666666666,0.8260869565217391,0.4,0.631355493424459,0.2692307692307693,0.0
0.25,0.9130434782608696,0.1176470588235294,0.1775913844879362,0.34615384615384615,0.0
0.0,0.8260869565217391,0.0,0.4084084084084083,0.2307692307692308,0.0
0.75,0.5652173913043479,0.9482758620689656,0.42155949052500774,0.6153846153846154,0.0
0.75,0.5652173913043479,0.9857142857142858,0.602050326188257,0.3076923076923077,0.0
0.375,0.21739130434782608,1.0,0.3378896137516827,0.038461538461538464,0.05263157894736842
0.9166666666666666,0.6086956521739131,0.9743589743589745,0.6774360567464015,0.8076923076923078,0.0
0.25,0.3913043478260869,0.9859154929577464,0.594491042766905,0.34615384615384615,0.0
0.4583333333333333,0.782608695652174,0.0,0.16309412861136985,0.46153846153846156,0.0
0.08333333333333333,0.0,1.0,0.31956094025059534,0.038461538461538464,0.3157894736842105
0.8333333333333333,0.6956521739130435,1.0,0.2645749197473334,0.8461538461538463,0.0
0.08333333333333333,0.043478260869565216,1.0,0.42984363674018855,0.038461538461538464,0.0
0.5,0.30434782608695654,1.0,0.842911877394636,0.2692307692307693,0.0
0.8333333333333333,0.4347826086956522,0.981132075471698,0.4889717303510408,0.6538461538461539,0.0
0.625,0.3913043478260869,1.0,0.7224811017914468,0.3846153846153847,0.0
0.625,0.782608695652174,0.9285714285714286,0.2875634254944599,0.6538461538461539,0.0
0.41666666666666663,0.26086956521739135,1.0,0.8856787822305063,0.3846153846153847,0.0
0.625,0.5652173913043479,0.971830985915493,0.1610230920575747,0.576923076923077,0.0
0.08333333333333333,0.0,1.0,0.47509578544061304,0.07692307692307693,0.15789473684210525
0.5833333333333333,0.5217391304347826,0.7045454545454546,0.24624624624624625,0.5384615384615385,0.0
0.6666666666666666,0.4782608695652174,0.9859154929577464,0.15004659832246026,0.6538461538461539,0.0
0.08333333333333333,0.0,1.0,0.5031583307445375,0.0,0.47368421052631576
0.29166666666666663,0.21739130434782608,1.0,0.5302889095992545,0.42307692307692313,0.0
0.29166666666666663,1.0,0.835820895522388,0.3813813813813811,0.15384615384615385,0.05263157894736842
0.29166666666666663,0.26086956521739135,1.0,0.5387801594698145,0.34615384615384615,0.0
0.08333333333333333,0.043478260869565216,1.0,0.7365641503572538,0.038461538461538464,0.42105263157894735
0.4583333333333333,0.9130434782608696,0.0943396226415094,0.7522004763384076,0.5384615384615385,0.0
0.3333333333333333,0.30434782608695654,1.0,0.20130475302889095,0.2692307692307693,0.0
0.29166666666666663,0.6521739130434783,0.9807692307692308,0.3736149943046494,0.34615384615384615,0.05263157894736842
0.125,0.08695652173913043,1.0,0.6084705395050223,0.2692307692307693,0.0
0.41666666666666663,0.8260869565217391,0.4655172413793103,0.9023506264885577,0.3076923076923077,0.0
0.6666666666666666,0.6086956521739131,0.7704918032786885,0.07797452625038825,0.8846153846153847,0.0
0.5416666666666666,0.5652173913043479,0.9743589743589745,0.7077767422595007,0.3076923076923077,0.0
0.3333333333333333,0.30434782608695654,0.9838709677419356,0.6491664077870973,0.3076923076923077,0.0
0.5,0.34782608695652173,1.0,0.42414828621725165,0.07692307692307693,0.05263157894736842
0.7916666666666666,0.782608695652174,0.5535714285714286,0.660039349694522,0.6923076923076924,0.0
0.75,0.6521739130434783,0.9682539682539684,0.17479548514031285,0.6538461538461539,0.0
0.5416666666666666,0.8695652173913043,0.0,0.42539090814952885,0.46153846153846156,0.0
0.29166666666666663,0.34782608695652173,0.9857142857142858,0.3267060163611887,0.2307692307692308,0.0
0.29166666666666663,0.17391304347826086,1.0,0.4487936212074142,0.3076923076923077,0.0
0.25,0.34782608695652173,1.0,0.9508128818473645,0.3076923076923077,0.0
0.875,0.5652173913043479,0.9848484848484848,0.668634151392772,0.5000000000000001,0.0
0.5833333333333333,0.4347826086956522,1.0,0.9074246660453555,0.3846153846153847,0.0
0.16666666666666666,0.17391304347826086,1.0,0.4208346277311794,0.34615384615384615,0.0
0.5416666666666666,0.26086956521739135,1.0,1.0,0.46153846153846156,0.0
0.16666666666666666,0.08695652173913043,1.0,0.505540022781402,0.15384615384615385,0.10526315789473684
0.6666666666666666,0.782608695652174,0.9848484848484848,0.6169617893755823,0.5000000000000001,0.0
0.7083333333333333,0.5217391304347826,0.9848484848484848,0.41244692968830887,0.46153846153846156,0.0
0.041666666666666664,0.0,1.0,0.5285285285285286,0.038461538461538464,0.10526315789473684
0.625,0.5217391304347826,0.9848484848484848,0.24427876152014094,0.42307692307692313,0.0
0.9166666666666666,0.5652173913043479,0.9649122807017544,0.3987780884332608,0.6538461538461539,0.0
0.041666666666666664,0.0,1.0,0.22988505747126442,0.0,0.21052631578947367
0.9166666666666666,0.8260869565217391,0.9622641509433962,0.24811017914466182,0.6538461538461539,0.0
0.5833333333333333,0.5217391304347826,1.0,0.3602568085326705,0.6153846153846154,0.0
0.041666666666666664,0.0,1.0,0.3736149943046494,0.038461538461538464,0.21052631578947367
0.75,0.6956521739130435,0.9642857142857144,0.16112664388526465,0.7307692307692308,0.0
0.041666666666666664,0.0,1.0,0.3302267785026405,0.0,0.3157894736842105
0.375,0.3913043478260869,0.9850746268656716,0.1600911256083669,0.3076923076923077,0.0
0.20833333333333331,0.5652173913043479,0.9655172413793104,0.4479652065858961,0.3076923076923077,0.0
0.7916666666666666,0.5652173913043479,1.0,0.35570052811432107,0.7692307692307693,0.0
0.625,0.6086956521739131,0.9655172413793104,0.4045769907838872,0.7307692307692308,0.0
0.7916666666666666,0.8260869565217391,0.0,0.6492699596147873,0.6538461538461539,0.0
0.5,0.34782608695652173,0.9848484848484848,0.14611162887024953,0.5000000000000001,0.0
0.8333333333333333,0.6521739130434783,0.9743589743589745,0.5466500983742362,0.5000000000000001,0.0
0.8333333333333333,0.5652173913043479,0.9622641509433962,0.20927824376100224,0.7692307692307693,0.0
0.3333333333333333,0.4782608695652174,0.9464285714285714,0.38013875944910414,0.07692307692307693,0.0
0.625,0.3913043478260869,1.0,0.23754789272030652,0.6538461538461539,0.0
0.5,0.6521739130434783,0.6491228070175439,0.3101377239308274,0.6538461538461539,0.0
0.625,0.5652173913043479,0.9622641509433962,0.24924924924924918,0.9230769230769231,0.0
0.5,0.4347826086956522,1.0,0.8559594076835457,0.3846153846153847,0.0
0.375,0.4347826086956522,1.0,0.29543336439888157,0.3846153846153847,0.0
0.4583333333333333,0.8260869565217391,0.3142857142857143,0.1374132753443098,0.576923076923077,0.0
0.29166666666666663,0.30434782608695654,1.0,0.3482447965206583,0.2692307692307693,0.0
0.625,0.5217391304347826,0.9859154929577464,0.33115874495184827,0.6923076923076924,0.0
0.25,0.043478260869565216,1.0,0.5449932691312,0.038461538461538464,0.10526315789473684
0.41666666666666663,0.5652173913043479,0.9852941176470588,0.412861136999068,0.42307692307692313,0.0
0.75,0.6956521739130435,0.9824561403508772,0.21652687169928542,0.7307692307692308,0.0
0.375,0.6086956521739131,0.9857142857142858,0.5910738324531428,0.42307692307692313,0.0
0.25,0.13043478260869565,1.0,0.3398570984777882,0.3846153846153847,0.0
0.75,0.7391304347826086,0.2948717948717949,0.5262503883193539,0.6538461538461539,0.0
0.625,0.17391304347826086,1.0,0.6131303717510614,0.34615384615384615,0.0
0.5833333333333333,0.8260869565217391,0.0227272727272727,0.17158537848193023,0.42307692307692313,0.0
0.5833333333333333,0.8260869565217391,0.6794871794871795,0.269441855648752,0.2692307692307693,0.0
0.5,0.9130434782608696,0.1285714285714285,0.7164750957854404,0.576923076923077,0.0
0.5416666666666666,0.3913043478260869,0.9848484848484848,0.1739670705187948,0.3076923076923077,0.0
0.7916666666666666,0.6956521739130435,0.981132075471698,0.21984053018535765,0.7692307692307693,0.0
0.75,0.4347826086956522,0.9622641509433962,0.19840530185357774,0.8076923076923078,0.0
0.16666666666666666,0.21739130434782608,1.0,0.4194884539712127,0.11538461538461539,0.0
0.375,0.30434782608695654,1.0,0.3142797970384177,0.3076923076923077,0.0
0.3333333333333333,0.17391304347826086,1.0,0.18805011908460167,0.2307692307692308,0.0
0.41666666666666663,0.782608695652174,0.0259740259740259,0.525732629180905,0.42307692307692313,0.0
0.41666666666666663,0.5217391304347826,1.0,0.9956508232370302,0.5000000000000001,0.0
0.5,0.6956521739130435,0.0769230769230769,0.44744744744744747,0.7307692307692308,0.0
0.8333333333333333,0.5217391304347826,0.9615384615384616,0.3873873873873874,0.7692307692307693,0.0
0.29166666666666663,0.34782608695652173,1.0,0.7483690587138863,0.42307692307692313,0.0
0.08333333333333333,0.0,1.0,0.43626385005695356,0.15384615384615385,0.10526315789473684
0.7916666666666666,0.5217391304347826,0.9857142857142858,0.3524904214559388,0.6538461538461539,0.0
0.7916666666666666,0.26086956521739135,1.0,0.364398881640261,0.11538461538461539,0.0
0.5,0.6521739130434783,0.5283018867924528,0.6383970177073626,0.42307692307692313,0.0
0.6666666666666666,0.4347826086956522,0.9871794871794872,0.5516205861033447,0.42307692307692313,0.0
0.16666666666666666,0.0,1.0,0.1246764005384694,0.15384615384615385,0.05263157894736842
0.29166666666666663,0.26086956521739135,1.0,0.32308170239204714,0.2307692307692308,0.0
0.9166666666666666,0.9130434782608696,0.1818181818181818,0.229574401988195,0.7307692307692308,0.0
0.625,0.7391304347826086,0.9824561403508772,0.3344724034379205,0.8846153846153847,0.0
0.41666666666666663,0.5217391304347826,0.9821428571428572,0.6802319560940251,0.3846153846153847,0.0
0.4583333333333333,0.4347826086956522,1.0,0.6418142280211245,0.2692307692307693,0.0
0.5416666666666666,0.3913043478260869,1.0,0.15449932691311996,0.5384615384615385,0.0
0.5,0.6521739130434783,0.9428571428571428,0.6964895930413173,0.6923076923076924,0.0
0.5,0.26086956521739135,1.0,0.2630216423319872,0.2307692307692308,0.0
0.08333333333333333,0.9130434782608696,0.6101694915254238,0.381588485036761,0.5384615384615385,0.05263157894736842
0.08333333333333333,0.0,1.0,0.4647406026716372,0.0,0.42105263157894735
0.7916666666666666,0.8260869565217391,0.0909090909090909,0.32370301335818574,0.5384615384615385,0.0
0.7916666666666666,0.5652173913043479,0.98,0.21683752718235483,0.6923076923076924,0.0
0.25,0.08695652173913043,1.0,0.19778399088743903,0.19230769230769232,0.0
0.29166666666666663,0.26086956521739135,1.0,0.8980014497255877,0.3076923076923077,0.0
0.375,0.13043478260869565,1.0,0.13585999792896342,0.2307692307692308,0.0
0.7083333333333333,0.782608695652174,0.6166666666666667,0.48627938283110717,0.576923076923077,0.0
0.3333333333333333,0.9130434782608696,0.4423076923076923,0.2786579683131407,0.3846153846153847,0.0
0.6666666666666666,0.8695652173913043,0.125,0.43885264574919747,0.7692307692307693,0.0
0.29166666666666663,0.17391304347826086,1.0,0.5094749922336128,0.2307692307692308,0.0
0.20833333333333331,0.17391304347826086,0.9861111111111112,0.24334679507093293,0.19230769230769232,0.0
0.75,0.6086956521739131,0.9850746268656716,0.18194056125090607,0.5000000000000001,0.0
0.08333333333333333,0.782608695652174,0.9473684210526316,0.2652997825411617,0.6923076923076924,0.0
0.375,0.6086956521739131,0.5094339622641509,0.5317386351869111,0.42307692307692313,0.0
0.0,0.6086956521739131,0.9682539682539684,0.6179973076524798,0.6153846153846154,0.0
0.25,0.7391304347826086,0.4666666666666667,0.3344724034379205,0.2307692307692308,0.0
0.125,0.043478260869565216,1.0,0.5745055400227814,0.15384615384615385,0.0
0.25,0.8695652173913043,0.0142857142857142,0.133892513202858,0.5000000000000001,0.0
0.16666666666666666,0.21739130434782608,1.0,0.3005074039556799,0.0,0.2631578947368421
0.625,0.8260869565217391,0.9,0.166097131614373,0.576923076923077,0.0
0.75,0.6956521739130435,0.9859154929577464,0.664388526457492,0.5000000000000001,0.0
0.08333333333333333,0.08695652173913043,1.0,0.5604224914569742,0.07692307692307693,0.05263157894736842
0.29166666666666663,0.21739130434782608,1.0,0.3449311380345863,0.19230769230769232,0.0
0.9166666666666666,0.8260869565217391,0.9818181818181818,0.31572952262607434,0.8846153846153847,0.0
0.29166666666666663,0.043478260869565216,1.0,0.21859790825308056,0.19230769230769232,0.0
0.25,0.6086956521739131,0.9824561403508772,0.6183079631355493,0.5384615384615385,0.0
0.29166666666666663,0.3913043478260869,1.0,0.6674950812881846,0.42307692307692313,0.0
0.041666666666666664,0.0,1.0,0.5621828725277,0.0,0.15789473684210525
0.8333333333333333,0.13043478260869565,1.0,0.30040385212799003,0.07692307692307693,0.15789473684210525
0.41666666666666663,0.34782608695652173,1.0,0.3598426012219116,0.3076923076923077,0.0
0.29166666666666663,0.6956521739130435,0.6888888888888889,0.34037485761623687,0.6153846153846154,0.0
0.7083333333333333,0.6956521739130435,0.9818181818181818,0.35373304338821576,0.6153846153846154,0.0
0.7083333333333333,0.5217391304347826,0.9859154929577464,0.16568292430361398,0.576923076923077,0.0
0.375,0.13043478260869565,1.0,0.6158227192709951,0.038461538461538464,0.10526315789473684
0.25,0.13043478260869565,1.0,0.4832763798281039,0.038461538461538464,0.15789473684210525
0.25,0.08695652173913043,1.0,0.4555244900072486,0.19230769230769232,0.0
0.0,0.6956521739130435,0.4385964912280701,0.3888371129750441,0.6153846153846154,0.0
0.625,0.3913043478260869,0.9857142857142858,0.2990576783680232,0.7692307692307693,0.0
0.29166666666666663,0.6521739130434783,0.6538461538461539,0.3835559697628663,0.46153846153846156,0.0
0.25,0.13043478260869565,1.0,0.8452935694315005,0.19230769230769232,0.10526315789473684
0.41666666666666663,0.30434782608695654,0.9857142857142858,0.7332504918711815,0.5384615384615385,0.0
0.375,0.21739130434782608,1.0,0.48058403230817026,0.15384615384615385,0.0
0.625,0.30434782608695654,1.0,0.4205239722481102,0.2692307692307693,0.0
0.16666666666666666,0.6086956521739131,0.5111111111111111,0.5716060888474681,0.0,0.3157894736842105
0.375,0.3913043478260869,1.0,0.660039349694522,0.5384615384615385,0.0
0.41666666666666663,0.3913043478260869,1.0,0.20617168893030957,0.2307692307692308,0.0
0.4583333333333333,0.5652173913043479,0.6037735849056604,0.4084084084084083,0.2692307692307693,0.0
0.5833333333333333,0.5217391304347826,1.0,0.3228745987366677,0.46153846153846156,0.0
0.08333333333333333,0.8695652173913043,0.0,0.5339132235683959,0.0,0.2631578947368421
0.7916666666666666,0.3913043478260869,1.0,0.19623071347209264,0.46153846153846156,0.0
0.29166666666666663,0.7391304347826086,0.3666666666666666,0.25007766387076724,0.42307692307692313,0.0
0.5833333333333333,0.6521739130434783,0.9772727272727272,0.8248938593766182,0.6153846153846154,0.0
0.375,0.21739130434782608,1.0,0.5641503572538056,0.19230769230769232,0.05263157894736842
0.5833333333333333,0.782608695652174,0.0192307692307692,0.39225432328880605,0.576923076923077,0.0
0.29166666666666663,0.21739130434782608,1.0,0.3375789582686134,0.2307692307692308,0.0
0.125,0.08695652173913043,1.0,0.2065858962410686,0.038461538461538464,0.05263157894736842
0.5416666666666666,0.782608695652174,0.0857142857142857,0.22843533188360765,0.6153846153846154,0.0
0.08333333333333333,0.17391304347826086,1.0,0.5468572020296161,0.15384615384615385,0.0
0.625,0.4347826086956522,1.0,0.3079631355493425,0.3846153846153847,0.0
0.6666666666666666,1.0,0.0,0.4848296572434503,0.5384615384615385,0.0
0.16666666666666666,0.043478260869565216,1.0,0.30454592523558044,0.0,0.10526315789473684
0.5,0.782608695652174,0.4761904761904761,0.21621621621621612,0.576923076923077,0.0
0.8333333333333333,0.7391304347826086,0.6129032258064516,0.517137827482655,0.6538461538461539,0.0
0.6666666666666666,0.782608695652174,0.8035714285714286,0.40043491767629713,0.8076923076923078,0.0
0.29166666666666663,0.13043478260869565,1.0,0.14683649166407786,0.2692307692307693,0.05263157894736842
0.625,0.7391304347826086,0.5,0.42735839287563415,0.6538461538461539,0.0
0.125,0.3913043478260869,1.0,0.39007973490732106,0.11538461538461539,0.15789473684210525
0.08333333333333333,0.0,1.0,0.09930620275447866,0.19230769230769232,0.10526315789473684
0.125,0.08695652173913043,1.0,0.5433364398881639,0.07692307692307693,0.0
0.20833333333333331,0.17391304347826086,1.0,0.08988298643471049,0.19230769230769232,0.0
0.7083333333333333,0.13043478260869565,1.0,0.10624417520969232,0.5000000000000001,0.0
0.8333333333333333,0.6956521739130435,0.9818181818181818,0.4393704048876461,0.7307692307692308,0.0
0.7916666666666666,0.8260869565217391,0.3265306122448979,0.3984674329501916,0.7307692307692308,0.0
0.375,0.8260869565217391,0.0,0.2151806979393186,0.5000000000000001,0.0
0.8333333333333333,0.13043478260869565,1.0,0.4838976907942425,0.038461538461538464,0.21052631578947367
0.7916666666666666,0.7391304347826086,0.5932203389830508,0.40726933830382106,0.7307692307692308,0.0
0.8333333333333333,0.6086956521739131,0.5352112676056338,0.7204100652376513,0.3076923076923077,0.0
0.8333333333333333,0.6521739130434783,0.927536231884058,0.33167650409029725,0.7307692307692308,0.0
0.625,0.782608695652174,0.9772727272727272,0.7063270166718443,0.8076923076923078,0.0
0.16666666666666666,0.043478260869565216,1.0,0.5439577508543025,0.07692307692307693,0.10526315789473684
0.625,0.8260869565217391,0.75,0.4122398260329294,0.5000000000000001,0.0
0.08333333333333333,0.9130434782608696,0.2727272727272727,0.347312830071451,0.15384615384615385,0.10526315789473684
0.5416666666666666,0.4782608695652174,1.0,0.2782437610023817,0.5384615384615385,0.0
0.125,0.4347826086956522,1.0,0.25711918815367074,0.2307692307692308,0.0
0.41666666666666663,0.26086956521739135,1.0,0.26923475199337266,0.3076923076923077,0.0
0.29166666666666663,0.6956521739130435,0.6410256410256411,0.25069897483690584,0.5000000000000001,0.0
0.8333333333333333,0.6521739130434783,0.9848484848484848,0.34865900383141746,0.5384615384615385,0.0
0.08333333333333333,0.043478260869565216,1.0,0.5053329191260225,0.0,0.5263157894736842
0.75,0.8260869565217391,0.2068965517241379,0.32535984260122186,0.6538461538461539,0.0
0.7916666666666666,0.6086956521739131,0.9433962264150944,0.23609816713264986,0.7307692307692308,0.0
0.7916666666666666,0.7391304347826086,0.6444444444444445,0.48172310241275773,0.576923076923077,0.0
0.125,0.08695652173913043,1.0,0.3797245521383452,0.038461538461538464,0.05263157894736842
0.20833333333333331,0.26086956521739135,1.0,0.5929377653515584,0.11538461538461539,0.0
0.5,0.21739130434782608,1.0,0.3840737289013152,0.34615384615384615,0.0
0.29166666666666663,0.08695652173913043,1.0,0.3121052086569328,0.3076923076923077,0.0
0.9166666666666666,0.5652173913043479,1.0,0.1756238997618308,0.7692307692307693,0.0
0.5,0.08695652173913043,1.0,0.984053018535777,0.46153846153846156,0.0
0.5,0.782608695652174,0.0,0.30930930930930944,0.576923076923077,0.0
0.041666666666666664,0.0,1.0,0.6213109661385525,0.0,0.5789473684210527
0.4583333333333333,0.6521739130434783,0.7746478873239436,0.4432018225121672,0.5384615384615385,0.0
0.75,0.6956521739130435,0.9571428571428572,0.30102516309412863,0.7692307692307693,0.0
0.7916666666666666,0.782608695652174,0.9818181818181818,0.2368230299264782,0.7307692307692308,0.0
0.5,0.17391304347826086,1.0,0.2560836698767732,0.11538461538461539,0.0
0.5,0.3913043478260869,0.9838709677419356,0.20979600289945122,0.34615384615384615,0.0
0.3333333333333333,0.782608695652174,0.4827586206896552,0.2598115356736046,0.46153846153846156,0.0
0.875,1.0,0.0,0.44195920057989,0.7692307692307693,0.0
0.3333333333333333,0.782608695652174,0.6842105263157895,0.19022470746608666,0.2307692307692308,0.0
0.41666666666666663,0.8260869565217391,0.2142857142857142,0.26447136791964365,0.42307692307692313,0.0
0.6666666666666666,0.4347826086956522,1.0,0.38873356114735436,0.6153846153846154,0.0
0.41666666666666663,0.34782608695652173,1.0,0.2177694936315624,0.42307692307692313,0.0
0.375,0.4347826086956522,0.9142857142857144,0.4645334990162575,0.46153846153846156,0.0
0.8333333333333333,0.5652173913043479,0.9821428571428572,0.2499741120430775,0.9230769230769231,0.0
0.125,0.0,1.0,0.31541886714300504,0.11538461538461539,0.05263157894736842
0.29166666666666663,0.30434782608695654,1.0,0.5700528114321217,0.2692307692307693,0.0
0.16666666666666666,0.08695652173913043,1.0,0.9161230195712953,0.07692307692307693,0.0
0.41666666666666663,0.30434782608695654,0.9857142857142858,0.6346691519105312,0.5384615384615385,0.0
0.6666666666666666,0.5217391304347826,0.9833333333333332,0.36325981153567377,0.6923076923076924,0.0
0.08333333333333333,0.34782608695652173,1.0,0.49901625763694724,0.3076923076923077,0.0
0.125,0.043478260869565216,1.0,0.594801698249974,0.11538461538461539,0.10526315789473684
0.7083333333333333,0.5652173913043479,0.9848484848484848,0.4055089572330952,0.6538461538461539,0.0
0.5,0.26086956521739135,1.0,0.15118566842704761,0.5000000000000001,0.0
0.041666666666666664,0.0,1.0,0.2863208035621829,0.0,0.631578947368421
0.41666666666666663,0.08695652173913043,1.0,0.5790618204411309,0.11538461538461539,0.0
0.6666666666666666,0.30434782608695654,0.9871794871794872,0.3840737289013152,0.11538461538461539,0.05263157894736842
0.041666666666666664,0.0,1.0,0.6868592730661696,0.0,0.631578947368421
0.29166666666666663,0.4347826086956522,1.0,0.26664595630112875,0.42307692307692313,0.0
0.5,0.4347826086956522,1.0,0.6658382520451485,0.5000000000000001,0.0
0.0,0.6956521739130435,0.9295774647887324,0.2853888371129749,0.3846153846153847,0.0
0.20833333333333331,0.26086956521739135,1.0,0.3538365952159055,0.15384615384615385,0.10526315789473684
0.9166666666666666,0.9130434782608696,0.9552238805970148,0.48762555659107387,0.7692307692307693,0.0
0.3333333333333333,0.08695652173913043,1.0,0.7583100341721032,0.19230769230769232,0.0
0.20833333333333331,0.17391304347826086,1.0,0.7291084187635912,0.07692307692307693,0.0
0.6666666666666666,0.4347826086956522,0.9827586206896552,0.6567256912084498,0.3846153846153847,0.0
0.16666666666666666,0.043478260869565216,1.0,0.5410582996789892,0.07692307692307693,0.05263157894736842
0.0,0.17391304347826086,1.0,0.5186911048980014,0.15384615384615385,0.0
0.041666666666666664,0.043478260869565216,1.0,0.24562493528010765,0.0,0.2631578947368421
0.08333333333333333,0.21739130434782608,1.0,0.42518380449414916,0.19230769230769232,0.0
0.041666666666666664,0.0,1.0,0.22004763384073722,0.07692307692307693,0.15789473684210525
0.5,0.26086956521739135,0.9855072463768116,0.2935694315004659,0.6923076923076924,0.0
0.5416666666666666,0.6956521739130435,1.0,0.8292430361395879,0.6153846153846154,0.0
0.125,0.0,1.0,0.5208656932794864,0.0,0.10526315789473684
0.8333333333333333,0.6956521739130435,0.9666666666666668,0.4352283317800558,0.5000000000000001,0.0
0.625,0.4347826086956522,0.9821428571428572,0.14404059231645439,0.6153846153846154,0.0
1.0,0.782608695652174,0.9636363636363636,0.19695557626592086,0.8461538461538463,0.0
0.3333333333333333,0.4347826086956522,0.9807692307692308,0.093093093093093,0.34615384615384615,0.0
0.75,0.7391304347826086,0.9571428571428572,0.2216009112560836,0.7307692307692308,0.0
0.75,0.7391304347826086,0.5471698113207547,0.22066894480687582,0.8846153846153847,0.0
0.5833333333333333,0.3913043478260869,0.9848484848484848,0.2735839287563425,0.3846153846153847,0.0
0.75,0.7391304347826086,0.95,0.3320907114010563,0.6538461538461539,0.0
0.4583333333333333,0.782608695652174,0.7142857142857143,0.289220254737496,0.3846153846153847,0.05263157894736842
0.375,0.21739130434782608,1.0,0.5560733146940045,0.07692307692307693,0.05263157894736842
0.29166666666666663,0.0,1.0,0.2260536398467432,0.0,0.05263157894736842
0.375,0.21739130434782608,1.0,0.37081909495702603,0.2307692307692308,0.0
0.4583333333333333,0.9130434782608696,0.135593220338983,0.5070933001967486,0.5000000000000001,0.0
0.125,0.13043478260869565,1.0,0.3883193538365952,0.15384615384615385,0.0
0.7083333333333333,0.26086956521739135,0.9857142857142858,0.3666770218494355,0.2692307692307693,0.0
0.5416666666666666,0.26086956521739135,1.0,0.4609091850471161,0.3076923076923077,0.0
0.8333333333333333,0.6086956521739131,0.9859154929577464,0.2476959718339028,0.5384615384615385,0.0
0.041666666666666664,0.043478260869565216,1.0,0.16071243657450562,0.15384615384615385,0.0
0.375,0.6086956521739131,0.2903225806451613,0.5849642746194472,0.3076923076923077,0.0
0.7916666666666666,0.4782608695652174,0.9473684210526316,0.2671637154395775,0.6538461538461539,0.0
0.41666666666666663,0.26086956521739135,1.0,0.44703324013668855,0.34615384615384615,0.0
0.08333333333333333,0.08695652173913043,1.0,0.3478305892098994,0.07692307692307693,0.0
0.41666666666666663,0.5217391304347826,0.9824561403508772,0.332194263228746,0.6153846153846154,0.0
0.5416666666666666,0.5217391304347826,1.0,0.39287563425494465,0.3846153846153847,0.0
0.5833333333333333,0.7391304347826086,0.7450980392156863,0.5891063477270375,0.6538461538461539,0.0
0.75,0.3913043478260869,0.9857142857142858,0.666563114838977,0.5000000000000001,0.0
0.5833333333333333,0.4782608695652174,0.9833333333333332,0.24407165786476126,0.6923076923076924,0.0
0.25,0.26086956521739135,1.0,0.13275344309827064,0.6153846153846154,0.0
0.4583333333333333,0.6521739130434783,0.971830985915493,0.18722170446308362,0.7307692307692308,0.0
0.375,0.0,1.0,0.30806668737703213,0.0,0.15789473684210525
0.75,0.6521739130434783,0.9743589743589745,0.2850781816299057,0.6923076923076924,0.0
0.20833333333333331,0.4782608695652174,1.0,0.38593766179973077,0.46153846153846156,0.0
0.7083333333333333,0.21739130434782608,1.0,0.1903282592937765,0.3076923076923077,0.0
0.6666666666666666,0.8695652173913043,0.2285714285714285,0.3003003003003003,0.6923076923076924,0.0
0.75,0.6086956521739131,1.0,0.17334575955265608,0.576923076923077,0.0
0.20833333333333331,0.26086956521739135,0.9871794871794872,0.47478512995754363,0.15384615384615385,0.0
0.75,0.4782608695652174,0.9827586206896552,0.6212074143108626,0.42307692307692313,0.0
0.125,0.08695652173913043,1.0,0.35311173242207716,0.038461538461538464,0.05263157894736842
0.125,0.08695652173913043,1.0,0.3958786372579475,0.07692307692307693,0.10526315789473684
0.375,0.34782608695652173,1.0,0.1657864761313037,0.2307692307692308,0.0
0.75,0.5217391304347826,0.9857142857142858,0.1667184425805115,0.42307692307692313,0.0
0.4583333333333333,0.4347826086956522,1.0,0.39732836284560413,0.42307692307692313,0.0
0.7916666666666666,0.782608695652174,0.9836065573770492,0.23247385316350833,0.7307692307692308,0.0
0.08333333333333333,0.08695652173913043,1.0,0.7636947292119705,0.038461538461538464,0.2631578947368421
0.41666666666666663,0.26086956521739135,1.0,0.33043388215802016,0.3846153846153847,0.0
0.8333333333333333,0.4782608695652174,0.9852941176470588,0.555762659210935,0.6923076923076924,0.0
0.29166666666666663,0.4782608695652174,1.0,0.904318111214663,0.3076923076923077,0.0
0.16666666666666666,0.043478260869565216,1.0,0.23827275551413485,0.19230769230769232,0.0
0.16666666666666666,0.043478260869565216,1.0,0.524490007248628,0.038461538461538464,0.2631578947368421
0.16666666666666666,0.043478260869565216,1.0,0.6099202650926787,0.2307692307692308,0.0
0.75,0.30434782608695654,1.0,0.2697525111318215,0.2692307692307693,0.0
0.4583333333333333,0.26086956521739135,1.0,0.4621518069793933,0.46153846153846156,0.0
0.08333333333333333,0.043478260869565216,1.0,0.5588692140416278,0.038461538461538464,0.0
0.7916666666666666,1.0,0.2428571428571428,0.7411204307756032,0.6923076923076924,0.0
0.75,0.7391304347826086,0.9859154929577464,0.19136377757067402,0.5000000000000001,0.0
0.5,0.6521739130434783,0.9772727272727272,0.4705395050222636,0.3846153846153847,0.0
0.20833333333333331,0.13043478260869565,1.0,0.35528632080356215,0.15384615384615385,0.05263157894736842
0.29166666666666663,0.21739130434782608,1.0,0.45925235580407997,0.46153846153846156,0.0
0.041666666666666664,0.08695652173913043,1.0,0.36419177798488134,0.07692307692307693,0.10526315789473684
0.8333333333333333,0.8695652173913043,0.5151515151515151,0.38593766179973077,0.6923076923076924,0.0
0.8333333333333333,0.6086956521739131,0.9714285714285714,0.19643781712747233,0.5000000000000001,0.0
0.5416666666666666,0.782608695652174,0.2264150943396226,0.5770943357150253,0.6538461538461539,0.0
0.625,0.6521739130434783,0.9767441860465116,0.2533913223568396,0.7307692307692308,0.0
0.375,0.4782608695652174,1.0,0.17158537848193023,0.42307692307692313,0.0
0.5833333333333333,0.4782608695652174,1.0,0.7022884953919437,0.5000000000000001,0.0
0.5833333333333333,0.3913043478260869,0.981132075471698,0.4940457699078389,0.2307692307692308,0.0
0.875,0.6956521739130435,0.9701492537313432,0.21911566739152943,0.7692307692307693,0.0
0.9166666666666666,0.782608695652174,0.3548387096774194,0.2065858962410686,0.6923076923076924,0.0
0.9166666666666666,0.5652173913043479,0.5915492957746479,0.31604017810914353,0.6153846153846154,0.0
0.125,0.782608695652174,0.0,0.40281660971316136,0.15384615384615385,0.05263157894736842
0.6666666666666666,0.6086956521739131,0.9772727272727272,0.46908977943460695,0.8846153846153847,0.0
0.041666666666666664,0.0,1.0,0.5034689862276069,0.0,0.10526315789473684
0.08333333333333333,0.043478260869565216,1.0,0.5421973697835767,0.038461538461538464,0.0
0.3333333333333333,0.34782608695652173,1.0,0.5476856166511339,0.3076923076923077,0.0
0.25,0.30434782608695654,1.0,0.35010872941907434,0.3076923076923077,0.0
0.75,0.6521739130434783,1.0,0.3752718235476855,0.7307692307692308,0.0
0.75,0.26086956521739135,1.0,0.3267060163611887,0.5384615384615385,0.0
0.16666666666666666,0.13043478260869565,1.0,0.3446204825515169,0.07692307692307693,0.0
0.6666666666666666,0.9130434782608696,0.0,0.5066790928859894,0.46153846153846156,0.0
0.625,0.4782608695652174,1.0,0.19964792378585483,0.42307692307692313,0.0
0.3333333333333333,0.34782608695652173,1.0,0.5375375375375373,0.15384615384615385,0.05263157894736842
0.7083333333333333,0.34782608695652173,1.0,0.020296158227192662,0.42307692307692313,0.0
0.125,0.8260869565217391,0.6410256410256411,0.34638086362224274,0.11538461538461539,0.0
0.5,0.6956521739130435,0.1698113207547169,0.28828828828828823,0.8076923076923078,0.0
0.75,0.30434782608695654,0.9833333333333332,0.6029822926374651,0.3846153846153847,0.0
0.8333333333333333,0.6956521739130435,0.7735849056603774,0.23899761830796284,0.7307692307692308,0.0
0.041666666666666664,0.0,1.0,0.33167650409029725,0.0,0.3684210526315789
0.7083333333333333,0.6521739130434783,0.9871794871794872,0.11794553173863509,0.576923076923077,0.0
0.125,0.6956521739130435,0.2388059701492537,0.36036036036036023,0.19230769230769232,0.05263157894736842
0.5,0.7391304347826086,0.0806451612903225,0.5605260432846639,0.07692307692307693,0.05263157894736842
0.875,0.5652173913043479,0.9863013698630136,0.28735632183908044,0.8846153846153847,0.0
0.3333333333333333,0.13043478260869565,1.0,0.4338821580200891,0.11538461538461539,0.0
0.625,0.6521739130434783,0.9387755102040816,0.1479755617686651,0.576923076923077,0.0
0.5833333333333333,0.6521739130434783,0.9821428571428572,0.42073107590348946,0.46153846153846156,0.0
0.5833333333333333,0.7391304347826086,0.5882352941176471,0.7341824583203893,0.2307692307692308,0.0
0.16666666666666666,0.17391304347826086,1.0,0.18732525629077346,0.2692307692307693,0.0
0.4583333333333333,0.782608695652174,0.6901408450704225,0.5642539090814953,0.2692307692307693,0.05263157894736842
0.041666666666666664,0.21739130434782608,1.0,0.2844568706637671,0.038461538461538464,0.15789473684210525
0.16666666666666666,0.08695652173913043,1.0,0.46805426115770943,0.11538461538461539,0.05263157894736842
0.7083333333333333,0.5652173913043479,0.9859154929577464,0.380656518587553,0.8076923076923078,0.0
0.875,0.6521739130434783,1.0,0.1947809878844361,0.8461538461538463,0.0
0.75,0.4347826086956522,0.981132075471698,0.10427669048358701,0.8461538461538463,0.0
0.041666666666666664,0.30434782608695654,0.9859154929577464,0.2180801491146318,0.46153846153846156,0.0
0.4583333333333333,0.34782608695652173,1.0,0.33706119913016463,0.5384615384615385,0.0
0.6666666666666666,0.4782608695652174,0.9824561403508772,0.178523350937144,0.42307692307692313,0.0
0.5416666666666666,0.4782608695652174,0.9824561403508772,0.8183700942321632,0.5384615384615385,0.0
0.375,0.7391304347826086,0.2816901408450704,0.15998757378067718,0.6538461538461539,0.0
0.08333333333333333,0.0,1.0,0.35311173242207716,0.19230769230769232,0.05263157894736842
0.5416666666666666,0.7391304347826086,0.4657534246575342,0.42000621310966135,0.42307692307692313,0.0
0.16666666666666666,0.8260869565217391,0.0,0.36129232680956824,0.3076923076923077,0.0
0.041666666666666664,0.0,1.0,0.5749197473335403,0.0,0.3157894736842105
0.3333333333333333,0.3913043478260869,1.0,0.1766594180387283,0.3846153846153847,0.0
0.9166666666666666,0.5217391304347826,0.9473684210526316,0.5197266231748991,0.8076923076923078,0.0
0.75,0.8260869565217391,0.2280701754385964,0.16858237547892718,0.7307692307692308,0.0
0.875,0.6086956521739131,0.6056338028169014,0.27689758724241476,0.6923076923076924,0.0
0.5416666666666666,0.26086956521739135,0.9859154929577464,0.7160608884746817,0.2307692307692308,0.0
0.5416666666666666,0.4347826086956522,0.9833333333333332,0.45003624313969137,0.6153846153846154,0.0
0.125,0.08695652173913043,1.0,0.39328984156570357,0.07692307692307693,0.05263157894736842
0.125,0.6956521739130435,0.7936507936507936,0.21310966138552345,0.07692307692307693,0.05263157894736842
0.6666666666666666,0.6956521739130435,0.4642857142857143,0.6237962100031067,0.576923076923077,0.0
0.875,0.6521739130434783,0.9859154929577464,0.5006730868799834,0.7307692307692308,0.0
0.25,0.34782608695652173,0.9807692307692308,0.7019778399088743,0.2692307692307693,0.0
0.08333333333333333,0.0,1.0,0.47095371233302274,0.038461538461538464,0.10526315789473684
0.20833333333333331,0.7391304347826086,0.6607142857142857,0.4458941700321011,0.3846153846153847,0.0
0.5416666666666666,0.7391304347826086,0.981132075471698,0.19519519519519535,0.7307692307692308,0.0
0.4583333333333333,0.9565217391304348,0.1363636363636363,0.2030651340996168,0.46153846153846156,0.0
0.625,0.7391304347826086,0.9807692307692308,0.19012115563839693,0.7307692307692308,0.0
0.25,0.6521739130434783,0.9772727272727272,0.8479859169514341,0.3076923076923077,0.0
0.7083333333333333,0.6086956521739131,1.0,0.2655068861965415,0.6538461538461539,0.0
0.7083333333333333,0.6086956521739131,0.9848484848484848,0.35590763176970075,0.576923076923077,0.0
0.20833333333333331,0.4347826086956522,1.0,0.3601532567049808,0.3076923076923077,0.0
0.3333333333333333,0.3913043478260869,1.0,0.4969452210831522,0.3076923076923077,0.0
0.5833333333333333,0.6521739130434783,0.981132075471698,0.54074764419592,0.6153846153846154,0.0
0.0,0.34782608695652173,1.0,0.8409443926685305,0.19230769230769232,0.10526315789473684
0.29166666666666663,0.13043478260869565,1.0,0.3504193849021433,0.19230769230769232,0.05263157894736842
0.16666666666666666,0.17391304347826086,1.0,0.3308480894687792,0.11538461538461539,0.10526315789473684
0.3333333333333333,0.6956521739130435,0.4285714285714285,0.7102619861240551,0.576923076923077,0.0
0.4583333333333333,0.4347826086956522,1.0,0.42694418556487523,0.3846153846153847,0.0
1.0,1.0,0.0,0.5159987573780676,0.8461538461538463,0.0
0.25,0.6086956521739131,0.9824561403508772,0.20254737496116804,0.5384615384615385,0.0
0.9583333333333333,0.8695652173913043,0.9454545454545454,0.5196230713472092,0.8461538461538463,0.0
0.08333333333333333,0.26086956521739135,1.0,0.3651237444340891,0.15384615384615385,0.0
0.29166666666666663,0.9565217391304348,0.0,0.3857305581443513,0.15384615384615385,0.10526315789473684
0.25,0.6956521739130435,0.684931506849315,0.20793207000103553,0.19230769230769232,0.0
0.041666666666666664,0.0,1.0,0.6788857823340582,0.0,0.3157894736842105
0.4583333333333333,0.4347826086956522,0.971830985915493,0.6630423526975251,0.5000000000000001,0.0
0.25,0.17391304347826086,1.0,0.3595319457388422,0.0,0.3684210526315789
0.5833333333333333,0.5217391304347826,0.981132075471698,0.15936626281453858,0.8076923076923078,0.0
0.75,0.4347826086956522,1.0,0.20700010355182763,0.42307692307692313,0.0
0.4583333333333333,0.7391304347826086,0.3555555555555555,0.6906906906906909,0.46153846153846156,0.0
0.75,0.6086956521739131,0.9827586206896552,0.11898105001553272,0.5000000000000001,0.0
0.16666666666666666,0.0,1.0,0.26602464533499015,0.07692307692307693,0.05263157894736842
0.20833333333333331,0.9130434782608696,0.4102564102564102,0.9434607020813919,0.3846153846153847,0.0
0.041666666666666664,0.0,1.0,0.4188671430050741,0.0,0.10526315789473684
0.0,0.5217391304347826,0.9859154929577464,0.4030237133685408,0.6923076923076924,0.0
0.3333333333333333,0.26086956521739135,1.0,0.17810914362638497,0.34615384615384615,0.0
0.5833333333333333,0.08695652173913043,1.0,0.3518691104898002,0.19230769230769232,0.05263157894736842
0.08333333333333333,0.043478260869565216,1.0,0.5512063787925856,0.038461538461538464,0.21052631578947367
0.7083333333333333,0.782608695652174,0.0,0.48193020606813697,0.5384615384615385,0.0
0.041666666666666664,0.043478260869565216,1.0,0.6107486797141968,0.2692307692307693,0.0
0.875,0.8260869565217391,0.0285714285714285,0.41658900279589917,0.8461538461538463,0.0
0.7083333333333333,0.3913043478260869,0.9821428571428572,0.11742777260018633,0.42307692307692313,0.0
0.6666666666666666,0.5217391304347826,0.8620689655172413,0.28352490421455934,0.5000000000000001,0.0
0.125,0.08695652173913043,1.0,0.5386766076421248,0.07692307692307693,0.0
0.875,0.5217391304347826,0.9827586206896552,0.3837630734182458,0.576923076923077,0.0
0.7916666666666666,0.30434782608695654,0.958904109589041,0.22739981360671002,0.6538461538461539,0.0
0.8333333333333333,0.5217391304347826,0.9428571428571428,0.3034068551309931,0.7692307692307693,0.0
0.16666666666666666,0.043478260869565216,1.0,0.34058196127161633,0.07692307692307693,0.0
0.625,0.3913043478260869,1.0,0.4783058920989953,0.3846153846153847,0.0
0.8333333333333333,0.8695652173913043,0.9649122807017544,0.3984674329501916,0.7692307692307693,0.0
0.20833333333333331,0.8695652173913043,0.3214285714285714,0.35942839391115244,0.15384615384615385,0.0
0.4583333333333333,0.34782608695652173,0.9850746268656716,0.9115667391529465,0.3076923076923077,0.0
0.5416666666666666,0.4782608695652174,0.981132075471698,0.8263435849642746,0.6153846153846154,0.0
0.041666666666666664,0.043478260869565216,1.0,0.4679507093300197,0.0,0.10526315789473684
0.5833333333333333,0.6521739130434783,0.971830985915493,0.21766594180387278,0.7307692307692308,0.0
0.3333333333333333,0.3913043478260869,1.0,0.38997618307963133,0.576923076923077,0.0
0.5833333333333333,0.9130434782608696,0.1698113207547169,0.421455938697318,0.42307692307692313,0.0
0.5416666666666666,0.26086956521739135,1.0,0.9913016464740605,0.34615384615384615,0.0
0.8333333333333333,0.30434782608695654,0.913793103448276,0.5130993062027545,0.2692307692307693,0.0
0.41666666666666663,0.08695652173913043,1.0,0.393600497048773,0.2307692307692308,0.0
0.625,0.6086956521739131,0.9857142857142858,0.2846639743191467,0.576923076923077,0.0
0.6666666666666666,0.3913043478260869,1.0,0.4058196127161644,0.3076923076923077,0.0
0.6666666666666666,0.4782608695652174,1.0,0.6233820026923476,0.2692307692307693,0.0
0.75,0.3913043478260869,1.0,0.3885264574919747,0.6153846153846154,0.0
0.3333333333333333,0.8260869565217391,0.2307692307692307,0.17541679610645122,0.34615384615384615,0.0
0.4583333333333333,0.9565217391304348,0.0,0.44102723413068246,0.576923076923077,0.0
0.041666666666666664,0.0,1.0,0.18784301542922222,0.0,0.05263157894736842
0.7916666666666666,0.782608695652174,0.9333333333333332,0.2773117945531738,0.7692307692307693,0.0
0.41666666666666663,0.34782608695652173,0.981132075471698,0.3953608781194988,0.6538461538461539,0.0
0.20833333333333331,0.08695652173913043,1.0,0.29822926374650527,0.07692307692307693,0.15789473684210525
0.25,0.13043478260869565,1.0,0.35331883607745684,0.19230769230769232,0.0
0.25,0.17391304347826086,1.0,0.36294915605260436,0.07692307692307693,0.15789473684210525
0.20833333333333331,0.17391304347826086,1.0,0.1498394946670808,0.15384615384615385,0.0
0.8333333333333333,0.8260869565217391,0.0,0.40664802733768224,0.5000000000000001,0.0
0.4583333333333333,0.4347826086956522,0.9850746268656716,0.284974629802216,0.6923076923076924,0.0
0.7916666666666666,0.4782608695652174,0.9636363636363636,0.31800766283524895,0.6153846153846154,0.0
0.16666666666666666,0.21739130434782608,1.0,0.6112664388526459,0.11538461538461539,0.05263157894736842
0.3333333333333333,0.30434782608695654,1.0,0.6977322149735943,0.038461538461538464,0.10526315789473684
0.5,0.4782608695652174,1.0,0.3682302992647819,0.42307692307692313,0.0
0.41666666666666663,0.8695652173913043,0.0181818181818181,0.646266956611784,0.34615384615384615,0.0
0.6666666666666666,0.3913043478260869,0.9871794871794872,0.19364191777984874,0.46153846153846156,0.0
0.08333333333333333,0.0,1.0,0.3770322046184116,0.0,0.05263157894736842
0.75,0.8260869565217391,0.5694444444444444,0.19136377757067402,0.7307692307692308,0.0
0.3333333333333333,0.13043478260869565,1.0,0.4265299782541161,0.11538461538461539,0.0
0.20833333333333331,0.21739130434782608,1.0,0.4462048255151705,0.19230769230769232,0.0
0.75,0.30434782608695654,1.0,0.054157605881743676,0.42307692307692313,0.0
0.29166666666666663,0.4347826086956522,1.0,0.9654136895516205,0.3076923076923077,0.0
0.16666666666666666,0.08695652173913043,1.0,0.27814020917469195,0.038461538461538464,0.0
0.08333333333333333,0.30434782608695654,1.0,0.3719581650616133,0.038461538461538464,0.0
0.41666666666666663,0.3913043478260869,1.0,0.7886507196852024,0.3846153846153847,0.0
0.5,0.5217391304347826,1.0,0.3322978150564355,0.6153846153846154,0.0
0.375,0.6086956521739131,0.4225352112676056,0.27658693175934557,0.6923076923076924,0.0
0.29166666666666663,0.4782608695652174,0.981132075471698,0.5987366677021848,0.2692307692307693,0.0
0.75,0.08695652173913043,1.0,0.6498912705809257,0.11538461538461539,0.0
0.625,0.4782608695652174,0.981132075471698,0.6412964688826757,0.46153846153846156,0.0
0.20833333333333331,0.34782608695652173,0.9857142857142858,0.4688826757792275,0.3846153846153847,0.0
0.4583333333333333,0.7391304347826086,0.323943661971831,0.4048876462669566,0.46153846153846156,0.0
0.5833333333333333,0.8260869565217391,0.3035714285714285,0.24728176452314377,0.576923076923077,0.0
0.7916666666666666,0.08695652173913043,1.0,0.5998757378067723,0.2692307692307693,0.0
0.5,0.08695652173913043,1.0,0.28611369990680335,0.038461538461538464,0.15789473684210525
0.29166666666666663,0.0,1.0,0.6037071554312934,0.0,0.05263157894736842
0.4583333333333333,0.782608695652174,0.0,0.6548617583100342,0.6153846153846154,0.0
0.29166666666666663,0.08695652173913043,1.0,0.49394221808014915,0.038461538461538464,0.10526315789473684
0.41666666666666663,0.17391304347826086,1.0,0.47385316350833584,0.15384615384615385,0.05263157894736842
0.0,0.9130434782608696,0.028169014084507,0.17904111007559276,0.3846153846153847,0.0
0.20833333333333331,0.21739130434782608,1.0,0.6431604017810912,0.2307692307692308,0.0
0.75,0.7391304347826086,0.9696969696969696,0.7338718028373201,0.6538461538461539,0.0
0.16666666666666666,0.08695652173913043,1.0,0.3318836077456766,0.07692307692307693,0.21052631578947367
0.5416666666666666,0.30434782608695654,1.0,0.22657139898519196,0.42307692307692313,0.0
0.8333333333333333,0.7391304347826086,0.9649122807017544,0.19933726830278553,0.7692307692307693,0.0
0.6666666666666666,0.5217391304347826,0.9857142857142858,0.23092057574816183,0.5000000000000001,0.0
0.125,0.08695652173913043,1.0,0.349383866625246,0.3076923076923077,0.0
0.25,0.043478260869565216,1.0,0.2289530910220564,0.0,0.05263157894736842
0.8333333333333333,0.6956521739130435,0.9821428571428572,0.6924510717614165,0.6923076923076924,0.0
0.08333333333333333,0.043478260869565216,1.0,0.718442580511546,0.038461538461538464,0.15789473684210525
0.5416666666666666,0.4782608695652174,0.9857142857142858,0.5101998550274411,0.2307692307692308,0.0
0.5833333333333333,0.3913043478260869,1.0,0.6263850056953504,0.5384615384615385,0.0
0.041666666666666664,0.043478260869565216,1.0,0.25049187118152616,0.0,0.3157894736842105
0.9166666666666666,0.5652173913043479,0.9622641509433962,0.4202133167650408,0.8846153846153847,0.0
0.8333333333333333,0.9130434782608696,0.913793103448276,0.5029512270891581,0.8846153846153847,0.0
0.20833333333333331,0.4782608695652174,1.0,0.8443616029822927,0.3076923076923077,0.0
0.7083333333333333,0.6086956521739131,0.9824561403508772,0.23164543854199027,0.5384615384615385,0.0
0.29166666666666663,0.34782608695652173,1.0,0.22719270995133056,0.3076923076923077,0.0
0.7083333333333333,0.6086956521739131,0.9767441860465116,0.26353940147043586,0.6923076923076924,0.0
0.041666666666666664,0.13043478260869565,1.0,0.5056435746090917,0.038461538461538464,0.10526315789473684
0.16666666666666666,0.17391304347826086,1.0,0.35021228124676407,0.15384615384615385,0.10526315789473684
0.3333333333333333,0.30434782608695654,1.0,0.44133788961375164,0.3076923076923077,0.0
0.3333333333333333,0.21739130434782608,1.0,0.4189706948327636,0.42307692307692313,0.0
0.625,0.3913043478260869,1.0,0.35911773842808326,0.34615384615384615,0.0
0.7916666666666666,0.17391304347826086,1.0,0.2875634254944599,0.34615384615384615,0.0
0.29166666666666663,0.7391304347826086,0.3584905660377358,0.5867246556901728,0.19230769230769232,0.05263157894736842
0.8333333333333333,0.13043478260869565,1.0,0.4721963342652997,0.11538461538461539,0.05263157894736842
0.08333333333333333,0.13043478260869565,1.0,0.3487625556591072,0.15384615384615385,0.10526315789473684
0.3333333333333333,0.21739130434782608,1.0,0.5019157088122606,0.15384615384615385,0.0
0.25,0.08695652173913043,1.0,0.5121673397535467,0.0,0.15789473684210525
0.4583333333333333,0.34782608695652173,1.0,0.8105001553277416,0.07692307692307693,0.0
0.7083333333333333,0.6086956521739131,1.0,0.639846743295019,0.7692307692307693,0.0
0.5,0.34782608695652173,1.0,0.42508025266645966,0.6538461538461539,0.0
0.7083333333333333,0.4347826086956522,1.0,0.3347830589209899,0.5000000000000001,0.0
0.16666666666666666,0.26086956521739135,1.0,0.6933830382106245,0.11538461538461539,0.05263157894736842
0.20833333333333331,0.21739130434782608,1.0,0.5074039556798178,0.07692307692307693,0.0
0.3333333333333333,0.6521739130434783,0.8309859154929577,0.2158020089054571,0.3076923076923077,0.0
0.08333333333333333,0.0,1.0,0.5577301439370406,0.2692307692307693,0.05263157894736842
0.5833333333333333,0.6521739130434783,1.0,0.24521072796934862,0.5384615384615385,0.0
0.5833333333333333,0.7391304347826086,0.8974358974358975,0.11939525732629175,0.5000000000000001,0.0
0.9166666666666666,0.4782608695652174,0.9863013698630136,0.34182458320389353,0.6923076923076924,0.0
0.29166666666666663,0.8260869565217391,0.5094339622641509,0.28611369990680335,0.2307692307692308,0.0
0.3333333333333333,0.08695652173913043,1.0,0.4736460598529564,0.07692307692307693,0.0
0.8333333333333333,0.3913043478260869,0.9833333333333332,0.16278347312830077,0.576923076923077,0.0
0.75,0.6956521739130435,0.9552238805970148,0.4366780573677125,0.5000000000000001,0.0
0.7083333333333333,0.5652173913043479,1.0,0.29667598633115866,0.7307692307692308,0.0
0.29166666666666663,0.17391304347826086,1.0,0.5287356321839081,0.15384615384615385,0.0
0.625,0.9130434782608696,0.0,0.1667184425805115,0.6153846153846154,0.0
0.41666666666666663,0.4347826086956522,1.0,0.28331780055917977,0.576923076923077,0.0
0.16666666666666666,0.21739130434782608,1.0,0.3395464429947188,0.11538461538461539,0.15789473684210525
0.875,0.4347826086956522,1.0,0.29408719063891464,0.7692307692307693,0.0
0.6666666666666666,0.5652173913043479,0.9516129032258064,0.4026095060577817,0.5000000000000001,0.0
0.25,0.34782608695652173,1.0,0.5469607538573056,0.3076923076923077,0.0
0.16666666666666666,0.26086956521739135,1.0,0.38303821062441745,0.2692307692307693,0.0
0.3333333333333333,0.6521739130434783,0.7678571428571429,0.29729729729729737,0.15384615384615385,0.0
0.6666666666666666,0.4782608695652174,1.0,0.12767940354147256,0.576923076923077,0.0
0.6666666666666666,0.6086956521739131,0.9821428571428572,0.1970591280936107,0.5384615384615385,0.0
0.25,0.17391304347826086,1.0,0.3362327845086466,0.34615384615384615,0.0
0.25,0.13043478260869565,1.0,0.4654654654654655,0.11538461538461539,0.0
0.041666666666666664,0.043478260869565216,1.0,0.7231024127575854,0.07692307692307693,0.05263157894736842
0.5,0.5652173913043479,1.0,0.22532877705291487,0.5384615384615385,0.0
0.9166666666666666,0.6956521739130435,0.9827586206896552,0.6733975354665009,0.6538461538461539,0.0
0.20833333333333331,0.782608695652174,0.0,0.23982603292948135,0.07692307692307693,0.05263157894736842
0.5416666666666666,0.6956521739130435,0.9285714285714286,0.0028994511753132057,0.3846153846153847,0.0
0.08333333333333333,0.34782608695652173,1.0,0.8864036450243349,0.34615384615384615,0.0
0.25,0.08695652173913043,1.0,0.4317075696386041,0.11538461538461539,0.0
0.375,0.13043478260869565,1.0,0.8530599565082324,0.3846153846153847,0.0
0.125,0.21739130434782608,1.0,0.4794449622035828,0.19230769230769232,0.0
0.25,0.34782608695652173,0.9859154929577464,0.19581650616133361,0.6538461538461539,0.0
0.041666666666666664,0.043478260869565216,1.0,0.5781298539919228,0.0,0.42105263157894735
0.625,0.34782608695652173,1.0,0.5282178730454592,0.46153846153846156,0.0
0.5833333333333333,0.34782608695652173,1.0,0.3666770218494355,0.7307692307692308,0.0
0.29166666666666663,0.08695652173913043,1.0,0.13047530288909603,0.15384615384615385,0.05263157894736842
0.4583333333333333,0.6521739130434783,0.9859154929577464,0.595630112871492,0.6153846153846154,0.0
0.6666666666666666,0.5217391304347826,0.9701492537313432,0.3335404369887127,0.6538461538461539,0.0
0.5,0.3913043478260869,0.9857142857142858,0.7843015429222326,0.3846153846153847,0.0
0.8333333333333333,0.7391304347826086,0.4516129032258064,0.32090711401056227,0.7692307692307693,0.0
0.375,0.6086956521739131,1.0,0.632183908045977,0.5000000000000001,0.0
0.20833333333333331,0.30434782608695654,1.0,0.37030133581857716,0.34615384615384615,0.0
0.29166666666666663,0.34782608695652173,1.0,0.3139691415553484,0.3076923076923077,0.0
0.6666666666666666,0.782608695652174,0.0307692307692307,0.5188982085533811,0.6153846153846154,0.0
0.625,0.34782608695652173,0.9655172413793104,0.2036864450657554,0.3076923076923077,0.0
0.5416666666666666,0.6086956521739131,0.981132075471698,0.21683752718235483,0.7307692307692308,0.0
0.5,0.4347826086956522,1.0,0.20958889924407165,0.3846153846153847,0.0
0.41666666666666663,0.5217391304347826,0.981132075471698,0.4017810914362636,0.6538461538461539,0.0
0.41666666666666663,0.21739130434782608,0.9855072463768116,0.39442891167029104,0.19230769230769232,0.0
0.7083333333333333,0.6956521739130435,0.9827586206896552,0.20140830485658068,0.6153846153846154,0.0
0.6666666666666666,0.6086956521739131,1.0,0.27244485865175516,0.576923076923077,0.0
0.29166666666666663,0.17391304347826086,1.0,0.49684166925546225,0.19230769230769232,0.0
0.625,0.6086956521739131,0.9859154929577464,0.15346380863622233,0.5000000000000001,0.0
0.41666666666666663,0.043478260869565216,1.0,0.29180905042974004,0.038461538461538464,0.05263157894736842
0.7083333333333333,0.8695652173913043,0.0,0.5611473542508025,0.5384615384615385,0.0
0.625,0.30434782608695654,0.971830985915493,0.3455524490007247,0.576923076923077,0.0
0.5416666666666666,0.4782608695652174,0.9743589743589745,0.2898415657036345,0.576923076923077,0.0
0.5833333333333333,0.26086956521739135,1.0,0.42155949052500774,0.3076923076923077,0.0
0.5833333333333333,0.3913043478260869,1.0,0.2847675261468364,0.46153846153846156,0.0
0.6666666666666666,0.782608695652174,0.0892857142857142,0.32919126022574285,0.15384615384615385,0.0
0.5833333333333333,0.30434782608695654,1.0,0.8387698042870457,0.19230769230769232,0.10526315789473684
0.6666666666666666,0.4347826086956522,0.9090909090909092,0.3725794760277519,0.6538461538461539,0.0
0.6666666666666666,0.4782608695652174,0.974025974025974,0.4498291394843119,0.2307692307692308,0.0
0.3333333333333333,0.6956521739130435,0.3714285714285714,0.19105312208760472,0.2307692307692308,0.0
0.7916666666666666,0.7391304347826086,0.971830985915493,0.09764937351144232,0.6538461538461539,0.0
0.5,0.782608695652174,0.0,0.1673397535466501,0.3076923076923077,0.0
0.625,0.6521739130434783,0.984126984126984,0.4094439266853058,0.6923076923076924,0.0
0.9583333333333333,0.6086956521739131,0.9636363636363636,0.4099616858237547,0.9615384615384616,0.0
0.20833333333333331,0.4347826086956522,1.0,0.31541886714300504,0.3076923076923077,0.0
0.6666666666666666,0.4782608695652174,0.9863013698630136,0.49715232473853166,0.576923076923077,0.0
0.4583333333333333,0.782608695652174,0.0,0.22015118566842695,0.42307692307692313,0.0
0.7916666666666666,0.8260869565217391,0.2,0.4628766697732214,0.34615384615384615,0.0
0.5416666666666666,0.30434782608695654,1.0,0.37599668634151384,0.2692307692307693,0.0
0.08333333333333333,0.0,1.0,0.31604017810914353,0.0,0.47368421052631576
0.375,0.9130434782608696,0.3770491803278688,0.2561872217044633,0.5000000000000001,0.0
0.625,0.3913043478260869,0.9846153846153848,0.7348037692865279,0.5384615384615385,0.0
0.125,0.0,1.0,0.7487832660246454,0.038461538461538464,0.05263157894736842
0.4583333333333333,0.30434782608695654,0.9821428571428572,0.20617168893030957,0.3076923076923077,0.0
0.5416666666666666,0.26086956521739135,1.0,0.2757585171378275,0.3846153846153847,0.0
0.20833333333333331,0.8260869565217391,0.3380281690140845,0.5672569120844984,0.07692307692307693,0.05263157894736842
0.5833333333333333,0.6086956521739131,0.9850746268656716,0.238169203686445,0.5384615384615385,0.0
0.7916666666666666,0.7391304347826086,0.2857142857142857,0.4015739877808844,0.6153846153846154,0.0
0.41666666666666663,0.21739130434782608,1.0,0.46142694418556496,0.3076923076923077,0.0
0.7083333333333333,0.5217391304347826,1.0,0.25390908149528835,0.576923076923077,0.0
0.25,0.3913043478260869,1.0,0.5104069586828206,0.6538461538461539,0.0
0.5833333333333333,0.30434782608695654,1.0,0.47809878844361586,0.5000000000000001,0.0
0.4583333333333333,0.4347826086956522,0.9642857142857144,0.6572434503468987,0.576923076923077,0.0
0.0,0.4347826086956522,1.0,0.6104380242311276,0.3846153846153847,0.0
0.6666666666666666,0.4347826086956522,0.9859154929577464,0.34089261675468574,0.6538461538461539,0.0
0.375,0.4347826086956522,0.981132075471698,0.2820751786269027,0.5000000000000001,0.0
0.20833333333333331,0.08695652173913043,1.0,0.4746815781298539,0.11538461538461539,0.05263157894736842
0.5416666666666666,0.26086956521739135,1.0,0.7093300196748473,0.3846153846153847,0.0
0.125,0.08695652173913043,1.0,0.45697421559490525,0.07692307692307693,0.15789473684210525
0.3333333333333333,0.6956521739130435,0.9824561403508772,0.946360153256705,0.34615384615384615,0.0
0.4583333333333333,0.6956521739130435,0.4090909090909091,0.6432639536087812,0.42307692307692313,0.0
0.5833333333333333,0.13043478260869565,1.0,0.4924924924924925,0.038461538461538464,0.10526315789473684
0.5416666666666666,0.5217391304347826,1.0,0.3038210624417521,0.7692307692307693,0.0
0.20833333333333331,0.043478260869565216,1.0,0.6107486797141968,0.038461538461538464,0.10526315789473684
0.625,0.5217391304347826,0.981132075471698,0.39163301232266745,0.6153846153846154,0.0
0.9583333333333333,0.9130434782608696,0.1272727272727272,0.6941079010044526,0.8846153846153847,0.0
0.125,0.08695652173913043,1.0,0.3825204514859688,0.038461538461538464,0.0
0.25,0.4782608695652174,1.0,0.8489178834006421,0.2307692307692308,0.10526315789473684
0.20833333333333331,0.17391304347826086,1.0,0.34959097028062547,0.2307692307692308,0.05263157894736842
0.5833333333333333,0.4782608695652174,1.0,0.5379517448482964,0.6538461538461539,0.0
0.5416666666666666,0.21739130434782608,1.0,0.2991612301957127,0.2307692307692308,0.0
0.25,0.30434782608695654,1.0,0.23029926478202345,0.5000000000000001,0.0
0.29166666666666663,0.13043478260869565,1.0,0.27845086465776114,0.15384615384615385,0.0
0.29166666666666663,0.782608695652174,0.2857142857142857,0.5937661799730765,0.34615384615384615,0.0
0.5,0.5652173913043479,0.7727272727272727,0.6288702495599048,0.46153846153846156,0.0
0.041666666666666664,0.0,1.0,0.6701874288081184,0.0,0.05263157894736842
0.7083333333333333,0.3913043478260869,0.9859154929577464,0.5157916537226883,0.5384615384615385,0.0
0.25,0.7391304347826086,0.2954545454545454,0.7274515895205551,0.07692307692307693,0.05263157894736842
0.5416666666666666,0.21739130434782608,1.0,0.22429325877601736,0.2692307692307693,0.0
0.6666666666666666,0.4782608695652174,0.9859154929577464,0.46204825515170334,0.576923076923077,0.0
0.125,0.08695652173913043,1.0,0.5404369887128508,0.11538461538461539,0.05263157894736842
0.8333333333333333,0.5652173913043479,0.9857142857142858,0.47799523661592613,0.3846153846153847,0.0
0.29166666666666663,0.34782608695652173,0.9833333333333332,0.5432328880604742,0.576923076923077,0.0
0.7916666666666666,0.6086956521739131,0.9859154929577464,0.30102516309412863,0.7692307692307693,0.0
0.25,0.3913043478260869,1.0,0.517137827482655,0.5000000000000001,0.0
0.41666666666666663,0.5217391304347826,0.981132075471698,0.28859894377135753,0.6923076923076924,0.0
0.7916666666666666,0.6086956521739131,0.981132075471698,0.24552138345241792,0.2307692307692308,0.0
0.4583333333333333,0.17391304347826086,1.0,0.46277311794553166,0.0,0.3157894736842105
0.6666666666666666,0.782608695652174,0.9859154929577464,0.21507714611162876,0.6153846153846154,0.0
0.5416666666666666,0.17391304347826086,1.0,0.40985813399606497,0.46153846153846156,0.0
0.6666666666666666,0.6521739130434783,0.8620689655172413,0.3404784094439266,0.6153846153846154,0.0
0.16666666666666666,0.0,1.0,0.6832349590970279,0.0,0.5263157894736842
0.7083333333333333,0.4782608695652174,1.0,0.23889406648027334,0.5384615384615385,0.0
0.6666666666666666,0.6521739130434783,0.8867924528301887,0.2154913534223879,0.6153846153846154,0.0
0.8333333333333333,0.6521739130434783,0.9420289855072465,0.25049187118152616,0.7307692307692308,0.0
0.3333333333333333,0.13043478260869565,1.0,0.5478927203065134,0.038461538461538464,0.10526315789473684
0.7083333333333333,0.7391304347826086,0.8448275862068966,0.6478202340271306,0.6538461538461539,0.0
0.4583333333333333,0.4347826086956522,1.0,0.3898726312519416,0.46153846153846156,0.0
0.041666666666666664,0.0,1.0,0.19364191777984874,0.0,0.15789473684210525
0.041666666666666664,0.08695652173913043,1.0,0.6555866211038626,0.11538461538461539,0.0
0.41666666666666663,0.17391304347826086,1.0,0.6520658589624109,0.3076923076923077,0.0
0.25,0.26086956521739135,1.0,0.7531324427876152,0.038461538461538464,0.10526315789473684
0.5833333333333333,0.5217391304347826,0.9821428571428572,0.6951434192813504,0.576923076923077,0.0
0.25,0.26086956521739135,1.0,0.5339132235683959,0.3846153846153847,0.0
0.6666666666666666,0.5217391304347826,0.9824561403508772,0.5492388940664803,0.6153846153846154,0.0
0.041666666666666664,0.08695652173913043,1.0,0.31510821165993574,0.15384615384615385,0.0
0.125,0.6956521739130435,0.3698630136986301,0.7419488453971212,0.5384615384615385,0.0
0.20833333333333331,0.17391304347826086,1.0,0.5500673086879984,0.07692307692307693,0.10526315789473684
0.5833333333333333,0.4782608695652174,1.0,0.40188464326395357,0.5384615384615385,0.0
0.8333333333333333,0.6521739130434783,0.9615384615384616,0.41368955162058607,0.8461538461538463,0.0
0.125,0.08695652173913043,1.0,0.37289013151082107,0.07692307692307693,0.05263157894736842
0.4583333333333333,0.4347826086956522,0.981132075471698,0.15739877808843317,0.6923076923076924,0.0
0.6666666666666666,0.4782608695652174,1.0,0.7243450346898623,0.6153846153846154,0.0
0.20833333333333331,0.043478260869565216,1.0,0.4855545200372786,0.07692307692307693,0.05263157894736842
0.041666666666666664,0.0,1.0,0.23775499637568598,0.0,0.21052631578947367
0.5416666666666666,0.5217391304347826,1.0,0.3359221290255773,0.6923076923076924,0.0
0.9166666666666666,0.782608695652174,0.1428571428571428,0.31127679403541475,0.7307692307692308,0.0
0.20833333333333331,0.8260869565217391,0.0140845070422535,0.6165475820648236,0.038461538461538464,0.10526315789473684
0.7916666666666666,0.5217391304347826,1.0,0.3096199647923785,0.34615384615384615,0.0
0.25,0.0,1.0,0.680335507921715,0.0,0.3684210526315789
0.041666666666666664,0.21739130434782608,1.0,0.3941182561872216,0.3076923076923077,0.0
0.7083333333333333,0.6521739130434783,0.9714285714285714,0.7089158123640882,0.42307692307692313,0.0
0.8333333333333333,0.7391304347826086,0.28,0.2007869938904422,0.7692307692307693,0.0
0.5833333333333333,0.6521739130434783,0.9818181818181818,0.40188464326395357,0.6538461538461539,0.0
0.8333333333333333,0.9565217391304348,0.3846153846153846,0.444133788961375,0.8076923076923078,0.0
0.6666666666666666,0.6956521739130435,0.7741935483870968,0.3595319457388422,0.7307692307692308,0.0
0.6666666666666666,0.7391304347826086,0.8867924528301887,0.6298022160091126,0.5384615384615385,0.0
0.5833333333333333,0.8260869565217391,0.2465753424657534,0.6189292741016879,0.3846153846153847,0.0
0.5833333333333333,0.5652173913043479,0.9857142857142858,0.5934555244900073,0.6153846153846154,0.0
1.0,0.8695652173913043,0.9433962264150944,0.2876669773221495,0.5000000000000001,0.0
0.5833333333333333,0.30434782608695654,1.0,0.654965310137724,0.0,0.3157894736842105
0.5416666666666666,0.3913043478260869,1.0,0.20927824376100224,0.3076923076923077,0.0
0.125,0.9565217391304348,0.2857142857142857,0.7100548824686754,0.15384615384615385,0.10526315789473684
0.41666666666666663,0.4782608695652174,0.9857142857142858,0.3430672051361705,0.6923076923076924,0.0
1.0,0.6956521739130435,0.9830508474576272,0.9124987056021538,0.9230769230769231,0.0
0.6666666666666666,0.4782608695652174,0.9838709677419356,0.40923682302992637,0.6923076923076924,0.0
0.41666666666666663,0.3913043478260869,1.0,0.16433675054364694,0.3076923076923077,0.0
0.5833333333333333,0.5217391304347826,1.0,0.5823754789272031,0.3846153846153847,0.0
0.6666666666666666,0.5217391304347826,0.9857142857142858,0.21704463083773418,0.42307692307692313,0.0
0.041666666666666664,0.0,1.0,0.23402713057885471,0.0,0.05263157894736842
0.16666666666666666,0.08695652173913043,1.0,0.3475199337268302,0.038461538461538464,0.0
0.25,0.21739130434782608,1.0,0.3757895826861344,0.038461538461538464,0.2631578947368421
0.125,0.13043478260869565,0.9833333333333332,0.4261157709433572,0.07692307692307693,0.10526315789473684
0.08333333333333333,0.043478260869565216,1.0,0.49901625763694724,0.11538461538461539,0.10526315789473684
0.7083333333333333,0.5652173913043479,1.0,0.32794863829346577,0.3846153846153847,0.0
0.7083333333333333,0.7391304347826086,0.8701298701298701,0.7065341203272237,0.6538461538461539,0.0
0.4583333333333333,0.4782608695652174,1.0,0.48534741638189893,0.7307692307692308,0.0
0.6666666666666666,0.4347826086956522,1.0,0.20420420420420415,0.5000000000000001,0.0
0.041666666666666664,0.0,1.0,0.39266853059956497,0.11538461538461539,0.05263157894736842
0.4583333333333333,0.4347826086956522,0.9824561403508772,0.5206585896241069,0.5000000000000001,0.0
0.041666666666666664,0.34782608695652173,1.0,0.4794449622035828,0.11538461538461539,0.05263157894736842
0.41666666666666663,0.5652173913043479,0.8666666666666667,0.5067826447136792,0.2692307692307693,0.0
0.41666666666666663,0.8260869565217391,0.1944444444444444,0.19664492078285167,0.6923076923076924,0.0
0.041666666666666664,0.0,1.0,0.4695039867453661,0.038461538461538464,0.05263157894736842
0.5,0.34782608695652173,1.0,0.13244278761520145,0.5000000000000001,0.0
0.125,0.13043478260869565,1.0,0.6331158744951848,0.19230769230769232,0.0
0.375,0.34782608695652173,0.9871794871794872,0.4055089572330952,0.5384615384615385,0.0
0.20833333333333331,0.08695652173913043,1.0,0.3694729211970589,0.2692307692307693,0.0
0.6666666666666666,0.5652173913043479,0.9464285714285714,0.20254737496116804,0.576923076923077,0.0
0.25,0.26086956521739135,1.0,0.46815781298539916,0.46153846153846156,0.0
0.0,0.9565217391304348,0.0,0.8929274101687894,0.8461538461538463,0.0
0.3333333333333333,0.26086956521739135,1.0,0.31572952262607434,0.2692307692307693,0.0
0.41666666666666663,0.3913043478260869,1.0,0.6766076421248834,0.34615384615384615,0.0
0.375,0.6086956521739131,1.0,0.2648855752304027,0.19230769230769232,0.0
0.7083333333333333,0.26086956521739135,0.981132075471698,0.23133478305892086,0.42307692307692313,0.0
0.9166666666666666,0.6086956521739131,0.9818181818181818,0.332194263228746,0.8076923076923078,0.0
0.5833333333333333,0.6521739130434783,0.9818181818181818,0.36098167132649883,0.6153846153846154,0.0
0.375,0.3913043478260869,0.9857142857142858,0.37692865279072163,0.34615384615384615,0.0
0.29166666666666663,0.08695652173913043,1.0,0.4766490628559594,0.3076923076923077,0.0
0.5833333333333333,0.4782608695652174,0.9859154929577464,0.21248835041938485,0.5384615384615385,0.0
0.41666666666666663,0.34782608695652173,1.0,0.4545925235580408,0.2692307692307693,0.0
0.625,0.4347826086956522,1.0,0.4105829967898933,0.576923076923077,0.0
0.8333333333333333,0.6521739130434783,0.0847457627118644,0.3966035000517758,0.6538461538461539,0.0
0.16666666666666666,0.13043478260869565,1.0,0.8131925028476752,0.11538461538461539,0.0
0.20833333333333331,0.6956521739130435,1.0,0.46329087708398053,0.42307692307692313,0.0
0.041666666666666664,0.043478260869565216,1.0,0.24562493528010765,0.038461538461538464,0.05263157894736842
0.29166666666666663,0.782608695652174,0.0,0.7063270166718443,0.34615384615384615,0.0
0.20833333333333331,0.0,1.0,0.48379413896655277,0.0,0.10526315789473684
0.3333333333333333,0.26086956521739135,1.0,0.9224396810603708,0.3076923076923077,0.0
0.25,0.21739130434782608,1.0,0.6381899140519829,0.15384615384615385,0.0
0.875,0.8260869565217391,0.4927536231884058,0.21383452417935167,0.6538461538461539,0.0
0.9166666666666666,0.6086956521739131,0.9661016949152542,0.40747644195920074,0.8076923076923078,0.0
0.625,0.08695652173913043,1.0,0.18597908253080664,0.3076923076923077,0.0
0.29166666666666663,0.30434782608695654,1.0,0.3346795070933002,0.2307692307692308,0.0
0.3333333333333333,0.08695652173913043,1.0,0.3098270684477581,0.3076923076923077,0.0
0.29166666666666663,0.30434782608695654,1.0,0.09464637050843938,0.576923076923077,0.0
0.7916666666666666,0.6521739130434783,0.943661971830986,0.24044734389561973,0.7307692307692308,0.0
0.7083333333333333,0.5652173913043479,0.9824561403508772,0.5009837423630528,0.5000000000000001,0.0
0.4583333333333333,0.3913043478260869,0.9859154929577464,0.13896655275965608,0.5000000000000001,0.0
0.20833333333333331,1.0,0.3272727272727272,0.2977115046080564,0.2692307692307693,0.0
0.7083333333333333,0.4782608695652174,0.981132075471698,0.22750336543440008,0.5384615384615385,0.0
0.125,0.043478260869565216,1.0,0.3030961996479239,0.0,0.10526315789473684
0.375,0.17391304347826086,1.0,0.5657036346691517,0.2307692307692308,0.05263157894736842
0.16666666666666666,0.08695652173913043,1.0,0.3997100548824686,0.11538461538461539,0.05263157894736842
0.4583333333333333,0.34782608695652173,1.0,0.32308170239204714,0.3076923076923077,0.0
0.08333333333333333,0.043478260869565216,1.0,0.318836077456767,0.038461538461538464,0.10526315789473684
0.20833333333333331,0.34782608695652173,1.0,0.3911152531842188,0.2307692307692308,0.0
0.6666666666666666,0.6956521739130435,0.9859154929577464,0.29211970591280934,0.5000000000000001,0.0
0.375,0.21739130434782608,1.0,0.5874495184840014,0.2692307692307693,0.0
0.75,0.6956521739130435,0.9824561403508772,0.4045769907838872,0.6923076923076924,0.0
0.8333333333333333,0.5652173913043479,0.3225806451612903,0.32411722066894477,0.7692307692307693,0.0
0.7916666666666666,0.6956521739130435,1.0,0.2228435331883607,0.7307692307692308,0.0
0.625,0.782608695652174,0.7727272727272727,0.6100238169203687,0.34615384615384615,0.0
0.7083333333333333,0.6086956521739131,0.9824561403508772,0.712022367194781,0.6538461538461539,0.0
0.4583333333333333,0.6956521739130435,0.984375,0.1737599668634151,0.42307692307692313,0.0
0.3333333333333333,0.4347826086956522,0.9859154929577464,0.26343584964274624,0.5000000000000001,0.0
0.5416666666666666,0.6086956521739131,0.4736842105263157,0.40561250906078494,0.7692307692307693,0.0
0.5416666666666666,0.5652173913043479,1.0,0.07372890131510812,0.5000000000000001,0.0
0.6666666666666666,0.782608695652174,0.2112676056338028,0.3783783783783783,0.6538461538461539,0.0
0.41666666666666663,0.30434782608695654,1.0,0.46349798073936,0.0,0.3157894736842105
0.25,0.6086956521739131,0.7647058823529411,0.37661799730765244,0.2307692307692308,0.0
0.3333333333333333,0.21739130434782608,1.0,0.5852749301025162,0.34615384615384615,0.0
0.7916666666666666,0.6521739130434783,0.9824561403508772,0.7110904007455732,0.42307692307692313,0.0
0.375,0.26086956521739135,1.0,0.5049187118152636,0.5000000000000001,0.0
0.125,0.08695652173913043,1.0,0.6988712850781815,0.0,0.5789473684210527
0.41666666666666663,0.30434782608695654,1.0,0.46743295019157083,0.3846153846153847,0.0
0.7083333333333333,0.4782608695652174,0.981132075471698,0.3325049187118153,0.5384615384615385,0.0
0.5416666666666666,0.8260869565217391,0.0,0.5863104483794139,0.7692307692307693,0.0
0.41666666666666663,0.8260869565217391,0.1857142857142857,0.27896862379621,0.2692307692307693,0.0
0.125,0.21739130434782608,1.0,0.28932380656518586,0.19230769230769232,0.0
0.20833333333333331,0.6521739130434783,0.9821428571428572,0.9992751372061717,0.5384615384615385,0.0
0.875,0.4782608695652174,0.9649122807017544,0.44330537433985695,0.7307692307692308,0.0
0.7916666666666666,0.6956521739130435,0.9056603773584906,0.08315211763487618,0.576923076923077,0.0
0.08333333333333333,0.043478260869565216,1.0,0.508543025784405,0.038461538461538464,0.10526315789473684
0.5,0.3913043478260869,0.974025974025974,0.7464015739877807,0.5384615384615385,0.0
0.625,0.5652173913043479,1.0,0.37433985709847795,0.46153846153846156,0.0
0.0,0.3913043478260869,1.0,0.229574401988195,0.6153846153846154,0.0
0.29166666666666663,0.17391304347826086,1.0,0.6352904628766698,0.3076923076923077,0.0
0.20833333333333331,0.17391304347826086,1.0,0.4924924924924925,0.15384615384615385,0.0
0.3333333333333333,0.26086956521739135,1.0,0.3966035000517758,0.42307692307692313,0.0
0.08333333333333333,0.17391304347826086,1.0,0.5960443201822512,0.038461538461538464,0.05263157894736842
0.041666666666666664,0.0,1.0,0.612923268095682,0.0,0.5263157894736842
0.20833333333333331,0.8260869565217391,0.0,0.18380449414932165,0.3846153846153847,0.0
0.125,0.08695652173913043,1.0,0.4122398260329294,0.19230769230769232,0.10526315789473684
0.875,0.7391304347826086,0.9836065573770492,0.252770011390701,0.6923076923076924,0.0
0.875,0.8260869565217391,0.9285714285714286,0.5116495806150978,0.7307692307692308,0.0
0.7916666666666666,0.3913043478260869,0.9452054794520548,0.5338096717407061,0.7692307692307693,0.0
0.125,0.08695652173913043,1.0,0.382831106969038,0.07692307692307693,0.0
0.5416666666666666,0.8260869565217391,0.3269230769230769,0.4832763798281039,0.34615384615384615,0.0
0.29166666666666663,0.5217391304347826,0.9827586206896552,0.49549549549549554,0.46153846153846156,0.0
0.625,0.3913043478260869,0.9859154929577464,0.5004659832246039,0.5000000000000001,0.0
0.7083333333333333,0.782608695652174,0.3428571428571428,0.41431086258672467,0.7307692307692308,0.0
0.5416666666666666,0.4782608695652174,0.9857142857142858,0.6467847157502331,0.2307692307692308,0.0
0.5416666666666666,0.3913043478260869,0.9850746268656716,0.3185254219736978,0.5000000000000001,0.0
0.6666666666666666,0.8695652173913043,0.4107142857142857,0.14176245210727967,0.7307692307692308,0.0
0.375,0.782608695652174,0.0,0.4335715025370197,0.2307692307692308,0.0
0.20833333333333331,0.21739130434782608,1.0,0.5573159366262814,0.038461538461538464,0.10526315789473684
0.5833333333333333,0.4347826086956522,0.9838709677419356,0.6985606295951123,0.34615384615384615,0.0
0.4583333333333333,0.5217391304347826,0.9848484848484848,0.25991508750129433,0.7307692307692308,0.0
0.625,0.9130434782608696,0.0,0.4446515480998239,0.8076923076923078,0.0
0.5416666666666666,0.08695652173913043,1.0,0.5352593973283628,0.11538461538461539,0.10526315789473684
0.7083333333333333,0.30434782608695654,1.0,0.3394428911670292,0.2692307692307693,0.05263157894736842
0.375,0.30434782608695654,0.9827586206896552,0.5394014704359531,0.2692307692307693,0.0
0.7083333333333333,0.5217391304347826,0.6615384615384615,0.485865175520348,0.2692307692307693,0.05263157894736842
0.125,0.08695652173913043,1.0,0.45117531324427884,0.19230769230769232,0.0
0.5416666666666666,0.30434782608695654,0.9859154929577464,0.7363570467018743,0.2692307692307693,0.0
0.5833333333333333,0.5652173913043479,1.0,0.8363881122501813,0.3076923076923077,0.0
0.375,0.30434782608695654,1.0,0.33840737289013156,0.46153846153846156,0.0
0.9166666666666666,0.6956521739130435,0.9772727272727272,0.24666045355700528,0.6538461538461539,0.0
0.4583333333333333,0.21739130434782608,1.0,0.3818991405198302,0.34615384615384615,0.0
0.75,0.7391304347826086,0.4788732394366197,0.24779952366159252,0.9230769230769231,0.0
0.16666666666666666,0.13043478260869565,1.0,0.7357357357357357,0.038461538461538464,0.0
0.08333333333333333,0.0,1.0,0.5328777052914984,0.0,0.2631578947368421
0.875,0.4782608695652174,0.9722222222222222,0.2049290669980326,0.7692307692307693,0.0
0.08333333333333333,0.08695652173913043,1.0,0.3631562597079838,0.0,0.3684210526315789
0.5416666666666666,0.5652173913043479,0.9857142857142858,0.4113078595837216,0.6153846153846154,0.0
0.0,0.6956521739130435,0.9615384615384616,0.6578647613130373,0.6923076923076924,0.0
0.9166666666666666,0.4782608695652174,0.9859154929577464,0.3921507714611163,0.3846153846153847,0.0
0.16666666666666666,0.043478260869565216,1.0,0.40374857616236914,0.5000000000000001,0.0
1.0,0.782608695652174,0.9423076923076924,0.17282800041420732,0.9615384615384616,0.0
0.29166666666666663,0.4782608695652174,1.0,0.2875634254944599,0.2307692307692308,0.0
0.08333333333333333,0.043478260869565216,1.0,0.1326498912705809,0.15384615384615385,0.05263157894736842
0.375,0.26086956521739135,0.971830985915493,0.13534223879051466,0.5384615384615385,0.0
0.4583333333333333,0.4782608695652174,0.9836065573770492,0.11566739152946048,0.6538461538461539,0.0
0.7916666666666666,0.9130434782608696,0.0,0.47799523661592613,0.7307692307692308,0.0
0.75,0.5652173913043479,0.9821428571428572,0.2741016878947913,0.8076923076923078,0.0
0.3333333333333333,0.8260869565217391,0.6567164179104478,0.10510510510510507,0.5384615384615385,0.0
0.08333333333333333,0.043478260869565216,1.0,0.3573573573573574,0.0,0.3684210526315789
0.16666666666666666,0.043478260869565216,1.0,0.3902868385627003,0.11538461538461539,0.05263157894736842
0.875,0.5217391304347826,0.9818181818181818,0.43719581650616135,0.7307692307692308,0.0
0.7916666666666666,0.5652173913043479,1.0,0.23392357875116498,0.7307692307692308,0.0
0.41666666666666663,0.34782608695652173,1.0,0.9320700010355183,0.07692307692307693,0.0
0.6666666666666666,0.782608695652174,0.0,0.19623071347209264,0.7307692307692308,0.0
0.5833333333333333,0.5652173913043479,1.0,0.6403645024334679,0.6153846153846154,0.0
0.375,0.21739130434782608,0.9850746268656716,0.4696075385730558,0.42307692307692313,0.0
0.4583333333333333,0.21739130434782608,1.0,0.2656104380242311,0.46153846153846156,0.0
0.75,0.6956521739130435,0.9714285714285714,0.12519415967691816,0.42307692307692313,0.0
0.125,0.8695652173913043,0.1886792452830188,0.33737185461323393,0.11538461538461539,0.15789473684210525
0.6666666666666666,0.08695652173913043,1.0,0.7060163611887751,0.34615384615384615,0.0
0.5833333333333333,0.4347826086956522,1.0,0.6074350212281245,0.6538461538461539,0.0
0.4583333333333333,0.6086956521739131,0.9824561403508772,0.23309516412964693,0.5384615384615385,0.0
0.7083333333333333,0.6086956521739131,0.9821428571428572,0.11597804701252956,0.5384615384615385,0.0
0.5,0.4782608695652174,1.0,0.2837320078699389,0.3846153846153847,0.0
0.8333333333333333,0.4347826086956522,1.0,0.23537330433882153,0.6923076923076924,0.0
0.3333333333333333,0.08695652173913043,1.0,0.44071657864761304,0.11538461538461539,0.0
0.75,0.4782608695652174,0.981132075471698,0.3503158330744536,0.6153846153846154,0.0
0.41666666666666663,0.3913043478260869,0.9848484848484848,0.3507300403852127,0.19230769230769232,0.0
0.125,0.08695652173913043,1.0,0.23837630734182458,0.038461538461538464,0.05263157894736842
0.125,0.17391304347826086,1.0,0.6477166821994407,0.15384615384615385,0.0
0.5833333333333333,0.6521739130434783,0.98,0.651858755307031,0.576923076923077,0.0
0.16666666666666666,0.26086956521739135,1.0,0.35911773842808326,0.11538461538461539,0.0
0.08333333333333333,0.08695652173913043,1.0,0.7078802940871907,0.11538461538461539,0.10526315789473684
0.125,0.0,1.0,0.5585585585585586,0.15384615384615385,0.05263157894736842
0.7083333333333333,0.4782608695652174,0.9821428571428572,0.3263953608781194,0.7692307692307693,0.0
0.29166666666666663,0.26086956521739135,1.0,0.29760795278036645,0.3846153846153847,0.0
0.8333333333333333,0.7391304347826086,0.981132075471698,0.9139484311898105,0.9230769230769231,0.0
0.5416666666666666,0.30434782608695654,1.0,0.6121984053018534,0.038461538461538464,0.10526315789473684
0.9583333333333333,0.4347826086956522,1.0,0.36802319560940244,0.2307692307692308,0.05263157894736842
0.75,0.8260869565217391,0.8169014084507042,0.23899761830796284,0.7307692307692308,0.0
0.41666666666666663,0.21739130434782608,1.0,0.3239101170135653,0.34615384615384615,0.0
0.6666666666666666,0.6521739130434783,1.0,0.32090711401056227,0.7307692307692308,0.0
0.375,0.13043478260869565,1.0,0.2998860929895413,0.2307692307692308,0.0
0.4583333333333333,0.34782608695652173,1.0,0.5136170653412031,0.3846153846153847,0.0
0.8333333333333333,0.6956521739130435,0.9661016949152542,0.3277415346380863,0.8461538461538463,0.0
0.25,0.08695652173913043,1.0,0.4421663042352697,0.07692307692307693,0.0
0.5,0.4782608695652174,0.9855072463768116,0.5542093817955889,0.46153846153846156,0.0
0.20833333333333331,0.08695652173913043,1.0,0.28683856270063157,0.19230769230769232,0.0
0.20833333333333331,0.7391304347826086,0.9833333333333332,0.2668530599565082,0.3846153846153847,0.0
0.041666666666666664,0.0,1.0,0.6716371543957751,0.0,0.10526315789473684
0.7916666666666666,0.7391304347826086,0.1194029850746268,0.31386558972765866,0.7307692307692308,0.0
0.375,0.5217391304347826,0.8846153846153846,0.6819923371647512,0.5000000000000001,0.0
0.08333333333333333,0.043478260869565216,1.0,0.21859790825308056,0.11538461538461539,0.10526315789473684
0.375,0.26086956521739135,1.0,0.32856994925960437,0.2307692307692308,0.0
0.16666666666666666,0.13043478260869565,1.0,0.3168685927306617,0.11538461538461539,0.15789473684210525
0.5,0.782608695652174,0.0,0.4208346277311794,0.6538461538461539,0.0
0.29166666666666663,0.26086956521739135,1.0,0.8293465879672777,0.2692307692307693,0.0
0.20833333333333331,0.08695652173913043,1.0,0.5437506471989231,0.15384615384615385,0.0
0.5833333333333333,0.5217391304347826,0.9848484848484848,0.21973697835766792,0.5384615384615385,0.0
0.75,0.4347826086956522,1.0,0.605571088329709,0.3076923076923077,0.0
0.6666666666666666,0.7391304347826086,1.0,0.7370819094957026,0.3846153846153847,0.0
0.5416666666666666,0.08695652173913043,1.0,0.6232784508646578,0.11538461538461539,0.05263157894736842
0.125,0.13043478260869565,1.0,0.4689862276069172,0.11538461538461539,0.0
0.5416666666666666,0.3913043478260869,1.0,0.4915605260432847,0.42307692307692313,0.0
0.375,0.26086956521739135,1.0,0.357978668323496,0.2307692307692308,0.0
0.16666666666666666,0.3913043478260869,0.9859154929577464,0.2929481205343274,0.19230769230769232,0.0
0.625,0.4782608695652174,0.9859154929577464,0.1398985192088641,0.2692307692307693,0.0
0.125,0.043478260869565216,1.0,0.2358910634772704,0.2692307692307693,0.0
0.5416666666666666,0.5217391304347826,0.9807692307692308,0.5305995650823236,0.6153846153846154,0.0
0.8333333333333333,0.6956521739130435,0.6428571428571429,0.5669462566014289,0.6153846153846154,0.0
0.4583333333333333,0.8695652173913043,0.1818181818181818,0.3843843843843844,0.19230769230769232,0.0
0.6666666666666666,0.6521739130434783,0.9666666666666668,0.47002174588381473,0.7307692307692308,0.0
0.08333333333333333,0.043478260869565216,1.0,0.7713575644610127,0.15384615384615385,0.0
0.16666666666666666,0.13043478260869565,1.0,0.4998446722584653,0.3076923076923077,0.0
0.041666666666666664,0.043478260869565216,1.0,0.7624521072796935,0.11538461538461539,0.0
0.16666666666666666,0.08695652173913043,1.0,0.25753339546442977,0.11538461538461539,0.0
0.625,0.21739130434782608,1.0,0.17955886921404163,0.42307692307692313,0.0
0.4583333333333333,0.8260869565217391,0.5942028985507246,0.39639639639639634,0.3076923076923077,0.0
0.25,0.3913043478260869,1.0,0.7267267267267268,0.07692307692307693,0.05263157894736842
0.20833333333333331,0.21739130434782608,1.0,0.6477166821994407,0.2307692307692308,0.0
0.125,0.043478260869565216,1.0,0.47768458113285694,0.15384615384615385,0.0
0.5833333333333333,0.34782608695652173,1.0,0.20120120120120122,0.19230769230769232,0.0
0.4583333333333333,0.4347826086956522,1.0,0.16806461634047842,0.3846153846153847,0.0
0.75,0.6956521739130435,0.423728813559322,0.34317075696386024,0.6923076923076924,0.0
0.16666666666666666,0.26086956521739135,1.0,0.27213420316868564,0.3076923076923077,0.0
0.3333333333333333,0.6086956521739131,0.935483870967742,0.3134513824168996,0.3076923076923077,0.0
0.41666666666666663,0.13043478260869565,1.0,0.7694936315625971,0.038461538461538464,0.3684210526315789
0.08333333333333333,0.0,1.0,0.5802008905457183,0.15384615384615385,0.05263157894736842
0.25,0.13043478260869565,1.0,0.29377653515584545,0.19230769230769232,0.0
0.7083333333333333,0.5217391304347826,0.9859154929577464,0.6389147768458114,0.6153846153846154,0.0
0.7083333333333333,0.6521739130434783,0.9615384615384616,0.19208864036450224,0.5384615384615385,0.0
0.29166666666666663,0.34782608695652173,1.0,0.3149011080045563,0.2692307692307693,0.0
1.0,0.8260869565217391,0.9344262295081968,0.5174484829657244,0.8461538461538463,0.0
0.29166666666666663,0.26086956521739135,0.9821428571428572,0.4663974319146733,0.3846153846153847,0.0
0.20833333333333331,0.08695652173913043,1.0,0.6288702495599048,0.0,0.21052631578947367
0.125,0.17391304347826086,1.0,0.3248420834627731,0.15384615384615385,0.0
0.5,0.30434782608695654,0.9863013698630136,0.42570156363259826,0.3846153846153847,0.0
0.375,0.13043478260869565,1.0,0.15574194884539694,0.3846153846153847,0.0
0.20833333333333331,0.9565217391304348,0.0,0.31106969038003507,0.038461538461538464,0.15789473684210525
0.125,0.8260869565217391,0.1320754716981132,0.4277726001863933,0.11538461538461539,0.05263157894736842
0.75,0.4782608695652174,1.0,0.2352697525111318,0.5384615384615385,0.0
0.4583333333333333,0.782608695652174,0.1764705882352941,0.21600911256083666,0.576923076923077,0.0
0.29166666666666663,0.7391304347826086,0.0,0.42218080149114634,0.576923076923077,0.0
0.4583333333333333,0.3913043478260869,1.0,0.30527078802940866,0.34615384615384615,0.0
0.08333333333333333,0.0,1.0,0.6825100963031998,0.0,0.47368421052631576
0.625,0.21739130434782608,1.0,0.28031479755617683,0.07692307692307693,0.15789473684210525
0.5833333333333333,0.6956521739130435,1.0,0.663560111835974,0.19230769230769232,0.0
0.25,0.34782608695652173,0.9836065573770492,0.4903179041110075,0.19230769230769232,0.0
0.041666666666666664,0.34782608695652173,1.0,0.6466811639225432,0.0,0.3684210526315789
0.3333333333333333,0.6086956521739131,0.981132075471698,0.17251734493113802,0.2692307692307693,0.0
0.9166666666666666,0.8260869565217391,0.9821428571428572,0.23827275551413485,0.7307692307692308,0.0
0.3333333333333333,0.21739130434782608,1.0,0.31189810500155324,0.2692307692307693,0.0
0.16666666666666666,0.8260869565217391,0.7183098591549296,0.48286217251734476,0.038461538461538464,0.21052631578947367
0.5416666666666666,0.34782608695652173,1.0,0.9478098788443616,0.34615384615384615,0.0
0.5416666666666666,0.3913043478260869,1.0,0.42218080149114634,0.46153846153846156,0.0
0.041666666666666664,0.0,1.0,0.29760795278036645,0.0,0.2631578947368421
0.041666666666666664,0.043478260869565216,1.0,0.16599357978668328,0.07692307692307693,0.10526315789473684
0.3333333333333333,0.5217391304347826,0.9803921568627452,0.17520969245107176,0.5384615384615385,0.0
0.7916666666666666,0.6956521739130435,0.2666666666666666,0.6815781298539918,0.6923076923076924,0.0
0.375,0.8695652173913043,0.3661971830985915,0.4367816091954022,0.07692307692307693,0.0
0.5833333333333333,0.3913043478260869,1.0,0.2673708190949571,0.46153846153846156,0.0
0.5,0.5217391304347826,0.9818181818181818,0.367816091954023,0.3076923076923077,0.0
0.125,0.08695652173913043,1.0,0.4762348555452003,0.15384615384615385,0.0
0.75,0.3913043478260869,0.9830508474576272,0.3786890338614475,0.576923076923077,0.0
0.08333333333333333,0.13043478260869565,1.0,0.5728487107797453,0.19230769230769232,0.05263157894736842
0.25,0.4347826086956522,0.9857142857142858,0.24779952366159252,0.0,0.3157894736842105
0.875,0.7391304347826086,0.9772727272727272,0.9103241172206689,0.8846153846153847,0.0
0.625,0.6086956521739131,1.0,0.402091746919333,0.8076923076923078,0.0
0.20833333333333331,0.3913043478260869,1.0,0.3589106347727038,0.19230769230769232,0.05263157894736842
0.5,0.3913043478260869,0.9846153846153848,0.6625245935590762,0.5384615384615385,0.0
0.7916666666666666,0.5217391304347826,0.971830985915493,0.21621621621621612,0.7307692307692308,0.0
0.20833333333333331,0.13043478260869565,1.0,0.646266956611784,0.0,0.21052631578947367
0.625,0.6521739130434783,0.6901408450704225,0.6340478409443926,0.576923076923077,0.0
0.125,0.0,1.0,0.5752304028166095,0.0,0.42105263157894735
0.08333333333333333,0.043478260869565216,1.0,0.48928238583411,0.038461538461538464,0.21052631578947367
0.375,0.7391304347826086,0.7192982456140351,0.34068551309930606,0.6538461538461539,0.0
0.6666666666666666,0.6521739130434783,0.9871794871794872,0.13534223879051466,0.5000000000000001,0.0
0.125,0.21739130434782608,1.0,0.1326498912705809,0.2692307692307693,0.0
0.25,0.17391304347826086,1.0,0.736460598529564,0.038461538461538464,0.0
0.125,0.8695652173913043,0.0172413793103448,0.32018225121673394,0.7692307692307693,0.0
0.041666666666666664,0.0,1.0,0.5578336957647303,0.0,0.10526315789473684
0.8333333333333333,0.6521739130434783,0.971830985915493,0.25846536191363767,0.9615384615384616,0.0
0.3333333333333333,0.26086956521739135,1.0,0.3631562597079838,0.42307692307692313,0.0
0.7083333333333333,0.5217391304347826,0.9850746268656716,0.7161644403023713,0.5000000000000001,0.0
0.7083333333333333,0.7391304347826086,0.9402985074626866,0.24127575851713778,0.8846153846153847,0.0
0.5833333333333333,0.6521739130434783,0.8363636363636363,0.3907010458734599,0.3846153846153847,0.0
0.08333333333333333,0.043478260869565216,1.0,0.4637050843947397,0.038461538461538464,0.0
0.16666666666666666,0.782608695652174,0.7571428571428571,0.29812571191881543,0.19230769230769232,0.0
0.4583333333333333,0.4782608695652174,0.9833333333333332,0.6715336025680854,0.3846153846153847,0.0
0.41666666666666663,0.6956521739130435,0.7441860465116279,0.13316765040902967,0.576923076923077,0.0
0.7916666666666666,0.8260869565217391,0.9545454545454546,0.4041627834731283,0.9230769230769231,0.0
0.5,0.4782608695652174,1.0,0.3340581961271615,0.46153846153846156,0.0
0.3333333333333333,0.8260869565217391,0.320754716981132,0.17955886921404163,0.576923076923077,0.0
0.125,0.043478260869565216,1.0,0.3908045977011494,0.07692307692307693,0.05263157894736842
0.29166666666666663,0.6956521739130435,0.9464285714285714,0.5946981464222845,0.46153846153846156,0.0
0.4583333333333333,0.4782608695652174,0.9859154929577464,0.31572952262607434,0.3076923076923077,0.0
0.16666666666666666,0.08695652173913043,1.0,0.402091746919333,0.15384615384615385,0.05263157894736842
0.3333333333333333,0.34782608695652173,0.9857142857142858,0.3395464429947188,0.2307692307692308,0.0
0.041666666666666664,0.08695652173913043,1.0,0.5212799005902455,0.038461538461538464,0.0
0.16666666666666666,0.6521739130434783,0.6285714285714286,0.355804079942011,0.3076923076923077,0.0
0.041666666666666664,0.6521739130434783,0.8,0.3504193849021433,0.07692307692307693,0.0
0.3333333333333333,0.043478260869565216,1.0,0.5153774464119292,0.15384615384615385,0.0
0.4583333333333333,0.13043478260869565,1.0,0.4555244900072486,0.19230769230769232,0.0
0.5833333333333333,0.5652173913043479,0.9818181818181818,0.3668841255048152,0.576923076923077,0.0
0.5416666666666666,0.4347826086956522,1.0,0.2916019467743606,0.3846153846153847,0.0
0.625,0.6521739130434783,0.9859154929577464,0.23278450864657763,0.576923076923077,0.0
0.5833333333333333,0.782608695652174,0.9193548387096774,0.5488246867557214,0.6153846153846154,0.0
0.3333333333333333,0.4347826086956522,1.0,0.08366987677332482,0.3076923076923077,0.0
0.625,0.08695652173913043,1.0,0.22460391425908655,0.07692307692307693,0.0
0.5833333333333333,0.5217391304347826,0.8636363636363636,0.46049497773635695,0.3076923076923077,0.0
0.125,0.13043478260869565,1.0,0.5265610438024231,0.34615384615384615,0.0
0.75,0.5652173913043479,0.9824561403508772,0.11214662938800868,0.42307692307692313,0.0
0.3333333333333333,0.17391304347826086,1.0,0.6298022160091126,0.3846153846153847,0.0
0.25,0.7391304347826086,0.984126984126984,0.5809257533395464,0.3846153846153847,0.0
0.4583333333333333,0.26086956521739135,1.0,0.6414000207103656,0.2307692307692308,0.0
0.7916666666666666,0.5217391304347826,0.9285714285714286,0.32049290669980324,0.6153846153846154,0.0
0.4583333333333333,0.34782608695652173,1.0,0.3392357875116496,0.5000000000000001,0.0
0.375,0.34782608695652173,1.0,0.24117220668944805,0.3846153846153847,0.0
0.20833333333333331,0.08695652173913043,1.0,0.5251113182147664,0.11538461538461539,0.0
0.25,0.21739130434782608,1.0,0.3889406648027338,0.2692307692307693,0.0
0.7916666666666666,0.6956521739130435,0.9833333333333332,0.40405923164543855,0.7692307692307693,0.0
0.41666666666666663,0.17391304347826086,1.0,0.37019778399088743,0.2307692307692308,0.05263157894736842
0.5416666666666666,0.6956521739130435,0.9818181818181818,0.22967795381588463,0.5384615384615385,0.0
0.875,0.8695652173913043,0.9714285714285714,0.22874598736667695,0.8461538461538463,0.0
0.4583333333333333,0.5217391304347826,1.0,0.14041627834731285,0.5384615384615385,0.0
0.7916666666666666,0.7391304347826086,0.98,0.6726726726726726,0.8461538461538463,0.0
0.375,0.5217391304347826,1.0,0.32877705291498405,0.46153846153846156,0.0
0.5416666666666666,0.6956521739130435,0.625,0.45003624313969137,0.5384615384615385,0.0
0.16666666666666666,0.17391304347826086,1.0,0.5658071864968417,0.15384615384615385,0.05263157894736842
0.4583333333333333,0.17391304347826086,1.0,0.6827171999585793,0.3846153846153847,0.0
0.8333333333333333,0.7391304347826086,0.9824561403508772,0.4013668841255047,0.6538461538461539,0.0
0.08333333333333333,0.13043478260869565,1.0,0.2779331055193124,0.19230769230769232,0.0
0.75,0.5652173913043479,0.9428571428571428,0.4714714714714714,0.7307692307692308,0.0
0.25,0.6956521739130435,0.8867924528301887,0.29626177902039963,0.2307692307692308,0.0
0.625,0.6521739130434783,0.8208955223880597,0.5596976286631459,0.5000000000000001,0.0
0.375,0.6521739130434783,0.9818181818181818,0.2605363984674328,0.5000000000000001,0.0
0.16666666666666666,0.13043478260869565,1.0,0.4737496116806461,0.0,0.15789473684210525
0.8333333333333333,0.9130434782608696,0.0,0.3618100859480169,0.6923076923076924,0.0
0.41666666666666663,0.6521739130434783,0.9857142857142858,0.12405508957233091,0.5000000000000001,0.0
0.8333333333333333,0.30434782608695654,1.0,0.22864243553898733,0.34615384615384615,0.0
0.125,0.17391304347826086,1.0,0.893652272962618,0.3076923076923077,0.0
0.41666666666666663,0.6956521739130435,0.1785714285714285,0.19250284767526127,0.3076923076923077,0.0
0.08333333333333333,0.0,1.0,0.35911773842808326,0.19230769230769232,0.05263157894736842
0.9583333333333333,0.34782608695652173,1.0,0.32214973594283935,0.46153846153846156,0.0
0.8333333333333333,0.7391304347826086,0.981132075471698,0.2346484415449933,0.7307692307692308,0.0
0.5,0.6521739130434783,0.8974358974358975,0.563529046287667,0.2307692307692308,0.05263157894736842
0.41666666666666663,0.30434782608695654,0.9833333333333332,0.9492596044320183,0.34615384615384615,0.0
0.625,0.6086956521739131,0.981132075471698,0.11421766594180394,0.6538461538461539,0.0
0.6666666666666666,0.3913043478260869,0.9649122807017544,0.42508025266645966,0.5384615384615385,0.0
0.6666666666666666,0.6956521739130435,0.981132075471698,0.7132649891270582,0.46153846153846156,0.0
0.20833333333333331,0.26086956521739135,1.0,0.19819819819819806,0.2307692307692308,0.0
0.4583333333333333,0.6086956521739131,0.9821428571428572,0.4088226157191672,0.46153846153846156,0.0
0.7916666666666666,0.3913043478260869,1.0,0.477373925649788,0.576923076923077,0.0
0.5,0.17391304347826086,1.0,0.4986020503261883,0.15384615384615385,0.0
0.041666666666666664,0.0,1.0,0.6919333126229679,0.07692307692307693,0.05263157894736842
0.6666666666666666,0.4782608695652174,0.9833333333333332,0.14683649166407786,0.46153846153846156,0.0
0.7083333333333333,0.5217391304347826,0.9818181818181818,0.8574091332712022,0.42307692307692313,0.0
0.625,0.4347826086956522,1.0,0.6426426426426426,0.42307692307692313,0.0
0.125,0.043478260869565216,1.0,0.16495806150978565,0.07692307692307693,0.05263157894736842
0.4583333333333333,0.4347826086956522,0.9772727272727272,0.08874391633012313,0.3846153846153847,0.0
0.25,0.08695652173913043,1.0,0.29149839494667074,0.15384615384615385,0.0
0.25,0.043478260869565216,1.0,0.6174795485140312,0.038461538461538464,0.05263157894736842
0.4583333333333333,0.30434782608695654,0.9857142857142858,0.44361602982292636,0.34615384615384615,0.0
0.7083333333333333,0.8260869565217391,0.125,0.8204411307859585,0.6153846153846154,0.0
0.9166666666666666,0.30434782608695654,0.9857142857142858,0.672983328155742,0.3846153846153847,0.0
0.3333333333333333,0.5217391304347826,1.0,0.5169307238272756,0.6923076923076924,0.0
0.9166666666666666,0.26086956521739135,1.0,0.6703945324634979,0.34615384615384615,0.0
0.75,0.6956521739130435,0.981132075471698,0.39826032929481214,0.8076923076923078,0.0
0.7916666666666666,0.3913043478260869,0.9722222222222222,0.4555244900072486,0.6153846153846154,0.0
0.16666666666666666,0.13043478260869565,1.0,0.5642539090814953,0.2307692307692308,0.0
0.4583333333333333,0.8695652173913043,0.2807017543859649,0.6500983742363053,0.7692307692307693,0.0
0.7083333333333333,0.782608695652174,0.676056338028169,0.36222429325877603,0.7307692307692308,0.0
0.8333333333333333,0.4347826086956522,1.0,0.28611369990680335,0.3846153846153847,0.0
0.7083333333333333,0.6521739130434783,0.9818181818181818,0.161333747540644,0.576923076923077,0.0
0.75,0.9130434782608696,0.0897435897435897,0.29885057471264354,0.6923076923076924,0.0
0.625,0.5217391304347826,0.9714285714285714,0.8219944082013049,0.6153846153846154,0.0
0.20833333333333331,0.13043478260869565,0.9848484848484848,0.16433675054364694,0.15384615384615385,0.0
0.16666666666666666,0.13043478260869565,1.0,0.7560318939629285,0.07692307692307693,0.10526315789473684
0.125,0.6521739130434783,0.25,0.2130061095578336,0.15384615384615385,0.0
0.20833333333333331,0.08695652173913043,1.0,0.1539815677746711,0.07692307692307693,0.0
0.375,0.21739130434782608,1.0,0.35559697628663156,0.3076923076923077,0.0
0.25,0.26086956521739135,1.0,0.27109868489178834,0.3076923076923077,0.0
0.6666666666666666,0.4347826086956522,0.981132075471698,0.11711711711711703,0.6923076923076924,0.0
0.5416666666666666,0.34782608695652173,0.9821428571428572,0.6956611784197992,0.3076923076923077,0.0
0.08333333333333333,0.26086956521739135,1.0,0.36357046701874296,0.19230769230769232,0.0
0.41666666666666663,0.4347826086956522,0.9859154929577464,0.7208242725484106,0.3846153846153847,0.0
0.7916666666666666,0.3913043478260869,0.9848484848484848,0.6743295019157087,0.576923076923077,0.0
0.9166666666666666,0.8260869565217391,0.3717948717948718,0.3174899036968002,0.6538461538461539,0.0
0.75,0.6521739130434783,0.9696969696969696,0.041110075592834194,0.6153846153846154,0.0
0.7083333333333333,0.782608695652174,0.5964912280701754,0.48244796520658584,0.5384615384615385,0.0
0.20833333333333331,0.4347826086956522,1.0,0.2751372061716889,0.19230769230769232,0.0
0.3333333333333333,0.13043478260869565,1.0,0.2604328466397431,0.11538461538461539,0.0
0.041666666666666664,0.0,1.0,0.38210624417520966,0.11538461538461539,0.10526315789473684
0.4583333333333333,0.043478260869565216,1.0,0.25587656622139376,0.42307692307692313,0.0
0.7083333333333333,0.3913043478260869,1.0,0.42518380449414916,0.6923076923076924,0.0
0.6666666666666666,0.5217391304347826,0.9824561403508772,0.421455938697318,0.6153846153846154,0.0
0.7916666666666666,0.8260869565217391,0.1785714285714285,0.6628352490421456,0.5384615384615385,0.0
0.20833333333333331,0.21739130434782608,0.9871794871794872,0.5381588485036761,0.07692307692307693,0.05263157894736842
0.8333333333333333,0.6521739130434783,0.9571428571428572,0.4187635911773844,0.8846153846153847,0.0
0.5416666666666666,0.26086956521739135,1.0,0.5852749301025162,0.34615384615384615,0.0
0.4583333333333333,0.13043478260869565,1.0,0.2869421145283214,0.46153846153846156,0.0
0.7083333333333333,0.26086956521739135,0.974025974025974,0.3624313969141555,0.46153846153846156,0.0
0.5833333333333333,0.5217391304347826,0.9433962264150944,0.7137827482655068,0.46153846153846156,0.0
0.625,0.30434782608695654,1.0,0.5373304338821581,0.34615384615384615,0.0
0.41666666666666663,0.043478260869565216,1.0,0.563529046287667,0.2307692307692308,0.05263157894736842
0.8333333333333333,0.5652173913043479,1.0,0.6932794863829346,0.576923076923077,0.0
0.29166666666666663,0.08695652173913043,1.0,0.35311173242207716,0.2307692307692308,0.0
0.16666666666666666,0.13043478260869565,1.0,0.569949259604432,0.2307692307692308,0.05263157894736842
0.25,0.0,1.0,0.6959718339028684,0.0,0.5263157894736842
0.25,0.21739130434782608,1.0,0.21663042352697515,0.19230769230769232,0.0
0.8333333333333333,0.7391304347826086,0.9577464788732394,0.18411514963239106,0.6923076923076924,0.0
0.4583333333333333,0.5652173913043479,1.0,0.2891167029098063,0.5000000000000001,0.0
0.20833333333333331,0.6956521739130435,0.9622641509433962,0.6418142280211245,0.19230769230769232,0.0
0.5,0.4347826086956522,1.0,0.654965310137724,0.2692307692307693,0.0
0.08333333333333333,0.043478260869565216,1.0,0.38904421663042354,0.15384615384615385,0.0
0.25,0.26086956521739135,0.9848484848484848,0.647198923060992,0.3846153846153847,0.0
0.6666666666666666,0.6521739130434783,0.6515151515151515,0.14362638500569536,0.576923076923077,0.0
0.5,0.5652173913043479,0.927536231884058,0.28424976700838767,0.19230769230769232,0.0
0.7916666666666666,0.9130434782608696,0.9821428571428572,0.2945013979496738,0.576923076923077,0.0
0.25,0.08695652173913043,1.0,0.5243864554209381,0.15384615384615385,0.05263157894736842
0.16666666666666666,0.13043478260869565,1.0,0.1673397535466501,0.07692307692307693,0.0
0.5833333333333333,0.782608695652174,0.0892857142857142,0.21021021021021014,0.6538461538461539,0.0
0.29166666666666663,0.17391304347826086,1.0,0.47292119705912805,0.19230769230769232,0.0
0.041666666666666664,0.0,1.0,0.27720824272548406,0.038461538461538464,0.10526315789473684
0.4583333333333333,0.3913043478260869,0.9863013698630136,0.3461737599668633,0.5384615384615385,0.0
0.7083333333333333,0.6956521739130435,0.618421052631579,0.20347934141037582,0.6923076923076924,0.0
0.41666666666666663,0.34782608695652173,1.0,0.27596562079320697,0.3076923076923077,0.0
0.875,0.6086956521739131,0.9821428571428572,0.2541161851506678,0.8076923076923078,0.0
0.25,0.782608695652174,0.6470588235294118,0.2855959407683545,0.576923076923077,0.0
0.5,0.4782608695652174,1.0,0.36491664077870967,0.6153846153846154,0.0
0.25,0.782608695652174,0.032258064516129,0.25991508750129433,0.6923076923076924,0.0
0.41666666666666663,0.4347826086956522,0.9857142857142858,0.7150253701977838,0.3846153846153847,0.0
0.5833333333333333,0.3913043478260869,0.9857142857142858,0.23226674950812887,0.34615384615384615,0.0
0.5416666666666666,0.3913043478260869,0.9852941176470588,0.12084498291394818,0.5000000000000001,0.0
0.041666666666666664,0.0,1.0,0.5115460287874081,0.0,0.2631578947368421
0.625,0.5217391304347826,1.0,0.17231024127575845,0.3846153846153847,0.0
0.5833333333333333,0.8260869565217391,0.8095238095238095,0.4047840944392669,0.6153846153846154,0.0
0.7916666666666666,0.13043478260869565,0.9827586206896552,0.7131614372993682,0.11538461538461539,0.0
0.08333333333333333,0.0,1.0,0.22294708501605043,0.07692307692307693,0.21052631578947367
0.625,0.7391304347826086,0.1403508771929824,0.3267060163611887,0.46153846153846156,0.0
0.25,0.8260869565217391,0.3214285714285714,0.6548617583100342,0.19230769230769232,0.0
0.041666666666666664,0.7391304347826086,0.0,0.48244796520658584,0.038461538461538464,0.21052631578947367
0.25,0.21739130434782608,1.0,0.491456974215595,0.15384615384615385,0.0
0.041666666666666664,0.8260869565217391,0.7605633802816901,0.39442891167029104,0.11538461538461539,0.21052631578947367
0.7083333333333333,0.6956521739130435,0.8714285714285714,0.3417210313762038,0.2307692307692308,0.0
0.041666666666666664,0.0,1.0,0.750647198923061,0.038461538461538464,0.05263157894736842
0.41666666666666663,0.5652173913043479,0.971830985915493,0.19395257326291804,0.3076923076923077,0.0
0.125,0.043478260869565216,1.0,0.5779227503365434,0.15384615384615385,0.05263157894736842
0.6666666666666666,0.34782608695652173,1.0,0.6831314072693384,0.6153846153846154,0.0
0.5833333333333333,0.4347826086956522,0.9859154929577464,0.3507300403852127,0.5000000000000001,0.0
0.6666666666666666,0.6086956521739131,0.9857142857142858,0.8392875634254944,0.3846153846153847,0.0
0.375,0.30434782608695654,1.0,0.3142797970384177,0.2692307692307693,0.0
0.4583333333333333,0.4782608695652174,0.9859154929577464,0.7095371233302268,0.576923076923077,0.0
0.0,0.5217391304347826,1.0,0.539919229574402,0.46153846153846156,0.0
0.4583333333333333,0.7391304347826086,0.1363636363636363,0.2760691726208967,0.6153846153846154,0.0
0.375,0.30434782608695654,0.9848484848484848,0.6302164233198717,0.3076923076923077,0.0
0.5833333333333333,0.3913043478260869,1.0,0.5955265610438025,0.46153846153846156,0.0
0.3333333333333333,0.8260869565217391,0.5,0.668634151392772,0.2692307692307693,0.0
0.6666666666666666,0.5217391304347826,1.0,0.18131925028476747,0.576923076923077,0.0
0.5833333333333333,0.21739130434782608,1.0,0.7305581443512479,0.11538461538461539,0.0
0.6666666666666666,0.782608695652174,0.9701492537313432,0.5031583307445375,0.6923076923076924,0.0
0.29166666666666663,0.08695652173913043,1.0,0.2929481205343274,0.15384615384615385,0.0
0.5,0.8260869565217391,0.2075471698113207,0.6888267577922751,0.6923076923076924,0.0
0.25,0.34782608695652173,0.9838709677419356,0.742880811846329,0.34615384615384615,0.0
0.16666666666666666,0.6086956521739131,0.380281690140845,0.39287563425494465,0.07692307692307693,0.0
0.9166666666666666,0.6521739130434783,0.7333333333333333,0.3360256808532671,0.6923076923076924,0.0
0.4583333333333333,0.8260869565217391,0.1967213114754098,0.40219529874702276,0.42307692307692313,0.0
0.41666666666666663,0.0,1.0,0.27907217562389974,0.0,0.42105263157894735
0.4583333333333333,0.13043478260869565,0.9857142857142858,0.52790721756239,0.2692307692307693,0.0
0.08333333333333333,0.043478260869565216,1.0,0.23185254219736962,0.0,0.05263157894736842
0.41666666666666663,0.21739130434782608,0.9833333333333332,0.291394843118981,0.2692307692307693,0.0
0.125,0.782608695652174,0.1384615384615384,0.3826240033136583,0.11538461538461539,0.05263157894736842
0.5833333333333333,0.5652173913043479,0.9848484848484848,0.41110075592834217,0.6923076923076924,0.0
0.125,0.17391304347826086,1.0,0.29222325774049906,0.11538461538461539,0.0
0.9583333333333333,0.6086956521739131,0.7068965517241379,0.39991715853784804,0.7692307692307693,0.0
0.4583333333333333,0.4347826086956522,0.9824561403508772,0.5940768354561459,0.42307692307692313,0.0
0.625,0.34782608695652173,1.0,0.2164233198715958,0.46153846153846156,0.0
0.16666666666666666,0.13043478260869565,1.0,0.1979910945428187,0.0,0.15789473684210525
0.7916666666666666,0.8695652173913043,0.0,0.22688205446826126,0.7307692307692308,0.0
0.29166666666666663,0.17391304347826086,1.0,0.46080563321942636,0.11538461538461539,0.05263157894736842
0.29166666666666663,0.13043478260869565,1.0,0.5852749301025162,0.15384615384615385,0.05263157894736842
0.375,0.4782608695652174,0.981132075471698,0.31065548306927615,0.34615384615384615,0.0
0.4583333333333333,0.5217391304347826,0.9871794871794872,0.5413689551620586,0.5384615384615385,0.0
0.375,0.7391304347826086,0.0298507462686567,0.679817748783266,0.576923076923077,0.0
0.41666666666666663,0.21739130434782608,0.9848484848484848,0.9427358392875633,0.34615384615384615,0.0
0.29166666666666663,0.21739130434782608,0.9861111111111112,0.190949570259915,0.2307692307692308,0.0
0.08333333333333333,0.17391304347826086,1.0,0.4274619447033241,0.19230769230769232,0.0
0.041666666666666664,0.0,1.0,0.48762555659107387,0.038461538461538464,0.21052631578947367
0.7083333333333333,0.5217391304347826,1.0,0.10624417520969232,0.576923076923077,0.0
0.7916666666666666,0.9130434782608696,0.0,0.4173138655897277,0.8461538461538463,0.0
0.20833333333333331,0.26086956521739135,1.0,0.4299471885678783,0.2307692307692308,0.0
0.4583333333333333,0.08695652173913043,1.0,0.3614994304649477,0.2307692307692308,0.0
0.08333333333333333,0.782608695652174,0.9014084507042254,0.4319146732939836,0.46153846153846156,0.0
0.7916666666666666,0.782608695652174,0.0,0.5137206171688931,0.42307692307692313,0.0
0.875,0.6086956521739131,0.9615384615384616,0.3012322667495081,0.7307692307692308,0.0
0.5833333333333333,0.6521739130434783,0.9824561403508772,0.5374339857098478,0.576923076923077,0.0
0.29166666666666663,0.08695652173913043,1.0,0.5156881018949986,0.11538461538461539,0.0
0.5833333333333333,0.3913043478260869,0.9848484848484848,0.5151703427565495,0.42307692307692313,0.0
0.16666666666666666,0.21739130434782608,1.0,0.9920265092678886,0.3846153846153847,0.0
0.3333333333333333,0.17391304347826086,1.0,0.48855752304028166,0.3846153846153847,0.0
0.625,0.9130434782608696,0.0,0.2830071450761106,0.34615384615384615,0.0
0.16666666666666666,0.08695652173913043,1.0,0.3257740499119809,0.2307692307692308,0.0
0.20833333333333331,0.17391304347826086,1.0,0.521487004245625,0.19230769230769232,0.0
0.08333333333333333,0.08695652173913043,1.0,0.5103034068551309,0.11538461538461539,0.0
0.20833333333333331,0.4347826086956522,0.8805970149253731,0.20140830485658068,0.19230769230769232,0.0
0.29166666666666663,0.30434782608695654,0.9857142857142858,0.39132235683959826,0.42307692307692313,0.0
0.25,0.26086956521739135,1.0,0.3464844154499329,0.5000000000000001,0.0
0.20833333333333331,0.3913043478260869,1.0,0.4310862586724655,0.15384615384615385,0.0
0.875,0.4347826086956522,0.9666666666666668,0.5261468364916642,0.7307692307692308,0.0
0.041666666666666664,0.043478260869565216,1.0,0.2920161540851195,0.038461538461538464,0.3157894736842105
0.7916666666666666,0.26086956521739135,1.0,0.2986434710572642,0.2692307692307693,0.0
0.29166666666666663,0.0,1.0,0.5272859065962514,0.038461538461538464,0.05263157894736842
0.5416666666666666,0.4782608695652174,1.0,0.6227606917262087,0.5384615384615385,0.0
0.3333333333333333,0.7391304347826086,0.8666666666666667,0.17096406751579163,0.19230769230769232,0.0
0.041666666666666664,1.0,0.0181818181818181,0.2613648130889511,0.0,0.5789473684210527
0.5833333333333333,0.6086956521739131,0.9714285714285714,0.3952573262918091,0.6153846153846154,0.0
0.041666666666666664,0.0,1.0,0.574194884539712,0.038461538461538464,0.2631578947368421
0.5,0.3913043478260869,0.981132075471698,0.2104173138655897,0.7307692307692308,0.0
0.41666666666666663,0.7391304347826086,0.9298245614035088,0.46494770632701665,0.6538461538461539,0.0
0.9583333333333333,0.9130434782608696,0.9565217391304348,0.9066998032515274,0.8846153846153847,0.0
0.25,0.08695652173913043,1.0,0.4009526768147458,0.07692307692307693,0.10526315789473684
0.5833333333333333,0.8260869565217391,0.0,0.13751682717199953,0.5384615384615385,0.0
0.7916666666666666,0.5652173913043479,0.9824561403508772,0.4016775396085741,0.5000000000000001,0.0
0.625,0.8260869565217391,0.9807692307692308,0.555866211038625,0.46153846153846156,0.0
0.5416666666666666,0.5652173913043479,1.0,0.17738428083255664,0.5384615384615385,0.0
0.125,0.13043478260869565,1.0,0.32598115356736035,0.2692307692307693,0.0
0.5,0.34782608695652173,1.0,0.41368955162058607,0.19230769230769232,0.10526315789473684
0.3333333333333333,0.4782608695652174,1.0,0.6448172310241278,0.46153846153846156,0.0
0.16666666666666666,0.13043478260869565,1.0,0.16433675054364694,0.15384615384615385,0.0
0.25,0.7391304347826086,0.5,0.4095474785129958,0.3076923076923077,0.0
0.20833333333333331,0.4782608695652174,0.9857142857142858,0.5925235580407995,0.3846153846153847,0.0
0.7916666666666666,0.4782608695652174,0.9821428571428572,0.6121984053018534,0.3846153846153847,0.0
0.9166666666666666,0.4782608695652174,0.9859154929577464,0.20130475302889095,0.7692307692307693,0.0
0.29166666666666663,0.17391304347826086,1.0,0.21145283214248722,0.15384615384615385,0.0
0.16666666666666666,0.13043478260869565,1.0,0.2677850264057161,0.07692307692307693,0.05263157894736842
0.7916666666666666,0.6521739130434783,0.3846153846153846,0.4759242000621311,0.5384615384615385,0.0
0.7916666666666666,0.8260869565217391,0.0,0.6218287252770012,0.6538461538461539,0.0
0.25,0.08695652173913043,1.0,0.34389561975768856,0.07692307692307693,0.0
0.16666666666666666,0.13043478260869565,1.0,0.4331572952262608,0.15384615384615385,0.0
0.25,0.5217391304347826,0.5507246376811594,0.654965310137724,0.42307692307692313,0.0
0.6666666666666666,0.5652173913043479,1.0,0.25753339546442977,0.576923076923077,0.0
0.7083333333333333,0.6086956521739131,0.9830508474576272,0.43087915501708607,0.6538461538461539,0.0
0.29166666666666663,0.26086956521739135,1.0,0.1460080770425598,0.3846153846153847,0.0
0.6666666666666666,0.26086956521739135,0.9871794871794872,0.5910738324531428,0.3846153846153847,0.0
0.041666666666666664,0.0,1.0,0.14176245210727967,0.3076923076923077,0.05263157894736842
0.625,0.7391304347826086,0.3770491803278688,0.35010872941907434,0.576923076923077,0.0
0.125,0.26086956521739135,1.0,0.9855027441234336,0.42307692307692313,0.0
0.125,0.7391304347826086,0.8823529411764706,0.2355804079942011,0.0,0.10526315789473684
0.6666666666666666,0.4347826086956522,0.9857142857142858,0.45635290462876665,0.576923076923077,0.0
0.7083333333333333,0.6956521739130435,0.9818181818181818,0.22512167339753542,0.8461538461538463,0.0
0.4583333333333333,0.26086956521739135,1.0,0.1947809878844361,0.2307692307692308,0.0
0.125,0.043478260869565216,1.0,0.44579061820441135,0.07692307692307693,0.0
0.041666666666666664,0.0,1.0,0.4495184840012427,0.0,0.21052631578947367
0.125,0.043478260869565216,1.0,0.39132235683959826,0.07692307692307693,0.15789473684210525
0.5416666666666666,0.3913043478260869,1.0,0.2843533188360774,0.6153846153846154,0.0
0.4583333333333333,0.6086956521739131,0.981132075471698,0.23671947809878846,0.46153846153846156,0.0
0.625,0.30434782608695654,0.9848484848484848,0.193538365952159,0.46153846153846156,0.0
0.16666666666666666,0.5217391304347826,0.981132075471698,0.557108832970902,0.15384615384615385,0.0
0.0,0.5217391304347826,0.9859154929577464,0.6347727037382209,0.6923076923076924,0.0
0.4583333333333333,0.17391304347826086,0.9871794871794872,0.3521797659728694,0.15384615384615385,0.0
0.29166666666666663,0.34782608695652173,0.9859154929577464,0.35528632080356215,0.2307692307692308,0.0
0.5,0.6086956521739131,0.6714285714285714,0.32691312001656825,0.576923076923077,0.0
0.75,0.6521739130434783,0.9859154929577464,0.6575541058299679,0.7307692307692308,0.0
0.4583333333333333,0.043478260869565216,1.0,0.32121776949363134,0.2307692307692308,0.0
0.20833333333333331,0.4782608695652174,0.6896551724137931,0.6790928859894376,0.42307692307692313,0.0
0.3333333333333333,0.6086956521739131,0.696969696969697,0.7144040592316456,0.2307692307692308,0.0
0.20833333333333331,0.5652173913043479,0.9818181818181818,0.33115874495184827,0.3846153846153847,0.0
0.625,0.6521739130434783,0.9705882352941176,0.33105519312415854,0.5384615384615385,0.0
0.7083333333333333,0.7391304347826086,1.0,0.17893755824790303,0.3076923076923077,0.0
0.7916666666666666,0.6956521739130435,0.981132075471698,0.49269959614787195,0.8076923076923078,0.0
0.8333333333333333,0.8260869565217391,0.0,0.5130993062027545,0.2307692307692308,0.0
0.0,0.8260869565217391,0.0,0.6702909806358082,0.6153846153846154,0.0
0.16666666666666666,0.13043478260869565,1.0,0.36201718960339657,0.11538461538461539,0.0
0.4583333333333333,0.30434782608695654,1.0,0.2930516723620171,0.2307692307692308,0.0
0.8333333333333333,0.6521739130434783,0.8490566037735849,0.13824168996582786,0.5384615384615385,0.0
0.29166666666666663,0.26086956521739135,1.0,0.2884953919436677,0.42307692307692313,0.0
0.041666666666666664,0.0,1.0,0.28041834938386656,0.0,0.2631578947368421
0.625,0.7391304347826086,0.5,0.36098167132649883,0.7307692307692308,0.0
0.4583333333333333,0.3913043478260869,1.0,0.36543439991715854,0.2307692307692308,0.0
0.5416666666666666,0.4782608695652174,0.9859154929577464,0.4475509992751372,0.6923076923076924,0.0
0.16666666666666666,0.13043478260869565,1.0,0.7198923060992026,0.038461538461538464,0.15789473684210525
1.0,0.8260869565217391,0.896551724137931,0.3368540954747852,0.7307692307692308,0.0
0.6666666666666666,0.8260869565217391,0.9245283018867924,0.21352386869628248,0.46153846153846156,0.0
0.125,0.21739130434782608,1.0,0.19612716164440291,0.3076923076923077,0.0
0.20833333333333331,0.21739130434782608,1.0,0.3593248420834627,0.15384615384615385,0.05263157894736842
0.3333333333333333,0.26086956521739135,1.0,0.2122812467640054,0.5000000000000001,0.0
0.20833333333333331,0.08695652173913043,1.0,0.5776120948534742,0.07692307692307693,0.0
0.25,0.6956521739130435,0.9230769230769232,0.5454074764419592,0.576923076923077,0.0
0.7916666666666666,0.6956521739130435,0.9821428571428572,0.17127472299886082,0.8076923076923078,0.0
0.125,0.08695652173913043,1.0,0.15853784819302053,0.15384615384615385,0.0
0.125,0.13043478260869565,1.0,0.7981774878326602,0.11538461538461539,0.0
0.3333333333333333,0.17391304347826086,1.0,0.6145800973387181,0.07692307692307693,0.05263157894736842
0.20833333333333331,0.30434782608695654,0.9857142857142858,0.22242932587760167,0.19230769230769232,0.0
0.29166666666666663,0.21739130434782608,1.0,0.4754064409236822,0.34615384615384615,0.0
0.25,0.043478260869565216,1.0,0.44361602982292636,0.11538461538461539,0.0
0.875,0.782608695652174,0.0333333333333333,0.2674743709226468,0.7692307692307693,0.0
0.7916666666666666,0.3913043478260869,0.981132075471698,0.6203789996893445,0.3846153846153847,0.0
0.041666666666666664,0.043478260869565216,1.0,0.6259707983845915,0.038461538461538464,0.21052631578947367
0.20833333333333331,0.26086956521739135,1.0,0.46277311794553166,0.3076923076923077,0.0
0.5416666666666666,0.6086956521739131,0.9827586206896552,0.234337786061924,0.5384615384615385,0.0
0.08333333333333333,0.08695652173913043,1.0,0.43626385005695356,0.11538461538461539,0.10526315789473684
0.5416666666666666,0.34782608695652173,0.9818181818181818,0.30806668737703213,0.46153846153846156,0.0
0.16666666666666666,0.13043478260869565,1.0,0.438645542093818,0.11538461538461539,0.0
0.16666666666666666,0.0,1.0,0.04421663042352697,0.19230769230769232,0.05263157894736842
0.125,0.6956521739130435,1.0,0.3053743398570985,0.2307692307692308,0.0
0.8333333333333333,0.8695652173913043,0.5303030303030303,0.18100859480169806,0.7307692307692308,0.0
0.4583333333333333,0.4347826086956522,1.0,0.4175209692451072,0.42307692307692313,0.0
0.8333333333333333,0.8695652173913043,0.282051282051282,0.40499119809464634,0.8846153846153847,0.0
0.41666666666666663,0.08695652173913043,1.0,0.44579061820441135,0.3076923076923077,0.0
0.16666666666666666,0.13043478260869565,1.0,0.5281143212177695,0.07692307692307693,0.05263157894736842
0.7916666666666666,0.4782608695652174,0.981132075471698,0.4096510303406855,0.15384615384615385,0.10526315789473684
0.08333333333333333,0.0,1.0,0.18452935694314998,0.038461538461538464,0.21052631578947367
0.7916666666666666,0.3913043478260869,1.0,0.41648545096820966,0.6538461538461539,0.0
0.7083333333333333,0.30434782608695654,1.0,0.1941596769182975,0.6153846153846154,0.0
0.5,0.4782608695652174,0.9743589743589745,0.6599357978668323,0.5000000000000001,0.0
0.6666666666666666,0.8260869565217391,0.1320754716981132,0.6285595940768356,0.5384615384615385,0.0
1.0,0.782608695652174,0.6590909090909091,0.6875841358599981,0.8461538461538463,0.0
0.5,0.34782608695652173,0.981132075471698,0.28580304442373394,0.6153846153846154,0.0
0.5,0.5217391304347826,1.0,0.21052086569327944,0.6538461538461539,0.0
0.29166666666666663,0.21739130434782608,0.9857142857142858,0.21445583514549027,0.42307692307692313,0.0
0.16666666666666666,0.08695652173913043,1.0,0.42031686859273054,0.0,0.10526315789473684
0.75,0.3913043478260869,0.981132075471698,0.14787200994097527,0.2307692307692308,0.0
0.875,0.6956521739130435,0.981132075471698,0.24438231334783056,0.576923076923077,0.0
0.16666666666666666,0.13043478260869565,1.0,0.1737599668634151,0.07692307692307693,0.10526315789473684
0.4583333333333333,0.26086956521739135,0.9848484848484848,0.5926271098684892,0.3846153846153847,0.0
0.08333333333333333,0.13043478260869565,1.0,0.4045769907838872,0.11538461538461539,0.10526315789473684
0.75,0.30434782608695654,0.9827586206896552,0.32152842497670076,0.2692307692307693,0.0
0.7916666666666666,0.6521739130434783,0.9836065573770492,0.16889303096199648,0.6153846153846154,0.0
0.875,0.9130434782608696,0.0,0.4541783162472819,0.8076923076923078,0.0
0.3333333333333333,0.26086956521739135,1.0,0.39256497877187524,0.2307692307692308,0.0
0.29166666666666663,0.26086956521739135,1.0,0.24034379206793,0.42307692307692313,0.0
0.6666666666666666,0.7391304347826086,0.8490566037735849,0.4986020503261883,0.576923076923077,0.0
0.41666666666666663,0.26086956521739135,1.0,0.8097752925339132,0.07692307692307693,0.0
0.08333333333333333,0.9130434782608696,0.0909090909090909,0.32794863829346577,0.34615384615384615,0.0
0.08333333333333333,0.08695652173913043,1.0,0.5224189706948328,0.0,0.42105263157894735
0.0,0.6086956521739131,0.9803921568627452,0.39867453660557106,0.6538461538461539,0.0
0.5,0.4782608695652174,0.981132075471698,0.5167236201718959,0.2692307692307693,0.0
0.20833333333333331,0.30434782608695654,0.9807692307692308,0.6906906906906909,0.15384615384615385,0.0
0.7083333333333333,0.7391304347826086,0.9827586206896552,0.49622035828932387,0.5384615384615385,0.0
0.375,0.26086956521739135,1.0,0.36999068033550797,0.42307692307692313,0.0
0.16666666666666666,0.13043478260869565,1.0,0.7349073211142176,0.15384615384615385,0.0
0.625,0.9130434782608696,0.2115384615384615,0.18887853370611984,0.3076923076923077,0.0
0.5833333333333333,0.30434782608695654,0.9848484848484848,0.25908667287977627,0.07692307692307693,0.0
0.75,0.5217391304347826,0.981132075471698,0.5314279797038417,0.5000000000000001,0.0
0.7916666666666666,0.6521739130434783,0.9830508474576272,0.412861136999068,0.7307692307692308,0.0
0.08333333333333333,0.0,1.0,0.22874598736667695,0.0,0.05263157894736842
0.5833333333333333,0.6521739130434783,0.9714285714285714,0.20192606399502955,0.34615384615384615,0.0
0.7916666666666666,0.7391304347826086,0.9428571428571428,0.21342031686859264,0.8076923076923078,0.0
0.4583333333333333,0.26086956521739135,1.0,0.05229367298332799,0.34615384615384615,0.0
0.41666666666666663,0.782608695652174,0.8589743589743589,0.3504193849021433,0.3076923076923077,0.0
0.7083333333333333,0.6521739130434783,0.981132075471698,0.4994304649477064,0.3846153846153847,0.0
0.7083333333333333,0.26086956521739135,0.9833333333333332,0.45469607538573054,0.3076923076923077,0.0
0.8333333333333333,0.4782608695652174,1.0,0.1893962928445686,0.6923076923076924,0.0
0.7916666666666666,0.6521739130434783,0.9655172413793104,0.13720617168893023,0.576923076923077,0.0
0.16666666666666666,0.6956521739130435,0.0,0.5317386351869111,0.15384615384615385,0.05263157894736842
0.8333333333333333,0.34782608695652173,0.9824561403508772,0.582789686237962,0.19230769230769232,0.0
0.8333333333333333,0.5217391304347826,0.981132075471698,0.15004659832246026,0.2692307692307693,0.0
0.41666666666666663,0.4782608695652174,1.0,0.41203272237754995,0.6538461538461539,0.0
0.75,0.34782608695652173,1.0,0.6636636636636637,0.46153846153846156,0.0
0.29166666666666663,0.13043478260869565,1.0,0.22211867039453237,0.34615384615384615,0.0
0.375,0.26086956521739135,1.0,0.6535155845500671,0.2692307692307693,0.0
1.0,0.30434782608695654,1.0,0.142487314901108,0.5000000000000001,0.0
0.3333333333333333,0.34782608695652173,1.0,0.5536916226571398,0.3846153846153847,0.0
0.625,0.8260869565217391,0.0166666666666666,0.2240861551206378,0.6153846153846154,0.0
0.3333333333333333,0.4782608695652174,0.0,0.41358599979289634,0.8461538461538463,0.0
0.7083333333333333,0.782608695652174,0.9696969696969696,0.21186703945324636,0.6538461538461539,0.0
0.4583333333333333,0.3913043478260869,0.9253731343283582,0.1090400745573159,0.34615384615384615,0.0
0.6666666666666666,0.7391304347826086,0.9827586206896552,0.44558351454903167,0.2307692307692308,0.05263157894736842
0.125,0.8260869565217391,0.0,0.42735839287563415,0.15384615384615385,0.0
0.20833333333333331,0.13043478260869565,1.0,0.7488868178523349,0.15384615384615385,0.0
0.4583333333333333,0.8695652173913043,0.0,0.6585896241068654,0.42307692307692313,0.0
0.5416666666666666,0.17391304347826086,1.0,0.3076524800662731,0.3846153846153847,0.0
0.6666666666666666,0.6521739130434783,0.9642857142857144,0.23754789272030652,0.7307692307692308,0.0
0.29166666666666663,0.6521739130434783,0.5833333333333334,0.2078285181733457,0.6538461538461539,0.0
0.041666666666666664,0.0,1.0,0.5231438334886611,0.0,0.47368421052631576
0.41666666666666663,0.5217391304347826,0.9827586206896552,0.4418556487522005,0.46153846153846156,0.0
0.125,0.08695652173913043,1.0,0.4259086672879777,0.07692307692307693,0.0
0.041666666666666664,0.08695652173913043,1.0,0.6176866521694109,0.0,0.47368421052631576
0.041666666666666664,0.0,1.0,0.2658175416796107,0.0,0.10526315789473684
0.20833333333333331,0.6956521739130435,0.3793103448275862,0.3030961996479239,0.6153846153846154,0.0
0.5833333333333333,0.6521739130434783,0.896551724137931,0.41493217355286305,0.576923076923077,0.0
0.08333333333333333,0.0,1.0,0.6945221083152118,0.0,0.47368421052631576
0.75,0.5217391304347826,0.9692307692307692,0.08687998343170744,0.7692307692307693,0.0
0.041666666666666664,0.043478260869565216,1.0,0.27689758724241476,0.0,0.3157894736842105
0.20833333333333331,0.17391304347826086,1.0,0.40240240240240244,0.07692307692307693,0.10526315789473684
0.625,0.30434782608695654,0.9692307692307692,0.3972248110179144,0.576923076923077,0.0
0.3333333333333333,0.13043478260869565,1.0,0.5773014393704048,0.19230769230769232,0.10526315789473684
0.29166666666666663,0.13043478260869565,1.0,0.43771357564461,0.3076923076923077,0.0
0.375,0.30434782608695654,0.9848484848484848,0.15253184218701454,0.11538461538461539,0.0
0.7083333333333333,0.5652173913043479,1.0,0.20234027130578858,0.7692307692307693,0.0
0.5416666666666666,0.6521739130434783,0.3717948717948718,0.2722377549963757,0.7307692307692308,0.0
0.25,0.21739130434782608,1.0,0.5970798384591487,0.3076923076923077,0.0
0.08333333333333333,0.8260869565217391,0.125,0.5629077353215284,0.15384615384615385,0.05263157894736842
0.041666666666666664,0.34782608695652173,1.0,0.39194366780573686,0.3076923076923077,0.0
0.5833333333333333,0.3913043478260869,0.9859154929577464,0.8501605053329191,0.3846153846153847,0.0
0.875,0.34782608695652173,1.0,0.2562907735321528,0.6153846153846154,0.0
0.5416666666666666,0.34782608695652173,0.9821428571428572,0.3901832867350108,0.19230769230769232,0.0
0.25,0.13043478260869565,1.0,0.737806772289531,0.11538461538461539,0.0
0.375,0.782608695652174,0.0952380952380952,0.880604742673708,0.5384615384615385,0.0
0.08333333333333333,0.30434782608695654,0.9857142857142858,0.47198923060992026,0.038461538461538464,0.10526315789473684
0.8333333333333333,0.4782608695652174,0.9696969696969696,0.4179351765558663,0.6538461538461539,0.0
0.16666666666666666,0.21739130434782608,1.0,0.3108625867246557,0.3076923076923077,0.0
0.041666666666666664,0.043478260869565216,1.0,0.3572538055296677,0.15384615384615385,0.0
0.75,0.782608695652174,0.971830985915493,0.7135756446101273,0.7692307692307693,0.0
0.16666666666666666,0.043478260869565216,1.0,0.7597597597597598,0.19230769230769232,0.0
0.5,0.34782608695652173,0.9859154929577464,0.8632080356218288,0.34615384615384615,0.0
0.41666666666666663,0.17391304347826086,1.0,0.5255255255255256,0.15384615384615385,0.0
0.625,0.34782608695652173,0.9833333333333332,0.7058092575333954,0.42307692307692313,0.0
0.875,0.8260869565217391,0.9615384615384616,0.9045252148700424,0.8846153846153847,0.0
0.75,0.4347826086956522,1.0,0.23133478305892086,0.5384615384615385,0.0
0.4583333333333333,0.34782608695652173,1.0,0.3268095681888784,0.46153846153846156,0.0
0.29166666666666663,0.4347826086956522,1.0,0.20637879258568914,0.46153846153846156,0.0
0.9166666666666666,0.6086956521739131,0.9464285714285714,0.378481930206068,0.8076923076923078,0.0
0.7083333333333333,0.5652173913043479,0.9821428571428572,0.6722584653619135,0.576923076923077,0.0
0.375,0.3913043478260869,0.9857142857142858,0.4340892616754686,0.42307692307692313,0.0
0.9166666666666666,0.4347826086956522,0.9871794871794872,0.23723723723723722,0.6153846153846154,0.0
0.375,0.13043478260869565,1.0,0.6172724448586517,0.038461538461538464,0.10526315789473684
0.625,0.4347826086956522,0.9833333333333332,0.15263539401470427,0.5000000000000001,0.0
0.4583333333333333,0.6086956521739131,0.971830985915493,0.5340167753960856,0.46153846153846156,0.0
0.375,0.21739130434782608,1.0,0.4874184529356944,0.3076923076923077,0.0
0.20833333333333331,0.13043478260869565,1.0,0.43595319457388415,0.07692307692307693,0.10526315789473684
0.125,0.34782608695652173,1.0,0.7341824583203893,0.15384615384615385,0.0
0.041666666666666664,0.17391304347826086,1.0,0.4176245210727969,0.11538461538461539,0.0
0.875,0.7391304347826086,0.9821428571428572,0.15294604949777357,0.7307692307692308,0.0
0.5833333333333333,0.5652173913043479,1.0,0.20762141451796623,0.6153846153846154,0.0
0.625,0.17391304347826086,1.0,0.3325049187118153,0.2692307692307693,0.0
0.41666666666666663,0.8260869565217391,0.0188679245283018,0.4932173552863208,0.5000000000000001,0.0
0.3333333333333333,0.3913043478260869,0.9857142857142858,0.2984363674018845,0.6538461538461539,0.0
0.7083333333333333,0.6521739130434783,1.0,0.12260536398467414,0.5000000000000001,0.0
0.375,0.13043478260869565,1.0,0.501294397846122,0.15384615384615385,0.0
0.875,0.7391304347826086,0.9428571428571428,0.32214973594283935,0.7692307692307693,0.0
0.7083333333333333,0.6086956521739131,0.9545454545454546,0.3031997514756135,0.8076923076923078,0.0
0.5833333333333333,0.5217391304347826,0.971830985915493,0.3688516102309205,0.6538461538461539,0.0
0.125,0.7391304347826086,0.1320754716981132,0.5330848089468778,0.15384615384615385,0.05263157894736842
0.125,0.0,1.0,0.6474060267163715,0.0,0.42105263157894735
0.5,0.4347826086956522,0.9772727272727272,0.11307859583721647,0.5384615384615385,0.0
0.20833333333333331,0.782608695652174,0.3076923076923077,0.3168685927306617,0.11538461538461539,0.05263157894736842
0.625,0.6956521739130435,0.9714285714285714,0.08677643160401782,0.6538461538461539,0.0
0.4583333333333333,0.30434782608695654,0.9848484848484848,0.4390597494045769,0.2692307692307693,0.0
0.5833333333333333,0.34782608695652173,0.9861111111111112,0.37858548203375775,0.15384615384615385,0.0
0.041666666666666664,0.0,1.0,0.44392668530599555,0.0,0.05263157894736842
0.4583333333333333,0.4347826086956522,0.9833333333333332,0.4317075696386041,0.34615384615384615,0.0
0.5416666666666666,0.6956521739130435,0.0,0.1479755617686651,0.6923076923076924,0.0
0.875,0.8260869565217391,0.9824561403508772,0.17199958579268926,0.8076923076923078,0.0
0.625,0.5217391304347826,0.9821428571428572,0.3140726933830382,0.6153846153846154,0.0
0.20833333333333331,0.21739130434782608,1.0,0.23827275551413485,0.19230769230769232,0.0
0.7916666666666666,0.4347826086956522,1.0,0.4453764108936522,0.576923076923077,0.0
0.5833333333333333,0.5217391304347826,0.981132075471698,0.15667391529460495,0.576923076923077,0.0
0.375,0.13043478260869565,1.0,0.2935694315004659,0.3846153846153847,0.05263157894736842
0.5833333333333333,0.8695652173913043,0.0,0.38013875944910414,0.7692307692307693,0.0
0.25,0.17391304347826086,1.0,0.2824893859376617,0.2692307692307693,0.0
0.7916666666666666,0.6956521739130435,1.0,0.2662317489903697,0.6538461538461539,0.0
0.125,0.13043478260869565,1.0,0.6184115149632392,0.0,0.47368421052631576
0.16666666666666666,0.13043478260869565,1.0,0.1616444030237134,0.11538461538461539,0.0
0.5833333333333333,0.6086956521739131,0.981132075471698,0.5371233302267784,0.6153846153846154,0.0
0.75,0.6956521739130435,0.9818181818181818,0.3027855441648545,0.7692307692307693,0.0
0.7083333333333333,0.6086956521739131,0.9622641509433962,0.19333126229677944,0.6923076923076924,0.0
0.41666666666666663,0.34782608695652173,1.0,0.3072382727555141,0.5000000000000001,0.0
0.125,0.782608695652174,0.0,0.48058403230817026,0.07692307692307693,0.05263157894736842
0.625,0.5217391304347826,0.9848484848484848,0.20472196334265302,0.576923076923077,0.0
0.7083333333333333,0.6521739130434783,1.0,0.3604639121880502,0.7307692307692308,0.0
0.7083333333333333,0.7391304347826086,0.3714285714285714,0.39391115253184217,0.8076923076923078,0.0
0.5,0.6086956521739131,0.6571428571428571,0.22512167339753542,0.3846153846153847,0.0
0.5833333333333333,0.5217391304347826,0.9848484848484848,0.3340581961271615,0.46153846153846156,0.0
0.41666666666666663,0.34782608695652173,0.9848484848484848,0.5243864554209381,0.11538461538461539,0.0
0.7083333333333333,0.08695652173913043,1.0,0.3810707258983119,0.2307692307692308,0.0
0.375,0.26086956521739135,1.0,0.3920472196334266,0.2307692307692308,0.0
0.16666666666666666,0.043478260869565216,1.0,0.2941907424666045,0.0,0.3684210526315789
0.20833333333333331,0.08695652173913043,1.0,0.21155638397017706,0.15384615384615385,0.0
0.625,0.8260869565217391,0.0,0.3757895826861344,0.6923076923076924,0.0
0.625,0.4347826086956522,1.0,0.0519830175002588,0.46153846153846156,0.0
0.6666666666666666,0.782608695652174,0.7121212121212122,0.22118670394532458,0.6153846153846154,0.0
0.29166666666666663,0.6086956521739131,0.9821428571428572,0.24044734389561973,0.3846153846153847,0.0
0.8333333333333333,0.6956521739130435,0.95,0.45055400227814,0.7692307692307693,0.0
0.041666666666666664,0.043478260869565216,1.0,0.3417210313762038,0.11538461538461539,0.15789473684210525
0.7916666666666666,0.30434782608695654,0.9777777777777776,0.20130475302889095,0.7692307692307693,0.0
0.08333333333333333,0.08695652173913043,1.0,0.48317282800041417,0.15384615384615385,0.10526315789473684
0.75,0.5217391304347826,0.9871794871794872,0.22263642953298102,0.6153846153846154,0.0
0.5,0.4347826086956522,0.981132075471698,0.7254841047944496,0.46153846153846156,0.0
0.8333333333333333,0.8260869565217391,0.0,0.53650201926064,0.6153846153846154,0.0
0.41666666666666663,0.26086956521739135,1.0,0.417210313762038,0.34615384615384615,0.0
0.375,0.26086956521739135,0.9827586206896552,0.461323392357875,0.2307692307692308,0.0
0.125,0.043478260869565216,1.0,0.5578336957647303,0.11538461538461539,0.0
0.5833333333333333,0.6086956521739131,0.9552238805970148,0.7406026716371543,0.5000000000000001,0.0
0.6666666666666666,0.6521739130434783,0.9433962264150944,0.735632183908046,0.2692307692307693,0.0
0.5833333333333333,0.3913043478260869,0.9827586206896552,0.529978254116185,0.5000000000000001,0.0
0.20833333333333331,0.26086956521739135,1.0,0.3786890338614475,0.038461538461538464,0.2631578947368421
0.41666666666666663,0.21739130434782608,1.0,0.605571088329709,0.2692307692307693,0.0
0.4583333333333333,0.8260869565217391,0.0,0.7599668634151393,0.576923076923077,0.0
0.3333333333333333,0.4347826086956522,1.0,0.2878740809775292,0.19230769230769232,0.0
0.6666666666666666,0.4782608695652174,0.9848484848484848,0.2891167029098063,0.5384615384615385,0.0
0.125,0.08695652173913043,1.0,0.4044734389561975,0.11538461538461539,0.0
0.5416666666666666,0.30434782608695654,0.9821428571428572,0.055607331469400334,0.42307692307692313,0.0
0.08333333333333333,0.043478260869565216,1.0,0.47519933726830277,0.0,0.15789473684210525
0.6666666666666666,0.5652173913043479,0.981132075471698,0.835663249456353,0.6153846153846154,0.0
0.41666666666666663,0.4782608695652174,1.0,0.26954540747644196,0.46153846153846156,0.0
0.6666666666666666,0.5217391304347826,0.9859154929577464,0.529149839494667,0.6153846153846154,0.0
0.8333333333333333,0.8260869565217391,0.0,0.23040281660971318,0.0,0.05263157894736842
0.25,0.34782608695652173,1.0,0.1453867660764212,0.2692307692307693,0.05263157894736842
0.6666666666666666,0.4347826086956522,0.9861111111111112,0.4162783473128302,0.6153846153846154,0.0
0.625,0.6956521739130435,0.9622641509433962,0.6542404473438956,0.6923076923076924,0.0
0.125,0.30434782608695654,1.0,0.5520347934141037,0.34615384615384615,0.0
0.5833333333333333,0.4782608695652174,0.9838709677419356,0.2493528010769389,0.34615384615384615,0.0
0.20833333333333331,0.21739130434782608,1.0,0.27016671844258056,0.2692307692307693,0.0
0.125,0.043478260869565216,1.0,0.3947395671533602,0.07692307692307693,0.05263157894736842
0.29166666666666663,0.6086956521739131,1.0,0.3421352386869627,0.6538461538461539,0.0
0.5833333333333333,0.5652173913043479,0.9714285714285714,0.4803769286527906,0.3846153846153847,0.0
0.75,0.6521739130434783,0.9622641509433962,0.2556694625660142,0.19230769230769232,0.0
0.20833333333333331,0.4782608695652174,0.6,0.4874184529356944,0.038461538461538464,0.10526315789473684
0.25,0.30434782608695654,1.0,0.3421352386869627,0.34615384615384615,0.0
0.20833333333333331,0.9130434782608696,0.8867924528301887,0.29253391322356836,0.11538461538461539,0.05263157894736842
0.6666666666666666,0.4782608695652174,0.9649122807017544,0.2203582893238064,0.42307692307692313,0.0
0.625,0.5652173913043479,0.9871794871794872,0.33706119913016463,0.6153846153846154,0.0
0.6666666666666666,0.8260869565217391,0.2131147540983606,0.21652687169928542,0.46153846153846156,0.0
0.125,0.043478260869565216,1.0,0.43698871285078167,0.15384615384615385,0.10526315789473684
0.041666666666666664,0.0,1.0,0.38086362224293246,0.038461538461538464,0.3157894736842105
0.7083333333333333,0.782608695652174,0.6451612903225806,0.21756238997618305,0.5384615384615385,0.0
0.8333333333333333,0.7391304347826086,0.92,0.229574401988195,0.5000000000000001,0.0
0.125,0.08695652173913043,1.0,0.4841047944496222,0.07692307692307693,0.05263157894736842
0.041666666666666664,0.043478260869565216,1.0,0.5582479030754892,0.038461538461538464,0.0
1.0,0.6521739130434783,0.4482758620689655,0.30910220565392976,0.8846153846153847,0.0
0.3333333333333333,0.34782608695652173,0.9857142857142858,0.13844879362120743,0.2692307692307693,0.0
0.4583333333333333,0.6956521739130435,0.971830985915493,0.6259707983845915,0.34615384615384615,0.0
0.041666666666666664,0.8260869565217391,0.4166666666666667,0.2362017189603396,0.038461538461538464,0.05263157894736842
0.5416666666666666,0.21739130434782608,1.0,0.40913327120223664,0.42307692307692313,0.0
0.25,0.26086956521739135,1.0,0.1610230920575747,0.34615384615384615,0.0
0.16666666666666666,0.13043478260869565,1.0,0.5981153567360464,0.038461538461538464,0.0
0.29166666666666663,0.08695652173913043,1.0,0.338200269234752,0.2692307692307693,0.0
0.20833333333333331,0.0,1.0,0.5070933001967486,0.11538461538461539,0.05263157894736842
0.20833333333333331,0.5217391304347826,0.6285714285714286,0.2050326188257222,0.15384615384615385,0.0
0.25,0.30434782608695654,0.9818181818181818,0.0981671326498913,0.3846153846153847,0.0
0.25,0.13043478260869565,1.0,0.4469296883089988,0.19230769230769232,0.0
0.0,0.8260869565217391,0.0,0.32525629077353235,0.2307692307692308,0.0
0.75,0.4782608695652174,0.9545454545454546,0.338614476545511,0.6923076923076924,0.0
0.25,0.34782608695652173,1.0,0.5671533602568084,0.2307692307692308,0.0
0.20833333333333331,0.3913043478260869,1.0,0.1689965827896862,0.42307692307692313,0.0
0.041666666666666664,0.043478260869565216,1.0,0.2072072072072072,0.15384615384615385,0.0
0.375,0.26086956521739135,0.9863013698630136,0.7507507507507509,0.5384615384615385,0.0
0.08333333333333333,0.0,1.0,0.6752614683649167,0.0,0.21052631578947367
0.625,0.4347826086956522,1.0,0.4846225535880708,0.576923076923077,0.0
0.29166666666666663,0.9130434782608696,0.0,0.36129232680956824,0.3076923076923077,0.0
0.29166666666666663,0.6956521739130435,0.0259740259740259,0.372993683338511,0.2692307692307693,0.0
0.375,0.34782608695652173,1.0,0.28704566635601114,0.576923076923077,0.0
0.375,0.30434782608695654,1.0,0.38718028373200797,0.2692307692307693,0.0
0.16666666666666666,0.6086956521739131,1.0,0.549756653204929,0.19230769230769232,0.0
0.625,0.8695652173913043,0.3928571428571428,0.3587035311173241,0.34615384615384615,0.0
0.5833333333333333,0.6086956521739131,1.0,0.19457388422905653,0.2307692307692308,0.0
0.5,0.782608695652174,0.3285714285714285,0.2664388526457492,0.3846153846153847,0.0
0.625,0.782608695652174,0.4666666666666667,0.2190121155638396,0.5384615384615385,0.0
0.25,0.13043478260869565,1.0,0.6993890442166304,0.11538461538461539,0.0
0.125,0.26086956521739135,1.0,0.20327223775499637,0.2307692307692308,0.0
0.16666666666666666,0.13043478260869565,1.0,0.3650201926063994,0.07692307692307693,0.15789473684210525
0.75,0.5652173913043479,0.8679245283018868,0.20637879258568914,0.7692307692307693,0.0
0.3333333333333333,0.782608695652174,0.0,0.13451382416899638,0.5384615384615385,0.0
0.9166666666666666,0.6956521739130435,0.7435897435897436,0.3453453453453452,0.8461538461538463,0.0
0.7083333333333333,0.6956521739130435,0.6785714285714286,0.22211867039453237,0.9230769230769231,0.0
0.6666666666666666,0.30434782608695654,0.9859154929577464,0.439888164026095,0.42307692307692313,0.0
0.8333333333333333,0.6521739130434783,0.9857142857142858,0.24955990473231848,0.576923076923077,0.0
0.875,0.8695652173913043,0.8507462686567164,0.2454178316247282,0.8076923076923078,0.0
0.625,0.6956521739130435,0.1666666666666666,0.27078802940871904,0.7307692307692308,0.0
0.375,0.26086956521739135,0.981132075471698,0.4007455731593663,0.3846153846153847,0.0
0.9583333333333333,0.34782608695652173,0.9857142857142858,0.24313969141555347,0.46153846153846156,0.0
0.8333333333333333,0.5217391304347826,0.9692307692307692,0.26022574298436385,0.6923076923076924,0.0
0.3333333333333333,0.6086956521739131,0.8666666666666667,0.4982913948431189,0.19230769230769232,0.0
0.41666666666666663,0.782608695652174,0.1,0.2990576783680232,0.42307692307692313,0.0
0.20833333333333331,0.3913043478260869,1.0,0.6435746090918504,0.42307692307692313,0.0
0.41666666666666663,0.21739130434782608,0.9850746268656716,0.2935694315004659,0.2692307692307693,0.0
0.20833333333333331,0.8695652173913043,0.463768115942029,0.5912809361085223,0.2307692307692308,0.0
0.75,0.7391304347826086,0.971830985915493,0.19654136895516194,0.6923076923076924,0.0
0.5,0.6956521739130435,0.9571428571428572,0.4725069897483689,0.34615384615384615,0.0
0.5,0.6956521739130435,0.0,0.44485865175520334,0.34615384615384615,0.0
0.20833333333333331,0.0,1.0,0.7187532359946152,0.07692307692307693,0.05263157894736842
0.3333333333333333,0.8260869565217391,0.015625,0.4556280418349383,0.576923076923077,0.0
0.0,0.4347826086956522,1.0,0.32691312001656825,0.2692307692307693,0.0
0.8333333333333333,0.5652173913043479,0.9821428571428572,0.2136274205239722,0.6538461538461539,0.0
0.7916666666666666,0.8260869565217391,0.0689655172413793,0.7163715439577509,0.6153846153846154,0.0
0.041666666666666664,0.0,1.0,0.24500362431396916,0.0,0.3684210526315789
0.20833333333333331,0.30434782608695654,0.981132075471698,0.3226674950812881,0.2307692307692308,0.0
0.41666666666666663,0.30434782608695654,1.0,0.09671740706223464,0.3846153846153847,0.0
0.6666666666666666,0.5217391304347826,0.9642857142857144,0.461323392357875,0.6923076923076924,0.0
0.75,0.6086956521739131,0.9848484848484848,0.6628352490421456,0.42307692307692313,0.0
0.25,0.8260869565217391,0.0,0.4432018225121672,0.2692307692307693,0.0
0.875,0.34782608695652173,1.0,0.22066894480687582,0.6538461538461539,0.0
0.8333333333333333,0.4782608695652174,0.9824561403508772,0.19509164336750529,0.42307692307692313,0.0
0.375,0.34782608695652173,1.0,0.9400434917676297,0.15384615384615385,0.0
0.29166666666666663,0.08695652173913043,1.0,0.7960028994511754,0.11538461538461539,0.0
0.7916666666666666,0.8260869565217391,0.0,0.41451796624210413,0.5384615384615385,0.0
0.08333333333333333,0.043478260869565216,1.0,0.22998860929895404,0.5384615384615385,0.0
0.8333333333333333,0.5217391304347826,0.974025974025974,0.4156570363466914,0.46153846153846156,0.0
0.375,0.5652173913043479,0.981132075471698,0.2863208035621829,0.3846153846153847,0.05263157894736842
0.29166666666666663,0.26086956521739135,1.0,0.45127886507196835,0.2307692307692308,0.0
0.125,0.08695652173913043,1.0,0.12250181215698452,0.19230769230769232,0.0
0.7916666666666666,0.6521739130434783,0.5571428571428572,0.2744123433778607,0.8076923076923078,0.0
0.5416666666666666,0.21739130434782608,1.0,0.4156570363466914,0.2692307692307693,0.0
0.25,0.34782608695652173,0.981132075471698,0.3331262296779537,0.5384615384615385,0.0
0.41666666666666663,0.3913043478260869,1.0,0.24189706948327638,0.6538461538461539,0.0
0.041666666666666664,0.043478260869565216,1.0,0.6068137102619859,0.038461538461538464,0.15789473684210525
0.08333333333333333,0.043478260869565216,1.0,0.7689758724241484,0.15384615384615385,0.0
0.41666666666666663,0.30434782608695654,0.9827586206896552,0.187118152635394,0.2692307692307693,0.0
0.20833333333333331,0.21739130434782608,1.0,0.4630837734286011,0.15384615384615385,0.0
0.041666666666666664,0.043478260869565216,1.0,0.22833178005591792,0.038461538461538464,0.0
0.7916666666666666,0.4782608695652174,1.0,0.4783058920989953,0.5384615384615385,0.0
0.16666666666666666,0.21739130434782608,1.0,0.6942114528321426,0.19230769230769232,0.0
0.041666666666666664,0.26086956521739135,1.0,0.1670290980635808,0.11538461538461539,0.0
0.41666666666666663,0.5652173913043479,0.9857142857142858,0.6986641814228021,0.5000000000000001,0.0
0.5416666666666666,0.26086956521739135,1.0,0.5504815159987575,0.2692307692307693,0.0
0.29166666666666663,0.17391304347826086,1.0,0.2578440509474992,0.2307692307692308,0.0
0.3333333333333333,0.26086956521739135,1.0,0.13824168996582786,0.46153846153846156,0.0
0.041666666666666664,0.26086956521739135,1.0,0.21062441752096916,0.11538461538461539,0.10526315789473684
0.41666666666666663,0.4782608695652174,1.0,0.3116910013461738,0.3076923076923077,0.0
0.7083333333333333,0.4347826086956522,0.9821428571428572,0.4080977529253391,0.3846153846153847,0.0
0.5,0.34782608695652173,0.9827586206896552,0.554830692761727,0.46153846153846156,0.0
0.25,0.17391304347826086,1.0,0.200476338407373,0.19230769230769232,0.0
0.29166666666666663,0.5217391304347826,1.0,0.6101273687480584,0.6538461538461539,0.0
0.5416666666666666,0.5652173913043479,0.9821428571428572,0.13596354975665315,0.5000000000000001,0.0
0.5416666666666666,0.3913043478260869,0.9859154929577464,0.3312622967795382,0.5000000000000001,0.0
0.41666666666666663,0.4782608695652174,0.9821428571428572,0.2862172517344931,0.8846153846153847,0.0
0.29166666666666663,0.3913043478260869,0.9848484848484848,0.5439577508543025,0.576923076923077,0.0
0.41666666666666663,0.30434782608695654,1.0,0.6701874288081184,0.42307692307692313,0.0
0.5,0.13043478260869565,1.0,0.5197266231748991,0.15384615384615385,0.0
0.20833333333333331,0.043478260869565216,1.0,0.2272962617790203,0.11538461538461539,0.0
0.625,1.0,0.2075471698113207,0.20741431086258666,0.576923076923077,0.0
0.41666666666666663,0.34782608695652173,0.9838709677419356,0.7252770011390701,0.5000000000000001,0.0
0.041666666666666664,0.0,1.0,0.3391322356839598,0.0,0.05263157894736842
0.8333333333333333,0.8260869565217391,0.9333333333333332,0.3803458631044838,1.0,0.0
0.8333333333333333,0.5652173913043479,0.9821428571428572,0.23578751164958056,0.5384615384615385,0.0
0.5,0.26086956521739135,0.9833333333333332,0.22646784715750223,0.34615384615384615,0.0
0.29166666666666663,0.21739130434782608,0.971830985915493,0.5196230713472092,0.2307692307692308,0.0
0.08333333333333333,0.782608695652174,0.0,0.09495702599150879,0.19230769230769232,0.0
0.7083333333333333,0.782608695652174,0.9154929577464788,0.136067101584343,0.5384615384615385,0.0
0.5833333333333333,0.4782608695652174,0.9848484848484848,0.17386351869110483,0.5000000000000001,0.0
0.625,0.13043478260869565,1.0,0.44682613648130887,0.19230769230769232,0.10526315789473684
0.16666666666666666,0.9130434782608696,0.0,0.5787511649580614,0.2307692307692308,0.0
0.125,0.0,1.0,0.3335404369887127,0.038461538461538464,0.05263157894736842
0.25,0.8260869565217391,0.0704225352112676,0.19343481412446917,0.2692307692307693,0.0
0.5833333333333333,0.7391304347826086,0.4225352112676056,0.3260847053950504,0.5384615384615385,0.0
0.8333333333333333,0.8260869565217391,0.15,0.3179041110075592,0.5384615384615385,0.0
0.20833333333333331,0.0,1.0,0.2927410168789478,0.0,0.3684210526315789
0.29166666666666663,0.4347826086956522,1.0,0.33167650409029725,0.5384615384615385,0.0
0.29166666666666663,0.782608695652174,0.0,0.15729522626074344,0.6153846153846154,0.0
0.375,0.17391304347826086,1.0,0.6573470021745884,0.42307692307692313,0.0
0.4583333333333333,0.34782608695652173,0.9859154929577464,0.48027337682510085,0.576923076923077,0.0
0.625,0.6956521739130435,0.9827586206896552,0.33395464429947175,0.576923076923077,0.0
0.41666666666666663,0.34782608695652173,1.0,0.5939732836284559,0.3076923076923077,0.0
0.9583333333333333,0.782608695652174,0.9482758620689656,0.3156259707983845,0.7692307692307693,0.0
0.5416666666666666,0.4347826086956522,0.9871794871794872,0.3366469918194056,0.2307692307692308,0.0
0.5833333333333333,0.4347826086956522,0.9846153846153848,0.3289841565703634,0.576923076923077,0.0
0.16666666666666666,0.21739130434782608,1.0,0.33260847053950504,0.3846153846153847,0.0
0.4583333333333333,0.3913043478260869,1.0,0.5882779331055195,0.34615384615384615,0.0
0.8333333333333333,0.6956521739130435,1.0,0.39515377446411937,0.6153846153846154,0.0
0.375,0.30434782608695654,0.9859154929577464,0.1268509889199545,0.2692307692307693,0.0
0.16666666666666666,0.08695652173913043,1.0,0.47488868178523336,0.038461538461538464,0.10526315789473684
0.29166666666666663,0.21739130434782608,1.0,0.595733664699182,0.19230769230769232,0.0
0.4583333333333333,0.6956521739130435,0.9824561403508772,0.41431086258672467,0.6923076923076924,0.0
0.25,0.26086956521739135,1.0,0.4921818370094233,0.3846153846153847,0.0
0.16666666666666666,0.17391304347826086,1.0,0.2164233198715958,0.19230769230769232,0.0
0.29166666666666663,0.26086956521739135,1.0,0.4094439266853058,0.34615384615384615,0.0
0.041666666666666664,0.13043478260869565,1.0,0.5158952055503778,0.038461538461538464,0.2631578947368421
0.5833333333333333,0.34782608695652173,1.0,0.2782437610023817,0.6153846153846154,0.0
0.375,0.5652173913043479,0.981132075471698,0.3056849953401678,0.5384615384615385,0.0
0.75,0.5652173913043479,0.9714285714285714,0.136067101584343,0.5384615384615385,0.0
0.16666666666666666,0.13043478260869565,1.0,0.3117945531738635,0.15384615384615385,0.0
0.625,0.5652173913043479,1.0,0.3837630734182458,0.5384615384615385,0.05263157894736842
0.08333333333333333,0.043478260869565216,1.0,0.2924303613958785,0.15384615384615385,0.0
0.7916666666666666,0.13043478260869565,1.0,0.6948327637982812,0.038461538461538464,0.05263157894736842
0.9166666666666666,0.7391304347826086,0.8,0.3203893548721133,0.6538461538461539,0.0
0.3333333333333333,0.26086956521739135,1.0,0.6419177798488143,0.15384615384615385,0.0
0.8333333333333333,0.5652173913043479,0.9859154929577464,0.5162058610334472,0.8076923076923078,0.0
0.4583333333333333,0.30434782608695654,0.981132075471698,0.30071450761105933,0.5384615384615385,0.0
0.25,0.26086956521739135,1.0,0.5435435435435434,0.07692307692307693,0.10526315789473684
0.625,0.26086956521739135,0.981132075471698,0.6174795485140312,0.3846153846153847,0.0
0.9166666666666666,1.0,0.173076923076923,0.31997514756135437,0.7692307692307693,0.0
0.5833333333333333,0.6086956521739131,0.9821428571428572,0.6374650512581548,0.8076923076923078,0.0
0.5416666666666666,0.7391304347826086,0.5352112676056338,0.42735839287563415,0.2692307692307693,0.0
0.625,0.4347826086956522,0.9807692307692308,0.2792792792792792,0.576923076923077,0.0
0.8333333333333333,0.5652173913043479,0.9666666666666668,0.19985502744123418,0.8076923076923078,0.0
0.20833333333333331,0.17391304347826086,1.0,0.28259293776535155,0.0,0.3157894736842105
0.08333333333333333,0.043478260869565216,1.0,0.5723309516412964,0.038461538461538464,0.05263157894736842
0.3333333333333333,0.13043478260869565,1.0,0.21880501190846013,0.11538461538461539,0.0
0.08333333333333333,0.043478260869565216,1.0,0.2643678160919539,0.0,0.05263157894736842
0.5833333333333333,0.3913043478260869,0.9827586206896552,0.28331780055917977,0.34615384615384615,0.0
0.375,0.21739130434782608,1.0,0.605571088329709,0.34615384615384615,0.0
0.4583333333333333,0.17391304347826086,1.0,0.730040385212799,0.038461538461538464,0.2631578947368421
0.125,0.782608695652174,0.3424657534246575,0.549756653204929,0.038461538461538464,0.21052631578947367
0.25,0.08695652173913043,1.0,0.6841669255462359,0.3846153846153847,0.0
0.29166666666666663,0.3913043478260869,1.0,0.17427772600186386,0.19230769230769232,0.0
0.29166666666666663,0.21739130434782608,0.9848484848484848,0.32888060474267367,0.34615384615384615,0.0
0.25,0.21739130434782608,0.9857142857142858,0.567774671222947,0.3076923076923077,0.05263157894736842
0.5,0.4347826086956522,1.0,0.4048876462669566,0.3846153846153847,0.0
0.4583333333333333,0.8260869565217391,0.2419354838709677,0.41783162472817637,0.46153846153846156,0.0
0.875,0.8695652173913043,0.358974358974359,0.5533809671740708,0.2307692307692308,0.0
0.08333333333333333,0.043478260869565216,1.0,0.48721134928031473,0.0,0.15789473684210525
0.5833333333333333,0.782608695652174,0.2857142857142857,0.5231438334886611,0.46153846153846156,0.0
0.8333333333333333,0.5217391304347826,0.9767441860465116,0.6283524904214559,0.5384615384615385,0.0
0.5,0.4347826086956522,0.9871794871794872,0.27845086465776114,0.6538461538461539,0.0
0.41666666666666663,0.5217391304347826,1.0,0.24624624624624625,0.6923076923076924,0.0
0.25,0.08695652173913043,1.0,0.4688826757792275,0.2307692307692308,0.0
0.375,0.21739130434782608,1.0,0.331780055917987,0.2307692307692308,0.0
0.125,0.043478260869565216,1.0,0.48493320907114024,0.038461538461538464,0.10526315789473684
0.3333333333333333,0.30434782608695654,1.0,0.2521487004245624,0.5000000000000001,0.0
0.5,0.34782608695652173,1.0,0.5785440613026822,0.2692307692307693,0.0
0.3333333333333333,0.26086956521739135,1.0,0.2855959407683545,0.0,0.5789473684210527
0.5833333333333333,0.08695652173913043,1.0,0.29501915708812254,0.2692307692307693,0.0
0.8333333333333333,0.08695652173913043,1.0,0.2933623278450864,0.2307692307692308,0.0
0.20833333333333331,0.08695652173913043,1.0,0.2272962617790203,0.11538461538461539,0.10526315789473684
0.41666666666666663,0.3913043478260869,1.0,0.3732007869938905,0.34615384615384615,0.0
0.4583333333333333,0.0,1.0,0.5483069276172723,0.0,0.05263157894736842
0.7916666666666666,0.30434782608695654,1.0,0.3651237444340891,0.19230769230769232,0.0
0.29166666666666663,0.4782608695652174,0.9859154929577464,0.13969141555348452,0.5000000000000001,0.0
0.0,0.782608695652174,0.6724137931034483,0.2998860929895413,0.7307692307692308,0.0
0.5416666666666666,0.8695652173913043,0.0892857142857142,0.4842083462773119,0.42307692307692313,0.0
0.8333333333333333,0.17391304347826086,1.0,0.7135756446101273,0.3846153846153847,0.0
0.625,0.6086956521739131,0.8863636363636364,0.2853888371129749,0.8076923076923078,0.0
0.29166666666666663,0.782608695652174,0.0465116279069767,0.49176762969866417,0.5000000000000001,0.0
0.4583333333333333,0.8260869565217391,0.0,0.6019467743605675,0.42307692307692313,0.0
0.041666666666666664,0.0,1.0,0.5430257844050947,0.038461538461538464,0.42105263157894735
0.7916666666666666,0.4347826086956522,1.0,0.30930930930930944,0.2307692307692308,0.0
0.9166666666666666,0.8260869565217391,0.9859154929577464,0.49487418452935694,0.46153846153846156,0.0
0.7916666666666666,0.4782608695652174,0.9622641509433962,0.7108832970901935,0.8076923076923078,0.0
0.125,0.08695652173913043,1.0,0.27213420316868564,0.038461538461538464,0.05263157894736842
0.5416666666666666,1.0,0.0,0.24748886817852334,0.42307692307692313,0.0
0.25,1.0,0.0,0.1504608056332194,0.5000000000000001,0.0
0.75,0.26086956521739135,1.0,0.4599772185979083,0.46153846153846156,0.0
0.5833333333333333,0.6956521739130435,0.0,0.45987366677021857,0.0,0.3157894736842105
0.6666666666666666,0.26086956521739135,1.0,0.6440923682302993,0.2307692307692308,0.0
0.25,0.21739130434782608,1.0,0.31666148907528213,0.3076923076923077,0.0
0.3333333333333333,0.30434782608695654,0.987012987012987,0.31997514756135437,0.19230769230769232,0.0
0.29166666666666663,0.26086956521739135,0.9859154929577464,0.3780677228953091,0.19230769230769232,0.0
0.7083333333333333,0.5217391304347826,1.0,0.37599668634151384,0.3076923076923077,0.05263157894736842
0.08333333333333333,0.17391304347826086,1.0,0.30330330330330335,0.42307692307692313,0.0
0.16666666666666666,0.13043478260869565,1.0,0.4131717924821372,0.11538461538461539,0.05263157894736842
0.9166666666666666,0.26086956521739135,1.0,0.6667702184943565,0.3846153846153847,0.0
0.125,0.17391304347826086,1.0,0.32629180905042965,0.15384615384615385,0.0
0.875,0.782608695652174,0.981132075471698,0.2725484104794451,0.7692307692307693,0.0
0.8333333333333333,0.6956521739130435,0.6027397260273972,0.4584239411825619,0.6538461538461539,0.0
0.25,0.7391304347826086,0.5,0.5847571709640673,0.6538461538461539,0.0
0.625,0.782608695652174,0.7192982456140351,0.12695454074764412,0.5384615384615385,0.0
0.625,0.8695652173913043,0.0144927536231884,0.6856166511338926,0.46153846153846156,0.0
0.041666666666666664,0.0,1.0,0.5187946567256911,0.038461538461538464,0.3157894736842105
0.3333333333333333,0.9565217391304348,0.2909090909090909,0.36491664077870967,0.3076923076923077,0.0
0.16666666666666666,0.08695652173913043,1.0,0.46784715750232997,0.15384615384615385,0.0
0.41666666666666663,0.7391304347826086,0.0,0.5528632080356217,0.6923076923076924,0.0
0.75,0.26086956521739135,1.0,0.43812778295536914,0.3076923076923077,0.0
0.6666666666666666,0.4782608695652174,1.0,0.6405716060888476,0.7307692307692308,0.0
0.20833333333333331,0.13043478260869565,1.0,0.4526250388319353,0.07692307692307693,0.15789473684210525
0.8333333333333333,0.26086956521739135,1.0,0.13969141555348452,0.5384615384615385,0.0
0.41666666666666663,0.3913043478260869,1.0,0.23599461530496013,0.46153846153846156,0.0
0.625,0.782608695652174,0.6885245901639344,0.46142694418556496,0.5000000000000001,0.0
0.41666666666666663,0.21739130434782608,1.0,0.6331158744951848,0.11538461538461539,0.0
0.41666666666666663,0.17391304347826086,1.0,0.7165786476131304,0.2692307692307693,0.0
0.625,0.6521739130434783,0.9833333333333332,0.2538055296675986,0.6538461538461539,0.0
0.5,0.30434782608695654,1.0,0.22771046908977932,0.6153846153846154,0.0
0.041666666666666664,0.043478260869565216,1.0,0.2712022367194781,0.19230769230769232,0.05263157894736842
0.5833333333333333,0.21739130434782608,1.0,0.7016671844258051,0.5000000000000001,0.0
0.20833333333333331,0.043478260869565216,1.0,0.7571709640675159,0.038461538461538464,0.10526315789473684
0.041666666666666664,0.5652173913043479,0.6226415094339622,0.3605674640157397,0.07692307692307693,0.0
0.20833333333333331,0.782608695652174,0.2830188679245283,0.612923268095682,0.038461538461538464,0.10526315789473684
0.7083333333333333,0.7391304347826086,0.9857142857142858,0.6801284042663351,0.6923076923076924,0.0
0.08333333333333333,0.043478260869565216,1.0,0.4115149632391013,0.19230769230769232,0.10526315789473684
0.25,0.13043478260869565,1.0,0.6875841358599981,0.11538461538461539,0.0
0.3333333333333333,0.3913043478260869,0.8493150684931506,0.5125815470643056,0.3846153846153847,0.0
0.4583333333333333,0.782608695652174,0.9642857142857144,0.3627420523972247,0.576923076923077,0.0
0.6666666666666666,0.6956521739130435,0.9772727272727272,0.2483172828000414,0.8076923076923078,0.0
0.5,0.30434782608695654,1.0,0.37402920161540854,0.34615384615384615,0.0
0.41666666666666663,0.4347826086956522,0.981132075471698,0.693590141866004,0.576923076923077,0.0
0.41666666666666663,0.3913043478260869,1.0,0.5975975975975976,0.34615384615384615,0.0
0.16666666666666666,0.34782608695652173,0.9722222222222222,0.6369472921197059,0.42307692307692313,0.0
0.8333333333333333,0.8695652173913043,0.981132075471698,0.09858133996065033,0.8846153846153847,0.0
0.375,0.26086956521739135,1.0,0.7222739981360673,0.34615384615384615,0.0
0.041666666666666664,0.043478260869565216,1.0,0.34575955265610436,0.0,0.21052631578947367
0.6666666666666666,0.6086956521739131,1.0,0.15480998239618926,0.5000000000000001,0.0
0.25,0.17391304347826086,1.0,0.4826550688619655,0.07692307692307693,0.05263157894736842
0.5833333333333333,0.5217391304347826,1.0,0.3459666563114838,0.6923076923076924,0.0
0.625,0.3913043478260869,1.0,0.2986434710572642,0.34615384615384615,0.0
0.7083333333333333,0.8695652173913043,0.660377358490566,0.6838562700631665,0.46153846153846156,0.0
0.29166666666666663,0.26086956521739135,1.0,0.8516102309205758,0.3846153846153847,0.0
0.16666666666666666,0.4347826086956522,1.0,0.24034379206793,0.07692307692307693,0.05263157894736842
0.041666666666666664,0.043478260869565216,1.0,0.5530703116910014,0.038461538461538464,0.0
0.5,0.17391304347826086,1.0,0.3799316557937249,0.3076923076923077,0.0
0.08333333333333333,0.13043478260869565,1.0,0.3226674950812881,0.11538461538461539,0.10526315789473684
0.08333333333333333,0.8260869565217391,0.1549295774647887,0.2007869938904422,0.7307692307692308,0.0
0.5,0.17391304347826086,1.0,0.5816506161333745,0.19230769230769232,0.10526315789473684
0.4583333333333333,0.4347826086956522,1.0,0.5983224603914259,0.42307692307692313,0.0
0.25,0.3913043478260869,0.9824561403508772,0.6251423837630734,0.15384615384615385,0.0
0.5416666666666666,0.5652173913043479,0.9833333333333332,0.33737185461323393,0.7692307692307693,0.0
0.5,0.26086956521739135,1.0,0.2748265506886197,0.46153846153846156,0.0
0.75,0.6521739130434783,0.4464285714285714,0.7022884953919437,0.11538461538461539,0.0
0.75,0.9565217391304348,0.3661971830985915,0.3504193849021433,0.6923076923076924,0.0
0.7916666666666666,0.8260869565217391,0.1428571428571428,0.27234130682406543,0.7307692307692308,0.0
0.8333333333333333,0.6956521739130435,1.0,0.22129025577301442,0.7692307692307693,0.0
0.625,0.3913043478260869,0.9701492537313432,0.33198715957336633,0.576923076923077,0.0
0.5,0.782608695652174,0.9454545454545454,0.2576369472921196,0.5000000000000001,0.0
0.29166666666666663,0.21739130434782608,1.0,0.3156259707983845,0.2307692307692308,0.0
0.625,0.8260869565217391,0.2051282051282051,0.15708812260536387,0.15384615384615385,0.0
0.5416666666666666,0.34782608695652173,1.0,0.11504608056332188,0.5000000000000001,0.0
0.16666666666666666,0.13043478260869565,1.0,0.38749093921507716,0.2692307692307693,0.0
0.08333333333333333,0.08695652173913043,1.0,0.5111318214766489,0.07692307692307693,0.05263157894736842
0.20833333333333331,0.30434782608695654,1.0,0.35207621414517964,0.2307692307692308,0.0
0.625,0.3913043478260869,1.0,0.3653308480894688,0.42307692307692313,0.0
0.625,0.8260869565217391,0.5857142857142857,0.4101687894791344,0.7307692307692308,0.0
0.41666666666666663,0.6086956521739131,0.8867924528301887,0.3337475406440924,0.2692307692307693,0.0
0.875,0.9130434782608696,0.9821428571428572,0.4621518069793933,0.8461538461538463,0.0
0.6666666666666666,0.34782608695652173,1.0,0.2562907735321528,0.34615384615384615,0.0
0.7083333333333333,0.4782608695652174,0.9807692307692308,0.719374546960754,0.5384615384615385,0.0
0.25,0.782608695652174,0.5849056603773585,0.8951019985502746,0.3076923076923077,0.0
0.41666666666666663,0.30434782608695654,0.9833333333333332,0.15698457077767414,0.46153846153846156,0.0
0.4583333333333333,0.5217391304347826,1.0,0.5168271719995856,0.15384615384615385,0.0
0.8333333333333333,0.6521739130434783,1.0,0.6830278554416485,0.6923076923076924,0.0
0.75,0.4347826086956522,1.0,0.3858341099720408,0.576923076923077,0.0
0.20833333333333331,0.21739130434782608,1.0,0.3927720824272549,0.3076923076923077,0.0
0.5416666666666666,0.9130434782608696,0.2909090909090909,0.3264989127058092,0.3846153846153847,0.0
0.375,0.17391304347826086,1.0,0.3669876773325049,0.15384615384615385,0.0
0.3333333333333333,0.6956521739130435,0.0357142857142857,0.5695350522936731,0.46153846153846156,0.0
0.041666666666666664,0.0,1.0,0.6092989541265403,0.0,0.47368421052631576
0.5416666666666666,0.5217391304347826,0.9545454545454546,0.410686548617583,0.6923076923076924,0.0
0.375,0.30434782608695654,1.0,0.32825929377653507,0.42307692307692313,0.0
0.625,0.26086956521739135,0.9701492537313432,0.47447447447447444,0.5000000000000001,0.0
0.375,0.5217391304347826,0.984126984126984,0.659210935073004,0.5000000000000001,0.0
0.7083333333333333,0.4347826086956522,0.9859154929577464,0.116702909806358,0.5384615384615385,0.0
0.16666666666666666,0.08695652173913043,1.0,0.17106761934348136,0.11538461538461539,0.10526315789473684
0.125,0.17391304347826086,1.0,0.4245624935280108,0.15384615384615385,0.0
0.7083333333333333,0.4782608695652174,1.0,0.8639328984156571,0.6538461538461539,0.0
0.4583333333333333,0.4347826086956522,1.0,0.5327741534638086,0.6153846153846154,0.0
0.9166666666666666,0.5217391304347826,0.8928571428571429,0.3027855441648545,0.7692307692307693,0.0
0.5,0.30434782608695654,1.0,0.2518380449414932,0.42307692307692313,0.0
0.41666666666666663,0.6521739130434783,0.2753623188405797,0.3127265196230713,0.34615384615384615,0.0
0.041666666666666664,0.08695652173913043,1.0,0.6585896241068654,0.038461538461538464,0.0
0.5833333333333333,0.9565217391304348,0.2666666666666666,0.8212695454074763,0.576923076923077,0.0
0.625,0.17391304347826086,1.0,0.6254530392461428,0.5384615384615385,0.0
0.9583333333333333,0.782608695652174,0.9615384615384616,0.34120327223775493,0.7307692307692308,0.0
0.9166666666666666,0.5652173913043479,0.9814814814814816,0.44102723413068246,0.7307692307692308,0.0
0.6666666666666666,0.3913043478260869,1.0,0.567878223050637,0.2692307692307693,0.05263157894736842
0.9583333333333333,0.9565217391304348,0.5084745762711864,0.6897587242414829,0.8846153846153847,0.0
0.3333333333333333,0.21739130434782608,1.0,0.33519726623174895,0.19230769230769232,0.0
0.7083333333333333,0.6956521739130435,0.9298245614035088,0.535570052811432,0.3076923076923077,0.0
0.41666666666666663,0.17391304347826086,1.0,0.35497566532049296,0.2307692307692308,0.0
0.5416666666666666,0.21739130434782608,1.0,0.14849332090711398,0.19230769230769232,0.0
0.375,0.6086956521739131,0.9827586206896552,0.3127265196230713,0.46153846153846156,0.0
0.16666666666666666,0.782608695652174,0.3870967741935484,0.5607331469400434,0.0,0.10526315789473684
0.5,0.30434782608695654,1.0,0.4982913948431189,0.5000000000000001,0.0
0.6666666666666666,0.4347826086956522,0.9833333333333332,0.3663663663663663,0.3076923076923077,0.0
0.41666666666666663,0.9130434782608696,0.1923076923076923,0.5654965310137723,0.6153846153846154,0.0
0.6666666666666666,0.7391304347826086,0.981132075471698,0.10334472403437922,0.6153846153846154,0.0
0.375,0.21739130434782608,0.9833333333333332,0.2544268406337371,0.2307692307692308,0.0
0.08333333333333333,0.8695652173913043,0.2166666666666666,0.44558351454903167,0.038461538461538464,0.21052631578947367
0.6666666666666666,0.6521739130434783,0.9642857142857144,0.19436678057367707,0.6923076923076924,0.0
0.625,0.3913043478260869,1.0,0.7474370922646787,0.15384615384615385,0.0
0.4583333333333333,0.26086956521739135,1.0,0.27876152014083033,0.34615384615384615,0.0
0.29166666666666663,0.21739130434782608,1.0,0.3175934555244899,0.2307692307692308,0.0
0.0,0.7391304347826086,1.0,0.9233716475095783,0.6153846153846154,0.0
0.41666666666666663,0.3913043478260869,1.0,0.3492803147975563,0.3076923076923077,0.0
0.75,0.7391304347826086,0.935483870967742,0.709847778813296,0.5000000000000001,0.0
0.5,0.26086956521739135,1.0,0.7298332815574196,0.19230769230769232,0.0
0.625,0.4782608695652174,0.9857142857142858,0.530081805943875,0.34615384615384615,0.0
0.7916666666666666,0.6086956521739131,1.0,0.3475199337268302,0.6923076923076924,0.0
0.5416666666666666,0.5217391304347826,0.981132075471698,0.18918918918918914,0.5000000000000001,0.0
0.20833333333333331,0.8260869565217391,0.981132075471698,0.42518380449414916,0.8461538461538463,0.0
0.16666666666666666,0.08695652173913043,1.0,0.23454488971730325,0.11538461538461539,0.10526315789473684
0.041666666666666664,0.0,1.0,0.46329087708398053,0.0,0.3684210526315789
0.29166666666666663,0.7391304347826086,0.3859649122807017,0.45925235580407997,0.3846153846153847,0.0
0.8333333333333333,0.7391304347826086,0.9833333333333332,0.5133064098581339,0.7307692307692308,0.0
0.041666666666666664,0.043478260869565216,1.0,0.4067515791653722,0.07692307692307693,0.10526315789473684
0.75,0.6956521739130435,0.9705882352941176,0.20171896033964998,0.7307692307692308,0.0
0.8333333333333333,0.26086956521739135,1.0,0.5519312415864142,0.42307692307692313,0.0
0.41666666666666663,0.8695652173913043,0.0694444444444444,0.48317282800041417,0.3076923076923077,0.0
0.25,0.21739130434782608,1.0,0.21952987470228846,0.19230769230769232,0.0
0.375,0.782608695652174,0.0,0.2133167650409028,0.576923076923077,0.0
0.4583333333333333,0.4347826086956522,1.0,0.5610438024231128,0.46153846153846156,0.0
0.41666666666666663,0.8695652173913043,0.0,0.25991508750129433,0.34615384615384615,0.0
0.6666666666666666,0.3913043478260869,1.0,0.14114114114114107,0.5000000000000001,0.0
0.5,0.4782608695652174,0.9857142857142858,0.419281350315833,0.6153846153846154,0.0
0.625,0.8695652173913043,0.0,0.5954230092161126,0.34615384615384615,0.0
0.25,0.6086956521739131,0.5714285714285714,0.412861136999068,0.8461538461538463,0.0
0.5,0.6086956521739131,0.8222222222222222,0.26095060577819185,0.5384615384615385,0.0
0.5833333333333333,0.26086956521739135,1.0,0.32753443098270674,0.3846153846153847,0.0
0.7916666666666666,0.782608695652174,0.352112676056338,0.08398053225639424,0.6923076923076924,0.0
0.4583333333333333,0.3913043478260869,1.0,0.21342031686859264,0.7692307692307693,0.0
0.75,0.9130434782608696,0.0,0.43916330123226666,0.34615384615384615,0.0
0.041666666666666664,0.0,1.0,0.2747229988609299,0.0,0.3157894736842105
0.7083333333333333,0.782608695652174,0.9859154929577464,0.29439784612198394,0.7307692307692308,0.0
0.29166666666666663,0.21739130434782608,1.0,0.3034068551309931,0.19230769230769232,0.0
0.41666666666666663,0.34782608695652173,1.0,0.2744123433778607,0.6923076923076924,0.0
0.041666666666666664,0.0,1.0,0.28808118463290866,0.038461538461538464,0.21052631578947367
0.6666666666666666,0.3913043478260869,1.0,0.6455420938179559,0.5000000000000001,0.0
0.041666666666666664,0.0,1.0,0.6089882986434711,0.0,0.2631578947368421
0.375,0.34782608695652173,1.0,0.4156570363466914,0.6153846153846154,0.0
0.625,0.6956521739130435,0.9827586206896552,0.3385109247178212,0.6538461538461539,0.0
0.0,0.7391304347826086,1.0,0.6993890442166304,0.5000000000000001,0.0
0.16666666666666666,0.13043478260869565,1.0,0.40499119809464634,0.19230769230769232,0.10526315789473684
0.125,0.043478260869565216,1.0,0.16299057678368012,0.07692307692307693,0.0
0.20833333333333331,0.13043478260869565,1.0,0.7310759034896965,0.15384615384615385,0.0
1.0,0.9565217391304348,0.8695652173913043,0.6839598218908565,0.8461538461538463,0.0
0.7916666666666666,0.6521739130434783,0.971830985915493,0.1604017810914362,0.7307692307692308,0.0
0.3333333333333333,0.4782608695652174,1.0,0.6030858444651548,0.2692307692307693,0.0
0.875,0.6956521739130435,0.9772727272727272,0.29253391322356836,0.8846153846153847,0.0
0.5833333333333333,0.0,1.0,0.28197162679921295,0.0,0.47368421052631576
0.29166666666666663,0.21739130434782608,0.9848484848484848,0.308170239204722,0.3076923076923077,0.0
0.125,0.043478260869565216,1.0,0.7557212384798593,0.038461538461538464,0.10526315789473684
0.5416666666666666,0.30434782608695654,1.0,0.8436367401884644,0.42307692307692313,0.0
0.29166666666666663,0.0,1.0,0.4794449622035828,0.038461538461538464,0.10526315789473684
0.041666666666666664,0.0,1.0,0.5468572020296161,0.0,0.21052631578947367
0.5833333333333333,0.17391304347826086,1.0,0.6972144558351454,0.42307692307692313,0.0
0.6666666666666666,0.782608695652174,0.9622641509433962,0.25173449311380336,0.6538461538461539,0.0
0.125,0.9130434782608696,0.0,0.5693279486382934,0.34615384615384615,0.0
0.3333333333333333,0.26086956521739135,1.0,0.4535570052811433,0.3076923076923077,0.0
0.5833333333333333,0.4347826086956522,1.0,0.20989955472714095,0.46153846153846156,0.0
0.29166666666666663,0.08695652173913043,1.0,0.19913016464740585,0.07692307692307693,0.0
0.16666666666666666,0.0,1.0,0.47768458113285694,0.11538461538461539,0.05263157894736842
0.6666666666666666,0.6086956521739131,0.9848484848484848,0.3937040488764627,0.6153846153846154,0.0
0.7083333333333333,0.6521739130434783,0.6857142857142857,0.3053743398570985,0.8076923076923078,0.0
0.5,0.6956521739130435,0.981132075471698,0.14838976907942414,0.5000000000000001,0.0
0.7083333333333333,0.4347826086956522,1.0,0.3539401470435952,0.6923076923076924,0.0
0.4583333333333333,0.3913043478260869,0.9857142857142858,0.550274412343378,0.5384615384615385,0.0
0.7083333333333333,0.6521739130434783,0.88,0.6419177798488143,0.42307692307692313,0.0
0.125,0.043478260869565216,1.0,0.38179558869214025,0.038461538461538464,0.0
0.5,0.3913043478260869,0.9827586206896552,0.28777052914983947,0.3846153846153847,0.05263157894736842
0.6666666666666666,0.6086956521739131,0.971830985915493,0.25142383763073417,0.7307692307692308,0.0
0.041666666666666664,0.6521739130434783,0.8055555555555556,0.5310137723930828,0.0,0.2631578947368421
0.7083333333333333,0.6956521739130435,1.0,0.3730972351662005,0.7307692307692308,0.0
0.75,0.4782608695652174,0.971830985915493,0.5020192606399503,0.6153846153846154,0.0
0.20833333333333331,0.13043478260869565,1.0,0.40188464326395357,0.34615384615384615,0.0
0.5416666666666666,0.5652173913043479,0.8076923076923077,0.13730972351662007,0.42307692307692313,0.0
0.20833333333333331,0.08695652173913043,1.0,0.6396396396396395,0.11538461538461539,0.0
0.41666666666666663,0.6086956521739131,0.4038461538461538,0.3235994615304959,0.2307692307692308,0.0
0.625,0.3913043478260869,0.9827586206896552,0.4366780573677125,0.34615384615384615,0.0
0.20833333333333331,0.17391304347826086,1.0,0.23226674950812887,0.2692307692307693,0.0
0.041666666666666664,0.0,1.0,0.6829243036139587,0.038461538461538464,0.05263157894736842
0.5416666666666666,0.8260869565217391,0.0,0.20130475302889095,0.3076923076923077,0.0
0.625,0.782608695652174,0.375,0.21683752718235483,0.6923076923076924,0.0
0.75,0.6086956521739131,0.9714285714285714,0.20151185668427052,0.576923076923077,0.0
0.625,0.5652173913043479,0.981132075471698,0.6874805840323082,0.6538461538461539,0.0
0.29166666666666663,0.3913043478260869,1.0,0.3478305892098994,0.46153846153846156,0.0
0.041666666666666664,0.043478260869565216,1.0,0.40084912498705605,0.11538461538461539,0.0
0.4583333333333333,0.4347826086956522,0.9552238805970148,0.35849642746194466,0.34615384615384615,0.0
0.0,1.0,0.0,0.14683649166407786,0.5384615384615385,0.0
0.041666666666666664,0.0,1.0,0.5662213938076008,0.038461538461538464,0.15789473684210525
0.41666666666666663,0.782608695652174,0.6818181818181818,0.6558972765869318,0.42307692307692313,0.0
0.16666666666666666,0.17391304347826086,1.0,0.4238376307341827,0.15384615384615385,0.0
0.625,0.4347826086956522,1.0,0.20265092678885777,0.34615384615384615,0.0
0.25,0.13043478260869565,1.0,0.20544682613648124,0.2307692307692308,0.0
0.4583333333333333,0.21739130434782608,1.0,0.3481412446929688,0.576923076923077,0.0
0.25,0.13043478260869565,1.0,0.38904421663042354,0.2307692307692308,0.0
0.5,0.782608695652174,0.6818181818181818,0.48089468779123945,0.7307692307692308,0.0
0.041666666666666664,0.08695652173913043,1.0,0.25774049911980934,0.0,0.47368421052631576
0.29166666666666663,0.043478260869565216,1.0,0.46598322460391417,0.3076923076923077,0.0
0.75,0.3913043478260869,1.0,0.19540229885057459,0.3076923076923077,0.0
0.041666666666666664,0.0,1.0,0.3331262296779537,0.0,0.42105263157894735
0.41666666666666663,0.21739130434782608,1.0,0.28393911152531837,0.19230769230769232,0.0
0.5416666666666666,0.6521739130434783,0.9859154929577464,0.5436470953712333,0.6538461538461539,0.0
0.7083333333333333,0.6956521739130435,0.9857142857142858,0.3366469918194056,0.6923076923076924,0.0
0.7083333333333333,0.6086956521739131,0.9848484848484848,0.23102412757585178,0.6153846153846154,0.0
0.25,0.13043478260869565,1.0,0.36284560422491463,0.19230769230769232,0.0
0.5416666666666666,0.30434782608695654,0.961038961038961,0.7665941803872838,0.5000000000000001,0.0
0.125,0.782608695652174,0.0,0.8054261157709433,0.07692307692307693,0.0
0.7083333333333333,0.5652173913043479,0.9859154929577464,0.23785854820337582,0.576923076923077,0.0
0.8333333333333333,0.5652173913043479,0.9743589743589745,0.15729522626074344,0.7692307692307693,0.0
0.5416666666666666,0.6521739130434783,0.9857142857142858,0.4676400538469503,0.3846153846153847,0.0
0.25,0.08695652173913043,1.0,0.6156156156156156,0.11538461538461539,0.05263157894736842
0.25,0.17391304347826086,1.0,0.4396810603707155,0.15384615384615385,0.0
0.5,0.7391304347826086,0.0,0.5154809982396189,0.6923076923076924,0.0
0.25,0.8260869565217391,0.0,0.40188464326395357,0.11538461538461539,0.05263157894736842
0.25,0.30434782608695654,0.987012987012987,0.4026095060577817,0.34615384615384615,0.0
0.16666666666666666,0.13043478260869565,1.0,0.43139691415553494,0.15384615384615385,0.0
0.75,0.6086956521739131,0.6363636363636364,0.2346484415449933,0.7307692307692308,0.0
0.041666666666666664,0.08695652173913043,1.0,0.23495909702806228,0.0,0.21052631578947367
0.6666666666666666,0.34782608695652173,0.9827586206896552,0.11069690380035191,0.3076923076923077,0.0
0.625,0.30434782608695654,0.981132075471698,0.4760277518898208,0.2307692307692308,0.0
0.20833333333333331,0.043478260869565216,1.0,0.7233095164129648,0.038461538461538464,0.0
0.125,0.17391304347826086,1.0,0.3516620068344207,0.19230769230769232,0.0
0.625,0.5217391304347826,0.9838709677419356,0.43491767629698663,0.34615384615384615,0.0
0.3333333333333333,0.21739130434782608,1.0,0.8271719995857927,0.3076923076923077,0.0
0.041666666666666664,0.0,1.0,0.45065755410582997,0.038461538461538464,0.2631578947368421
0.25,0.21739130434782608,1.0,0.5425080252666459,0.2307692307692308,0.0
0.08333333333333333,0.043478260869565216,1.0,0.4683649166407786,0.0,0.5263157894736842
0.625,0.6956521739130435,0.6037735849056604,0.15770943357150247,0.576923076923077,0.0
0.125,0.5652173913043479,0.9411764705882352,0.42414828621725165,0.11538461538461539,0.0
0.41666666666666663,0.17391304347826086,1.0,0.5602153878015947,0.038461538461538464,0.10526315789473684
0.9583333333333333,0.9130434782608696,0.9642857142857144,0.5007766387076731,0.8461538461538463,0.0
0.375,0.6521739130434783,0.9833333333333332,0.38521279900590244,0.5384615384615385,0.05263157894736842
0.4583333333333333,0.9130434782608696,0.0,0.6253494874184529,0.2692307692307693,0.0
0.75,0.26086956521739135,0.981132075471698,0.15191053122087594,0.46153846153846156,0.0
0.7083333333333333,0.5217391304347826,1.0,0.27493010251630934,0.5384615384615385,0.0
0.25,0.13043478260869565,1.0,0.5129957543750647,0.0,0.2631578947368421
0.75,0.6521739130434783,0.9818181818181818,0.4026095060577817,0.7692307692307693,0.0
0.041666666666666664,0.0,1.0,0.3937040488764627,0.07692307692307693,0.10526315789473684
0.9166666666666666,0.6086956521739131,0.9848484848484848,0.4432018225121672,0.7307692307692308,0.0
0.625,0.30434782608695654,0.9859154929577464,0.7319043181112146,0.5000000000000001,0.0
0.041666666666666664,0.043478260869565216,1.0,0.46329087708398053,0.038461538461538464,0.10526315789473684
0.625,0.4347826086956522,1.0,0.21290255773014388,0.3846153846153847,0.0
0.7916666666666666,0.5217391304347826,0.9622641509433962,0.710676193434814,0.7692307692307693,0.0
0.0,0.6956521739130435,0.9859154929577464,0.41400020710365526,0.7307692307692308,0.0
0.16666666666666666,0.13043478260869565,1.0,0.3943253598426013,0.038461538461538464,0.0
0.4583333333333333,0.6956521739130435,0.0178571428571428,0.27658693175934557,0.3846153846153847,0.0
0.5416666666666666,0.782608695652174,0.8823529411764706,0.3187325256290773,0.34615384615384615,0.0
0.125,0.043478260869565216,1.0,0.4274619447033241,0.0,0.05263157894736842
0.16666666666666666,0.21739130434782608,1.0,0.6299057678368023,0.2692307692307693,0.0
0.625,0.6086956521739131,0.981132075471698,0.17231024127575845,0.42307692307692313,0.0
0.5,0.7391304347826086,0.8032786885245902,0.8501605053329191,0.46153846153846156,0.0
0.7083333333333333,0.9130434782608696,0.0714285714285714,0.16029822926374637,0.6153846153846154,0.0
0.7916666666666666,0.4782608695652174,1.0,0.2225328777052914,0.6153846153846154,0.0
0.8333333333333333,0.6521739130434783,0.9642857142857144,0.24976700838769794,0.6538461538461539,0.0
0.7083333333333333,0.3913043478260869,1.0,0.27296261779020403,0.6923076923076924,0.0
0.41666666666666663,0.34782608695652173,1.0,0.5560733146940045,0.5384615384615385,0.0
0.5833333333333333,0.7391304347826086,0.7678571428571429,0.25774049911980934,0.6538461538461539,0.0
0.5833333333333333,0.30434782608695654,1.0,0.13441027234130676,0.2692307692307693,0.0
0.3333333333333333,0.782608695652174,0.25,0.6863415139277209,0.576923076923077,0.0
0.16666666666666666,0.13043478260869565,1.0,0.6716371543957751,0.11538461538461539,0.0
0.5,0.4782608695652174,0.9722222222222222,0.20420420420420415,0.5000000000000001,0.0
0.16666666666666666,0.13043478260869565,1.0,0.5004659832246039,0.15384615384615385,0.10526315789473684
0.041666666666666664,0.782608695652174,0.2714285714285714,0.22553588070829445,0.038461538461538464,0.10526315789473684
0.75,0.6086956521739131,0.9807692307692308,0.3481412446929688,0.7692307692307693,0.0
0.5,0.6521739130434783,0.5774647887323944,0.13151082116599355,0.3846153846153847,0.0
0.6666666666666666,0.34782608695652173,1.0,0.3987780884332608,0.42307692307692313,0.0
0.9166666666666666,0.5652173913043479,0.981132075471698,0.503054778916848,0.42307692307692313,0.0
0.20833333333333331,0.08695652173913043,1.0,0.2093817955886922,0.15384615384615385,0.0
0.75,0.5652173913043479,0.9818181818181818,0.21383452417935167,0.6538461538461539,0.0
0.08333333333333333,0.043478260869565216,1.0,0.20948534741638192,0.07692307692307693,0.05263157894736842
0.5416666666666666,0.26086956521739135,1.0,0.22367194780987876,0.3846153846153847,0.0
0.5416666666666666,0.5652173913043479,0.9859154929577464,0.21404162783473124,0.6153846153846154,0.0
0.4583333333333333,0.7391304347826086,0.8666666666666667,0.6512374443408928,0.2307692307692308,0.0
0.7916666666666666,0.4347826086956522,0.9859154929577464,0.20389354872113497,0.7692307692307693,0.0
0.20833333333333331,0.8695652173913043,0.7285714285714285,0.32794863829346577,0.07692307692307693,0.10526315789473684
0.08333333333333333,0.0,1.0,0.6416071243657451,0.0,0.2631578947368421
0.125,0.0,1.0,0.39929584757170966,0.0,0.3157894736842105
0.4583333333333333,0.6521739130434783,0.9701492537313432,0.7385316350833591,0.2692307692307693,0.0
0.5,0.6956521739130435,0.3846153846153846,0.5821683752718236,0.2692307692307693,0.0
0.6666666666666666,0.4347826086956522,1.0,0.17520969245107176,0.42307692307692313,0.0
0.08333333333333333,0.26086956521739135,1.0,0.4453764108936522,0.038461538461538464,0.10526315789473684
0.625,0.782608695652174,0.0,0.7421559490525007,0.3076923076923077,0.0
0.08333333333333333,0.0,1.0,0.8153670912291604,0.07692307692307693,0.05263157894736842
0.29166666666666663,0.9130434782608696,0.0178571428571428,0.44351247799523663,0.3076923076923077,0.0
0.375,0.34782608695652173,1.0,0.5099927513720617,0.34615384615384615,0.0
0.25,0.26086956521739135,1.0,0.2872527700113906,0.2307692307692308,0.0
0.8333333333333333,0.6086956521739131,0.9859154929577464,0.6370508439473956,0.6153846153846154,0.0
0.16666666666666666,0.5217391304347826,0.7321428571428571,0.15294604949777357,0.2307692307692308,0.0
0.041666666666666664,0.0,1.0,0.3208035621828723,0.0,0.15789473684210525
0.8333333333333333,0.5652173913043479,0.95,0.20979600289945122,0.7307692307692308,0.0
0.5,0.5652173913043479,0.9824561403508772,0.7077767422595007,0.5000000000000001,0.0
0.125,0.34782608695652173,0.9859154929577464,0.580718649684167,0.0,0.47368421052631576
0.75,0.5217391304347826,0.6923076923076923,0.08977943460702076,0.7692307692307693,0.0
0.5416666666666666,0.5217391304347826,0.9827586206896552,0.21435228331780054,0.46153846153846156,0.0
0.375,0.26086956521739135,1.0,0.27461944703324015,0.3846153846153847,0.0
0.8333333333333333,0.7391304347826086,0.9861111111111112,0.36802319560940244,0.7307692307692308,0.0
0.8333333333333333,0.8695652173913043,0.9636363636363636,0.1922957440198818,0.8076923076923078,0.0
0.5,0.30434782608695654,1.0,0.2368230299264782,0.19230769230769232,0.0
0.7083333333333333,0.4347826086956522,1.0,0.33395464429947175,0.576923076923077,0.0
0.625,0.30434782608695654,1.0,0.1657864761313037,0.42307692307692313,0.0
0.8333333333333333,0.8695652173913043,0.0,0.2964688826757791,0.7692307692307693,0.0
0.625,0.17391304347826086,1.0,0.4488971730351039,0.42307692307692313,0.0
0.875,0.4782608695652174,0.8450704225352113,0.1460080770425598,0.6923076923076924,0.0
0.16666666666666666,0.21739130434782608,1.0,0.2266749508128818,0.19230769230769232,0.0
0.041666666666666664,0.7391304347826086,0.4716981132075472,0.24572848710779738,0.0,0.3684210526315789
0.4583333333333333,0.6956521739130435,0.0545454545454545,0.24210417313865595,0.15384615384615385,0.0
0.7083333333333333,0.6956521739130435,0.9428571428571428,0.2454178316247282,0.7307692307692308,0.0
0.125,0.043478260869565216,1.0,0.28839184011597796,0.0,0.3157894736842105
0.29166666666666663,0.34782608695652173,1.0,0.347312830071451,0.19230769230769232,0.0
0.7083333333333333,0.782608695652174,0.5,0.4242518380449416,0.576923076923077,0.0
0.16666666666666666,0.043478260869565216,1.0,0.7189603396499946,0.11538461538461539,0.0
0.9166666666666666,0.5217391304347826,0.8611111111111112,0.3088951019985503,0.8076923076923078,0.0
0.125,0.043478260869565216,1.0,0.5381588485036761,0.038461538461538464,0.10526315789473684
0.29166666666666663,0.08695652173913043,1.0,0.51941596769183,0.42307692307692313,0.0
0.375,0.9130434782608696,0.6142857142857143,0.9826032929481208,0.6538461538461539,0.0
0.5833333333333333,0.5652173913043479,1.0,0.3866625245935591,0.46153846153846156,0.0
0.5833333333333333,0.4782608695652174,1.0,0.1536709122916019,0.42307692307692313,0.0
0.08333333333333333,0.0,1.0,0.32246039142590865,0.038461538461538464,0.15789473684210525
0.7916666666666666,0.782608695652174,0.9672131147540984,0.21186703945324636,0.7307692307692308,0.0
0.125,0.08695652173913043,1.0,0.5623899761830795,0.038461538461538464,0.10526315789473684
0.3333333333333333,0.8695652173913043,0.3285714285714285,0.3099306202754478,0.2692307692307693,0.0
0.5833333333333333,0.6086956521739131,0.4464285714285714,0.29087708398053214,0.6538461538461539,0.0
0.25,0.21739130434782608,0.9859154929577464,0.36802319560940244,0.2307692307692308,0.0
0.20833333333333331,0.08695652173913043,1.0,0.9132235683959822,0.07692307692307693,0.0
0.5833333333333333,0.6956521739130435,0.9857142857142858,0.23071347209278248,0.7307692307692308,0.0
0.4583333333333333,0.6086956521739131,0.6818181818181818,0.32815574194884534,0.5000000000000001,0.0
0.6666666666666666,0.26086956521739135,1.0,0.3211142176659417,0.2692307692307693,0.0
0.3333333333333333,0.17391304347826086,1.0,0.5230402816609714,0.19230769230769232,0.0
0.4583333333333333,0.17391304347826086,0.9871794871794872,0.4503468986227608,0.3076923076923077,0.0
0.75,0.5217391304347826,1.0,0.6679092885989437,0.2692307692307693,0.0
0.625,0.5652173913043479,0.9622641509433962,0.41389665527596575,0.6923076923076924,0.0
0.375,0.30434782608695654,1.0,0.13596354975665315,0.5384615384615385,0.0
0.75,0.4782608695652174,0.9836065573770492,0.34120327223775493,0.576923076923077,0.0
0.625,0.5217391304347826,0.9772727272727272,0.2161126643885264,0.7307692307692308,0.0
0.4583333333333333,0.21739130434782608,1.0,0.3585999792896344,0.2692307692307693,0.0
0.41666666666666663,0.6956521739130435,0.5614035087719298,0.748472610541576,0.11538461538461539,0.0
0.3333333333333333,0.9130434782608696,0.8571428571428571,0.7208242725484106,0.5384615384615385,0.0
0.375,0.5652173913043479,0.9827586206896552,0.1498394946670808,0.5000000000000001,0.0
0.75,0.6086956521739131,0.9571428571428572,0.40374857616236914,0.6153846153846154,0.0
0.41666666666666663,0.8260869565217391,0.5737704918032787,0.36325981153567377,0.2307692307692308,0.0
0.0,0.6956521739130435,0.9473684210526316,0.6578647613130373,0.5000000000000001,0.0
0.5416666666666666,0.5217391304347826,0.981132075471698,0.6092989541265403,0.3076923076923077,0.0
0.41666666666666663,0.34782608695652173,1.0,0.15667391529460495,0.6923076923076924,0.0
0.5,0.21739130434782608,1.0,0.21859790825308056,0.3846153846153847,0.0
0.5416666666666666,0.4347826086956522,0.9824561403508772,0.5190017603810708,0.3846153846153847,0.0
0.125,0.13043478260869565,1.0,0.47002174588381473,0.11538461538461539,0.05263157894736842
0.3333333333333333,0.5217391304347826,0.986842105263158,0.6207932070001034,0.3076923076923077,0.0
0.41666666666666663,0.30434782608695654,0.9838709677419356,0.47012529771150446,0.6153846153846154,0.0
0.875,0.6521739130434783,0.9642857142857144,0.16910013461737572,0.7307692307692308,0.0
0.375,0.5652173913043479,0.4743589743589743,0.282800041420731,0.19230769230769232,0.0
0.25,0.043478260869565216,1.0,0.2684063373718546,0.11538461538461539,0.0
0.3333333333333333,0.8260869565217391,0.5471698113207547,0.6028787408097753,0.3076923076923077,0.0
0.08333333333333333,0.043478260869565216,1.0,0.39826032929481214,0.038461538461538464,0.10526315789473684
0.25,0.30434782608695654,0.9857142857142858,0.1679610645127887,0.34615384615384615,0.0
0.5416666666666666,0.4347826086956522,1.0,0.997825411618515,0.5384615384615385,0.0
0.4583333333333333,0.4782608695652174,0.981132075471698,0.15926271098684885,0.5000000000000001,0.0
0.375,0.26086956521739135,1.0,0.7031169100134618,0.5384615384615385,0.0
0.5833333333333333,0.3913043478260869,1.0,0.8460184322253288,0.2307692307692308,0.10526315789473684
0.16666666666666666,0.26086956521739135,1.0,0.4093403748576161,0.19230769230769232,0.10526315789473684
0.75,0.782608695652174,1.0,0.534327430879155,0.576923076923077,0.0
0.6666666666666666,0.21739130434782608,1.0,0.14259086672879773,0.46153846153846156,0.0
0.41666666666666663,0.13043478260869565,1.0,0.2406544475509993,0.11538461538461539,0.0
0.8333333333333333,0.782608695652174,0.9824561403508772,0.2942942942942942,0.7692307692307693,0.0
0.20833333333333331,0.17391304347826086,1.0,0.7223775499637568,0.07692307692307693,0.05263157894736842
0.5,0.6956521739130435,0.8450704225352113,0.2958475717096406,0.7692307692307693,0.0
0.7083333333333333,0.4347826086956522,0.981132075471698,0.13461737599668644,0.576923076923077,0.0
0.5,0.4782608695652174,0.987012987012987,0.6999068033550793,0.5000000000000001,0.0
0.5,0.13043478260869565,1.0,0.7208242725484106,0.3846153846153847,0.0
0.5416666666666666,0.5652173913043479,0.971830985915493,0.21093507300403846,0.6538461538461539,0.0
0.5,0.9130434782608696,0.028169014084507,0.6547582064823445,0.2692307692307693,0.0
0.41666666666666663,0.4782608695652174,1.0,0.1769700735217976,0.6153846153846154,0.0
0.08333333333333333,0.043478260869565216,1.0,0.685823754789272,0.0,0.15789473684210525
0.041666666666666664,0.782608695652174,0.3636363636363636,0.27845086465776114,0.15384615384615385,0.10526315789473684
0.625,0.4347826086956522,0.9846153846153848,0.4014704359531944,0.6153846153846154,0.0
0.8333333333333333,0.5652173913043479,0.9824561403508772,0.3013358185771977,0.7307692307692308,0.0
0.20833333333333331,0.9130434782608696,0.1643835616438356,0.3308480894687792,0.34615384615384615,0.0
0.7916666666666666,0.6521739130434783,0.9848484848484848,0.49590970280625446,0.8076923076923078,0.0
0.20833333333333331,0.8260869565217391,0.0422535211267605,0.2764833799316557,0.07692307692307693,0.0
0.29166666666666663,0.34782608695652173,0.9850746268656716,0.35818577197887547,0.2307692307692308,0.0
0.125,0.13043478260869565,1.0,0.2656104380242311,0.07692307692307693,0.0
0.16666666666666666,0.17391304347826086,1.0,0.45158952055503776,0.07692307692307693,0.0
0.375,0.043478260869565216,1.0,0.49104276690483584,0.038461538461538464,0.10526315789473684
0.125,0.0,1.0,0.4456870663767214,0.0,0.2631578947368421
0.5,0.6956521739130435,0.625,0.19654136895516194,0.576923076923077,0.0
0.125,0.26086956521739135,1.0,0.1750025887956922,0.19230769230769232,0.0
0.5,0.8260869565217391,0.7727272727272727,0.17158537848193023,0.3846153846153847,0.0
0.041666666666666664,0.0,1.0,0.5563839701770736,0.0,0.05263157894736842
0.5416666666666666,0.4782608695652174,1.0,0.6654240447343895,0.6153846153846154,0.0
0.5833333333333333,0.6521739130434783,0.5142857142857142,0.7092264678471574,0.3846153846153847,0.0
0.875,0.6086956521739131,0.9701492537313432,0.4998446722584653,0.5384615384615385,0.0
0.5416666666666666,0.4347826086956522,0.9857142857142858,0.9072175623899763,0.3076923076923077,0.0
0.7916666666666666,0.6086956521739131,0.9857142857142858,0.4940457699078389,0.5384615384615385,0.0
0.16666666666666666,0.7391304347826086,0.0357142857142857,0.549756653204929,0.038461538461538464,0.05263157894736842
0.6666666666666666,0.34782608695652173,0.9571428571428572,0.47582064823444137,0.7307692307692308,0.0
0.16666666666666666,0.043478260869565216,1.0,0.4777881329605467,0.038461538461538464,0.10526315789473684
0.625,0.8260869565217391,0.0,0.7014600807704257,0.3846153846153847,0.0
0.0,0.7391304347826086,0.0,0.305995650823237,0.6538461538461539,0.0
0.9583333333333333,0.782608695652174,0.9393939393939394,0.3134513824168996,0.7692307692307693,0.0
0.75,0.782608695652174,0.5857142857142857,0.6834420627524074,0.5000000000000001,0.0
0.375,0.3913043478260869,1.0,0.6120948534741639,0.3076923076923077,0.0
0.7083333333333333,0.4347826086956522,1.0,0.29926478202340256,0.576923076923077,0.0
0.041666666666666664,0.13043478260869565,1.0,0.23392357875116498,0.15384615384615385,0.0
0.75,0.5652173913043479,1.0,0.6256601429015223,0.5384615384615385,0.0
0.5416666666666666,0.30434782608695654,1.0,0.2569120844982913,0.46153846153846156,0.0
0.08333333333333333,0.043478260869565216,1.0,0.3315729522626073,0.2307692307692308,0.0
0.75,0.5217391304347826,0.9655172413793104,0.7586206896551726,0.46153846153846156,0.0
0.5833333333333333,0.5652173913043479,0.9428571428571428,0.4044734389561975,0.19230769230769232,0.0
0.08333333333333333,0.043478260869565216,1.0,0.5067826447136792,0.0,0.5263157894736842
0.20833333333333331,0.34782608695652173,0.9857142857142858,0.24407165786476126,0.3846153846153847,0.0
0.75,0.7391304347826086,0.9714285714285714,0.24034379206793,0.8076923076923078,0.0
0.25,0.21739130434782608,1.0,0.9610645127886508,0.3076923076923077,0.0
0.25,0.13043478260869565,1.0,0.5684995340167753,0.2307692307692308,0.05263157894736842
0.8333333333333333,0.782608695652174,0.9402985074626866,0.3525939732836285,0.8461538461538463,0.0
0.9166666666666666,0.6086956521739131,0.9833333333333332,0.28393911152531837,0.7692307692307693,0.0
0.3333333333333333,0.3913043478260869,1.0,0.35787511649580606,0.34615384615384615,0.0
0.25,0.782608695652174,0.2571428571428571,0.2190121155638396,0.6923076923076924,0.0
0.9166666666666666,0.5217391304347826,0.943661971830986,0.3116910013461738,0.42307692307692313,0.0
0.5416666666666666,0.34782608695652173,1.0,0.306409858133996,0.3846153846153847,0.0
0.375,0.30434782608695654,1.0,0.357978668323496,0.2692307692307693,0.0
0.6666666666666666,0.8695652173913043,0.282051282051282,0.29760795278036645,0.7307692307692308,0.0
0.75,0.6956521739130435,1.0,0.4147250698974838,0.7307692307692308,0.0
0.9166666666666666,0.5652173913043479,0.9642857142857144,0.23143833488661059,0.6923076923076924,0.0
0.625,0.34782608695652173,0.9833333333333332,0.6892409651030342,0.46153846153846156,0.0
0.25,0.08695652173913043,1.0,0.284974629802216,0.15384615384615385,0.0
0.6666666666666666,0.9130434782608696,0.2807017543859649,0.2093817955886922,0.5384615384615385,0.0
0.75,0.5652173913043479,1.0,0.23174899036967989,0.6153846153846154,0.0
0.75,0.7391304347826086,0.9696969696969696,0.2766904835870353,0.8076923076923078,0.0
0.875,0.7391304347826086,0.3285714285714285,0.3888371129750441,0.7692307692307693,0.0
0.25,0.21739130434782608,1.0,0.19985502744123418,0.2692307692307693,0.0
0.16666666666666666,0.08695652173913043,1.0,0.6236926581754167,0.2307692307692308,0.0
0.5416666666666666,0.26086956521739135,1.0,0.660039349694522,0.42307692307692313,0.0
0.25,0.26086956521739135,1.0,0.48379413896655277,0.5384615384615385,0.0
0.7083333333333333,0.5217391304347826,0.9833333333333332,0.4051983017500258,0.6153846153846154,0.0
0.3333333333333333,0.5217391304347826,0.9848484848484848,0.28031479755617683,0.15384615384615385,0.0
0.41666666666666663,0.34782608695652173,1.0,0.3550792171481827,0.19230769230769232,0.0
0.5833333333333333,0.9130434782608696,0.0845070422535211,0.44454799627213415,0.6538461538461539,0.0
0.9583333333333333,0.6086956521739131,0.9622641509433962,0.3605674640157397,0.9230769230769231,0.0
0.25,0.5217391304347826,0.9818181818181818,0.3328155741948846,0.15384615384615385,0.0
0.5416666666666666,0.6521739130434783,0.9807692307692308,0.6376721549135342,0.7692307692307693,0.0
0.375,0.4782608695652174,0.7222222222222222,0.7276586931759346,0.46153846153846156,0.0
0.75,0.6956521739130435,0.9848484848484848,0.6456456456456459,0.6538461538461539,0.0
0.3333333333333333,0.9130434782608696,0.8596491228070176,0.204307756031894,0.6153846153846154,0.0
0.41666666666666663,0.30434782608695654,0.9848484848484848,0.4370922646784714,0.34615384615384615,0.0
0.125,0.21739130434782608,1.0,0.42922232577404995,0.11538461538461539,0.05263157894736842
0.5,0.30434782608695654,1.0,0.3538365952159055,0.46153846153846156,0.0
0.5416666666666666,0.34782608695652173,1.0,0.12954333643988802,0.3076923076923077,0.0
0.375,0.6086956521739131,0.5535714285714286,0.13461737599668644,0.5384615384615385,0.0
0.6666666666666666,0.6521739130434783,0.971830985915493,0.23723723723723722,0.5384615384615385,0.0
0.16666666666666666,0.8260869565217391,0.7017543859649122,0.3303303303303302,0.2307692307692308,0.0
0.625,0.6956521739130435,1.0,0.23060992026509275,0.576923076923077,0.0
0.4583333333333333,0.26086956521739135,1.0,0.15553484519001748,0.46153846153846156,0.0
0.625,0.5217391304347826,0.9814814814814816,0.15449932691311996,0.3076923076923077,0.0
0.29166666666666663,0.4347826086956522,0.9850746268656716,0.40664802733768224,0.3076923076923077,0.0
0.5416666666666666,0.21739130434782608,1.0,0.1552241897069483,0.576923076923077,0.0
0.0,0.4347826086956522,1.0,0.7080873977425701,0.5384615384615385,0.0
0.7916666666666666,0.7391304347826086,0.9850746268656716,0.33322978150564364,0.2692307692307693,0.0
0.7916666666666666,0.782608695652174,0.4615384615384615,0.2272962617790203,0.8461538461538463,0.0
0.41666666666666663,0.17391304347826086,1.0,0.4374029201615408,0.19230769230769232,0.0
0.29166666666666663,0.13043478260869565,1.0,0.6100238169203687,0.038461538461538464,0.10526315789473684
0.20833333333333331,0.043478260869565216,1.0,0.5217976597286942,0.038461538461538464,0.15789473684210525
0.875,0.6956521739130435,0.3076923076923077,0.3318836077456766,0.6538461538461539,0.0
0.3333333333333333,0.4782608695652174,1.0,0.23309516412964693,0.42307692307692313,0.0
0.625,0.30434782608695654,0.9833333333333332,0.22802112457284862,0.42307692307692313,0.0
0.7916666666666666,0.6956521739130435,0.9848484848484848,0.14300507403955676,0.6923076923076924,0.0
0.41666666666666663,0.8260869565217391,0.5333333333333333,0.20420420420420415,0.6538461538461539,0.0
0.4583333333333333,0.5217391304347826,0.981132075471698,0.30941286113699906,0.3076923076923077,0.0
0.375,0.34782608695652173,1.0,0.26788857823340584,0.6538461538461539,0.0
0.25,0.26086956521739135,1.0,0.39007973490732106,0.3076923076923077,0.0
0.25,0.6956521739130435,0.3181818181818182,0.3429636533084808,0.19230769230769232,0.0
0.25,0.34782608695652173,1.0,0.5053329191260225,0.2692307692307693,0.0
0.6666666666666666,0.5652173913043479,0.9824561403508772,0.9320700010355183,0.576923076923077,0.0
0.41666666666666663,0.34782608695652173,1.0,0.32701667184425787,0.3076923076923077,0.0
0.8333333333333333,0.5217391304347826,0.9622641509433962,0.4705395050222636,0.8076923076923078,0.0
0.8333333333333333,0.6086956521739131,0.9818181818181818,0.40053846950398664,0.8461538461538463,0.0
0.875,0.34782608695652173,0.9871794871794872,0.27814020917469195,0.576923076923077,0.0
0.5416666666666666,0.6521739130434783,0.981132075471698,0.757067412239826,0.576923076923077,0.0
0.75,0.6521739130434783,1.0,0.30081805943874906,0.6538461538461539,0.0
0.3333333333333333,0.30434782608695654,0.981132075471698,0.3707155431293361,0.3076923076923077,0.0
0.5416666666666666,0.8260869565217391,0.0,0.7781919850885368,0.5000000000000001,0.0
0.75,0.7391304347826086,0.9491525423728814,0.27296261779020403,0.7692307692307693,0.0
0.75,0.782608695652174,0.0,0.6809568188878532,0.6153846153846154,0.0
0.5416666666666666,0.5652173913043479,0.981132075471698,0.6488557523040281,0.7307692307692308,0.0
0.875,0.8695652173913043,0.0806451612903225,0.32442787615201396,0.6538461538461539,0.0
0.29166666666666663,0.26086956521739135,0.9857142857142858,0.5428186807497153,0.46153846153846156,0.0
0.625,0.4347826086956522,0.9857142857142858,0.3379931655793724,0.6153846153846154,0.0
0.6666666666666666,0.5652173913043479,0.94,0.3235994615304959,0.6538461538461539,0.0
0.7083333333333333,0.8695652173913043,0.0967741935483871,0.44102723413068246,0.42307692307692313,0.0
0.41666666666666663,0.4347826086956522,0.9861111111111112,0.5570052811432122,0.3076923076923077,0.0
0.25,0.17391304347826086,1.0,0.4953919436678058,0.19230769230769232,0.0
0.041666666666666664,0.043478260869565216,1.0,0.4733354043698872,0.11538461538461539,0.0
0.3333333333333333,0.6521739130434783,0.9821428571428572,0.3668841255048152,0.2692307692307693,0.0
0.41666666666666663,0.4347826086956522,0.9857142857142858,0.6587967277622451,0.42307692307692313,0.0
0.20833333333333331,0.08695652173913043,1.0,0.5251113182147664,0.11538461538461539,0.0
0.125,0.08695652173913043,1.0,0.2815574194884539,0.11538461538461539,0.0
0.041666666666666664,0.0,1.0,0.38645542093817964,0.038461538461538464,0.15789473684210525
1.0,0.30434782608695654,1.0,0.37413275344309826,0.07692307692307693,0.0
0.29166666666666663,0.13043478260869565,1.0,0.7554105829967899,0.19230769230769232,0.0
0.29166666666666663,1.0,0.1607142857142857,0.13668841255048148,0.5384615384615385,0.0
0.625,0.6086956521739131,1.0,0.9086672879776327,0.3076923076923077,0.0
0.29166666666666663,0.21739130434782608,1.0,0.971212591902247,0.3076923076923077,0.0
0.4583333333333333,0.4347826086956522,1.0,0.302164233198716,0.3076923076923077,0.0
0.375,0.043478260869565216,1.0,0.5529667598633117,0.038461538461538464,0.10526315789473684
0.375,0.17391304347826086,1.0,0.26198612405508936,0.19230769230769232,0.0
0.75,0.7391304347826086,0.9814814814814816,0.3837630734182458,0.6923076923076924,0.0
0.16666666666666666,0.043478260869565216,1.0,0.20068344206275235,0.19230769230769232,0.0
0.041666666666666664,0.4782608695652174,0.981132075471698,0.27337682510096306,0.2307692307692308,0.05263157894736842
0.75,0.8260869565217391,0.1923076923076923,0.38811225018121576,0.8461538461538463,0.0
0.7916666666666666,0.782608695652174,0.9166666666666666,0.750543647095371,0.7692307692307693,0.0
0.25,0.043478260869565216,1.0,0.34027130578854714,0.038461538461538464,0.0
0.6666666666666666,0.5652173913043479,0.9827586206896552,0.23060992026509275,0.5000000000000001,0.0
0.20833333333333331,0.0,1.0,0.47509578544061304,0.038461538461538464,0.05263157894736842
0.125,0.17391304347826086,1.0,0.41638189914051993,0.15384615384615385,0.0
0.9166666666666666,0.8695652173913043,0.9615384615384616,0.6817852335093713,0.8461538461538463,0.0
0.041666666666666664,0.08695652173913043,1.0,0.660039349694522,0.038461538461538464,0.0
0.20833333333333331,0.13043478260869565,1.0,0.2588795692243968,0.2307692307692308,0.0
0.20833333333333331,0.17391304347826086,1.0,0.3359221290255773,0.2692307692307693,0.0
0.125,0.08695652173913043,1.0,0.534327430879155,0.07692307692307693,0.0
0.875,0.4782608695652174,0.967741935483871,0.1431086258672465,0.6153846153846154,0.0
0.3333333333333333,0.34782608695652173,0.9852941176470588,0.1616444030237134,0.46153846153846156,0.0
0.16666666666666666,0.30434782608695654,1.0,0.35652894273583935,0.2307692307692308,0.0
0.20833333333333331,0.13043478260869565,1.0,0.2750336543439992,0.2307692307692308,0.0
0.20833333333333331,0.08695652173913043,1.0,0.25970798384591476,0.11538461538461539,0.0
0.0,0.9130434782608696,0.0,0.4561458009733872,0.3076923076923077,0.0
0.25,0.26086956521739135,1.0,0.34917676296986633,0.2692307692307693,0.0
0.16666666666666666,0.13043478260869565,1.0,0.08843326084705383,0.19230769230769232,0.0
0.5416666666666666,0.4782608695652174,0.9818181818181818,0.3107590348969659,0.576923076923077,0.0
0.375,0.6956521739130435,0.3214285714285714,0.20803562182872526,0.3846153846153847,0.0
0.7083333333333333,0.6956521739130435,0.9818181818181818,0.47706327016671835,0.8076923076923078,0.0
0.29166666666666663,0.21739130434782608,1.0,0.5826861344102725,0.11538461538461539,0.0
0.125,0.08695652173913043,1.0,0.4710572641607125,0.15384615384615385,0.05263157894736842
0.25,0.08695652173913043,1.0,0.1398985192088641,0.11538461538461539,0.10526315789473684
0.5833333333333333,0.34782608695652173,1.0,0.136067101584343,0.576923076923077,0.0
0.041666666666666664,0.782608695652174,0.4117647058823529,0.27234130682406543,0.07692307692307693,0.10526315789473684
0.7083333333333333,0.6521739130434783,0.9814814814814816,0.19871595733664704,0.6153846153846154,0.0
0.875,0.6956521739130435,0.971830985915493,0.25929377653515573,0.6923076923076924,0.0
0.20833333333333331,0.7391304347826086,0.7671232876712328,0.4784094439266853,0.15384615384615385,0.0
0.375,0.3913043478260869,1.0,0.1565703634669151,0.2307692307692308,0.0
0.7083333333333333,0.4782608695652174,0.9821428571428572,0.284974629802216,0.5384615384615385,0.0
0.6666666666666666,0.6956521739130435,0.9827586206896552,0.47923785854820333,0.46153846153846156,0.0
0.16666666666666666,0.08695652173913043,1.0,0.2656104380242311,0.15384615384615385,0.0
0.08333333333333333,0.043478260869565216,1.0,0.25142383763073417,0.0,0.3157894736842105
0.75,0.6956521739130435,0.9848484848484848,0.3866625245935591,0.7692307692307693,0.0
0.08333333333333333,0.0,1.0,0.25846536191363767,0.0,0.5263157894736842
0.29166666666666663,0.30434782608695654,0.9861111111111112,0.6304235269752512,0.3846153846153847,0.0
0.8333333333333333,0.6521739130434783,0.981132075471698,0.19333126229677944,0.8461538461538463,0.0
0.6666666666666666,0.8260869565217391,0.0921052631578947,0.4456870663767214,0.5384615384615385,0.0
0.5416666666666666,0.4782608695652174,1.0,0.2664388526457492,0.7307692307692308,0.0
0.625,0.4782608695652174,1.0,0.6412964688826757,0.7692307692307693,0.0
0.875,0.9565217391304348,0.1923076923076923,0.7389458423941182,0.6923076923076924,0.0
0.125,0.13043478260869565,1.0,0.48130889510199837,0.11538461538461539,0.05263157894736842
0.08333333333333333,0.08695652173913043,1.0,0.3019571295433364,0.19230769230769232,0.0
0.3333333333333333,0.782608695652174,0.0,0.478512995754375,0.46153846153846156,0.0
0.5416666666666666,0.34782608695652173,0.9859154929577464,0.3005074039556799,0.42307692307692313,0.0
0.41666666666666663,0.30434782608695654,1.0,0.21631976804390596,0.5000000000000001,0.0
0.375,0.26086956521739135,1.0,0.33457595526561046,0.46153846153846156,0.0
0.41666666666666663,0.34782608695652173,1.0,0.25494459977218586,0.42307692307692313,0.0
0.5833333333333333,0.8260869565217391,0.0,0.6447136791964378,0.42307692307692313,0.0
0.5,0.21739130434782608,1.0,0.7020813917365643,0.07692307692307693,0.10526315789473684
0.16666666666666666,0.17391304347826086,1.0,0.18307963135549332,0.3846153846153847,0.0
0.8333333333333333,0.7391304347826086,0.3584905660377358,0.0765248006627316,0.8461538461538463,0.0
0.41666666666666663,0.8695652173913043,0.8409090909090909,0.439888164026095,0.15384615384615385,0.10526315789473684
0.29166666666666663,0.21739130434782608,1.0,0.6157191674433056,0.2307692307692308,0.0
0.29166666666666663,0.3913043478260869,0.9859154929577464,0.2627109868489178,0.5000000000000001,0.0
0.6666666666666666,0.6956521739130435,0.9821428571428572,0.6691519105312209,0.8461538461538463,0.0
0.5833333333333333,0.5652173913043479,0.9871794871794872,0.6687377032204618,0.46153846153846156,0.0
0.7083333333333333,0.6956521739130435,0.5211267605633803,0.4395775085430258,0.42307692307692313,0.0
0.7916666666666666,0.6956521739130435,0.9315068493150684,0.355804079942011,0.8461538461538463,0.0
0.3333333333333333,0.8260869565217391,0.2666666666666666,0.7050843947395671,0.6538461538461539,0.0
0.5,0.4347826086956522,0.981132075471698,0.6411929170549862,0.576923076923077,0.0
0.41666666666666663,0.4782608695652174,1.0,0.5418867143005073,0.2307692307692308,0.0
0.041666666666666664,0.4347826086956522,0.8703703703703703,0.5074039556798178,0.2307692307692308,0.0
0.5,0.34782608695652173,0.9833333333333332,0.6941079010044526,0.7307692307692308,0.0
0.125,0.17391304347826086,1.0,0.11918815367091218,0.2692307692307693,0.0
0.08333333333333333,0.4782608695652174,0.9848484848484848,0.4118256187221703,0.11538461538461539,0.0
0.7916666666666666,0.17391304347826086,1.0,0.13016464740602685,0.42307692307692313,0.0
0.9166666666666666,0.30434782608695654,1.0,0.1772807290048669,0.2692307692307693,0.0
0.875,0.8260869565217391,0.9642857142857144,0.17593455524489998,0.6538461538461539,0.0
0.25,0.5217391304347826,0.981132075471698,0.4331572952262608,0.6923076923076924,0.0
0.875,0.5652173913043479,0.8082191780821918,0.2998860929895413,0.7692307692307693,0.0
0.25,0.782608695652174,0.8076923076923077,0.9811535673604639,0.6538461538461539,0.0
0.16666666666666666,0.043478260869565216,1.0,0.45894170032101056,0.0,0.05263157894736842
0.125,0.26086956521739135,1.0,0.6582789686237962,0.0,0.5263157894736842
0.9583333333333333,0.782608695652174,0.9577464788732394,0.3200786993890442,0.8846153846153847,0.0
0.25,0.08695652173913043,1.0,0.4809982396189294,0.038461538461538464,0.21052631578947367
0.4583333333333333,0.782608695652174,0.6981132075471698,0.34762348555452016,0.5384615384615385,0.0
0.29166666666666663,0.17391304347826086,1.0,0.5491353422387906,0.07692307692307693,0.0
0.7916666666666666,0.782608695652174,0.2631578947368421,0.3300196748472609,0.6923076923076924,0.0
0.8333333333333333,0.7391304347826086,0.971830985915493,0.438645542093818,0.7307692307692308,0.0
0.041666666666666664,0.0,1.0,0.2562907735321528,0.0,0.47368421052631576
0.5,0.3913043478260869,0.9824561403508772,0.24842083462773112,0.46153846153846156,0.0
0.041666666666666664,0.0,1.0,0.7343895619757688,0.038461538461538464,0.3684210526315789
0.16666666666666666,0.782608695652174,0.109090909090909,0.8189914051983018,0.07692307692307693,0.05263157894736842
0.6666666666666666,0.30434782608695654,0.981132075471698,0.4860722791757275,0.6153846153846154,0.0
0.7916666666666666,0.8260869565217391,0.1454545454545454,0.5078181629905767,0.11538461538461539,0.05263157894736842
0.9166666666666666,0.7391304347826086,0.1384615384615384,0.2588795692243968,0.8076923076923078,0.0
1.0,0.6956521739130435,0.9285714285714286,0.3325049187118153,0.6923076923076924,0.0
0.20833333333333331,0.30434782608695654,1.0,0.34565600082841463,0.3846153846153847,0.0
0.29166666666666663,0.08695652173913043,1.0,0.5239722481101792,0.038461538461538464,0.15789473684210525
0.7083333333333333,0.8695652173913043,0.2653061224489796,0.3047530288909599,0.7692307692307693,0.0
0.625,0.3913043478260869,0.9861111111111112,0.33550792171481825,0.7307692307692308,0.0
0.25,0.17391304347826086,1.0,0.48783266024645333,0.15384615384615385,0.0
0.5833333333333333,0.6086956521739131,1.0,0.30081805943874906,0.34615384615384615,0.0
0.6666666666666666,0.5217391304347826,1.0,0.13026819923371635,0.5384615384615385,0.0
0.9166666666666666,0.8695652173913043,0.9821428571428572,0.8958268613441027,0.8461538461538463,0.0
0.25,0.6521739130434783,0.2686567164179104,0.6328052190121156,0.2692307692307693,0.0
0.3333333333333333,0.17391304347826086,1.0,0.5781298539919228,0.11538461538461539,0.0
0.6666666666666666,0.08695652173913043,1.0,0.2550481515998757,0.0,0.3157894736842105
0.16666666666666666,0.08695652173913043,1.0,0.512788650719685,0.19230769230769232,0.0
0.41666666666666663,0.6956521739130435,0.85,0.684891788340064,0.5000000000000001,0.0
0.4583333333333333,0.5652173913043479,0.9655172413793104,0.3435849642746194,0.42307692307692313,0.0
0.3333333333333333,0.34782608695652173,1.0,0.5154809982396189,0.3076923076923077,0.0
0.6666666666666666,0.5652173913043479,0.9821428571428572,0.330123226674951,0.3846153846153847,0.0
0.75,0.6521739130434783,0.9571428571428572,0.41296468882675774,0.8846153846153847,0.0
0.08333333333333333,0.13043478260869565,1.0,0.16640778709744208,0.07692307692307693,0.05263157894736842
0.25,0.21739130434782608,1.0,0.16361188774981883,0.2307692307692308,0.0
0.41666666666666663,0.3913043478260869,0.9818181818181818,0.7237237237237235,0.3846153846153847,0.0
0.25,0.043478260869565216,1.0,0.5693279486382934,0.2307692307692308,0.05263157894736842
0.20833333333333331,0.8260869565217391,0.7428571428571429,0.4642228435331883,0.3846153846153847,0.0
0.5,0.4347826086956522,0.9821428571428572,0.6056746401573989,0.8461538461538463,0.0
0.5833333333333333,0.3913043478260869,0.981132075471698,0.4242518380449416,0.3846153846153847,0.0
0.125,0.17391304347826086,1.0,0.31800766283524895,0.3076923076923077,0.0
0.7083333333333333,0.8260869565217391,0.3698630136986301,0.5348451900176039,0.7307692307692308,0.0
0.41666666666666663,0.26086956521739135,1.0,0.687066376721549,0.3076923076923077,0.0
0.125,0.30434782608695654,1.0,0.3140726933830382,0.2692307692307693,0.0
0.041666666666666664,0.0,1.0,0.3768251009630319,0.0,0.05263157894736842
0.8333333333333333,0.5652173913043479,0.9649122807017544,0.4027130578854716,0.6153846153846154,0.0
0.3333333333333333,0.30434782608695654,1.0,0.23164543854199027,0.11538461538461539,0.10526315789473684
0.6666666666666666,0.6086956521739131,1.0,0.14549031790411093,0.46153846153846156,0.0
0.5416666666666666,0.6956521739130435,1.0,0.3596354975665321,0.576923076923077,0.0
0.4583333333333333,0.6956521739130435,0.9622641509433962,0.2505954230092161,0.42307692307692313,0.0
0.08333333333333333,0.043478260869565216,1.0,0.4676400538469503,0.038461538461538464,0.10526315789473684
0.7916666666666666,0.6521739130434783,0.9821428571428572,0.4553173863518689,0.6923076923076924,0.0
1.0,1.0,0.9473684210526316,0.6426426426426426,0.8461538461538463,0.0
0.5416666666666666,0.6086956521739131,1.0,0.5594905250077664,0.46153846153846156,0.0
0.41666666666666663,0.0,1.0,0.39826032929481214,0.11538461538461539,0.05263157894736842
0.5833333333333333,0.26086956521739135,0.9833333333333332,0.6251423837630734,0.2307692307692308,0.0
0.8333333333333333,0.3913043478260869,0.9821428571428572,0.39287563425494465,0.46153846153846156,0.0
0.16666666666666666,0.21739130434782608,1.0,0.5591798695246972,0.42307692307692313,0.0
0.125,0.043478260869565216,1.0,0.21600911256083666,0.07692307692307693,0.05263157894736842
0.25,0.21739130434782608,1.0,0.24407165786476126,0.3846153846153847,0.0
0.3333333333333333,0.17391304347826086,1.0,0.46277311794553166,0.19230769230769232,0.0
0.125,0.4347826086956522,0.9692307692307692,0.3545614580097338,0.07692307692307693,0.05263157894736842
0.7083333333333333,0.6086956521739131,0.9857142857142858,0.21725173449311375,0.6153846153846154,0.0
0.625,0.3913043478260869,0.9850746268656716,0.5943874909392151,0.15384615384615385,0.0
0.375,0.3913043478260869,1.0,0.23102412757585178,0.34615384615384615,0.0
0.625,0.5652173913043479,0.9473684210526316,0.6906906906906909,0.6923076923076924,0.0
0.5,0.34782608695652173,1.0,0.4979807393600497,0.3846153846153847,0.0
0.375,0.34782608695652173,1.0,0.3652272962617791,0.3846153846153847,0.0
0.08333333333333333,0.0,1.0,0.5759552656104381,0.07692307692307693,0.10526315789473684
0.41666666666666663,0.17391304347826086,1.0,0.6525836181008595,0.2692307692307693,0.0
0.4583333333333333,0.3913043478260869,1.0,0.21797659728694208,0.6153846153846154,0.0
0.25,0.17391304347826086,1.0,0.5522418970694833,0.3846153846153847,0.0
0.6666666666666666,0.9130434782608696,0.2244897959183673,0.22864243553898733,0.8076923076923078,0.0
0.625,0.30434782608695654,0.9714285714285714,0.36460598529564026,0.5000000000000001,0.0
0.41666666666666663,0.34782608695652173,0.9863013698630136,0.6417106761934348,0.19230769230769232,0.0
0.75,0.782608695652174,0.9857142857142858,0.3022677850264057,0.8076923076923078,0.0
0.5416666666666666,0.13043478260869565,1.0,0.2764833799316557,0.34615384615384615,0.0
0.4583333333333333,0.34782608695652173,0.9871794871794872,0.2732732732732732,0.34615384615384615,0.0
0.5833333333333333,0.0,1.0,0.34389561975768856,0.19230769230769232,0.05263157894736842
0.08333333333333333,0.043478260869565216,1.0,0.7191674433053745,0.038461538461538464,0.15789473684210525
0.3333333333333333,0.0,1.0,0.4829657243450347,0.11538461538461539,0.05263157894736842
0.5833333333333333,0.4782608695652174,1.0,0.2476959718339028,0.7307692307692308,0.0
0.5,0.4782608695652174,1.0,0.4079942010976494,0.6923076923076924,0.0
0.375,0.34782608695652173,1.0,0.40985813399606497,0.6153846153846154,0.0
0.5,0.8260869565217391,0.8181818181818182,0.13751682717199953,0.5384615384615385,0.0
0.3333333333333333,0.26086956521739135,1.0,0.3455524490007247,0.2692307692307693,0.0
0.041666666666666664,0.0,1.0,0.6172724448586517,0.0,0.5789473684210527
0.5416666666666666,0.4347826086956522,0.981132075471698,0.687066376721549,0.3846153846153847,0.0
0.75,0.6956521739130435,0.9807692307692308,0.42632287459873663,0.6923076923076924,0.0
0.3333333333333333,0.8260869565217391,0.1142857142857142,0.0800455628041834,0.42307692307692313,0.0
0.625,0.782608695652174,0.5757575757575758,0.5065755410582995,0.5384615384615385,0.0
0.16666666666666666,0.6086956521739131,0.9836065573770492,0.7419488453971212,0.15384615384615385,0.0
0.8333333333333333,0.7391304347826086,0.9393939393939394,0.25266645956301115,0.6538461538461539,0.0
0.125,0.0,1.0,0.5020192606399503,0.0,0.05263157894736842
0.41666666666666663,0.34782608695652173,0.981132075471698,0.2638500569535053,0.2692307692307693,0.0
0.7083333333333333,0.7391304347826086,0.746031746031746,0.4016775396085741,0.6923076923076924,0.0
0.7083333333333333,0.782608695652174,0.6666666666666666,0.538573055814435,0.6153846153846154,0.0
0.20833333333333331,0.17391304347826086,1.0,0.2301957129543335,0.038461538461538464,0.05263157894736842
0.20833333333333331,0.08695652173913043,1.0,0.18877498187843011,0.19230769230769232,0.0
0.29166666666666663,0.3913043478260869,1.0,0.645438541990266,0.2692307692307693,0.0
0.08333333333333333,0.0,1.0,0.6230713472092781,0.0,0.21052631578947367
0.5,0.3913043478260869,1.0,0.2056539297918608,0.576923076923077,0.0
0.6666666666666666,0.6956521739130435,0.1509433962264151,0.7057057057057057,0.5000000000000001,0.0
0.8333333333333333,0.8260869565217391,0.2361111111111111,0.19840530185357774,0.8076923076923078,0.0
0.6666666666666666,0.5217391304347826,1.0,0.49590970280625446,0.6538461538461539,0.0
0.5833333333333333,0.34782608695652173,1.0,0.7265196230713471,0.5000000000000001,0.0
0.08333333333333333,0.30434782608695654,1.0,0.6121984053018534,0.2692307692307693,0.0
0.8333333333333333,0.8260869565217391,0.4029850746268656,0.43885264574919747,0.15384615384615385,0.10526315789473684
0.625,0.8695652173913043,0.0,0.6661489075282179,0.6538461538461539,0.0
0.375,0.782608695652174,0.5694444444444444,0.31800766283524895,0.19230769230769232,0.0
0.5416666666666666,0.4347826086956522,0.9859154929577464,0.15988402195298734,0.5000000000000001,0.0
0.16666666666666666,0.13043478260869565,1.0,0.5712954333643987,0.038461538461538464,0.21052631578947367
0.375,0.34782608695652173,1.0,0.6070208139173656,0.3076923076923077,0.0
0.29166666666666663,0.4782608695652174,1.0,0.7951744848296574,0.34615384615384615,0.0
0.29166666666666663,0.30434782608695654,0.9824561403508772,0.661385523454489,0.2307692307692308,0.0
0.625,0.6086956521739131,1.0,0.21466293880086984,0.6923076923076924,0.0
0.20833333333333331,0.17391304347826086,0.9859154929577464,0.44299471885678776,0.11538461538461539,0.0
0.041666666666666664,0.0,1.0,0.5067826447136792,0.0,0.05263157894736842
0.25,0.043478260869565216,1.0,0.24179351765558654,0.07692307692307693,0.05263157894736842
0.7083333333333333,0.5652173913043479,0.9838709677419356,0.3194573884229057,0.3846153846153847,0.0
0.125,0.08695652173913043,1.0,0.1766594180387283,0.11538461538461539,0.10526315789473684
0.8333333333333333,0.34782608695652173,0.9821428571428572,0.4346070208139172,0.6923076923076924,0.0
0.7916666666666666,0.6956521739130435,0.9622641509433962,0.5919022470746609,0.11538461538461539,0.05263157894736842
0.41666666666666663,0.8260869565217391,0.0,0.40726933830382106,0.3076923076923077,0.0
0.041666666666666664,0.0,1.0,0.3016464740602671,0.0,0.10526315789473684
0.3333333333333333,0.4347826086956522,0.9859154929577464,0.2033757895826861,0.3846153846153847,0.0
0.375,0.30434782608695654,1.0,0.4623589106347725,0.34615384615384615,0.0
0.7916666666666666,0.6521739130434783,0.9821428571428572,0.381588485036761,0.7307692307692308,0.0
0.75,0.7391304347826086,0.746268656716418,0.7074660867764317,0.34615384615384615,0.0
0.7083333333333333,0.782608695652174,0.981132075471698,0.31728280004142073,0.34615384615384615,0.0
0.29166666666666663,0.8260869565217391,0.1267605633802817,0.5241793517655586,0.34615384615384615,0.0
0.625,0.782608695652174,0.0,0.2230506368437405,0.6153846153846154,0.0
0.3333333333333333,0.7391304347826086,0.7164179104477612,0.6296986641814228,0.3846153846153847,0.0
0.7916666666666666,0.4347826086956522,1.0,0.7301439370404887,0.5384615384615385,0.0
0.5416666666666666,0.7391304347826086,0.4754098360655737,0.5534845190017603,0.3846153846153847,0.0
0.75,0.6521739130434783,0.9433962264150944,0.22356839598218903,0.9230769230769231,0.0
0.4583333333333333,0.6956521739130435,0.9649122807017544,0.22139380760070404,0.6153846153846154,0.0
0.08333333333333333,0.08695652173913043,1.0,0.5810293051672364,0.07692307692307693,0.10526315789473684
0.16666666666666666,0.6086956521739131,0.6666666666666666,0.32401366884125493,0.5384615384615385,0.0
0.3333333333333333,0.13043478260869565,1.0,0.4541783162472819,0.2307692307692308,0.0
0.08333333333333333,0.0,1.0,0.32629180905042965,0.07692307692307693,0.15789473684210525
1.0,0.4782608695652174,0.9818181818181818,0.8328673501087296,0.6153846153846154,0.0
0.08333333333333333,0.17391304347826086,1.0,0.361395878637258,0.19230769230769232,0.0
0.5416666666666666,0.4782608695652174,0.9807692307692308,0.8523350937144039,0.5000000000000001,0.0
0.20833333333333331,0.17391304347826086,1.0,0.2856994925960442,0.19230769230769232,0.0
0.125,0.13043478260869565,1.0,0.3915294604949777,0.15384615384615385,0.15789473684210525
0.29166666666666663,0.34782608695652173,0.9859154929577464,0.3200786993890442,0.2692307692307693,0.0
0.375,0.5652173913043479,0.8695652173913043,0.4873149011080047,0.2692307692307693,0.05263157894736842
0.5,0.3913043478260869,1.0,0.4157605881743811,0.42307692307692313,0.0
0.41666666666666663,0.30434782608695654,1.0,0.3174899036968002,0.2692307692307693,0.0
0.75,0.782608695652174,0.0535714285714285,0.22180801491146307,0.5384615384615385,0.0
0.4583333333333333,0.6521739130434783,0.9655172413793104,0.395671533602568,0.576923076923077,0.0
0.375,0.34782608695652173,1.0,0.10365537951744841,0.5384615384615385,0.0
0.20833333333333331,0.8260869565217391,0.75,0.5301853577715647,0.15384615384615385,0.05263157894736842
0.16666666666666666,0.21739130434782608,1.0,0.40043491767629713,0.42307692307692313,0.0
0.375,0.30434782608695654,1.0,0.44837941389665525,0.2307692307692308,0.0
0.5416666666666666,0.782608695652174,0.7681159420289855,0.3041317179248214,0.46153846153846156,0.0
0.5833333333333333,0.6521739130434783,0.9827586206896552,0.5567981774878326,0.5384615384615385,0.0
0.8333333333333333,0.7391304347826086,0.2463768115942029,0.148907528217873,0.6538461538461539,0.0
0.6666666666666666,0.34782608695652173,1.0,0.22812467640053835,0.5000000000000001,0.0
0.08333333333333333,0.26086956521739135,1.0,0.3598426012219116,0.15384615384615385,0.0
0.5833333333333333,0.6956521739130435,0.7,0.5780263021642331,0.6923076923076924,0.0
0.5,0.4782608695652174,0.9871794871794872,0.5461323392357875,0.2692307692307693,0.0
0.041666666666666664,0.7391304347826086,0.1320754716981132,0.4854509682095889,0.07692307692307693,0.15789473684210525
0.7083333333333333,0.9130434782608696,0.4428571428571428,0.8262400331365849,0.6538461538461539,0.0
0.08333333333333333,0.7391304347826086,0.6551724137931034,0.2674743709226468,0.19230769230769232,0.05263157894736842
0.16666666666666666,0.34782608695652173,1.0,0.28259293776535155,0.5384615384615385,0.0
0.7083333333333333,0.5217391304347826,0.9824561403508772,0.19654136895516194,0.5000000000000001,0.0
0.3333333333333333,0.21739130434782608,1.0,0.238169203686445,0.07692307692307693,0.05263157894736842
0.75,0.6956521739130435,0.9743589743589745,0.6928652790721757,0.42307692307692313,0.0
0.25,0.30434782608695654,1.0,0.20989955472714095,0.19230769230769232,0.0
0.125,0.08695652173913043,1.0,0.1348244796520659,0.15384615384615385,0.05263157894736842
0.375,0.4347826086956522,1.0,0.34192813503158326,0.3846153846153847,0.0
0.75,0.6521739130434783,0.6164383561643836,0.4587345966656311,0.576923076923077,0.0
0.16666666666666666,0.17391304347826086,1.0,0.3676089882986435,0.11538461538461539,0.05263157894736842
0.3333333333333333,0.043478260869565216,1.0,0.21942632287459862,0.42307692307692313,0.0
0.20833333333333331,0.21739130434782608,0.9859154929577464,0.4079942010976494,0.34615384615384615,0.0
0.08333333333333333,0.6086956521739131,0.4615384615384615,0.31925028476752615,0.3076923076923077,0.0
0.875,0.9565217391304348,0.8732394366197183,0.3322978150564355,0.8846153846153847,0.0
0.29166666666666663,0.21739130434782608,1.0,0.484001242621932,0.15384615384615385,0.10526315789473684
0.041666666666666664,0.043478260869565216,1.0,0.5372268820544683,0.0,0.3157894736842105
0.8333333333333333,0.5652173913043479,0.9672131147540984,0.2470746608677643,0.7692307692307693,0.0
0.5833333333333333,0.5652173913043479,1.0,0.4026095060577817,0.7307692307692308,0.0
0.5416666666666666,0.3913043478260869,1.0,0.28828828828828823,0.34615384615384615,0.0
0.5416666666666666,0.7391304347826086,0.9622641509433962,0.2133167650409028,0.7307692307692308,0.0
0.5,0.6521739130434783,0.9848484848484848,0.6568292430361398,0.7307692307692308,0.0
0.5,0.4782608695652174,0.9807692307692308,0.22563943253598417,0.6153846153846154,0.0
0.7083333333333333,0.4782608695652174,1.0,0.22771046908977932,0.5384615384615385,0.0
0.7916666666666666,0.21739130434782608,1.0,0.47167857512685085,0.19230769230769232,0.0
0.6666666666666666,0.5652173913043479,0.9821428571428572,0.31893962928445685,0.6538461538461539,0.0
0.4583333333333333,0.08695652173913043,1.0,0.23889406648027334,0.07692307692307693,0.05263157894736842
0.375,0.6086956521739131,0.4929577464788732,0.4434089261675469,0.34615384615384615,0.0
0.7916666666666666,0.782608695652174,0.5862068965517241,0.38086362224293246,0.6923076923076924,0.0
0.3333333333333333,0.13043478260869565,1.0,0.5156881018949986,0.3076923076923077,0.0
0.16666666666666666,0.26086956521739135,1.0,0.20927824376100224,0.2692307692307693,0.0
0.5416666666666666,0.8260869565217391,0.0845070422535211,0.3273273273273273,0.3846153846153847,0.0
0.5,0.3913043478260869,0.981132075471698,0.7121259190224707,0.576923076923077,0.0
0.125,0.0,1.0,0.5629077353215284,0.07692307692307693,0.05263157894736842
0.375,0.6086956521739131,0.9848484848484848,0.3308480894687792,0.7692307692307693,0.0
0.4583333333333333,0.13043478260869565,1.0,0.4185564875220045,0.42307692307692313,0.0
0.7916666666666666,0.7391304347826086,0.3714285714285714,0.2420006213109661,0.8846153846153847,0.0
0.7083333333333333,0.8695652173913043,0.8679245283018868,0.7077767422595007,0.8076923076923078,0.0
0.20833333333333331,0.17391304347826086,1.0,0.48379413896655277,0.19230769230769232,0.0
0.08333333333333333,0.13043478260869565,1.0,0.47229988609298945,0.0,0.15789473684210525
0.3333333333333333,0.782608695652174,0.3943661971830985,0.2534948741845293,0.42307692307692313,0.0
0.16666666666666666,0.13043478260869565,1.0,0.1558455006730869,0.11538461538461539,0.0
0.875,0.7391304347826086,0.1212121212121212,0.43771357564461,0.7307692307692308,0.0
0.25,0.13043478260869565,1.0,0.3426529978254116,0.07692307692307693,0.0
0.3333333333333333,0.4782608695652174,0.9772727272727272,0.35746090918504714,0.576923076923077,0.0
0.5416666666666666,0.21739130434782608,1.0,0.3047530288909599,0.19230769230769232,0.0
0.375,0.8695652173913043,0.4,0.20958889924407165,0.5384615384615385,0.0
0.7916666666666666,1.0,0.4210526315789473,0.1788340064202134,0.7307692307692308,0.0
0.08333333333333333,0.17391304347826086,1.0,0.6440923682302993,0.0,0.21052631578947367
0.0,0.5217391304347826,1.0,0.6553795174484831,0.7307692307692308,0.0
0.16666666666666666,0.7391304347826086,0.25,0.4105829967898933,0.11538461538461539,0.05263157894736842
0.4583333333333333,0.6521739130434783,0.4029850746268656,0.5237651444547997,0.42307692307692313,0.0
0.29166666666666663,1.0,0.0,0.7872009940975457,0.3846153846153847,0.0
0.29166666666666663,0.13043478260869565,0.9871794871794872,0.39391115253184217,0.3846153846153847,0.0
0.7083333333333333,0.782608695652174,0.54,0.3605674640157397,0.46153846153846156,0.0
0.8333333333333333,0.6086956521739131,0.8235294117647058,0.5514134824479653,0.6923076923076924,0.0
0.625,0.4347826086956522,1.0,0.21497359428393903,0.3846153846153847,0.0
0.75,0.782608695652174,0.7647058823529411,0.3595319457388422,0.3846153846153847,0.0
0.16666666666666666,0.08695652173913043,1.0,0.2860101480791135,0.07692307692307693,0.05263157894736842
0.16666666666666666,0.043478260869565216,1.0,0.2416899658278968,0.2692307692307693,0.0
0.8333333333333333,0.6086956521739131,0.9821428571428572,0.6158227192709951,0.5384615384615385,0.0
0.5,0.17391304347826086,1.0,0.6725691208449829,0.34615384615384615,0.0
0.16666666666666666,0.13043478260869565,1.0,0.5618722170446309,0.038461538461538464,0.05263157894736842
0.8333333333333333,0.782608695652174,0.9714285714285714,0.16309412861136985,0.6153846153846154,0.0
0.25,0.3913043478260869,0.9666666666666668,0.5229367298332814,0.15384615384615385,0.05263157894736842
0.125,0.17391304347826086,1.0,0.3534223879051466,0.15384615384615385,0.0
0.125,0.782608695652174,1.0,0.29532981257119195,0.8076923076923078,0.0
0.5,0.30434782608695654,1.0,0.5734700217458839,0.34615384615384615,0.0
0.29166666666666663,0.21739130434782608,1.0,0.14134824479652064,0.2692307692307693,0.0
0.6666666666666666,0.5217391304347826,0.9821428571428572,0.5296675986331159,0.46153846153846156,0.0
0.5416666666666666,0.6086956521739131,0.981132075471698,0.5198301750025889,0.34615384615384615,0.0
0.4583333333333333,1.0,0.0,0.19995857926892413,0.576923076923077,0.0
0.08333333333333333,0.08695652173913043,1.0,0.666563114838977,0.11538461538461539,0.0
0.5,0.6086956521739131,1.0,0.6906906906906909,0.3846153846153847,0.0
0.20833333333333331,0.21739130434782608,1.0,0.4710572641607125,0.34615384615384615,0.0
0.4583333333333333,0.30434782608695654,1.0,0.645024334679507,0.42307692307692313,0.0
0.041666666666666664,0.043478260869565216,1.0,0.4915605260432847,0.0,0.21052631578947367
0.08333333333333333,0.26086956521739135,1.0,0.27617272444858654,0.0,0.3157894736842105
0.5416666666666666,0.5652173913043479,0.9821428571428572,0.3840737289013152,0.3076923076923077,0.0
0.6666666666666666,0.30434782608695654,0.9726027397260274,0.29149839494667074,0.6923076923076924,0.0
0.375,0.5217391304347826,0.9833333333333332,0.6428497462980223,0.5000000000000001,0.0
0.3333333333333333,0.4782608695652174,0.981132075471698,0.6400538469503987,0.2307692307692308,0.0
0.5833333333333333,0.6086956521739131,0.9859154929577464,0.6198612405508959,0.5384615384615385,0.0
0.7916666666666666,0.6956521739130435,0.8059701492537313,0.4159676918297608,0.8076923076923078,0.0
0.41666666666666663,0.3913043478260869,0.9857142857142858,0.28994511753132435,0.5000000000000001,0.0
0.9583333333333333,0.8695652173913043,0.9666666666666668,0.6933830382106245,0.8846153846153847,0.0
0.6666666666666666,0.08695652173913043,1.0,0.07828518173345755,0.07692307692307693,0.0
0.5416666666666666,0.4347826086956522,1.0,0.33105519312415854,0.576923076923077,0.0
0.875,0.3913043478260869,1.0,0.34099616858237547,0.6538461538461539,0.0
0.7916666666666666,0.4782608695652174,0.9722222222222222,0.7413275344309826,0.5000000000000001,0.0
0.5416666666666666,0.9565217391304348,0.2142857142857142,0.38200269234751993,0.34615384615384615,0.0
0.75,0.6086956521739131,0.9827586206896552,0.5966656311483898,0.34615384615384615,0.0
0.8333333333333333,0.30434782608695654,1.0,0.3095164129646888,0.3076923076923077,0.0
0.5,0.26086956521739135,0.981132075471698,0.840737289013151,0.2692307692307693,0.0
0.5,0.7391304347826086,0.1136363636363636,0.24365745055400223,0.576923076923077,0.0
0.75,0.782608695652174,0.9827586206896552,0.10189499844672256,0.6153846153846154,0.0
0.5416666666666666,0.6956521739130435,0.3582089552238806,0.19167443305374332,0.2307692307692308,0.0
0.20833333333333331,0.043478260869565216,1.0,0.13844879362120743,0.15384615384615385,0.10526315789473684
0.16666666666666666,0.13043478260869565,1.0,0.755928342135239,0.11538461538461539,0.0
0.4583333333333333,0.5652173913043479,0.9857142857142858,0.7792275033654343,0.42307692307692313,0.0
0.375,0.4782608695652174,1.0,0.47416381899140525,0.5000000000000001,0.0
0.08333333333333333,0.34782608695652173,0.9846153846153848,0.5722273998136067,0.34615384615384615,0.0
0.625,0.043478260869565216,1.0,0.30299264782023405,0.0,0.05263157894736842
0.20833333333333331,0.17391304347826086,1.0,0.48596872734803775,0.0,0.10526315789473684
0.29166666666666663,0.08695652173913043,1.0,0.57077767422595,0.2307692307692308,0.05263157894736842
0.08333333333333333,0.21739130434782608,1.0,0.36388112250181215,0.0,0.3684210526315789
0.29166666666666663,0.17391304347826086,1.0,0.8039763901832866,0.07692307692307693,0.0
0.29166666666666663,0.26086956521739135,0.9857142857142858,0.6631459045252148,0.46153846153846156,0.0
0.5416666666666666,0.4782608695652174,0.9666666666666668,0.48917883400642026,0.576923076923077,0.0
0.3333333333333333,0.26086956521739135,1.0,0.4714714714714714,0.2307692307692308,0.0
0.9166666666666666,0.8260869565217391,0.9714285714285714,0.3191467329398363,0.7692307692307693,0.0
0.125,0.08695652173913043,1.0,0.3758931345138241,0.2307692307692308,0.0
0.9166666666666666,0.6956521739130435,0.9772727272727272,0.32504918711815256,0.7692307692307693,0.0
0.29166666666666663,0.5217391304347826,1.0,0.28808118463290866,0.42307692307692313,0.0
0.5833333333333333,0.26086956521739135,1.0,0.3258776017396706,0.2307692307692308,0.0
0.5416666666666666,0.5217391304347826,1.0,0.18753235994615303,0.6153846153846154,0.0
0.25,0.08695652173913043,1.0,0.25318421870146,0.038461538461538464,0.0
0.4583333333333333,0.34782608695652173,1.0,0.6595215905560734,0.34615384615384615,0.0
0.5833333333333333,0.6521739130434783,0.9824561403508772,0.7066376721549135,0.5384615384615385,0.0
0.5,0.30434782608695654,1.0,0.4619447033240136,0.3846153846153847,0.0
0.29166666666666663,0.5217391304347826,1.0,0.389251320285803,0.6538461538461539,0.0
0.375,0.9130434782608696,0.1142857142857142,0.5186911048980014,0.576923076923077,0.0
0.5833333333333333,0.30434782608695654,1.0,0.43885264574919747,0.576923076923077,0.0
0.20833333333333331,0.34782608695652173,0.9821428571428572,0.13120016568292414,0.46153846153846156,0.0
0.08333333333333333,0.043478260869565216,1.0,0.3417210313762038,0.038461538461538464,0.0
0.375,0.4347826086956522,1.0,0.1769700735217976,0.3846153846153847,0.0
0.041666666666666664,0.08695652173913043,1.0,0.5955265610438025,0.0,0.05263157894736842
0.08333333333333333,0.13043478260869565,1.0,0.6534120327223776,0.07692307692307693,0.0
0.041666666666666664,0.0,1.0,0.18162990576783677,0.07692307692307693,0.15789473684210525
0.041666666666666664,0.08695652173913043,1.0,0.2779331055193124,0.038461538461538464,0.10526315789473684
0.75,0.6956521739130435,0.2957746478873239,0.5668427047737392,0.5000000000000001,0.0
0.125,0.08695652173913043,1.0,0.7059128093610851,0.11538461538461539,0.0
0.29166666666666663,0.17391304347826086,1.0,0.2897380138759449,0.19230769230769232,0.0
0.08333333333333333,0.08695652173913043,1.0,0.5408511960236098,0.038461538461538464,0.3157894736842105
0.625,0.4347826086956522,0.9861111111111112,0.4788236512374442,0.576923076923077,0.0
0.41666666666666663,0.8260869565217391,0.0909090909090909,0.20057989023506262,0.6538461538461539,0.0
0.5833333333333333,0.782608695652174,0.6666666666666666,0.14621518069793926,0.46153846153846156,0.0
0.5416666666666666,0.782608695652174,0.5256410256410257,0.6189292741016879,0.6153846153846154,0.0
0.7083333333333333,0.13043478260869565,1.0,0.4191777984881433,0.5000000000000001,0.0
0.25,0.17391304347826086,1.0,0.27596562079320697,0.15384615384615385,0.0
0.16666666666666666,0.0,1.0,0.4816195505850678,0.07692307692307693,0.05263157894736842
0.5,0.5217391304347826,1.0,0.4166925546235891,0.5384615384615385,0.0
0.5416666666666666,0.6956521739130435,0.8076923076923077,0.3651237444340891,0.3076923076923077,0.0
0.5416666666666666,0.4782608695652174,1.0,0.3630527078802941,0.2692307692307693,0.0
0.5,0.6086956521739131,1.0,0.5091643367505436,0.6923076923076924,0.0
0.8333333333333333,0.21739130434782608,1.0,0.23475199337268304,0.038461538461538464,0.05263157894736842
0.625,0.4782608695652174,0.9859154929577464,0.39007973490732106,0.6538461538461539,0.0
0.5416666666666666,0.3913043478260869,0.9863013698630136,0.7349073211142176,0.3076923076923077,0.0
0.29166666666666663,0.21739130434782608,1.0,0.5188982085533811,0.2307692307692308,0.0
0.7916666666666666,0.5217391304347826,0.981132075471698,0.25970798384591476,0.576923076923077,0.0
0.5833333333333333,0.8260869565217391,0.2727272727272727,0.22108315211763485,0.7307692307692308,0.0
0.4583333333333333,0.8260869565217391,0.0,0.7099513306409859,0.42307692307692313,0.0
0.375,0.17391304347826086,1.0,0.238169203686445,0.42307692307692313,0.0
0.29166666666666663,0.30434782608695654,0.9803921568627452,0.1275758517137826,0.2692307692307693,0.0
0.625,0.3913043478260869,0.9863013698630136,0.639846743295019,0.46153846153846156,0.0
0.7083333333333333,0.6956521739130435,0.9824561403508772,0.7548928238583412,0.576923076923077,0.0
0.75,0.6521739130434783,0.9649122807017544,0.24034379206793,0.6923076923076924,0.0
0.75,0.782608695652174,0.9857142857142858,0.3895619757688724,0.8461538461538463,0.0
0.16666666666666666,0.043478260869565216,1.0,0.7923785854820338,0.11538461538461539,0.0
0.041666666666666664,0.08695652173913043,1.0,0.1693072382727555,0.07692307692307693,0.05263157894736842
0.5416666666666666,0.5217391304347826,0.98,0.8661074867971419,0.34615384615384615,0.0
0.20833333333333331,0.17391304347826086,1.0,0.13120016568292414,0.15384615384615385,0.05263157894736842
0.7083333333333333,0.8260869565217391,0.0,0.2875634254944599,0.6538461538461539,0.0
0.08333333333333333,0.08695652173913043,1.0,0.38686962824893856,0.15384615384615385,0.0
0.125,0.08695652173913043,1.0,0.5201408304856581,0.038461538461538464,0.2631578947368421
0.7916666666666666,0.6521739130434783,0.9824561403508772,0.27306616961789376,0.8076923076923078,0.0
0.29166666666666663,0.30434782608695654,1.0,0.5132028580304442,0.11538461538461539,0.0
0.6666666666666666,0.4782608695652174,0.9871794871794872,0.36543439991715854,0.6923076923076924,0.0
0.75,0.7391304347826086,0.7272727272727273,0.3639846743295019,0.6923076923076924,0.0
0.375,0.26086956521739135,1.0,0.308584446515481,0.3846153846153847,0.0
0.41666666666666663,0.26086956521739135,1.0,0.27078802940871904,0.3846153846153847,0.0
0.5,0.34782608695652173,1.0,0.557108832970902,0.3846153846153847,0.0
0.29166666666666663,0.26086956521739135,1.0,0.5524490007248628,0.46153846153846156,0.0
0.16666666666666666,0.043478260869565216,1.0,0.15087501294397843,0.038461538461538464,0.0
0.08333333333333333,0.043478260869565216,1.0,0.5234544889717305,0.038461538461538464,0.10526315789473684
0.75,0.6086956521739131,0.9836065573770492,0.3104483794138966,0.7307692307692308,0.0
0.041666666666666664,0.043478260869565216,1.0,0.5607331469400434,0.15384615384615385,0.05263157894736842
0.08333333333333333,0.043478260869565216,1.0,0.718028373200787,0.15384615384615385,0.0
0.7916666666666666,0.782608695652174,0.0,0.16723620171896036,0.3846153846153847,0.0
0.7916666666666666,0.6521739130434783,0.9818181818181818,0.25774049911980934,0.6153846153846154,0.0
0.625,0.7391304347826086,1.0,0.40820130475302885,0.7307692307692308,0.0
0.041666666666666664,0.0,1.0,0.2748265506886197,0.19230769230769232,0.10526315789473684
0.41666666666666663,0.30434782608695654,1.0,0.37154395775085436,0.15384615384615385,0.0
0.9166666666666666,0.9565217391304348,0.7166666666666667,0.9161230195712953,0.9230769230769231,0.0
0.75,0.5217391304347826,0.9642857142857144,0.2901522211867039,0.5384615384615385,0.0
0.7916666666666666,0.782608695652174,0.2957746478873239,0.7030133581857718,0.15384615384615385,0.0
0.875,0.4347826086956522,0.9833333333333332,0.23537330433882153,0.8076923076923078,0.0
0.5,0.5217391304347826,0.9857142857142858,0.20285803044423734,0.6153846153846154,0.0
0.20833333333333331,0.7391304347826086,0.0,0.45407476441959194,0.07692307692307693,0.15789473684210525
0.375,0.34782608695652173,1.0,0.27907217562389974,0.46153846153846156,0.0
0.7916666666666666,0.13043478260869565,1.0,0.36222429325877603,0.11538461538461539,0.0
0.875,0.6086956521739131,0.6714285714285714,0.4045769907838872,0.7692307692307693,0.0
0.08333333333333333,0.6956521739130435,0.4142857142857143,0.17438127782955382,0.07692307692307693,0.10526315789473684
0.625,0.7391304347826086,0.9859154929577464,0.9632391011701358,0.3076923076923077,0.0
0.041666666666666664,0.0,1.0,0.30402816609713135,0.07692307692307693,0.10526315789473684
0.4583333333333333,0.4782608695652174,0.9807692307692308,0.40716578647613133,0.5000000000000001,0.0
0.29166666666666663,0.26086956521739135,1.0,0.8842290566428499,0.46153846153846156,0.0
0.75,0.5217391304347826,0.981132075471698,0.26861344102723417,0.6923076923076924,0.0
0.41666666666666663,0.26086956521739135,1.0,0.47675261468364916,0.15384615384615385,0.05263157894736842
0.3333333333333333,0.30434782608695654,1.0,0.7539608574091332,0.19230769230769232,0.0
0.6666666666666666,0.5652173913043479,0.9857142857142858,0.2933623278450864,0.7692307692307693,0.0
0.75,0.6521739130434783,0.9821428571428572,0.17262089675882786,0.576923076923077,0.0
0.20833333333333331,0.30434782608695654,1.0,0.20637879258568914,0.2692307692307693,0.0
0.16666666666666666,0.08695652173913043,1.0,0.29222325774049906,0.07692307692307693,0.0
0.7083333333333333,0.17391304347826086,1.0,0.19674847261054162,0.2307692307692308,0.0
0.125,0.30434782608695654,1.0,0.2820751786269027,0.15384615384615385,0.0
0.5833333333333333,0.4782608695652174,0.9857142857142858,0.21952987470228846,0.46153846153846156,0.0
0.4583333333333333,0.30434782608695654,1.0,0.19167443305374332,0.2307692307692308,0.0
0.5,0.30434782608695654,0.9833333333333332,0.4846225535880708,0.34615384615384615,0.0
0.3333333333333333,0.13043478260869565,1.0,0.023195609402505868,0.34615384615384615,0.0
0.8333333333333333,0.9565217391304348,0.5689655172413793,0.4219736978357669,0.6923076923076924,0.0
0.3333333333333333,0.21739130434782608,1.0,0.7005281143212176,0.2307692307692308,0.0
0.75,0.782608695652174,0.4310344827586206,0.9342445894170033,0.576923076923077,0.0
0.7916666666666666,0.5652173913043479,0.7464788732394366,0.8798798798798799,0.5000000000000001,0.0
0.41666666666666663,0.08695652173913043,1.0,0.5545200372786578,0.038461538461538464,0.0
0.75,0.6521739130434783,0.9857142857142858,0.21984053018535765,0.7692307692307693,0.0
0.625,0.30434782608695654,1.0,0.16599357978668328,0.3846153846153847,0.0
0.29166666666666663,0.17391304347826086,1.0,0.684891788340064,0.11538461538461539,0.0
0.29166666666666663,0.782608695652174,0.6166666666666667,0.7325256290773532,0.576923076923077,0.0
0.25,0.08695652173913043,1.0,0.5603189396292845,0.038461538461538464,0.0
0.3333333333333333,0.30434782608695654,1.0,0.354872113492803,0.2307692307692308,0.0
0.625,0.4347826086956522,1.0,0.7091229160194679,0.3846153846153847,0.0
0.625,0.5652173913043479,1.0,0.1811121466293879,0.6153846153846154,0.0
0.6666666666666666,0.6086956521739131,0.9722222222222222,0.7296261779020399,0.7692307692307693,0.0
0.375,0.26086956521739135,0.9857142857142858,0.20637879258568914,0.3076923076923077,0.0
0.7083333333333333,0.782608695652174,0.3548387096774194,0.20617168893030957,0.6538461538461539,0.0
0.6666666666666666,0.3913043478260869,1.0,0.20793207000103553,0.15384615384615385,0.0
0.16666666666666666,0.30434782608695654,1.0,0.23454488971730325,0.11538461538461539,0.05263157894736842
0.5,0.4347826086956522,0.9807692307692308,0.6715336025680854,0.3076923076923077,0.0
0.3333333333333333,0.21739130434782608,1.0,0.23029926478202345,0.15384615384615385,0.0
0.41666666666666663,0.5217391304347826,0.8285714285714286,0.5845500673086879,0.46153846153846156,0.0
0.20833333333333331,0.13043478260869565,1.0,0.20844982913948418,0.15384615384615385,0.0
0.16666666666666666,0.0,1.0,0.26830278554416487,0.2692307692307693,0.05263157894736842
0.375,0.17391304347826086,1.0,0.4096510303406855,0.07692307692307693,0.0
0.16666666666666666,0.043478260869565216,1.0,0.7332504918711815,0.15384615384615385,0.0
0.25,0.34782608695652173,1.0,0.4609091850471161,0.34615384615384615,0.0
0.3333333333333333,0.043478260869565216,1.0,0.04929066998032505,0.19230769230769232,0.05263157894736842
0.7083333333333333,0.30434782608695654,0.9807692307692308,0.4636015325670497,0.3076923076923077,0.0
0.8333333333333333,0.8260869565217391,0.5789473684210527,0.23216319768043892,0.7692307692307693,0.0
0.125,0.13043478260869565,1.0,0.6142694418556487,0.2692307692307693,0.0
0.5,0.3913043478260869,1.0,0.3464844154499329,0.6538461538461539,0.0
0.6666666666666666,0.7391304347826086,0.3333333333333333,0.6688412550481517,0.6153846153846154,0.0
0.5416666666666666,0.4782608695652174,0.981132075471698,0.46018432225328776,0.576923076923077,0.0
0.16666666666666666,0.043478260869565216,1.0,0.6153049601325462,0.07692307692307693,0.05263157894736842
0.4583333333333333,0.13043478260869565,1.0,0.2546339442891167,0.11538461538461539,0.0
0.29166666666666663,0.782608695652174,0.4821428571428571,0.42632287459873663,0.2307692307692308,0.0
0.5,0.4782608695652174,0.9871794871794872,0.41037589313451384,0.6923076923076924,0.0
0.3333333333333333,0.5652173913043479,0.98,0.15563839701770732,0.5000000000000001,0.0
0.625,0.5217391304347826,1.0,0.31707569638604116,0.5384615384615385,0.0
0.7916666666666666,0.8260869565217391,0.0,0.335611473542508,0.576923076923077,0.0
0.041666666666666664,0.043478260869565216,1.0,0.26281453867660753,0.0,0.5789473684210527
0.41666666666666663,0.7391304347826086,0.7857142857142857,0.47012529771150446,0.5000000000000001,0.0
0.7083333333333333,0.4782608695652174,0.9692307692307692,0.4424769597183391,0.5000000000000001,0.0
0.41666666666666663,0.5652173913043479,0.9622641509433962,0.7810914362638499,0.5000000000000001,0.0
0.5,0.26086956521739135,1.0,0.33778606192399296,0.5000000000000001,0.0
0.625,0.3913043478260869,1.0,0.8421870146008077,0.46153846153846156,0.0
0.29166666666666663,0.7391304347826086,0.7464788732394366,0.4366780573677125,0.11538461538461539,0.10526315789473684
0.75,0.5652173913043479,0.981132075471698,0.7465051258154707,0.34615384615384615,0.0
0.25,0.30434782608695654,1.0,0.6497877187532362,0.2307692307692308,0.0
0.5833333333333333,0.6521739130434783,0.9315068493150684,0.1708605156881019,0.3846153846153847,0.0
0.29166666666666663,0.782608695652174,0.0714285714285714,0.1275758517137826,0.19230769230769232,0.05263157894736842
0.29166666666666663,0.26086956521739135,1.0,0.7155431293362329,0.038461538461538464,0.15789473684210525
0.5,0.34782608695652173,1.0,0.16568292430361398,0.576923076923077,0.0
0.6666666666666666,0.7391304347826086,0.7735849056603774,0.2254323288806046,0.7307692307692308,0.0
0.5416666666666666,0.3913043478260869,0.9772727272727272,0.3981567774671222,0.6153846153846154,0.0
0.125,0.13043478260869565,1.0,0.5389872631251942,0.11538461538461539,0.0
0.41666666666666663,0.4782608695652174,0.9848484848484848,0.9625142383763072,0.3076923076923077,0.0
0.25,0.26086956521739135,1.0,0.29926478202340256,0.2692307692307693,0.0
0.5833333333333333,0.7391304347826086,0.5901639344262295,0.6023609816713265,0.9615384615384616,0.0
0.29166666666666663,0.26086956521739135,1.0,0.23309516412964693,0.11538461538461539,0.05263157894736842
0.41666666666666663,0.6521739130434783,0.9857142857142858,0.5649787718753236,0.2692307692307693,0.05263157894736842
0.625,0.4782608695652174,0.981132075471698,0.6504090297193748,0.2692307692307693,0.0
0.8333333333333333,0.782608695652174,0.971830985915493,0.18484001242621928,0.6923076923076924,0.0
0.25,0.17391304347826086,1.0,0.457077767422595,0.2307692307692308,0.0
0.6666666666666666,0.4782608695652174,0.9861111111111112,0.21528424976700833,0.6538461538461539,0.0
0.7916666666666666,0.34782608695652173,1.0,0.1979910945428187,0.7307692307692308,0.0
0.7083333333333333,0.5217391304347826,1.0,0.7279693486590038,0.5384615384615385,0.0
0.20833333333333331,0.7391304347826086,0.375,0.24697110904007458,0.5384615384615385,0.0
0.7083333333333333,0.34782608695652173,0.9833333333333332,0.28010769390079737,0.3846153846153847,0.0
0.625,0.5217391304347826,0.9827586206896552,0.3053743398570985,0.7307692307692308,0.0
0.08333333333333333,0.0,1.0,0.5562804183493839,0.0,0.05263157894736842
0.7083333333333333,0.4347826086956522,0.9821428571428572,0.3448275862068966,0.576923076923077,0.0
0.125,0.13043478260869565,1.0,0.4261157709433572,0.07692307692307693,0.05263157894736842
0.6666666666666666,0.4347826086956522,0.9857142857142858,0.6738117427772601,0.46153846153846156,0.0
0.16666666666666666,0.13043478260869565,1.0,0.6854095474785129,0.11538461538461539,0.0
0.5833333333333333,0.9130434782608696,0.1964285714285714,0.4166925546235891,0.8076923076923078,0.0
0.08333333333333333,0.17391304347826086,1.0,0.5133064098581339,0.038461538461538464,0.05263157894736842
0.4583333333333333,0.17391304347826086,1.0,0.15149632391011691,0.2307692307692308,0.0
0.29166666666666663,0.21739130434782608,1.0,0.3876980428704566,0.34615384615384615,0.0
0.5833333333333333,0.5652173913043479,0.9850746268656716,0.8305892098995546,0.6538461538461539,0.0
0.5833333333333333,0.21739130434782608,1.0,0.744226985606296,0.5384615384615385,0.0
0.5,0.4347826086956522,0.9827586206896552,0.6754685720202962,0.3846153846153847,0.0
0.7083333333333333,0.9565217391304348,0.0,0.48120534327430864,0.5384615384615385,0.0
0.16666666666666666,0.13043478260869565,1.0,0.7044630837734285,0.15384615384615385,0.0
0.5416666666666666,0.4347826086956522,1.0,0.19695557626592086,0.5000000000000001,0.0
0.7916666666666666,0.6956521739130435,0.9615384615384616,0.18049083566324942,0.7307692307692308,0.0
0.29166666666666663,0.17391304347826086,1.0,0.8878533706119911,0.34615384615384615,0.0
0.4583333333333333,0.6956521739130435,0.9861111111111112,0.2585689137413274,0.42307692307692313,0.0
0.7916666666666666,0.5217391304347826,0.9859154929577464,0.17262089675882786,0.576923076923077,0.0
0.08333333333333333,0.08695652173913043,1.0,0.2691312001656829,0.11538461538461539,0.0
0.125,0.08695652173913043,1.0,0.28010769390079737,0.15384615384615385,0.0
0.20833333333333331,0.13043478260869565,1.0,0.4736460598529564,0.11538461538461539,0.05263157894736842
0.41666666666666663,0.6956521739130435,0.6,0.3248420834627731,0.11538461538461539,0.10526315789473684
0.7916666666666666,0.26086956521739135,0.9821428571428572,0.5582479030754892,0.3846153846153847,0.0
0.375,0.7391304347826086,0.0,0.542922232577405,0.6538461538461539,0.0
0.041666666666666664,0.0,1.0,0.346277311794553,0.038461538461538464,0.05263157894736842
0.125,0.043478260869565216,1.0,0.20482551517034275,0.038461538461538464,0.05263157894736842
0.4583333333333333,0.30434782608695654,1.0,0.37982810396603495,0.34615384615384615,0.0
0.16666666666666666,0.34782608695652173,0.9824561403508772,0.17282800041420732,0.15384615384615385,0.0
0.5416666666666666,0.6086956521739131,1.0,0.18515066790928858,0.5384615384615385,0.0
0.3333333333333333,0.5217391304347826,1.0,0.226985606295951,0.5384615384615385,0.0
0.8333333333333333,0.7391304347826086,0.4848484848484848,0.2904628766697731,0.7692307692307693,0.0
0.5833333333333333,0.4347826086956522,1.0,0.20461841151496318,0.5384615384615385,0.0
0.5833333333333333,0.8260869565217391,0.6363636363636364,0.15377446411929163,0.576923076923077,0.0
0.875,0.4782608695652174,0.961038961038961,0.45407476441959194,0.6153846153846154,0.0
0.8333333333333333,0.5217391304347826,0.2830188679245283,0.2225328777052914,0.7307692307692308,0.0
0.125,0.08695652173913043,1.0,0.12063787925856884,0.07692307692307693,0.0
0.9166666666666666,0.6956521739130435,0.9571428571428572,0.35331883607745684,0.8461538461538463,0.0
0.9166666666666666,0.9130434782608696,0.2835820895522388,0.40053846950398664,0.9230769230769231,0.0
0.5416666666666666,0.7391304347826086,0.4032258064516129,0.660142901522212,0.6923076923076924,0.0
0.3333333333333333,0.17391304347826086,1.0,0.6216216216216215,0.3846153846153847,0.0
0.41666666666666663,0.30434782608695654,1.0,0.19219219219219208,0.6538461538461539,0.0
0.20833333333333331,0.8260869565217391,0.1971830985915492,0.5179662421041731,0.42307692307692313,0.0
0.08333333333333333,0.08695652173913043,1.0,0.6571398985192087,0.07692307692307693,0.0
0.041666666666666664,0.0,1.0,0.28010769390079737,0.038461538461538464,0.15789473684210525
0.08333333333333333,0.043478260869565216,1.0,0.327430879155017,0.15384615384615385,0.0
0.041666666666666664,0.0,1.0,0.27565496531013767,0.11538461538461539,0.05263157894736842
0.875,0.6956521739130435,0.9824561403508772,0.3185254219736978,0.7692307692307693,0.0
0.3333333333333333,0.13043478260869565,1.0,0.15636325981153554,0.5000000000000001,0.0
0.5416666666666666,0.7391304347826086,0.7384615384615385,0.6812674743709226,0.7307692307692308,0.0
0.3333333333333333,0.30434782608695654,1.0,0.5166200683442064,0.42307692307692313,0.0
0.29166666666666663,0.4347826086956522,0.981132075471698,0.1970591280936107,0.5000000000000001,0.0
0.6666666666666666,0.8695652173913043,0.1818181818181818,0.10406958682820722,0.6153846153846154,0.0
0.6666666666666666,0.782608695652174,0.7361111111111112,0.5886921404162784,0.34615384615384615,0.0
0.16666666666666666,0.08695652173913043,1.0,0.05219012115563826,0.19230769230769232,0.05263157894736842
0.75,0.26086956521739135,1.0,0.23951537744641194,0.46153846153846156,0.0
0.125,0.043478260869565216,1.0,0.2735839287563425,0.07692307692307693,0.0
0.3333333333333333,0.17391304347826086,1.0,0.1568810189499844,0.11538461538461539,0.0
0.41666666666666663,0.6956521739130435,0.981132075471698,0.7407062234648443,0.3846153846153847,0.0
0.8333333333333333,0.6521739130434783,0.9743589743589745,0.6006006006006006,0.038461538461538464,0.10526315789473684
0.29166666666666663,0.21739130434782608,1.0,0.2802112457284871,0.0,0.05263157894736842
0.75,0.5652173913043479,1.0,0.8958268613441027,0.576923076923077,0.0
0.25,0.26086956521739135,0.9850746268656716,0.6477166821994407,0.0,0.21052631578947367
0.5833333333333333,0.4782608695652174,0.981132075471698,0.22273998136067097,0.6153846153846154,0.0
0.5416666666666666,0.8260869565217391,0.9857142857142858,0.7687687687687688,0.6153846153846154,0.0
0.7083333333333333,0.30434782608695654,0.9850746268656716,0.23009216112664366,0.3076923076923077,0.0
0.9166666666666666,0.8695652173913043,0.9242424242424242,0.639018328673501,0.8461538461538463,0.0
0.375,0.30434782608695654,1.0,0.14134824479652064,0.2692307692307693,0.0
0.8333333333333333,0.6086956521739131,0.9285714285714286,0.36646991819405605,0.3846153846153847,0.0
0.5833333333333333,0.6086956521739131,0.9848484848484848,0.13316765040902967,0.46153846153846156,0.0
0.5833333333333333,0.7391304347826086,0.98,0.6089882986434711,0.3076923076923077,0.0
0.041666666666666664,0.0,1.0,0.4446515480998239,0.0,0.10526315789473684
0.4583333333333333,0.26086956521739135,1.0,0.7443305374339857,0.2692307692307693,0.0
0.08333333333333333,0.30434782608695654,1.0,0.6374650512581548,0.3076923076923077,0.0
0.375,0.8695652173913043,0.6428571428571429,0.3159366262814537,0.5384615384615385,0.0
0.41666666666666663,0.30434782608695654,0.9859154929577464,0.4835870353111731,0.2692307692307693,0.0
0.041666666666666664,0.0,1.0,0.16723620171896036,0.15384615384615385,0.05263157894736842
0.0,0.8260869565217391,0.0,0.28103966035000516,0.3076923076923077,0.0
0.7083333333333333,0.21739130434782608,1.0,0.2652997825411617,0.5384615384615385,0.0
0.7916666666666666,0.9130434782608696,0.0,0.36833385109247163,0.6923076923076924,0.0
0.375,0.21739130434782608,1.0,0.601221911566739,0.34615384615384615,0.0
0.5416666666666666,0.26086956521739135,1.0,0.4825515170342758,0.34615384615384615,0.0
0.7083333333333333,0.34782608695652173,0.9824561403508772,0.13337475406440924,0.5384615384615385,0.0
0.3333333333333333,0.13043478260869565,1.0,0.2027544786165476,0.11538461538461539,0.0
0.75,0.7391304347826086,0.6363636363636364,0.36895516205861023,0.576923076923077,0.0
0.3333333333333333,0.26086956521739135,1.0,0.9226467847157502,0.07692307692307693,0.0
0.16666666666666666,0.5652173913043479,0.953125,0.22750336543440008,0.19230769230769232,0.0
0.8333333333333333,0.782608695652174,0.3,0.22139380760070404,0.46153846153846156,0.0
0.7083333333333333,0.782608695652174,0.0350877192982456,0.4070622346484414,0.6153846153846154,0.0
0.5,0.17391304347826086,1.0,0.423630527078803,0.15384615384615385,0.0
0.16666666666666666,0.08695652173913043,1.0,0.43564253909081496,0.07692307692307693,0.0
0.125,0.0,1.0,0.5454074764419592,0.0,0.15789473684210525
0.08333333333333333,0.08695652173913043,1.0,0.3888371129750441,0.15384615384615385,0.05263157894736842
0.6666666666666666,0.4782608695652174,0.9743589743589745,0.4001242621932277,0.576923076923077,0.0
0.08333333333333333,0.043478260869565216,1.0,0.2326809568188879,0.038461538461538464,0.05263157894736842
0.5,0.4347826086956522,0.9850746268656716,0.24241482862172514,0.42307692307692313,0.0
0.4583333333333333,0.4782608695652174,0.9827586206896552,0.269441855648752,0.42307692307692313,0.0
0.041666666666666664,0.0,1.0,0.5397121259190225,0.0,0.3684210526315789
0.75,0.6956521739130435,0.9672131147540984,0.3627420523972247,0.3076923076923077,0.0
0.08333333333333333,0.0,1.0,0.6962824893859378,0.038461538461538464,0.10526315789473684
0.5,0.17391304347826086,1.0,0.5620793207000103,0.2307692307692308,0.05263157894736842
0.25,0.4782608695652174,1.0,0.24821373097235155,0.5000000000000001,0.0
0.3333333333333333,0.26086956521739135,1.0,0.5780263021642331,0.2307692307692308,0.0
0.7916666666666666,0.5217391304347826,0.9666666666666668,0.41772807290048664,0.6153846153846154,0.0
0.5833333333333333,0.5652173913043479,0.971830985915493,0.0838769804287045,0.6153846153846154,0.0
0.9583333333333333,0.9130434782608696,0.9154929577464788,0.38935487211349296,1.0,0.0
0.7083333333333333,0.6086956521739131,0.7564102564102564,0.20234027130578858,0.6923076923076924,0.0
0.41666666666666663,0.782608695652174,0.5070422535211268,0.22346484415449952,0.6153846153846154,0.0
0.375,0.13043478260869565,1.0,0.6194470332401365,0.038461538461538464,0.10526315789473684
0.625,0.6521739130434783,0.981132075471698,0.421455938697318,0.6153846153846154,0.0
0.3333333333333333,0.21739130434782608,1.0,0.17034275654965303,0.34615384615384615,0.0
0.7916666666666666,0.30434782608695654,1.0,0.1696178937558248,0.07692307692307693,0.10526315789473684
0.08333333333333333,0.26086956521739135,1.0,0.05270788029408702,0.42307692307692313,0.0
0.16666666666666666,0.21739130434782608,1.0,0.2525629077353214,0.19230769230769232,0.0
0.16666666666666666,0.17391304347826086,1.0,0.13730972351662007,0.3076923076923077,0.0
0.3333333333333333,0.17391304347826086,1.0,0.3054778916847882,0.3846153846153847,0.0
0.9166666666666666,0.08695652173913043,1.0,0.4574919747333541,0.038461538461538464,0.2631578947368421
0.29166666666666663,0.7391304347826086,0.2571428571428571,0.6090918504711607,0.11538461538461539,0.05263157894736842
0.625,0.3913043478260869,0.9818181818181818,0.32463497980739353,0.3846153846153847,0.0
0.625,0.5217391304347826,1.0,0.3067205136170653,0.42307692307692313,0.0
0.8333333333333333,0.7391304347826086,0.971830985915493,0.24013668841255043,0.6538461538461539,0.0
0.41666666666666663,0.5652173913043479,0.9772727272727272,0.48089468779123945,0.42307692307692313,0.0
0.08333333333333333,0.0,1.0,0.5823754789272031,0.15384615384615385,0.15789473684210525
0.041666666666666664,0.6521739130434783,0.0277777777777777,0.321424873149011,0.19230769230769232,0.0
0.16666666666666666,0.13043478260869565,1.0,0.522315418867143,0.19230769230769232,0.0
0.29166666666666663,0.5652173913043479,0.9772727272727272,0.17189603396499942,0.42307692307692313,0.0
0.5,0.21739130434782608,1.0,0.3710261986124055,0.3076923076923077,0.0
0.41666666666666663,0.26086956521739135,1.0,0.16454385419902662,0.3846153846153847,0.0
0.4583333333333333,0.5652173913043479,0.9859154929577464,0.21973697835766792,0.7307692307692308,0.0
0.4583333333333333,0.6521739130434783,0.1428571428571428,0.3889406648027338,0.576923076923077,0.0
0.041666666666666664,0.0,1.0,0.29543336439888157,0.038461538461538464,0.15789473684210525
0.875,0.9565217391304348,0.3272727272727272,0.31862897380138755,0.8846153846153847,0.0
0.25,0.0,1.0,0.4696075385730558,0.15384615384615385,0.05263157894736842
0.41666666666666663,0.3913043478260869,0.9821428571428572,0.2705809257533396,0.46153846153846156,0.0
0.041666666666666664,0.0,1.0,0.6597286942114529,0.0,0.5789473684210527
0.5833333333333333,0.17391304347826086,1.0,0.46494770632701665,0.0,0.3157894736842105
0.75,0.5652173913043479,0.9824561403508772,0.5125815470643056,0.6538461538461539,0.0
0.625,0.5217391304347826,1.0,0.49290669980325164,0.3846153846153847,0.0
0.5416666666666666,0.26086956521739135,1.0,0.3397535466500984,0.34615384615384615,0.0
0.625,0.6086956521739131,0.9821428571428572,0.6086776431604017,0.6153846153846154,0.0
0.41666666666666663,0.3913043478260869,1.0,0.23661592627109873,0.576923076923077,0.0
0.625,0.8260869565217391,0.1551724137931034,0.32504918711815256,0.7307692307692308,0.0
0.8333333333333333,0.7391304347826086,0.9622641509433962,0.15439577508543023,0.7307692307692308,0.0
0.9166666666666666,0.7391304347826086,0.9821428571428572,0.5154809982396189,0.7307692307692308,0.0
0.625,0.5652173913043479,0.9827586206896552,0.7777777777777777,0.42307692307692313,0.0
0.20833333333333331,0.21739130434782608,0.9859154929577464,0.08222015118566839,0.2692307692307693,0.0
0.7916666666666666,0.6956521739130435,0.9701492537313432,0.3812778295536916,0.34615384615384615,0.0
1.0,0.6956521739130435,0.971830985915493,0.9190224707466086,0.9230769230769231,0.0
0.7083333333333333,0.6086956521739131,0.9193548387096774,0.48441544993269114,0.2307692307692308,0.05263157894736842
0.0,0.6956521739130435,0.6153846153846154,0.23889406648027334,0.8076923076923078,0.0
0.5833333333333333,0.6086956521739131,0.9743589743589745,0.5831003417210312,0.34615384615384615,0.0
0.5,0.4782608695652174,0.9859154929577464,0.4743709226467847,0.34615384615384615,0.0
0.5,0.3913043478260869,1.0,0.7458838148493321,0.11538461538461539,0.0
0.16666666666666666,0.6956521739130435,0.9433962264150944,0.48182665424044746,0.038461538461538464,0.15789473684210525
0.6666666666666666,0.21739130434782608,0.9859154929577464,0.44392668530599555,0.46153846153846156,0.0
0.7916666666666666,0.782608695652174,0.1136363636363636,0.2916019467743606,0.6923076923076924,0.0
0.625,0.34782608695652173,0.9642857142857144,0.2903593248420834,0.5384615384615385,0.0
0.75,0.5217391304347826,0.981132075471698,0.2869421145283214,0.8846153846153847,0.0
0.7083333333333333,0.6086956521739131,0.9622641509433962,0.5352593973283628,0.8076923076923078,0.0
0.5416666666666666,0.4347826086956522,1.0,0.12736874805840315,0.46153846153846156,0.0
0.25,0.4782608695652174,0.9871794871794872,0.6486486486486487,0.42307692307692313,0.0
0.9166666666666666,0.8260869565217391,0.9636363636363636,0.5225225225225225,0.8461538461538463,0.0
0.20833333333333331,0.5652173913043479,0.981132075471698,0.11380345863104491,0.5384615384615385,0.0
0.08333333333333333,0.6521739130434783,0.9838709677419356,0.3075489282385835,0.2307692307692308,0.0
0.5833333333333333,0.5217391304347826,1.0,0.5845500673086879,0.3846153846153847,0.0
0.6666666666666666,0.6086956521739131,0.9607843137254902,0.1415553484519001,0.6923076923076924,0.0
0.25,0.08695652173913043,1.0,0.43274308791550187,0.07692307692307693,0.0
0.29166666666666663,0.26086956521739135,0.9852941176470588,0.5051258154706431,0.2692307692307693,0.0
0.3333333333333333,0.26086956521739135,1.0,0.3082737910324117,0.2692307692307693,0.0
0.5,0.6521739130434783,0.9859154929577464,0.19871595733664704,0.7307692307692308,0.0
0.75,0.5652173913043479,1.0,0.40312726519623077,0.6538461538461539,0.0
0.7083333333333333,0.6086956521739131,0.9743589743589745,0.4685720202961583,0.7307692307692308,0.0
0.5833333333333333,0.3913043478260869,0.9803921568627452,0.7099513306409859,0.3846153846153847,0.0
0.08333333333333333,0.08695652173913043,1.0,0.3639846743295019,0.07692307692307693,0.05263157894736842
0.08333333333333333,0.043478260869565216,1.0,0.4803769286527906,0.038461538461538464,0.15789473684210525
0.5416666666666666,0.6521739130434783,0.5757575757575758,0.15874495184839998,0.6153846153846154,0.0
0.125,0.3913043478260869,1.0,0.6226571398985192,0.42307692307692313,0.0
0.5,0.34782608695652173,1.0,0.32183908045977005,0.2692307692307693,0.0
0.7916666666666666,0.4782608695652174,0.9871794871794872,0.2617790203997101,0.3076923076923077,0.0
0.25,0.30434782608695654,0.9871794871794872,0.16216216216216206,0.46153846153846156,0.0
0.3333333333333333,0.6521739130434783,0.6538461538461539,0.18515066790928858,0.19230769230769232,0.0
0.08333333333333333,0.13043478260869565,1.0,0.2742052397224811,0.11538461538461539,0.0
0.8333333333333333,0.782608695652174,0.6444444444444445,0.7065341203272237,0.8076923076923078,0.0
0.16666666666666666,0.6521739130434783,0.7547169811320755,0.21445583514549027,0.15384615384615385,0.0
0.8333333333333333,0.7391304347826086,0.9696969696969696,0.2977115046080564,0.7307692307692308,0.0
0.08333333333333333,0.4347826086956522,0.9830508474576272,0.30868799834317073,0.038461538461538464,0.10526315789473684
0.5,0.4347826086956522,1.0,0.21787304545925235,0.5000000000000001,0.0
0.4583333333333333,0.4347826086956522,0.9803921568627452,0.21342031686859264,0.5384615384615385,0.0
0.5833333333333333,0.6956521739130435,0.8873239436619719,0.4202133167650408,0.5000000000000001,0.0
0.875,0.34782608695652173,1.0,0.3688516102309205,0.2692307692307693,0.0
0.75,0.7391304347826086,1.0,0.4734389561975769,0.8076923076923078,0.0
0.5416666666666666,0.3913043478260869,1.0,0.43812778295536914,0.576923076923077,0.0
0.7916666666666666,0.782608695652174,0.5636363636363636,0.4216630423526977,0.9230769230769231,0.0
0.8333333333333333,0.6956521739130435,0.9821428571428572,0.17251734493113802,0.6538461538461539,0.0
0.29166666666666663,0.4782608695652174,0.9821428571428572,0.7719788754271513,0.42307692307692313,0.0
0.5416666666666666,0.30434782608695654,1.0,0.6357046701874287,0.2692307692307693,0.0
0.41666666666666663,0.4347826086956522,1.0,0.3714404059231644,0.46153846153846156,0.0
0.5,0.34782608695652173,1.0,0.15957336646991815,0.3076923076923077,0.0
0.41666666666666663,0.4347826086956522,0.9545454545454546,0.24893859376617988,0.576923076923077,0.0
0.625,0.3913043478260869,1.0,0.6570363466915192,0.2692307692307693,0.0
0.041666666666666664,0.0,1.0,0.31386558972765866,0.0,0.3684210526315789
0.25,0.9130434782608696,0.1212121212121212,0.3636740188464327,0.2307692307692308,0.0
0.29166666666666663,0.34782608695652173,1.0,0.18701460080770416,0.5000000000000001,0.0
0.5416666666666666,0.34782608695652173,1.0,0.32525629077353235,0.5000000000000001,0.0
0.08333333333333333,0.0,1.0,0.13699906803355077,0.15384615384615385,0.10526315789473684
0.6666666666666666,0.5217391304347826,0.9836065573770492,0.25049187118152616,0.8076923076923078,0.0
0.25,0.17391304347826086,1.0,0.5519312415864142,0.2692307692307693,0.0
0.5,0.4782608695652174,1.0,0.13306409858133994,0.5000000000000001,0.0
0.25,0.34782608695652173,0.9859154929577464,0.8414621518069794,0.3076923076923077,0.0
0.5833333333333333,0.5652173913043479,0.967741935483871,0.1421766594180387,0.576923076923077,0.0
0.29166666666666663,0.6521739130434783,0.9032258064516128,0.3700942321631977,0.2692307692307693,0.0
0.6666666666666666,0.8260869565217391,0.1320754716981132,0.25929377653515573,0.42307692307692313,0.0
0.5,0.08695652173913043,1.0,0.3818991405198302,0.34615384615384615,0.0
0.29166666666666663,0.782608695652174,0.3380281690140845,0.48193020606813697,0.42307692307692313,0.0
0.08333333333333333,0.043478260869565216,1.0,0.4657761209485347,0.0,0.05263157894736842
0.7916666666666666,0.8260869565217391,0.0178571428571428,0.25991508750129433,0.7692307692307693,0.0
0.125,0.0,1.0,0.3261882572227399,0.0,0.8421052631578947
0.08333333333333333,1.0,0.1403508771929824,0.6194470332401365,0.11538461538461539,0.10526315789473684
0.3333333333333333,0.5217391304347826,0.9861111111111112,0.3165579372475924,0.34615384615384615,0.0
0.8333333333333333,0.7391304347826086,0.7307692307692307,0.7527182354768562,0.8076923076923078,0.0
0.41666666666666663,0.34782608695652173,0.974025974025974,0.48824686755721247,0.2307692307692308,0.0
0.08333333333333333,0.08695652173913043,1.0,0.3152117634876255,0.038461538461538464,0.05263157894736842
0.5,0.3913043478260869,1.0,0.2744123433778607,0.3846153846153847,0.0
0.7916666666666666,0.3913043478260869,1.0,0.13658486072279175,0.3076923076923077,0.0
1.0,0.8260869565217391,0.9615384615384616,0.39908874391633,0.9230769230769231,0.0
0.7916666666666666,0.6086956521739131,0.935483870967742,0.2216009112560836,0.6923076923076924,0.0
0.29166666666666663,0.17391304347826086,0.9833333333333332,0.1622657139898518,0.2692307692307693,0.0
0.7083333333333333,0.6521739130434783,0.4406779661016949,0.32473853163508326,0.2692307692307693,0.0
0.8333333333333333,0.7391304347826086,0.6981132075471698,0.46691519105312196,0.3846153846153847,0.0
0.5416666666666666,0.6956521739130435,0.4714285714285714,0.2088640364502432,0.7307692307692308,0.0
0.5833333333333333,0.4347826086956522,1.0,0.1668219944082011,0.576923076923077,0.0
0.375,0.30434782608695654,1.0,0.5664284974629803,0.2692307692307693,0.05263157894736842
0.5,0.4782608695652174,0.9857142857142858,0.22626074350212277,0.6538461538461539,0.0
0.125,0.08695652173913043,1.0,0.42663353008180604,0.11538461538461539,0.0
0.041666666666666664,0.6956521739130435,0.5897435897435898,0.34896965931448687,0.07692307692307693,0.0
0.29166666666666663,0.26086956521739135,1.0,0.37247592420006215,0.34615384615384615,0.0
0.125,0.17391304347826086,1.0,0.44226985606295943,0.11538461538461539,0.0
0.3333333333333333,0.4782608695652174,1.0,0.6352904628766698,0.19230769230769232,0.0
0.5416666666666666,0.17391304347826086,1.0,0.33778606192399296,0.5000000000000001,0.0
0.375,0.08695652173913043,1.0,0.606399502951227,0.038461538461538464,0.10526315789473684
0.7083333333333333,0.6086956521739131,0.8070175438596491,0.26540333436885166,0.5384615384615385,0.0
0.08333333333333333,0.13043478260869565,1.0,0.5786476131303717,0.15384615384615385,0.05263157894736842
0.8333333333333333,0.7391304347826086,0.971830985915493,0.7534430982706843,0.7692307692307693,0.0
0.5416666666666666,0.4347826086956522,0.9857142857142858,0.34182458320389353,0.2692307692307693,0.0
0.4583333333333333,0.7391304347826086,0.9571428571428572,0.29129129129129117,0.6153846153846154,0.0
0.7916666666666666,0.3913043478260869,0.9444444444444444,0.3232888060474267,0.6923076923076924,0.0
0.5416666666666666,0.6956521739130435,0.971830985915493,0.3368540954747852,0.6153846153846154,0.0
0.875,0.9130434782608696,0.6142857142857143,0.4035414725069897,0.8076923076923078,0.0
0.75,0.9130434782608696,0.0,0.6529978254116184,0.42307692307692313,0.0
0.3333333333333333,0.3913043478260869,0.9859154929577464,0.5305995650823236,0.19230769230769232,0.0
0.3333333333333333,0.5217391304347826,0.9857142857142858,0.25038831935383654,0.5000000000000001,0.0
0.75,0.5652173913043479,1.0,0.29626177902039963,0.7307692307692308,0.0
0.20833333333333331,0.6086956521739131,0.9857142857142858,0.6950398674536606,0.46153846153846156,0.0
0.625,0.782608695652174,0.7333333333333333,0.4938386662524594,0.3846153846153847,0.05263157894736842
0.20833333333333331,0.13043478260869565,1.0,0.43139691415553494,0.07692307692307693,0.05263157894736842
0.041666666666666664,0.043478260869565216,1.0,0.39732836284560413,0.11538461538461539,0.0
0.41666666666666663,0.5652173913043479,1.0,0.3521797659728694,0.5000000000000001,0.0
0.8333333333333333,0.7391304347826086,0.7090909090909091,0.32794863829346577,0.5000000000000001,0.0
0.4583333333333333,0.8260869565217391,0.0,0.7498187843015429,0.46153846153846156,0.0
0.4583333333333333,0.6956521739130435,0.98,0.4058196127161644,0.5000000000000001,0.0
0.75,0.5217391304347826,1.0,0.09537123330226782,0.46153846153846156,0.0
0.20833333333333331,0.13043478260869565,1.0,0.6599357978668323,0.15384615384615385,0.0
0.125,0.043478260869565216,1.0,0.28901315108211656,0.038461538461538464,0.15789473684210525
0.41666666666666663,0.30434782608695654,0.9857142857142858,0.4179351765558663,0.8461538461538463,0.0
0.125,0.13043478260869565,1.0,0.5447861654758206,0.11538461538461539,0.0
0.08333333333333333,0.043478260869565216,1.0,0.1820441130785958,0.07692307692307693,0.0
0.08333333333333333,0.21739130434782608,1.0,0.7223775499637568,0.19230769230769232,0.0
0.5833333333333333,0.3913043478260869,1.0,0.2199440820130475,0.6538461538461539,0.0
0.29166666666666663,0.5652173913043479,1.0,0.45438541990266135,0.6538461538461539,0.0
0.625,0.13043478260869565,1.0,0.18307963135549332,0.038461538461538464,0.15789473684210525
0.16666666666666666,0.17391304347826086,1.0,0.2900486693590141,0.19230769230769232,0.0
0.29166666666666663,0.13043478260869565,1.0,0.17935176555866206,0.11538461538461539,0.0
0.375,0.26086956521739135,1.0,0.21787304545925235,0.19230769230769232,0.0
0.6666666666666666,0.6521739130434783,0.9818181818181818,0.32183908045977005,0.6153846153846154,0.0
0.5416666666666666,0.34782608695652173,1.0,0.34120327223775493,0.34615384615384615,0.0
0.7083333333333333,0.6086956521739131,1.0,0.2208760484622554,0.6153846153846154,0.0
0.41666666666666663,0.5217391304347826,1.0,0.7512685098891996,0.5000000000000001,0.0
0.0,1.0,0.0,0.48472610541576056,0.7692307692307693,0.0
0.7916666666666666,0.5652173913043479,0.9428571428571428,0.2177694936315624,0.8461538461538463,0.0
0.7916666666666666,0.8260869565217391,0.8461538461538461,0.14103758931345134,0.6153846153846154,0.0
0.20833333333333331,0.7391304347826086,0.2352941176470588,0.08625867246556895,0.19230769230769232,0.0
0.375,0.8260869565217391,0.5972222222222222,0.18390804597701138,0.576923076923077,0.0
0.375,0.782608695652174,0.3461538461538461,0.12374443408926161,0.5000000000000001,0.0
0.8333333333333333,0.782608695652174,0.7719298245614035,0.21942632287459862,0.6923076923076924,0.0
0.3333333333333333,0.08695652173913043,1.0,0.33933933933933924,0.11538461538461539,0.0
0.16666666666666666,0.0,1.0,0.44682613648130887,0.0,0.15789473684210525
0.6666666666666666,0.6956521739130435,0.875,0.5220047633840736,0.3846153846153847,0.0
0.20833333333333331,0.08695652173913043,1.0,0.5058506782644714,0.0,0.05263157894736842
0.7083333333333333,0.26086956521739135,0.9871794871794872,0.14745780263021635,0.6153846153846154,0.0
0.5833333333333333,0.782608695652174,0.173076923076923,0.5970798384591487,0.6153846153846154,0.0
0.75,0.6521739130434783,0.106060606060606,0.38210624417520966,0.3846153846153847,0.0
0.29166666666666663,0.6956521739130435,0.4150943396226415,0.4406130268199233,0.8846153846153847,0.0
0.41666666666666663,0.4347826086956522,1.0,0.17438127782955382,0.3846153846153847,0.0
0.5833333333333333,0.9130434782608696,0.0,0.6928652790721757,0.46153846153846156,0.0
0.41666666666666663,0.30434782608695654,1.0,0.6805426115770943,0.46153846153846156,0.0
0.16666666666666666,0.08695652173913043,1.0,0.5273894584239411,0.07692307692307693,0.05263157894736842
0.3333333333333333,0.8260869565217391,0.0,0.599979289634462,0.3076923076923077,0.0
0.5833333333333333,0.30434782608695654,1.0,0.9391115253184219,0.3846153846153847,0.0
0.5,0.6521739130434783,0.0,0.6332194263228745,0.5384615384615385,0.0
0.29166666666666663,0.8260869565217391,0.6716417910447762,0.5157916537226883,0.42307692307692313,0.0
0.7083333333333333,0.6086956521739131,0.9696969696969696,0.3350937144040592,0.7307692307692308,0.0
0.125,0.5652173913043479,0.9696969696969696,0.2980221600911255,0.19230769230769232,0.0
0.8333333333333333,0.6086956521739131,0.9848484848484848,0.2374443408926168,0.8076923076923078,0.0
0.7083333333333333,0.3913043478260869,0.9848484848484848,0.39867453660557106,0.34615384615384615,0.0
0.16666666666666666,0.21739130434782608,1.0,0.4323288806047427,0.2692307692307693,0.0
0.5833333333333333,0.34782608695652173,1.0,0.43336439888164024,0.11538461538461539,0.10526315789473684
0.75,0.6956521739130435,1.0,0.1906389147768457,0.7307692307692308,0.0
0.375,0.4782608695652174,1.0,0.41141141141141135,0.42307692307692313,0.0
0.6666666666666666,0.6086956521739131,0.9824561403508772,0.47872009940975446,0.7307692307692308,0.0
0.20833333333333331,0.043478260869565216,1.0,0.3684374029201616,0.038461538461538464,0.0
0.6666666666666666,0.6086956521739131,1.0,0.4456870663767214,0.8076923076923078,0.0
0.6666666666666666,1.0,0.0149253731343283,0.16174795485140303,0.5384615384615385,0.0
0.375,0.4347826086956522,1.0,0.33333333333333337,0.46153846153846156,0.0
0.3333333333333333,0.34782608695652173,1.0,0.600082841462152,0.19230769230769232,0.0
0.41666666666666663,0.6956521739130435,0.7428571428571429,0.40695868282075165,0.576923076923077,0.0
0.4583333333333333,0.782608695652174,0.3275862068965517,0.9369369369369369,0.6923076923076924,0.0
0.625,0.8260869565217391,0.9107142857142856,0.415035725380553,0.7307692307692308,0.0
0.5416666666666666,0.9130434782608696,0.0,0.14621518069793926,0.6153846153846154,0.0
0.5833333333333333,0.5652173913043479,0.9722222222222222,0.4877291084187636,0.576923076923077,0.0
0.7916666666666666,0.34782608695652173,0.9743589743589745,0.7218597908253082,0.34615384615384615,0.0
0.41666666666666663,0.3913043478260869,1.0,0.18753235994615303,0.34615384615384615,0.0
0.125,0.08695652173913043,1.0,0.6054675365020192,0.07692307692307693,0.05263157894736842
0.0,0.3913043478260869,0.9821428571428572,0.4657761209485347,0.34615384615384615,0.0
0.7083333333333333,0.6086956521739131,0.8409090909090909,0.14745780263021635,0.42307692307692313,0.0
0.6666666666666666,0.7391304347826086,0.0,0.6382934658796728,0.15384615384615385,0.0
0.4583333333333333,0.4782608695652174,1.0,0.6529978254116184,0.6538461538461539,0.0
0.4583333333333333,1.0,0.0,0.5780263021642331,0.19230769230769232,0.10526315789473684
0.3333333333333333,0.17391304347826086,1.0,0.38490214352283325,0.3076923076923077,0.0
0.5416666666666666,0.6086956521739131,0.9714285714285714,0.295744019881951,0.3076923076923077,0.0
0.8333333333333333,0.6086956521739131,0.9666666666666668,0.3164543854199027,0.46153846153846156,0.0
0.16666666666666666,0.30434782608695654,1.0,0.3458631044837941,0.19230769230769232,0.0
0.5416666666666666,0.3913043478260869,0.9859154929577464,0.608574091332712,0.7692307692307693,0.0
0.375,0.6956521739130435,0.6666666666666666,0.6578647613130373,0.2692307692307693,0.0
0.875,0.6086956521739131,0.9722222222222222,0.3331262296779537,0.7307692307692308,0.0
0.5,0.782608695652174,0.8714285714285714,0.33302267785026407,0.8846153846153847,0.0
0.75,0.4782608695652174,0.9857142857142858,0.27337682510096306,0.46153846153846156,0.0
0.375,0.26086956521739135,1.0,0.4399917158537847,0.3076923076923077,0.0
0.375,0.9130434782608696,0.0,0.4906285595940767,0.6538461538461539,0.0
0.6666666666666666,0.4782608695652174,0.9857142857142858,0.10479444962203577,0.5384615384615385,0.0
0.041666666666666664,0.0,1.0,0.34286010148079105,0.0,0.15789473684210525
0.08333333333333333,0.782608695652174,0.0754716981132075,0.4846225535880708,0.038461538461538464,0.21052631578947367
0.29166666666666663,0.17391304347826086,1.0,0.7829553691622659,0.15384615384615385,0.0
0.041666666666666664,0.13043478260869565,1.0,0.2831106969038003,0.07692307692307693,0.05263157894736842
0.7083333333333333,0.4782608695652174,1.0,0.2018225121673397,0.2307692307692308,0.0
0.5833333333333333,0.6521739130434783,0.9827586206896552,0.1559490525007765,0.5384615384615385,0.0
0.7916666666666666,0.5652173913043479,0.9767441860465116,0.6860308584446515,0.6538461538461539,0.0
0.41666666666666663,0.34782608695652173,1.0,0.461323392357875,0.576923076923077,0.0
0.8333333333333333,0.5652173913043479,1.0,0.7996272134203168,0.7692307692307693,0.0
0.25,0.6086956521739131,0.9857142857142858,0.44175209692451056,0.2692307692307693,0.0
0.5416666666666666,0.4782608695652174,0.9859154929577464,0.7309723516620068,0.5384615384615385,0.0
0.16666666666666666,0.6086956521739131,0.9482758620689656,0.5455110282696489,0.11538461538461539,0.05263157894736842
0.75,0.6956521739130435,1.0,0.19374546960753847,0.6923076923076924,0.0
0.8333333333333333,0.782608695652174,0.9710144927536232,0.3946360153256705,0.7307692307692308,0.0
0.6666666666666666,0.5217391304347826,0.9838709677419356,0.42797970384177275,0.3076923076923077,0.0
0.125,0.13043478260869565,1.0,0.16143729936833373,0.2692307692307693,0.0
0.75,0.34782608695652173,0.9859154929577464,0.12301957129543317,0.5000000000000001,0.0
0.6666666666666666,0.7391304347826086,0.9636363636363636,0.22677850264057153,0.5384615384615385,0.0
0.5416666666666666,0.21739130434782608,1.0,0.3745469607538572,0.34615384615384615,0.0
0.29166666666666663,0.6956521739130435,0.5,0.7651444547996271,0.5384615384615385,0.0
0.0,0.6956521739130435,0.7450980392156863,0.2180801491146318,0.2307692307692308,0.0
0.625,0.34782608695652173,0.9696969696969696,0.4099616858237547,0.3846153846153847,0.0
0.29166666666666663,0.21739130434782608,1.0,0.5156881018949986,0.5000000000000001,0.0
0.3333333333333333,1.0,0.35,0.200476338407373,0.34615384615384615,0.0
0.6666666666666666,0.4347826086956522,0.9655172413793104,0.6693590141866004,0.3846153846153847,0.0
0.7916666666666666,0.6521739130434783,0.9696969696969696,0.3571502537019777,0.7692307692307693,0.0
0.8333333333333333,0.7391304347826086,0.9807692307692308,0.4861758310034172,0.7692307692307693,0.0
0.08333333333333333,0.0,1.0,0.5940768354561459,0.0,0.05263157894736842
0.5,0.21739130434782608,1.0,0.2731697214455835,0.34615384615384615,0.05263157894736842
0.75,0.3913043478260869,1.0,0.36160298229263743,0.2307692307692308,0.0
0.5416666666666666,0.6521739130434783,0.9824561403508772,0.24024024024024027,0.46153846153846156,0.0
0.875,0.5652173913043479,0.9661016949152542,0.4911463187325258,0.46153846153846156,0.0
0.5,0.26086956521739135,1.0,0.17013565289427357,0.42307692307692313,0.0
0.5,0.8260869565217391,0.7878787878787878,0.21155638397017706,0.5384615384615385,0.0
0.75,0.3913043478260869,0.9838709677419356,0.24748886817852334,0.576923076923077,0.0
0.3333333333333333,0.08695652173913043,1.0,0.40851196023609804,0.3076923076923077,0.0
0.20833333333333331,0.13043478260869565,1.0,0.5237651444547997,0.038461538461538464,0.2631578947368421
0.7083333333333333,0.6956521739130435,0.6071428571428571,0.4259086672879777,0.8461538461538463,0.0
0.20833333333333331,0.17391304347826086,1.0,0.5730558144351248,0.07692307692307693,0.05263157894736842
0.9583333333333333,0.782608695652174,0.9285714285714286,0.31707569638604116,0.7692307692307693,0.0
0.8333333333333333,0.7391304347826086,0.4642857142857143,0.6925546235891065,0.8076923076923078,0.0
0.7083333333333333,0.8260869565217391,0.1132075471698113,0.594801698249974,0.46153846153846156,0.0
0.7083333333333333,0.782608695652174,0.7272727272727273,0.7094335715025368,0.8076923076923078,0.0
0.41666666666666663,0.30434782608695654,1.0,0.1342031686859273,0.576923076923077,0.0
0.5833333333333333,0.6086956521739131,0.9714285714285714,0.7709433571502537,0.46153846153846156,0.0
0.5833333333333333,0.4782608695652174,0.981132075471698,0.15957336646991815,0.576923076923077,0.0
0.6666666666666666,0.782608695652174,0.4318181818181818,0.7125401263332296,0.46153846153846156,0.0
0.41666666666666663,0.4347826086956522,0.9857142857142858,0.2990576783680232,0.3846153846153847,0.0
0.5416666666666666,0.08695652173913043,1.0,0.23257740499119794,0.07692307692307693,0.0
0.4583333333333333,0.5652173913043479,0.8666666666666667,0.4142073107590347,0.46153846153846156,0.0
0.5416666666666666,0.5217391304347826,0.9859154929577464,0.21859790825308056,0.46153846153846156,0.0
0.7916666666666666,0.5217391304347826,0.9666666666666668,0.2820751786269027,0.7307692307692308,0.0
0.9583333333333333,0.6521739130434783,0.9642857142857144,0.34244589417003235,0.7692307692307693,0.0
0.75,0.043478260869565216,1.0,0.13627420523972245,0.15384615384615385,0.05263157894736842
0.16666666666666666,0.6956521739130435,0.7538461538461538,0.4341928135031583,0.07692307692307693,0.0
0.125,0.08695652173913043,1.0,0.32825929377653507,0.038461538461538464,0.21052631578947367
0.25,0.30434782608695654,1.0,0.37506471989230605,0.07692307692307693,0.05263157894736842
0.41666666666666663,0.5652173913043479,0.0,0.25328777052914975,0.42307692307692313,0.0
0.75,0.6521739130434783,1.0,0.36004970487729104,0.7692307692307693,0.0
0.5416666666666666,0.6086956521739131,0.4477611940298507,0.6752614683649167,0.46153846153846156,0.0
0.5,0.30434782608695654,0.9821428571428572,0.4447550999275136,0.42307692307692313,0.0
0.9166666666666666,0.6086956521739131,0.8181818181818182,0.30744537641089364,0.8076923076923078,0.0
0.41666666666666663,0.5217391304347826,1.0,0.6140623382002695,0.46153846153846156,0.0
0.29166666666666663,0.21739130434782608,1.0,0.6229677953815886,0.11538461538461539,0.0
0.25,0.043478260869565216,1.0,0.4001242621932277,0.15384615384615385,0.0
0.5,0.7391304347826086,0.0566037735849056,0.47395671533602557,0.42307692307692313,0.0
0.375,0.8260869565217391,0.5757575757575758,0.20347934141037582,0.11538461538461539,0.0
0.3333333333333333,0.5652173913043479,1.0,0.2505954230092161,0.34615384615384615,0.0
0.08333333333333333,0.13043478260869565,1.0,0.5563839701770736,0.11538461538461539,0.0
0.16666666666666666,0.13043478260869565,1.0,0.22884953919436668,0.11538461538461539,0.0
0.625,0.5652173913043479,0.9821428571428572,0.18846432639536081,0.5000000000000001,0.0
0.8333333333333333,0.6521739130434783,0.9821428571428572,0.2158020089054571,0.6923076923076924,0.0
0.41666666666666663,0.5217391304347826,0.981132075471698,0.2929481205343274,0.7307692307692308,0.0
0.125,0.782608695652174,0.1408450704225352,0.5606295951123539,0.42307692307692313,0.0
0.9583333333333333,0.8695652173913043,0.9642857142857144,0.9182976079527805,0.9230769230769231,0.0
0.7083333333333333,0.6956521739130435,0.0847457627118644,0.3515584550067308,0.6153846153846154,0.0
0.16666666666666666,0.3913043478260869,0.0,0.5663249456352903,0.3076923076923077,0.05263157894736842
0.7083333333333333,0.7391304347826086,0.9583333333333334,0.18929274101687887,0.6923076923076924,0.0
0.8333333333333333,0.5652173913043479,0.1948051948051948,0.20907114010562278,0.7307692307692308,0.0
0.041666666666666664,0.0,1.0,0.6850988919954439,0.0,0.15789473684210525
0.29166666666666663,0.34782608695652173,0.9827586206896552,0.3650201926063994,0.3076923076923077,0.0
0.375,0.34782608695652173,0.9861111111111112,0.41959200579890243,0.5000000000000001,0.0
0.5416666666666666,0.4347826086956522,0.9859154929577464,0.24396810603707153,0.11538461538461539,0.05263157894736842
0.8333333333333333,0.4347826086956522,1.0,0.4134824479652066,0.576923076923077,0.0
0.7083333333333333,0.4782608695652174,1.0,0.4587345966656311,0.6153846153846154,0.0
0.25,0.08695652173913043,1.0,0.25546235891063473,0.07692307692307693,0.0
0.3333333333333333,0.043478260869565216,1.0,0.607331469400435,0.038461538461538464,0.05263157894736842
0.5833333333333333,0.6086956521739131,0.9827586206896552,0.36709122916019465,0.5384615384615385,0.0
0.4583333333333333,0.043478260869565216,1.0,0.6230713472092781,0.3076923076923077,0.0
0.75,0.6956521739130435,0.5633802816901409,0.39908874391633,0.8461538461538463,0.0
0.9583333333333333,0.7391304347826086,0.981132075471698,0.9110489800144974,0.9230769230769231,0.0
0.375,0.3913043478260869,0.987012987012987,0.6145800973387181,0.3846153846153847,0.0
0.5833333333333333,0.21739130434782608,1.0,0.6419177798488143,0.46153846153846156,0.0
0.4583333333333333,0.21739130434782608,0.9859154929577464,0.16381899140519818,0.42307692307692313,0.0
0.041666666666666664,0.13043478260869565,1.0,0.43978461219840526,0.0,0.21052631578947367
0.7083333333333333,0.26086956521739135,0.9863013698630136,0.6737081909495701,0.34615384615384615,0.0
0.20833333333333331,0.8695652173913043,0.45,0.521487004245625,0.15384615384615385,0.05263157894736842
0.4583333333333333,0.17391304347826086,1.0,0.34710572641607107,0.07692307692307693,0.0
0.20833333333333331,0.17391304347826086,1.0,0.42704773739256496,0.11538461538461539,0.0
0.4583333333333333,0.17391304347826086,1.0,0.42891167029098054,0.15384615384615385,0.0
0.125,0.4782608695652174,0.782608695652174,0.4823444133788961,0.038461538461538464,0.10526315789473684
0.29166666666666663,0.782608695652174,0.9298245614035088,0.269441855648752,0.7307692307692308,0.0
0.5833333333333333,0.9130434782608696,0.0,0.6573470021745884,0.46153846153846156,0.0
0.7916666666666666,0.5652173913043479,0.7323943661971831,0.28714921818370087,0.19230769230769232,0.0
0.8333333333333333,0.782608695652174,0.9821428571428572,0.7302474888681783,0.576923076923077,0.0
0.29166666666666663,0.043478260869565216,1.0,0.7604846225535882,0.19230769230769232,0.0
0.9166666666666666,0.8695652173913043,0.7931034482758621,0.3467950709330021,0.8461538461538463,0.0
0.75,0.4782608695652174,1.0,0.4217665941803872,0.5384615384615385,0.0
0.5416666666666666,0.34782608695652173,1.0,0.47633840737289,0.46153846153846156,0.0
0.7916666666666666,0.7391304347826086,0.9857142857142858,0.364398881640261,0.7307692307692308,0.0
0.41666666666666663,0.17391304347826086,0.9848484848484848,0.12105208656932787,0.2692307692307693,0.0
0.08333333333333333,0.043478260869565216,1.0,0.4860722791757275,0.038461538461538464,0.21052631578947367
0.5416666666666666,0.3913043478260869,1.0,0.2699596147872011,0.34615384615384615,0.0
0.16666666666666666,0.13043478260869565,1.0,0.3357150253701978,0.038461538461538464,0.05263157894736842
0.7083333333333333,0.4347826086956522,0.9824561403508772,0.3596354975665321,0.6923076923076924,0.0
0.041666666666666664,0.13043478260869565,1.0,0.3547685616651133,0.038461538461538464,0.0
0.125,0.08695652173913043,1.0,0.8059438749093921,0.07692307692307693,0.0
0.20833333333333331,0.30434782608695654,1.0,0.700838769804287,0.11538461538461539,0.0
0.25,0.9130434782608696,0.0,0.3391322356839598,0.19230769230769232,0.0
0.5,0.782608695652174,0.0,0.18183700942321623,0.42307692307692313,0.0
0.375,0.5217391304347826,0.9696969696969696,0.703427565496531,0.3076923076923077,0.0
0.41666666666666663,0.3913043478260869,1.0,0.6529978254116184,0.42307692307692313,0.0
0.25,0.6521739130434783,0.7763157894736842,0.20637879258568914,0.34615384615384615,0.0
0.41666666666666663,0.5652173913043479,1.0,0.2633322978150565,0.6538461538461539,0.0
0.5833333333333333,0.21739130434782608,1.0,0.4127575851713783,0.11538461538461539,0.05263157894736842
0.20833333333333331,0.782608695652174,0.2876712328767123,0.40820130475302885,0.11538461538461539,0.10526315789473684
0.4583333333333333,0.6521739130434783,0.5616438356164384,0.2358910634772704,0.42307692307692313,0.0
0.5,0.30434782608695654,1.0,0.2856994925960442,0.5000000000000001,0.0
0.5833333333333333,0.26086956521739135,1.0,0.25038831935383654,0.42307692307692313,0.0
0.6666666666666666,0.4347826086956522,0.9857142857142858,0.3736149943046494,0.46153846153846156,0.0
0.25,0.17391304347826086,1.0,0.6607642124883506,0.038461538461538464,0.0
0.75,0.6086956521739131,0.9833333333333332,0.3668841255048152,0.6923076923076924,0.0
0.7083333333333333,0.4782608695652174,0.9824561403508772,0.3075489282385835,0.576923076923077,0.0
0.375,0.4347826086956522,1.0,0.36543439991715854,0.576923076923077,0.0
0.3333333333333333,0.21739130434782608,1.0,0.517137827482655,0.15384615384615385,0.0
0.7916666666666666,0.6956521739130435,0.984126984126984,0.22418970694832752,0.7692307692307693,0.0
0.4583333333333333,0.4782608695652174,1.0,0.47613130371751056,0.19230769230769232,0.05263157894736842
0.5,0.13043478260869565,1.0,0.6323910117013565,0.3846153846153847,0.0
0.3333333333333333,0.17391304347826086,1.0,0.7385316350833591,0.11538461538461539,0.0
0.16666666666666666,0.08695652173913043,1.0,0.6687377032204618,0.11538461538461539,0.0
0.75,0.782608695652174,0.9433962264150944,0.2570156363259811,0.7307692307692308,0.0
0.041666666666666664,0.0,1.0,0.23547685616651137,0.0,0.10526315789473684
0.375,0.17391304347826086,1.0,0.3105519312415864,0.3846153846153847,0.0
0.625,0.13043478260869565,1.0,0.41431086258672467,0.07692307692307693,0.15789473684210525
0.25,0.30434782608695654,1.0,0.608574091332712,0.2692307692307693,0.0
0.41666666666666663,0.34782608695652173,0.9846153846153848,0.6380863622242934,0.2307692307692308,0.0
0.75,0.5217391304347826,0.9871794871794872,0.6584860722791759,0.15384615384615385,0.0
0.20833333333333331,0.21739130434782608,1.0,0.5164129646888267,0.15384615384615385,0.0
0.29166666666666663,0.13043478260869565,1.0,0.7289013151082118,0.11538461538461539,0.05263157894736842
0.041666666666666664,0.0,1.0,0.6430568499534017,0.0,0.3157894736842105
0.5416666666666666,0.34782608695652173,1.0,0.36450243346795075,0.2692307692307693,0.0
0.20833333333333331,0.17391304347826086,1.0,0.3475199337268302,0.19230769230769232,0.05263157894736842
0.4583333333333333,0.34782608695652173,0.9857142857142858,0.12902557730143926,0.2692307692307693,0.0
0.25,0.6956521739130435,0.7735849056603774,0.2958475717096406,0.15384615384615385,0.0
0.7916666666666666,0.3913043478260869,0.9859154929577464,0.42373407890649273,0.8461538461538463,0.0
0.5833333333333333,0.34782608695652173,1.0,0.0975458216837527,0.46153846153846156,0.0
1.0,0.8695652173913043,0.4090909090909091,0.3346795070933002,0.7307692307692308,0.0
0.6666666666666666,0.4782608695652174,0.9857142857142858,0.4679507093300197,0.46153846153846156,0.0
0.3333333333333333,0.7391304347826086,0.7017543859649122,0.1530496013254633,0.2307692307692308,0.0
0.4583333333333333,0.5652173913043479,0.9857142857142858,0.48472610541576056,0.3846153846153847,0.0
0.041666666666666664,0.043478260869565216,1.0,0.722791757274516,0.0,0.21052631578947367
0.7916666666666666,0.6521739130434783,0.9464285714285714,0.23754789272030652,0.7307692307692308,0.0
0.5,0.8695652173913043,0.0943396226415094,0.17168893030961996,0.34615384615384615,0.0
0.16666666666666666,0.17391304347826086,1.0,0.1007559283421352,0.19230769230769232,0.10526315789473684
0.9166666666666666,0.7391304347826086,0.9622641509433962,0.09495702599150879,0.8846153846153847,0.0
0.5,0.17391304347826086,1.0,0.27430879155017074,0.34615384615384615,0.0
0.08333333333333333,0.13043478260869565,1.0,0.34865900383141746,0.576923076923077,0.0
0.08333333333333333,0.6956521739130435,0.6571428571428571,0.4524179351765558,0.038461538461538464,0.21052631578947367
0.625,0.4782608695652174,1.0,0.34027130578854714,0.6923076923076924,0.0
0.5833333333333333,0.5217391304347826,0.9821428571428572,0.2154913534223879,0.7307692307692308,0.0
0.3333333333333333,0.21739130434782608,1.0,0.2782437610023817,0.34615384615384615,0.05263157894736842
0.5416666666666666,0.7391304347826086,0.1282051282051282,0.19913016464740585,0.6538461538461539,0.0
0.875,0.7391304347826086,0.95,0.41513927720824273,0.8461538461538463,0.0
0.3333333333333333,0.7391304347826086,0.4761904761904761,0.53650201926064,0.15384615384615385,0.0
0.375,0.8260869565217391,0.0,0.1717924821373097,0.3846153846153847,0.0
0.5416666666666666,0.17391304347826086,1.0,0.3447240343792066,0.5000000000000001,0.0
0.5,0.26086956521739135,0.9859154929577464,0.4737496116806461,0.46153846153846156,0.0
0.375,0.21739130434782608,0.981132075471698,0.4556280418349383,0.2307692307692308,0.0
0.7916666666666666,0.6956521739130435,0.9818181818181818,0.5118566842704773,0.7307692307692308,0.0
0.75,0.5652173913043479,1.0,0.5773014393704048,0.5000000000000001,0.0
0.8333333333333333,0.9130434782608696,0.0,0.4905250077663872,0.46153846153846156,0.0
0.41666666666666663,0.26086956521739135,0.9859154929577464,0.19674847261054162,0.2307692307692308,0.0
0.7083333333333333,0.26086956521739135,0.9482758620689656,0.4384384384384383,0.2307692307692308,0.0
0.29166666666666663,0.26086956521739135,0.9838709677419356,0.6414000207103656,0.5384615384615385,0.0
0.5416666666666666,0.782608695652174,0.6964285714285714,0.29149839494667074,0.7307692307692308,0.0
0.5416666666666666,0.782608695652174,0.3571428571428571,0.39826032929481214,0.5384615384615385,0.0
0.125,0.26086956521739135,1.0,0.9869524697110903,0.42307692307692313,0.0
0.4583333333333333,0.3913043478260869,0.9838709677419356,0.3211142176659417,0.46153846153846156,0.0
0.08333333333333333,0.13043478260869565,1.0,0.33747540644092366,0.11538461538461539,0.0
0.41666666666666663,0.21739130434782608,1.0,0.3519726623174899,0.19230769230769232,0.0
0.29166666666666663,0.043478260869565216,1.0,0.5508957233095162,0.038461538461538464,0.0
0.20833333333333331,0.13043478260869565,1.0,0.6236926581754167,0.11538461538461539,0.0
0.8333333333333333,0.30434782608695654,0.9833333333333332,0.328362845604225,0.5384615384615385,0.0
0.75,0.782608695652174,0.7307692307692307,0.19498809153981556,0.5000000000000001,0.0
0.41666666666666663,0.26086956521739135,0.9824561403508772,0.3671947809878844,0.2307692307692308,0.0
0.41666666666666663,0.782608695652174,0.2394366197183098,0.512788650719685,0.6923076923076924,0.0
0.25,0.6956521739130435,0.6428571428571429,0.43595319457388415,0.2692307692307693,0.0
0.8333333333333333,0.30434782608695654,0.9859154929577464,0.33457595526561046,0.6923076923076924,0.0
0.8333333333333333,0.782608695652174,0.7435897435897436,0.24044734389561973,0.6923076923076924,0.0
0.5,0.4347826086956522,1.0,0.3789996893445169,0.42307692307692313,0.0
0.20833333333333331,0.043478260869565216,1.0,0.5544164854509683,0.038461538461538464,0.10526315789473684
0.041666666666666664,0.17391304347826086,1.0,0.34317075696386024,0.07692307692307693,0.0
0.7083333333333333,0.0,1.0,0.32246039142590865,0.038461538461538464,0.3684210526315789
0.75,0.5652173913043479,0.981132075471698,0.705187946567257,0.5000000000000001,0.0
0.6666666666666666,0.5217391304347826,1.0,0.26322874598736656,0.3846153846153847,0.0
0.7916666666666666,0.6086956521739131,0.9807692307692308,0.3618100859480169,0.576923076923077,0.0
0.5,0.6086956521739131,1.0,0.3153153153153153,0.6538461538461539,0.0
0.9166666666666666,0.6086956521739131,0.9464285714285714,0.33105519312415854,0.6538461538461539,0.0
0.29166666666666663,0.30434782608695654,0.9857142857142858,0.7310759034896965,0.5384615384615385,0.0
0.625,0.7391304347826086,0.8301886792452831,0.389251320285803,0.34615384615384615,0.0
0.125,0.13043478260869565,1.0,0.2745158952055503,0.07692307692307693,0.10526315789473684
0.20833333333333331,0.4782608695652174,1.0,0.42093817955886914,0.15384615384615385,0.0
0.041666666666666664,0.7391304347826086,0.2142857142857142,0.39857098477788133,0.3846153846153847,0.0
0.875,0.6086956521739131,0.953846153846154,0.14455835145490314,0.6538461538461539,0.0
0.375,0.21739130434782608,0.9861111111111112,0.856684270477374,0.34615384615384615,0.0
0.625,0.6521739130434783,0.8490566037735849,0.05633219426322866,0.42307692307692313,0.0
0.875,0.6086956521739131,0.971830985915493,0.48379413896655277,0.7692307692307693,0.0
0.7916666666666666,0.8260869565217391,0.9696969696969696,0.23578751164958056,0.7692307692307693,0.0
0.375,0.5217391304347826,0.9859154929577464,0.20068344206275235,0.5384615384615385,0.0
0.75,0.21739130434782608,1.0,0.3860412136274205,0.2692307692307693,0.0
0.7083333333333333,0.3913043478260869,1.0,0.4647406026716372,0.42307692307692313,0.0
0.6666666666666666,0.782608695652174,0.6666666666666666,0.11649580615097854,0.5000000000000001,0.0
0.25,0.26086956521739135,0.9833333333333332,0.32598115356736035,0.2307692307692308,0.0
0.08333333333333333,0.08695652173913043,1.0,0.6346691519105312,0.038461538461538464,0.0
0.75,1.0,0.1428571428571428,0.3264989127058092,0.8461538461538463,0.0
0.9583333333333333,0.9130434782608696,0.3333333333333333,0.6759863311587448,0.8846153846153847,0.0
0.041666666666666664,0.0,1.0,0.3079631355493425,0.038461538461538464,0.10526315789473684
0.29166666666666663,0.17391304347826086,1.0,0.34638086362224274,0.19230769230769232,0.0
0.5833333333333333,0.6086956521739131,0.981132075471698,0.42031686859273054,0.5000000000000001,0.0
0.041666666666666664,0.08695652173913043,1.0,0.5661178419799109,0.038461538461538464,0.10526315789473684
0.041666666666666664,0.0,1.0,0.5998757378067723,0.0,0.21052631578947367
0.29166666666666663,0.21739130434782608,1.0,0.5794760277518898,0.3846153846153847,0.0
0.6666666666666666,0.6086956521739131,1.0,0.5053329191260225,0.6538461538461539,0.0
0.9583333333333333,0.782608695652174,0.9636363636363636,0.36419177798488134,0.8461538461538463,0.0
0.20833333333333331,0.30434782608695654,1.0,0.2113492803147975,0.19230769230769232,0.0
0.75,0.6086956521739131,1.0,0.2237754996375685,0.7307692307692308,0.0
0.4583333333333333,0.5217391304347826,0.9803921568627452,0.4811017914466189,0.3846153846153847,0.0
0.20833333333333331,0.34782608695652173,1.0,0.19944082013047515,0.7307692307692308,0.0
0.5,0.782608695652174,0.1282051282051282,0.24117220668944805,0.6538461538461539,0.0
0.125,0.13043478260869565,1.0,0.18162990576783677,0.3846153846153847,0.0
0.125,0.0,1.0,0.2515273894584239,0.0,0.47368421052631576
0.75,0.6086956521739131,0.1558441558441558,0.29667598633115866,0.6923076923076924,0.0
0.125,0.08695652173913043,1.0,0.27555141348244794,0.19230769230769232,0.10526315789473684
0.5416666666666666,0.30434782608695654,1.0,0.2151806979393186,0.34615384615384615,0.0
0.6666666666666666,0.17391304347826086,1.0,0.7391529460494977,0.5000000000000001,0.0
0.16666666666666666,0.13043478260869565,1.0,0.1268509889199545,0.19230769230769232,0.05263157894736842
0.20833333333333331,0.17391304347826086,1.0,0.6317697007352179,0.42307692307692313,0.0
0.7916666666666666,0.6521739130434783,1.0,0.628766697732215,0.7692307692307693,0.0
0.75,0.4782608695652174,0.9850746268656716,0.4504504504504503,0.6923076923076924,0.0
0.8333333333333333,0.8260869565217391,0.1372549019607843,0.3394428911670292,0.6538461538461539,0.0
0.5416666666666666,0.782608695652174,0.8051948051948052,0.48317282800041417,0.576923076923077,0.0
0.5,0.30434782608695654,1.0,0.30464947706327017,0.7307692307692308,0.0
0.9583333333333333,0.7391304347826086,0.9615384615384616,0.5094749922336128,0.7307692307692308,0.0
0.5833333333333333,0.5652173913043479,0.9833333333333332,0.22263642953298102,0.5384615384615385,0.0
0.041666666666666664,0.043478260869565216,1.0,0.7462980221600912,0.15384615384615385,0.0
0.20833333333333331,0.08695652173913043,1.0,0.6411929170549862,0.038461538461538464,0.15789473684210525
0.5833333333333333,0.5217391304347826,0.9859154929577464,0.4211452832142488,0.8076923076923078,0.0
0.7916666666666666,0.34782608695652173,1.0,0.22719270995133056,0.42307692307692313,0.0
0.08333333333333333,0.043478260869565216,1.0,0.6143729936833384,0.0,0.5263157894736842
0.6666666666666666,0.5652173913043479,1.0,0.2294708501605054,0.46153846153846156,0.0
0.29166666666666663,0.21739130434782608,0.9848484848484848,0.3216319768043905,0.3076923076923077,0.0
0.25,0.08695652173913043,1.0,0.48068758413586,0.038461538461538464,0.15789473684210525
0.041666666666666664,0.0,1.0,0.312830071450761,0.0,0.05263157894736842
0.7916666666666666,0.6086956521739131,0.9464285714285714,0.2483172828000414,0.6153846153846154,0.0
0.20833333333333331,0.13043478260869565,1.0,0.5019157088122606,0.15384615384615385,0.10526315789473684
0.041666666666666664,0.0,1.0,0.4803769286527906,0.15384615384615385,0.10526315789473684
0.41666666666666663,0.6086956521739131,0.5512820512820513,0.41265403334368855,0.576923076923077,0.0
0.16666666666666666,0.26086956521739135,1.0,0.661385523454489,0.15384615384615385,0.0
0.16666666666666666,0.13043478260869565,1.0,0.36957647302474883,0.19230769230769232,0.10526315789473684
0.7916666666666666,0.6521739130434783,1.0,0.6556901729315523,0.6923076923076924,0.0
0.41666666666666663,0.6086956521739131,0.981132075471698,0.36874805840323077,0.7692307692307693,0.0
0.625,0.8260869565217391,0.0151515151515151,0.9110489800144974,0.5000000000000001,0.0
0.5416666666666666,0.34782608695652173,1.0,0.39453246349798077,0.6153846153846154,0.0
0.4583333333333333,0.13043478260869565,1.0,0.20358289323806555,0.19230769230769232,0.0
0.41666666666666663,0.0,1.0,0.28041834938386656,0.2307692307692308,0.05263157894736842
0.16666666666666666,0.8260869565217391,0.5,0.060888474681577986,0.19230769230769232,0.05263157894736842
0.4583333333333333,0.5217391304347826,1.0,0.30879155017086046,0.6538461538461539,0.0
0.375,0.34782608695652173,1.0,0.2717199958579266,0.34615384615384615,0.05263157894736842
0.3333333333333333,0.8695652173913043,0.0140845070422535,0.5736771254012634,0.42307692307692313,0.0
0.08333333333333333,0.043478260869565216,1.0,0.3073418245832039,0.0,0.10526315789473684
0.20833333333333331,0.21739130434782608,1.0,0.6083669876773325,0.11538461538461539,0.05263157894736842
0.20833333333333331,0.043478260869565216,1.0,0.6294915605260432,0.038461538461538464,0.0
0.6666666666666666,0.7391304347826086,0.981132075471698,0.3223568395982188,0.7307692307692308,0.0
0.3333333333333333,0.13043478260869565,1.0,0.34286010148079105,0.46153846153846156,0.0
0.625,0.5652173913043479,0.9821428571428572,0.15864140002071025,0.8076923076923078,0.0
0.16666666666666666,0.08695652173913043,1.0,0.5418867143005073,0.11538461538461539,0.05263157894736842
0.25,0.21739130434782608,1.0,0.5979082530806668,0.19230769230769232,0.0
0.25,0.21739130434782608,1.0,0.7517862690276482,0.19230769230769232,0.0
0.8333333333333333,0.3913043478260869,1.0,0.32504918711815256,0.576923076923077,0.0
0.7916666666666666,0.3913043478260869,1.0,0.31189810500155324,0.6153846153846154,0.0
0.75,0.5217391304347826,0.7611940298507462,0.2537019778399088,0.42307692307692313,0.0
0.29166666666666663,0.3913043478260869,1.0,0.2534948741845293,0.2307692307692308,0.0
0.7083333333333333,0.5217391304347826,0.9649122807017544,0.20606813710261984,0.46153846153846156,0.0
0.25,0.21739130434782608,0.9833333333333332,0.3587035311173241,0.3076923076923077,0.0
1.0,0.782608695652174,0.9833333333333332,0.19840530185357774,0.8461538461538463,0.0
1.0,0.6521739130434783,1.0,0.17096406751579163,0.46153846153846156,0.0
0.29166666666666663,0.21739130434782608,1.0,0.28683856270063157,0.07692307692307693,0.15789473684210525
0.5833333333333333,0.4782608695652174,1.0,0.226985606295951,0.42307692307692313,0.0
0.29166666666666663,0.34782608695652173,1.0,0.4616340478409444,0.46153846153846156,0.0
0.625,0.3913043478260869,1.0,0.23827275551413485,0.6153846153846154,0.0
0.5833333333333333,0.5652173913043479,1.0,0.48886817852335085,0.5000000000000001,0.0
0.6666666666666666,0.34782608695652173,1.0,0.3312622967795382,0.3076923076923077,0.0
0.625,0.4782608695652174,0.9824561403508772,0.2826964895930413,0.46153846153846156,0.0
0.5,0.8260869565217391,0.0,0.1686859273066169,0.2692307692307693,0.0
0.08333333333333333,0.0,1.0,0.16526871699285495,0.07692307692307693,0.10526315789473684
0.0,0.4782608695652174,1.0,0.25898312105208654,0.576923076923077,0.0
0.7916666666666666,0.17391304347826086,1.0,0.27306616961789376,0.07692307692307693,0.10526315789473684
1.0,1.0,0.2957746478873239,0.46298022160091135,0.9230769230769231,0.0
0.41666666666666663,0.30434782608695654,1.0,0.276794035414725,0.5384615384615385,0.0
0.041666666666666664,0.0,1.0,0.44972558765662196,0.0,0.2631578947368421
0.125,0.0,1.0,0.200476338407373,0.07692307692307693,0.05263157894736842
0.4583333333333333,0.26086956521739135,1.0,0.3044423734078904,0.2307692307692308,0.0
0.875,0.9130434782608696,0.7818181818181819,0.4238376307341827,0.9230769230769231,0.0
0.5,0.21739130434782608,1.0,0.2148700424562493,0.6538461538461539,0.0
0.6666666666666666,0.6521739130434783,0.9859154929577464,0.17810914362638497,0.576923076923077,0.0
0.041666666666666664,0.0,1.0,0.5269752511131822,0.11538461538461539,0.10526315789473684
0.08333333333333333,0.08695652173913043,1.0,0.3047530288909599,0.42307692307692313,0.0
0.7916666666666666,0.782608695652174,0.9821428571428572,0.499948224086155,0.6923076923076924,0.0
0.29166666666666663,0.21739130434782608,1.0,0.3400642021331677,0.19230769230769232,0.0
0.25,0.08695652173913043,1.0,0.4047840944392669,0.11538461538461539,0.05263157894736842
0.25,0.17391304347826086,1.0,0.37444340892616745,0.11538461538461539,0.0
0.5416666666666666,0.782608695652174,0.9,0.7109868489178834,0.576923076923077,0.0
0.16666666666666666,0.0,1.0,0.28808118463290866,0.07692307692307693,0.10526315789473684
0.41666666666666663,0.30434782608695654,0.9861111111111112,0.11338925132028577,0.42307692307692313,0.0
0.7083333333333333,0.6086956521739131,0.6333333333333333,0.41638189914051993,0.576923076923077,0.0
0.5833333333333333,0.8260869565217391,0.3272727272727272,0.08159884021952979,0.8846153846153847,0.0
0.0,0.4347826086956522,0.9859154929577464,0.5828932380656517,0.3076923076923077,0.0
0.29166666666666663,0.782608695652174,0.2452830188679245,0.28186807497152333,0.2307692307692308,0.05263157894736842
0.7083333333333333,0.6521739130434783,1.0,0.6369472921197059,0.7307692307692308,0.0
0.5416666666666666,0.4782608695652174,1.0,0.550274412343378,0.11538461538461539,0.0
0.08333333333333333,0.0,1.0,0.29615822719271,0.0,0.21052631578947367
0.5833333333333333,0.8695652173913043,0.3880597014925373,0.40861551206378777,0.5000000000000001,0.0
0.5833333333333333,0.6086956521739131,0.9821428571428572,0.33540436988712863,0.576923076923077,0.0
0.3333333333333333,0.26086956521739135,1.0,0.2476959718339028,0.5384615384615385,0.0
0.125,0.21739130434782608,1.0,0.4303613958786372,0.15384615384615385,0.0
0.4583333333333333,0.6956521739130435,0.4027777777777778,0.697007352179766,0.5000000000000001,0.0
0.625,0.4347826086956522,0.9821428571428572,0.39701770736253494,0.5000000000000001,0.0
0.29166666666666663,0.17391304347826086,1.0,0.08045977011494243,0.15384615384615385,0.0
0.8333333333333333,0.7391304347826086,0.981132075471698,0.295226260743502,0.6923076923076924,0.0
0.16666666666666666,0.21739130434782608,0.9857142857142858,0.4721963342652997,0.2692307692307693,0.0
0.41666666666666663,0.6086956521739131,0.5846153846153846,0.700010355182769,0.34615384615384615,0.0
0.5,0.34782608695652173,1.0,0.6245210727969348,0.34615384615384615,0.0
0.7083333333333333,0.5217391304347826,0.9871794871794872,0.8458113285699493,0.46153846153846156,0.0
0.3333333333333333,0.34782608695652173,1.0,0.2078285181733457,0.46153846153846156,0.0
0.75,0.7391304347826086,0.9622641509433962,0.646266956611784,0.7307692307692308,0.0
0.5416666666666666,0.34782608695652173,1.0,0.5303924614269442,0.46153846153846156,0.0
0.4583333333333333,0.13043478260869565,1.0,0.5338096717407061,0.2307692307692308,0.0
0.6666666666666666,0.6086956521739131,0.9807692307692308,0.6582789686237962,0.7692307692307693,0.0
0.16666666666666666,0.08695652173913043,1.0,0.5718131925028478,0.11538461538461539,0.0
0.08333333333333333,0.043478260869565216,1.0,0.5004659832246039,0.07692307692307693,0.0
0.041666666666666664,0.6521739130434783,0.1451612903225806,0.3050636843740292,0.3846153846153847,0.0
0.4583333333333333,0.4347826086956522,0.971830985915493,0.17614165890027955,0.3846153846153847,0.0
0.5,0.4782608695652174,0.9714285714285714,0.4309827068447758,0.2307692307692308,0.0
0.5416666666666666,0.5217391304347826,0.9857142857142858,0.6280418349383867,0.7692307692307693,0.0
0.625,0.6956521739130435,0.9807692307692308,0.4541783162472819,0.46153846153846156,0.0
0.25,0.17391304347826086,1.0,0.5123744434089263,0.0,0.15789473684210525
0.16666666666666666,0.8260869565217391,0.0,0.7610023816920368,0.11538461538461539,0.0
0.29166666666666663,0.30434782608695654,1.0,0.17479548514031285,0.34615384615384615,0.0
0.20833333333333331,0.34782608695652173,0.9848484848484848,0.12229470850160495,0.34615384615384615,0.0
0.41666666666666663,0.7391304347826086,0.8846153846153846,0.3768251009630319,0.42307692307692313,0.0
0.16666666666666666,0.13043478260869565,1.0,0.3459666563114838,0.2307692307692308,0.05263157894736842
0.20833333333333331,0.043478260869565216,1.0,0.321010665838252,0.038461538461538464,0.3157894736842105
0.25,0.17391304347826086,1.0,0.5616651133892514,0.038461538461538464,0.10526315789473684
0.125,0.043478260869565216,1.0,0.8037692865279071,0.07692307692307693,0.0
0.29166666666666663,0.7391304347826086,0.0,0.2397224811017914,0.2307692307692308,0.0
1.0,0.08695652173913043,1.0,0.2983328155741948,0.0,0.2631578947368421
0.5,0.08695652173913043,1.0,0.4860722791757275,0.2307692307692308,0.0
0.41666666666666663,0.4347826086956522,0.9833333333333332,0.7673190431811121,0.5384615384615385,0.0
0.4583333333333333,0.26086956521739135,0.981132075471698,0.36284560422491463,0.3076923076923077,0.0
0.6666666666666666,0.34782608695652173,0.9859154929577464,0.29315522418970685,0.42307692307692313,0.0
0.041666666666666664,0.043478260869565216,1.0,0.35238686962824906,0.15384615384615385,0.10526315789473684
0.5416666666666666,0.21739130434782608,1.0,0.5737806772289531,0.07692307692307693,0.05263157894736842
0.4583333333333333,0.17391304347826086,1.0,0.35362949156052603,0.19230769230769232,0.0
0.9166666666666666,0.782608695652174,0.9772727272727272,0.5145490317904113,0.7692307692307693,0.0
0.7916666666666666,0.3913043478260869,0.9859154929577464,0.20120120120120122,0.8076923076923078,0.0
0.375,0.9130434782608696,0.3714285714285714,0.9499844672258464,0.34615384615384615,0.0
0.3333333333333333,0.26086956521739135,1.0,0.09526768147457809,0.3846153846153847,0.0
0.25,0.8260869565217391,0.2280701754385964,0.5100963031997516,0.7307692307692308,0.0
0.125,0.08695652173913043,1.0,0.5088536812674742,0.15384615384615385,0.0
0.3333333333333333,0.26086956521739135,1.0,0.4403023713368541,0.2307692307692308,0.0
0.625,0.9130434782608696,0.0,0.23226674950812887,0.8846153846153847,0.0
0.08333333333333333,0.043478260869565216,1.0,0.4704359531945739,0.15384615384615385,0.0
0.16666666666666666,0.08695652173913043,1.0,0.44423734078906496,0.038461538461538464,0.21052631578947367
0.9166666666666666,0.6956521739130435,0.9433962264150944,0.2570156363259811,1.0,0.0
0.16666666666666666,0.08695652173913043,1.0,0.5788547167857512,0.038461538461538464,0.10526315789473684
0.3333333333333333,0.34782608695652173,0.9821428571428572,0.15232473853163497,0.15384615384615385,0.0
0.20833333333333331,0.08695652173913043,1.0,0.5237651444547997,0.0,0.15789473684210525
0.041666666666666664,0.08695652173913043,1.0,0.35331883607745684,0.07692307692307693,0.0
0.5833333333333333,0.30434782608695654,0.9824561403508772,0.6265921093507301,0.15384615384615385,0.0
0.4583333333333333,0.5652173913043479,0.8076923076923077,0.5556591073832453,0.5000000000000001,0.0
0.25,0.21739130434782608,1.0,0.42756549653101383,0.07692307692307693,0.10526315789473684
0.20833333333333331,0.30434782608695654,1.0,0.2844568706637671,0.07692307692307693,0.05263157894736842
0.75,0.6521739130434783,0.6164383561643836,0.4925960443201822,0.2307692307692308,0.0
0.3333333333333333,0.5217391304347826,0.9833333333333332,0.5888992440716581,0.42307692307692313,0.0
0.16666666666666666,0.17391304347826086,1.0,0.3171792482137309,0.3076923076923077,0.0
0.5416666666666666,0.3913043478260869,0.9814814814814816,0.09568188878533712,0.5000000000000001,0.0
0.9166666666666666,0.30434782608695654,1.0,0.5017086051568809,0.3846153846153847,0.0
0.5416666666666666,0.5652173913043479,0.9818181818181818,0.6049497773635704,0.46153846153846156,0.0
0.375,0.13043478260869565,0.9833333333333332,0.5215905560733147,0.42307692307692313,0.0
0.08333333333333333,0.17391304347826086,1.0,0.3127265196230713,0.3076923076923077,0.0
0.6666666666666666,0.5217391304347826,0.981132075471698,0.37692865279072163,0.6538461538461539,0.0
0.08333333333333333,0.08695652173913043,1.0,0.9146732939836391,0.07692307692307693,0.0
0.6666666666666666,0.4347826086956522,0.9824561403508772,0.14973594283939107,0.576923076923077,0.0
0.16666666666666666,0.043478260869565216,1.0,0.42829035932484216,0.038461538461538464,0.05263157894736842
0.041666666666666664,0.0,1.0,0.3535259397328363,0.19230769230769232,0.05263157894736842
0.20833333333333331,0.3913043478260869,1.0,0.5265610438024231,0.19230769230769232,0.0
0.5833333333333333,0.4782608695652174,1.0,0.6006006006006006,0.5000000000000001,0.0
0.08333333333333333,0.043478260869565216,1.0,0.5282178730454592,0.0,0.47368421052631576
0.8333333333333333,0.34782608695652173,0.9857142857142858,0.16361188774981883,0.5000000000000001,0.0
0.75,0.6521739130434783,0.9821428571428572,0.397846121984053,0.6538461538461539,0.0
0.5416666666666666,0.6086956521739131,0.9824561403508772,0.39670705187946576,0.5384615384615385,0.0
0.25,0.13043478260869565,1.0,0.5301853577715647,0.3076923076923077,0.0
0.5833333333333333,0.8260869565217391,0.3285714285714285,0.22719270995133056,0.3846153846153847,0.0
0.7083333333333333,0.4347826086956522,1.0,0.3163508335922127,0.5000000000000001,0.0
0.041666666666666664,0.08695652173913043,1.0,0.15864140002071025,0.15384615384615385,0.0
0.3333333333333333,0.17391304347826086,1.0,0.24987056021538778,0.19230769230769232,0.0
0.29166666666666663,0.21739130434782608,1.0,0.6983535259397329,0.19230769230769232,0.0
0.6666666666666666,0.6956521739130435,0.981132075471698,0.27555141348244794,0.8076923076923078,0.0
0.8333333333333333,0.6956521739130435,0.9387755102040816,0.6889303096199648,0.6153846153846154,0.0
0.75,0.6956521739130435,0.8214285714285714,0.25194159676918293,0.8076923076923078,0.0
0.6666666666666666,0.3913043478260869,0.9833333333333332,0.5246971109040075,0.6923076923076924,0.0
0.041666666666666664,0.5652173913043479,0.9090909090909092,0.4736460598529564,0.11538461538461539,0.10526315789473684
0.5833333333333333,0.6086956521739131,0.9821428571428572,0.2216009112560836,0.46153846153846156,0.0
0.5833333333333333,0.30434782608695654,1.0,0.5997721859790826,0.34615384615384615,0.0
0.5833333333333333,0.3913043478260869,0.9859154929577464,0.3389251320285802,0.6153846153846154,0.0
0.5,0.4782608695652174,0.9863013698630136,0.704255980118049,0.5000000000000001,0.0
0.3333333333333333,0.30434782608695654,0.9859154929577464,0.5983224603914259,0.46153846153846156,0.0
0.375,0.043478260869565216,1.0,0.17800559179869524,0.15384615384615385,0.0
0.625,0.6086956521739131,0.9714285714285714,0.3705084394739566,0.7307692307692308,0.0
0.08333333333333333,0.0,1.0,0.7213420316868591,0.038461538461538464,0.21052631578947367
0.6666666666666666,0.6521739130434783,0.9859154929577464,0.42580511546028776,0.6538461538461539,0.0
0.3333333333333333,0.34782608695652173,0.9859154929577464,0.20834627731179456,0.2307692307692308,0.0
0.5416666666666666,0.5652173913043479,1.0,0.3774464119291707,0.34615384615384615,0.0
0.375,0.7391304347826086,0.0847457627118644,0.3245314279797038,0.3846153846153847,0.0
0.41666666666666663,0.6956521739130435,1.0,0.5499637568603086,0.6153846153846154,0.0
0.29166666666666663,0.21739130434782608,1.0,0.47095371233302274,0.15384615384615385,0.05263157894736842
0.5,0.3913043478260869,1.0,0.4768561665113389,0.5000000000000001,0.0
0.8333333333333333,0.21739130434782608,0.9726027397260274,0.2751372061716889,0.7307692307692308,0.0
0.20833333333333331,0.08695652173913043,1.0,0.8351454903179041,0.19230769230769232,0.05263157894736842
0.625,0.6086956521739131,0.9833333333333332,0.18784301542922222,0.7307692307692308,0.0
0.29166666666666663,0.26086956521739135,1.0,0.5143419281350314,0.3846153846153847,0.0
0.6666666666666666,0.4782608695652174,0.9821428571428572,0.19467743605674626,0.19230769230769232,0.0
0.75,0.782608695652174,0.0,0.4765455110282699,0.11538461538461539,0.15789473684210525
0.25,0.21739130434782608,1.0,0.2865279072175624,0.038461538461538464,0.15789473684210525
0.08333333333333333,0.5652173913043479,1.0,0.5570052811432122,0.07692307692307693,0.05263157894736842
0.08333333333333333,0.043478260869565216,1.0,0.7314901108004557,0.038461538461538464,0.2631578947368421
0.7916666666666666,0.5217391304347826,1.0,0.16464740602671613,0.576923076923077,0.0
0.875,0.4782608695652174,0.971830985915493,0.3121052086569328,0.3846153846153847,0.0
0.625,0.5217391304347826,1.0,0.40654447550999273,0.6923076923076924,0.0
0.5416666666666666,0.5652173913043479,0.9827586206896552,0.6474060267163715,0.7307692307692308,0.0
0.125,0.17391304347826086,1.0,0.4045769907838872,0.07692307692307693,0.10526315789473684
0.4583333333333333,0.5652173913043479,0.9821428571428572,0.23568395982189083,0.7307692307692308,0.0
0.41666666666666663,0.34782608695652173,0.9863013698630136,0.30009319664492085,0.34615384615384615,0.0
0.75,0.6521739130434783,0.9861111111111112,0.234337786061924,0.7307692307692308,0.0
0.41666666666666663,0.30434782608695654,1.0,0.8574091332712022,0.34615384615384615,0.0
0.5833333333333333,0.5217391304347826,0.9833333333333332,0.2289530910220564,0.5384615384615385,0.0
0.3333333333333333,0.21739130434782608,1.0,0.5985295640468054,0.3076923076923077,0.0
0.7916666666666666,0.6521739130434783,1.0,0.2904628766697731,0.576923076923077,0.0
0.41666666666666663,0.21739130434782608,1.0,0.9195402298850577,0.3076923076923077,0.0
0.125,0.13043478260869565,1.0,0.28642435538987254,0.11538461538461539,0.0
0.20833333333333331,0.17391304347826086,1.0,0.45055400227814,0.11538461538461539,0.0
0.20833333333333331,0.17391304347826086,1.0,0.30361395878637254,0.2692307692307693,0.0
0.41666666666666663,0.30434782608695654,1.0,0.1897069483276379,0.34615384615384615,0.0
0.125,0.043478260869565216,1.0,0.36129232680956824,0.11538461538461539,0.05263157894736842
0.16666666666666666,0.13043478260869565,1.0,0.5185875530703117,0.2692307692307693,0.0
0.29166666666666663,0.3913043478260869,0.9838709677419356,0.2826964895930413,0.3076923076923077,0.0
0.7916666666666666,0.4782608695652174,0.9833333333333332,0.5201408304856581,0.576923076923077,0.0
0.75,0.6521739130434783,0.9577464788732394,0.5702599150875012,0.46153846153846156,0.0
0.41666666666666663,0.4782608695652174,1.0,0.3614994304649477,0.7307692307692308,0.0
0.20833333333333331,0.17391304347826086,1.0,0.5877601739670706,0.07692307692307693,0.0
0.08333333333333333,0.17391304347826086,1.0,0.42704773739256496,0.11538461538461539,0.05263157894736842
0.9166666666666666,0.6521739130434783,0.9772727272727272,0.4584239411825619,0.6923076923076924,0.0
0.7916666666666666,0.7391304347826086,0.9636363636363636,0.26353940147043586,0.7692307692307693,0.0
0.41666666666666663,0.13043478260869565,1.0,0.21145283214248722,0.3076923076923077,0.0
0.29166666666666663,0.17391304347826086,1.0,0.24697110904007458,0.2307692307692308,0.0
0.41666666666666663,0.8260869565217391,0.1923076923076923,0.46598322460391417,0.3846153846153847,0.0
0.6666666666666666,0.8260869565217391,0.4142857142857143,0.5232473853163508,0.6923076923076924,0.0
0.16666666666666666,0.08695652173913043,1.0,0.43719581650616135,0.11538461538461539,0.0
0.08333333333333333,0.34782608695652173,1.0,0.2024438231334783,0.6538461538461539,0.0
0.5833333333333333,0.6956521739130435,0.3018867924528302,0.148907528217873,0.42307692307692313,0.0
0.5,0.7391304347826086,0.5892857142857143,0.6563114838976907,0.6538461538461539,0.0
0.375,0.5652173913043479,0.4927536231884058,0.4809982396189294,0.2307692307692308,0.0
0.6666666666666666,0.5652173913043479,0.9848484848484848,0.2734803769286527,0.5000000000000001,0.0
0.8333333333333333,0.8260869565217391,0.9824561403508772,0.18504711608159874,0.6923076923076924,0.0
0.20833333333333331,0.3913043478260869,0.9859154929577464,0.172103137620379,0.15384615384615385,0.0
0.375,0.21739130434782608,1.0,0.45407476441959194,0.19230769230769232,0.0
0.6666666666666666,0.6086956521739131,0.9859154929577464,0.40913327120223664,0.6538461538461539,0.0
0.8333333333333333,0.6521739130434783,1.0,0.3843843843843844,0.46153846153846156,0.0
0.75,0.6086956521739131,0.9772727272727272,0.33902868385627005,0.576923076923077,0.0
0.08333333333333333,0.0,1.0,0.23413068240654422,0.0,0.10526315789473684
0.29166666666666663,0.6086956521739131,0.9848484848484848,0.693590141866004,0.42307692307692313,0.0
0.625,0.34782608695652173,1.0,0.18742880811846319,0.3076923076923077,0.0
0.08333333333333333,0.0,1.0,0.4458941700321011,0.038461538461538464,0.10526315789473684
0.5833333333333333,0.8260869565217391,0.2833333333333333,0.21466293880086984,0.7307692307692308,0.0
0.41666666666666663,0.782608695652174,0.971830985915493,0.3509371440405924,0.42307692307692313,0.0
0.041666666666666664,0.08695652173913043,1.0,0.6165475820648236,0.0,0.10526315789473684
0.29166666666666663,0.17391304347826086,0.9821428571428572,0.2797970384177281,0.2307692307692308,0.0
0.125,0.9130434782608696,0.0178571428571428,0.5370197783990887,0.19230769230769232,0.0
0.5,0.21739130434782608,0.9871794871794872,0.6644920782851818,0.5384615384615385,0.0
0.5833333333333333,0.4347826086956522,1.0,0.423630527078803,0.6153846153846154,0.0
0.5,0.3913043478260869,0.9824561403508772,0.21435228331780054,0.19230769230769232,0.0
0.375,0.26086956521739135,0.9859154929577464,0.639018328673501,0.42307692307692313,0.0
0.6666666666666666,0.4347826086956522,0.9818181818181818,0.5354665009837423,0.46153846153846156,0.0
0.4583333333333333,0.4347826086956522,1.0,0.2788650719685202,0.3076923076923077,0.0
0.5,0.5652173913043479,1.0,0.2540126333229781,0.42307692307692313,0.0
0.25,0.5652173913043479,0.6307692307692307,0.7267267267267268,0.6153846153846154,0.0
0.20833333333333331,0.13043478260869565,1.0,0.3254633944289116,0.2692307692307693,0.0
0.8333333333333333,0.5652173913043479,0.9803921568627452,0.21828725277001138,0.6923076923076924,0.0
0.125,0.0,1.0,0.38645542093817964,0.07692307692307693,0.05263157894736842
0.29166666666666663,0.34782608695652173,1.0,0.8242725484104796,0.3076923076923077,0.0
0.20833333333333331,0.21739130434782608,1.0,0.3296054675365019,0.2307692307692308,0.0
0.0,0.8260869565217391,0.0,0.775499637568603,0.15384615384615385,0.0
0.5833333333333333,0.4782608695652174,0.9824561403508772,0.5423009216112664,0.3846153846153847,0.0
0.29166666666666663,0.5217391304347826,1.0,0.6323910117013565,0.2692307692307693,0.0
0.4583333333333333,0.4347826086956522,0.9821428571428572,0.455835145490318,0.5384615384615385,0.0
0.4583333333333333,0.30434782608695654,1.0,0.31541886714300504,0.2692307692307693,0.0
0.0,0.4782608695652174,0.9859154929577464,0.93134513824169,0.576923076923077,0.0
0.5833333333333333,0.4347826086956522,0.9857142857142858,0.9122916019467744,0.3076923076923077,0.0
0.5416666666666666,0.34782608695652173,1.0,0.6911048980014498,0.6538461538461539,0.0
0.6666666666666666,0.5652173913043479,0.9850746268656716,0.208139173656415,0.7307692307692308,0.0
0.5833333333333333,0.8695652173913043,0.9090909090909092,0.5400227814020917,0.6153846153846154,0.0
0.29166666666666663,0.6521739130434783,0.380281690140845,0.25929377653515573,0.2307692307692308,0.0
0.7916666666666666,0.34782608695652173,1.0,0.697939318628974,0.6153846153846154,0.0
0.5416666666666666,0.3913043478260869,0.9833333333333332,0.4363674018846433,0.42307692307692313,0.0
0.9583333333333333,0.8695652173913043,0.9642857142857144,0.6709122916019468,0.8076923076923078,0.0
0.6666666666666666,0.4782608695652174,0.9871794871794872,0.4491042766904836,0.3076923076923077,0.0
0.7083333333333333,0.5652173913043479,0.7285714285714285,0.6786786786786785,0.6538461538461539,0.0
0.5,0.8260869565217391,0.0545454545454545,0.6769182976079529,0.5384615384615385,0.0
0.20833333333333331,0.17391304347826086,1.0,0.0768354561458009,0.15384615384615385,0.0
0.41666666666666663,0.6521739130434783,0.9642857142857144,0.23765144454799636,0.2692307692307693,0.0
0.125,0.13043478260869565,1.0,0.5142383763073417,0.11538461538461539,0.0
0.3333333333333333,0.30434782608695654,1.0,0.7712540126333229,0.3846153846153847,0.0
0.16666666666666666,0.08695652173913043,1.0,0.2725484104794451,0.0,0.21052631578947367
0.5416666666666666,0.6086956521739131,0.9821428571428572,0.3223568395982188,0.3846153846153847,0.0
0.0,0.7391304347826086,0.4358974358974359,0.04566635601118341,0.19230769230769232,0.05263157894736842
0.29166666666666663,0.9130434782608696,0.5789473684210527,0.3149011080045563,0.42307692307692313,0.0
0.125,0.9130434782608696,0.6724137931034483,0.2062752407579993,0.15384615384615385,0.05263157894736842
0.041666666666666664,0.0,1.0,0.5554520037278659,0.0,0.05263157894736842
0.375,0.21739130434782608,1.0,0.24282903593248417,0.3846153846153847,0.0
0.5,0.5652173913043479,0.6590909090909091,0.2706844775810293,0.07692307692307693,0.0
0.7083333333333333,0.30434782608695654,1.0,0.24603914259086657,0.42307692307692313,0.0
0.375,0.34782608695652173,1.0,0.5903489696593145,0.42307692307692313,0.0
0.875,0.9565217391304348,0.4385964912280701,0.365641503572538,0.5000000000000001,0.0
0.16666666666666666,0.13043478260869565,0.9871794871794872,0.6395360878119498,0.19230769230769232,0.0
0.08333333333333333,0.0,1.0,0.5017086051568809,0.0,0.42105263157894735
0.6666666666666666,0.782608695652174,0.9824561403508772,0.6451278865071968,0.6923076923076924,0.0
0.875,0.34782608695652173,0.9863013698630136,0.13461737599668644,0.5384615384615385,0.0
0.20833333333333331,0.3913043478260869,1.0,0.19560940250595438,0.5000000000000001,0.0
0.5,0.08695652173913043,1.0,0.3130371751061406,0.038461538461538464,0.15789473684210525
0.20833333333333331,0.13043478260869565,1.0,0.047116081598840176,0.19230769230769232,0.05263157894736842
0.20833333333333331,0.17391304347826086,1.0,0.35425080252666463,0.19230769230769232,0.05263157894736842
0.375,0.30434782608695654,1.0,0.041317179248213654,0.3076923076923077,0.0
0.5833333333333333,0.4347826086956522,0.9824561403508772,0.6153049601325462,0.576923076923077,0.0
0.8333333333333333,0.8260869565217391,0.0,0.672983328155742,0.6153846153846154,0.0
0.041666666666666664,0.21739130434782608,1.0,0.49518484001242613,0.0,0.2631578947368421
0.5416666666666666,0.30434782608695654,0.9846153846153848,0.48534741638189893,0.42307692307692313,0.0
0.3333333333333333,0.26086956521739135,1.0,0.4456870663767214,0.3076923076923077,0.0
0.7083333333333333,0.34782608695652173,0.9848484848484848,0.21124572848710776,0.3846153846153847,0.0
0.08333333333333333,0.0,1.0,0.5969762866314592,0.0,0.10526315789473684
0.41666666666666663,0.30434782608695654,1.0,0.38521279900590244,0.576923076923077,0.0
0.6666666666666666,0.782608695652174,0.9722222222222222,0.6633530081805943,0.7692307692307693,0.0
0.875,0.8260869565217391,0.7857142857142857,0.40789064926995966,0.8846153846153847,0.0
0.5,0.3913043478260869,1.0,0.3847985916951435,0.3846153846153847,0.0
0.7916666666666666,0.4347826086956522,1.0,0.633426529978254,0.576923076923077,0.0
0.4583333333333333,0.30434782608695654,1.0,0.3392357875116496,0.5000000000000001,0.0
0.16666666666666666,0.26086956521739135,1.0,0.5803044423734078,0.07692307692307693,0.10526315789473684
0.08333333333333333,0.9130434782608696,0.0,0.5079217148182666,0.0,0.21052631578947367
0.6666666666666666,0.21739130434782608,1.0,0.7028062545303926,0.5000000000000001,0.0
0.29166666666666663,0.17391304347826086,0.9846153846153848,0.3929791860826344,0.19230769230769232,0.0
0.125,0.30434782608695654,1.0,0.3572538055296677,0.3076923076923077,0.0
0.9166666666666666,0.5652173913043479,0.6307692307692307,0.7189603396499946,0.3076923076923077,0.0
0.08333333333333333,0.6956521739130435,0.9154929577464788,0.564357460909185,0.15384615384615385,0.05263157894736842
0.041666666666666664,0.08695652173913043,1.0,0.36905871388629996,0.038461538461538464,0.0
0.8333333333333333,0.7391304347826086,0.7857142857142857,0.3018535777156467,0.11538461538461539,0.05263157894736842
0.7916666666666666,0.6086956521739131,0.9710144927536232,0.2606399502951229,0.6923076923076924,0.0
0.20833333333333331,0.17391304347826086,1.0,0.36129232680956824,0.15384615384615385,0.0
0.41666666666666663,0.13043478260869565,1.0,0.18390804597701138,0.3076923076923077,0.0
0.041666666666666664,0.0,1.0,0.25484104794449614,0.0,0.42105263157894735
0.625,0.5217391304347826,0.9714285714285714,0.318836077456767,0.6538461538461539,0.0
0.08333333333333333,0.043478260869565216,1.0,0.3257740499119809,0.19230769230769232,0.05263157894736842
0.20833333333333331,0.21739130434782608,0.9857142857142858,0.5897276586931761,0.34615384615384615,0.0
0.41666666666666663,0.26086956521739135,1.0,0.11960236098167121,0.34615384615384615,0.0
0.7916666666666666,0.7391304347826086,0.971830985915493,0.18276897587242402,0.6538461538461539,0.0
0.125,0.21739130434782608,1.0,0.7186496841669257,0.5384615384615385,0.0
0.7916666666666666,0.9130434782608696,0.5897435897435898,0.4491042766904836,0.7692307692307693,0.0
0.7916666666666666,0.4347826086956522,0.9863013698630136,0.7108832970901935,0.6538461538461539,0.0
0.08333333333333333,0.0,1.0,0.5185875530703117,0.11538461538461539,0.05263157894736842
0.7916666666666666,0.6956521739130435,0.9818181818181818,0.369887128507818,0.7307692307692308,0.0
0.375,0.17391304347826086,1.0,0.29211970591280934,0.3846153846153847,0.05263157894736842
0.4583333333333333,0.7391304347826086,0.3461538461538461,0.3073418245832039,0.6538461538461539,0.0
0.08333333333333333,0.0,1.0,0.8336957647302474,0.2692307692307693,0.05263157894736842
0.5,0.26086956521739135,1.0,0.48130889510199837,0.2307692307692308,0.0
0.75,0.7391304347826086,0.7115384615384616,0.3031997514756135,0.7307692307692308,0.0
0.875,0.6521739130434783,0.9642857142857144,0.4390597494045769,0.6923076923076924,0.0
0.625,0.08695652173913043,1.0,0.6042249145697423,0.038461538461538464,0.10526315789473684
0.041666666666666664,0.043478260869565216,1.0,0.2753443098270685,0.2307692307692308,0.0
0.16666666666666666,0.17391304347826086,1.0,0.2648855752304027,0.07692307692307693,0.0
0.625,0.34782608695652173,1.0,0.4116185150667908,0.5384615384615385,0.0
0.29166666666666663,0.21739130434782608,1.0,0.3255669462566013,0.11538461538461539,0.0
0.5416666666666666,0.4347826086956522,1.0,0.6735010872941907,0.8076923076923078,0.0
0.625,0.5652173913043479,0.9821428571428572,0.21404162783473124,0.5000000000000001,0.0
0.8333333333333333,0.8695652173913043,0.6714285714285714,0.6983535259397329,0.8076923076923078,0.0
0.8333333333333333,0.8695652173913043,0.9821428571428572,0.21859790825308056,0.8461538461538463,0.0
0.375,0.21739130434782608,1.0,0.25815470643056837,0.34615384615384615,0.0
0.3333333333333333,0.6086956521739131,1.0,0.711711711711712,0.576923076923077,0.0
0.125,0.043478260869565216,1.0,0.29532981257119195,0.07692307692307693,0.0
0.16666666666666666,0.30434782608695654,1.0,0.22574298436367413,0.42307692307692313,0.0
0.16666666666666666,0.8260869565217391,0.1724137931034483,0.9739049394221808,0.7307692307692308,0.0
0.7916666666666666,0.9130434782608696,0.0333333333333333,0.35942839391115244,0.8461538461538463,0.0
0.75,0.6521739130434783,0.9615384615384616,0.391425908667288,0.6538461538461539,0.0
0.08333333333333333,0.043478260869565216,1.0,0.6066066066066065,0.038461538461538464,0.05263157894736842
0.08333333333333333,0.043478260869565216,1.0,0.17831624728176443,0.07692307692307693,0.15789473684210525
0.5,0.7391304347826086,0.9821428571428572,0.4022988505747127,0.6923076923076924,0.0
0.75,0.782608695652174,0.9827586206896552,0.6350833592212901,0.5384615384615385,0.0
0.3333333333333333,0.26086956521739135,1.0,0.9791860826343586,0.3076923076923077,0.0
0.25,0.4782608695652174,0.9821428571428572,0.6428497462980223,0.3076923076923077,0.0
0.25,0.17391304347826086,1.0,0.23299161230195697,0.19230769230769232,0.0
0.7083333333333333,0.6086956521739131,1.0,0.25173449311380336,0.576923076923077,0.0
0.5833333333333333,0.8695652173913043,0.3157894736842105,0.24562493528010765,0.46153846153846156,0.0
0.08333333333333333,0.08695652173913043,1.0,0.338200269234752,0.07692307692307693,0.0
0.7916666666666666,0.17391304347826086,1.0,0.39484311898104996,0.11538461538461539,0.05263157894736842
0.5416666666666666,0.6521739130434783,0.9848484848484848,0.20089054571813192,0.6153846153846154,0.0
0.5,0.6086956521739131,0.981132075471698,0.22522522522522503,0.8076923076923078,0.0
0.125,0.043478260869565216,1.0,0.2499741120430775,0.0,0.3157894736842105
0.8333333333333333,0.6956521739130435,0.9772727272727272,0.6881018949984468,0.6923076923076924,0.0
0.3333333333333333,0.17391304347826086,1.0,0.4036450243346794,0.3846153846153847,0.0
0.625,0.30434782608695654,1.0,0.2027544786165476,0.3076923076923077,0.0
0.7083333333333333,0.17391304347826086,1.0,0.22646784715750223,0.34615384615384615,0.0
0.29166666666666663,0.4782608695652174,0.9696969696969696,0.693590141866004,0.6538461538461539,0.0
0.4583333333333333,0.34782608695652173,0.9743589743589745,0.6992854923889407,0.7692307692307693,0.0
0.9583333333333333,0.7391304347826086,0.971830985915493,0.6962824893859378,0.8846153846153847,0.0
0.5833333333333333,0.6521739130434783,1.0,0.22346484415449952,0.6538461538461539,0.0
0.5,0.21739130434782608,1.0,0.24096510303406848,0.42307692307692313,0.0
0.041666666666666664,0.17391304347826086,1.0,0.3515584550067308,0.0,0.3684210526315789
0.4583333333333333,0.34782608695652173,0.9833333333333332,0.14165890027958994,0.3846153846153847,0.0
0.4583333333333333,0.7391304347826086,0.5087719298245614,0.15636325981153554,0.42307692307692313,0.0
0.29166666666666663,0.08695652173913043,1.0,0.406440923682303,0.19230769230769232,0.05263157894736842
0.3333333333333333,0.8695652173913043,0.1607142857142857,0.899968934451693,0.34615384615384615,0.0
0.8333333333333333,0.782608695652174,0.7192982456140351,0.30879155017086046,0.7692307692307693,0.0
0.041666666666666664,0.0,1.0,0.6767111939525734,0.0,0.2631578947368421
0.08333333333333333,0.0,1.0,0.349383866625246,0.0,0.3157894736842105
0.6666666666666666,0.5217391304347826,0.9821428571428572,0.2674743709226468,0.46153846153846156,0.0
0.16666666666666666,0.21739130434782608,0.9857142857142858,0.5483069276172723,0.5384615384615385,0.0
0.29166666666666663,0.3913043478260869,0.9859154929577464,0.30589209899554726,0.6538461538461539,0.0
0.41666666666666663,0.3913043478260869,0.9857142857142858,0.5608366987677333,0.5000000000000001,0.0
1.0,0.17391304347826086,1.0,0.9528839184011599,0.2692307692307693,0.0
0.8333333333333333,0.6521739130434783,0.9772727272727272,0.41451796624210413,0.7307692307692308,0.0
0.3333333333333333,0.043478260869565216,1.0,0.2802112457284871,0.46153846153846156,0.0
0.7083333333333333,0.4347826086956522,1.0,0.4033343688516102,0.6153846153846154,0.0
0.7916666666666666,0.6956521739130435,0.7605633802816901,0.4230092161126642,0.6923076923076924,0.0
0.4583333333333333,0.5652173913043479,0.981132075471698,0.27617272444858654,0.42307692307692313,0.0
0.16666666666666666,0.782608695652174,0.9142857142857144,0.402091746919333,0.19230769230769232,0.10526315789473684
0.125,0.13043478260869565,1.0,0.5070933001967486,0.038461538461538464,0.10526315789473684
0.25,0.13043478260869565,1.0,0.21714818266542402,0.15384615384615385,0.10526315789473684
0.4583333333333333,0.7391304347826086,0.9245283018867924,0.3611887749818785,0.7307692307692308,0.0
0.8333333333333333,0.4782608695652174,0.9423076923076924,0.25846536191363767,0.6923076923076924,0.0
0.041666666666666664,0.7391304347826086,0.5384615384615384,0.4376100238169205,0.0,0.15789473684210525
0.8333333333333333,0.34782608695652173,0.9743589743589745,0.1947809878844361,0.6923076923076924,0.0
0.8333333333333333,0.5652173913043479,0.9272727272727272,0.29149839494667074,0.6923076923076924,0.0
0.75,0.4782608695652174,0.9821428571428572,0.6145800973387181,0.6153846153846154,0.0
0.375,0.30434782608695654,1.0,0.7767422595008802,0.5000000000000001,0.0
0.08333333333333333,0.4347826086956522,1.0,0.055089572330951575,0.19230769230769232,0.05263157894736842
0.7083333333333333,0.7391304347826086,0.85,0.20803562182872526,0.6923076923076924,0.0
0.8333333333333333,0.5652173913043479,0.9824561403508772,0.07517862690276478,0.6538461538461539,0.0
0.08333333333333333,0.13043478260869565,1.0,0.3560111835973905,0.07692307692307693,0.05263157894736842
0.375,0.4347826086956522,0.981132075471698,0.5673604639121881,0.5000000000000001,0.0
0.8333333333333333,1.0,0.0,0.6903800352076215,0.6923076923076924,0.0
0.9166666666666666,0.4782608695652174,0.9850746268656716,0.2939836388112249,0.8461538461538463,0.0
0.8333333333333333,0.6956521739130435,0.1126760563380281,0.679507093300197,0.6153846153846154,0.0
0.7916666666666666,0.4782608695652174,0.9859154929577464,0.16299057678368012,0.7692307692307693,0.0
0.16666666666666666,0.08695652173913043,1.0,0.3260847053950504,0.038461538461538464,0.15789473684210525
0.41666666666666663,0.30434782608695654,1.0,0.07735321528424977,0.5384615384615385,0.0
0.25,0.8260869565217391,1.0,0.3401677539608574,0.2692307692307693,0.05263157894736842
0.375,0.30434782608695654,1.0,0.7079838459148804,0.6153846153846154,0.0
0.4583333333333333,0.30434782608695654,0.9838709677419356,0.1329605467536502,0.42307692307692313,0.0
0.0,0.8260869565217391,0.4714285714285714,0.4159676918297608,0.5384615384615385,0.0
0.5833333333333333,0.8695652173913043,0.2857142857142857,0.2936729833281556,0.7307692307692308,0.0
0.7916666666666666,0.6086956521739131,0.9821428571428572,0.4545925235580408,0.6538461538461539,0.0
0.08333333333333333,0.17391304347826086,0.9821428571428572,0.42508025266645966,0.2307692307692308,0.0
0.375,0.26086956521739135,1.0,0.820544682613648,0.2307692307692308,0.0
0.75,0.6521739130434783,0.9615384615384616,0.15895205550377955,0.7307692307692308,0.0
0.5833333333333333,0.4347826086956522,0.9772727272727272,0.7563425494459979,0.576923076923077,0.0
0.25,0.6956521739130435,0.8867924528301887,0.4271512892202547,0.3846153846153847,0.0
0.5,0.8260869565217391,0.0,0.4405094749922336,0.15384615384615385,0.05263157894736842
0.5,0.30434782608695654,1.0,0.2927410168789478,0.42307692307692313,0.0
0.08333333333333333,0.08695652173913043,1.0,0.4895930413171792,0.038461538461538464,0.10526315789473684
0.4583333333333333,0.34782608695652173,1.0,0.6773325049187118,0.34615384615384615,0.0
0.7916666666666666,0.6956521739130435,0.967741935483871,0.33198715957336633,0.42307692307692313,0.0
0.3333333333333333,0.08695652173913043,1.0,0.17800559179869524,0.07692307692307693,0.10526315789473684
0.29166666666666663,0.4782608695652174,1.0,0.350626488557523,0.42307692307692313,0.0
0.7083333333333333,0.6086956521739131,0.984126984126984,0.2843533188360774,0.6538461538461539,0.0
0.41666666666666663,0.34782608695652173,0.9848484848484848,0.2673708190949571,0.46153846153846156,0.0
0.7083333333333333,0.4782608695652174,1.0,0.25163094128611363,0.6538461538461539,0.0
0.7083333333333333,0.6521739130434783,0.9833333333333332,0.24220772496634568,0.6153846153846154,0.0
0.3333333333333333,0.13043478260869565,1.0,0.28414621518069794,0.2307692307692308,0.0
0.125,0.34782608695652173,1.0,0.3226674950812881,0.19230769230769232,0.0
0.25,0.26086956521739135,1.0,0.3564253909081496,0.2307692307692308,0.05263157894736842
0.875,0.6956521739130435,0.9821428571428572,0.4062338200269233,0.7692307692307693,0.0
0.5,0.5652173913043479,0.8771929824561403,0.6885161023092057,0.5000000000000001,0.0
0.16666666666666666,0.782608695652174,0.5227272727272727,0.4332608470539505,0.2307692307692308,0.0
0.08333333333333333,0.26086956521739135,1.0,0.3181112146629387,0.038461538461538464,0.10526315789473684
0.41666666666666663,0.4347826086956522,1.0,0.26198612405508936,0.5000000000000001,0.0
0.7083333333333333,0.8260869565217391,0.9577464788732394,0.6469918194056126,0.7307692307692308,0.0
0.75,0.8260869565217391,0.0,0.5799937868903384,0.6923076923076924,0.0
0.625,0.30434782608695654,0.913793103448276,0.41451796624210413,0.2692307692307693,0.0
0.875,0.6086956521739131,0.9591836734693876,0.41400020710365526,0.5384615384615385,0.0
0.041666666666666664,0.0,1.0,0.5307031169100134,0.038461538461538464,0.15789473684210525
0.625,0.782608695652174,0.7058823529411765,0.2444858651755203,0.5384615384615385,0.0
0.29166666666666663,0.4347826086956522,1.0,0.704255980118049,0.15384615384615385,0.10526315789473684
0.5,0.782608695652174,0.1698113207547169,0.4240447343895619,0.42307692307692313,0.0
0.7916666666666666,0.7391304347826086,0.9803921568627452,0.5089572330951642,0.6538461538461539,0.0
0.4583333333333333,0.34782608695652173,0.9848484848484848,0.25846536191363767,0.34615384615384615,0.0
0.29166666666666663,0.043478260869565216,1.0,0.555866211038625,0.038461538461538464,0.10526315789473684
0.5,0.5652173913043479,0.6666666666666666,0.1431086258672465,0.3846153846153847,0.0
0.375,0.30434782608695654,1.0,0.5122708915812364,0.34615384615384615,0.0
0.041666666666666664,0.0,1.0,0.5632183908045976,0.038461538461538464,0.10526315789473684
0.375,0.21739130434782608,1.0,0.12395153774464107,0.2692307692307693,0.0
0.16666666666666666,0.13043478260869565,1.0,0.6361188774981879,0.038461538461538464,0.0
0.25,0.21739130434782608,0.9857142857142858,0.5162058610334472,0.34615384615384615,0.0
0.25,0.13043478260869565,1.0,0.19995857926892413,0.15384615384615385,0.0
0.3333333333333333,0.17391304347826086,0.9859154929577464,0.31324427876152006,0.2307692307692308,0.0
0.8333333333333333,0.7391304347826086,0.8301886792452831,0.4794449622035828,0.7692307692307693,0.0
0.4583333333333333,0.7391304347826086,0.0869565217391304,0.7281764523143832,0.6538461538461539,0.0
0.4583333333333333,0.6521739130434783,0.981132075471698,0.3863518691104899,0.34615384615384615,0.0
0.5833333333333333,0.30434782608695654,1.0,0.24987056021538778,0.5384615384615385,0.0
0.3333333333333333,0.17391304347826086,1.0,0.30744537641089364,0.2307692307692308,0.0
0.41666666666666663,0.8260869565217391,1.0,0.6288702495599048,0.42307692307692313,0.0
0.41666666666666663,0.6086956521739131,0.9859154929577464,0.9623071347209278,0.2692307692307693,0.0
0.041666666666666664,0.0,1.0,0.3196644920782852,0.0,0.5789473684210527
0.7916666666666666,0.5652173913043479,0.9545454545454546,0.19881950916433677,0.7307692307692308,0.0
0.41666666666666663,0.34782608695652173,1.0,0.9101170135652894,0.3076923076923077,0.0
0.6666666666666666,0.4347826086956522,1.0,0.2832142487314899,0.34615384615384615,0.0
0.16666666666666666,0.26086956521739135,1.0,0.7639018328673501,0.11538461538461539,0.0
0.7083333333333333,0.34782608695652173,0.9701492537313432,0.6992854923889407,0.7307692307692308,0.0
0.3333333333333333,0.7391304347826086,0.4642857142857143,0.2139380760070415,0.42307692307692313,0.0
0.5416666666666666,0.4347826086956522,0.9824561403508772,0.1906389147768457,0.5384615384615385,0.0
0.8333333333333333,0.3913043478260869,0.971830985915493,0.7362534948741846,0.576923076923077,0.0
0.8333333333333333,0.6521739130434783,0.9393939393939394,0.23102412757585178,0.6923076923076924,0.0
0.3333333333333333,0.30434782608695654,1.0,0.6483379931655793,0.19230769230769232,0.0
0.5,0.30434782608695654,1.0,0.2464533499016256,0.42307692307692313,0.0
0.875,0.6521739130434783,0.95,0.09485347416381884,0.8461538461538463,0.0
0.375,0.8695652173913043,0.0227272727272727,0.7244485865175521,0.5384615384615385,0.0
0.7083333333333333,0.6956521739130435,0.9772727272727272,0.25100963031997514,0.6538461538461539,0.0
0.625,0.5217391304347826,0.9743589743589745,0.47892720306513414,0.3846153846153847,0.0
0.08333333333333333,0.8260869565217391,0.6727272727272727,0.7086051568810188,0.11538461538461539,0.10526315789473684
0.29166666666666663,0.17391304347826086,1.0,0.2817645231438335,0.2307692307692308,0.0
0.75,0.8260869565217391,0.6607142857142857,0.4816195505850678,0.7692307692307693,0.0
0.20833333333333331,0.21739130434782608,1.0,0.3618100859480169,0.2307692307692308,0.0
0.8333333333333333,0.7391304347826086,0.9615384615384616,0.17841979910945427,0.6923076923076924,0.0
0.125,0.13043478260869565,1.0,0.6883089986538262,0.07692307692307693,0.0
0.5,0.5652173913043479,0.981132075471698,0.6674950812881846,0.3846153846153847,0.0
0.4583333333333333,0.21739130434782608,1.0,0.2447965206585896,0.5384615384615385,0.0
0.20833333333333331,0.043478260869565216,1.0,0.7231024127575854,0.07692307692307693,0.0
0.9166666666666666,0.34782608695652173,0.9577464788732394,0.2929481205343274,0.576923076923077,0.0
0.6666666666666666,0.6086956521739131,1.0,0.2320596458527493,0.576923076923077,0.0
0.7083333333333333,0.34782608695652173,0.9846153846153848,0.6790928859894376,0.42307692307692313,0.0
0.5416666666666666,0.5652173913043479,0.9833333333333332,0.1501501501501501,0.6923076923076924,0.0
0.041666666666666664,0.0,1.0,0.3359221290255773,0.07692307692307693,0.15789473684210525
0.9166666666666666,0.782608695652174,0.9545454545454546,0.898726312519416,0.8461538461538463,0.0
0.041666666666666664,0.0,1.0,0.4995340167753959,0.0,0.3684210526315789
0.375,0.30434782608695654,1.0,0.2559801180490835,0.6153846153846154,0.0
0.75,0.6521739130434783,0.9821428571428572,0.4272548410479444,0.6538461538461539,0.0
0.6666666666666666,0.4782608695652174,0.9871794871794872,0.1753132442787615,0.576923076923077,0.0
0.6666666666666666,0.7391304347826086,0.75,0.330123226674951,0.576923076923077,0.0
0.41666666666666663,0.4782608695652174,0.9848484848484848,0.23444133788961374,0.6538461538461539,0.0
0.125,0.08695652173913043,1.0,0.5509992751372061,0.07692307692307693,0.0
0.08333333333333333,0.043478260869565216,1.0,0.6071243657450553,0.038461538461538464,0.10526315789473684
0.25,0.17391304347826086,1.0,0.3161437299368334,0.15384615384615385,0.0
0.041666666666666664,0.0,1.0,0.5382624003313659,0.038461538461538464,0.3157894736842105
0.3333333333333333,0.3913043478260869,1.0,0.619343481412447,0.3076923076923077,0.0
0.8333333333333333,0.6956521739130435,0.9482758620689656,0.6361188774981879,0.6153846153846154,0.0
0.041666666666666664,0.043478260869565216,1.0,0.16941079010044524,0.07692307692307693,0.10526315789473684
0.9166666666666666,0.5217391304347826,0.9857142857142858,0.3665734700217458,0.3076923076923077,0.0
0.41666666666666663,0.8260869565217391,0.1549295774647887,0.507300403852128,0.3076923076923077,0.0
0.375,0.4347826086956522,1.0,0.6348762555659107,0.6153846153846154,0.0
0.125,0.13043478260869565,1.0,0.5436470953712333,0.038461538461538464,0.0
0.16666666666666666,0.21739130434782608,1.0,0.5653929791860828,0.46153846153846156,0.0
0.25,0.17391304347826086,1.0,0.8394946670808738,0.19230769230769232,0.10526315789473684
0.375,0.21739130434782608,1.0,0.38676607642124883,0.2307692307692308,0.0
0.29166666666666663,0.21739130434782608,1.0,0.8977943460702082,0.19230769230769232,0.0
0.7916666666666666,0.5652173913043479,0.9692307692307692,0.40975458216837524,0.46153846153846156,0.0
0.5416666666666666,0.4347826086956522,0.9859154929577464,0.45272859065962523,0.46153846153846156,0.0
0.3333333333333333,0.13043478260869565,1.0,0.42487314901108,0.11538461538461539,0.0
0.5,0.30434782608695654,1.0,0.3079631355493425,0.3846153846153847,0.0
0.125,0.13043478260869565,1.0,0.3187325256290773,0.19230769230769232,0.0
0.041666666666666664,0.0,1.0,0.2780366573470021,0.0,0.05263157894736842
0.41666666666666663,0.34782608695652173,0.9824561403508772,0.4160712436574505,0.42307692307692313,0.0
0.20833333333333331,0.08695652173913043,1.0,0.43377860619239916,0.038461538461538464,0.0
0.125,0.043478260869565216,1.0,0.05871388630009311,0.19230769230769232,0.05263157894736842
0.8333333333333333,0.8695652173913043,0.1698113207547169,0.22781402091746905,0.7692307692307693,0.0
0.6666666666666666,0.6956521739130435,0.9666666666666668,0.33053743398571,0.576923076923077,0.0
0.625,0.7391304347826086,0.9818181818181818,0.06140623382002697,0.42307692307692313,0.0
0.29166666666666663,0.6956521739130435,0.4107142857142857,0.6447136791964378,0.19230769230769232,0.0
0.041666666666666664,0.043478260869565216,1.0,0.6329087708398053,0.038461538461538464,0.0
0.20833333333333331,0.26086956521739135,1.0,0.19540229885057459,0.19230769230769232,0.0
0.375,0.6086956521739131,0.98,0.24106865486175832,0.6538461538461539,0.0
0.625,0.6956521739130435,0.8333333333333334,0.20617168893030957,0.6153846153846154,0.0
0.5416666666666666,0.34782608695652173,1.0,0.6026716371543956,0.3846153846153847,0.0
0.25,0.043478260869565216,1.0,0.4001242621932277,0.11538461538461539,0.0
0.41666666666666663,0.34782608695652173,0.9859154929577464,0.23692658175416792,0.19230769230769232,0.0
0.5,0.6521739130434783,0.9857142857142858,0.18121569845707775,0.5000000000000001,0.0
0.08333333333333333,0.0,1.0,0.5995650823237029,0.0,0.05263157894736842
0.16666666666666666,0.08695652173913043,1.0,0.3736149943046494,0.07692307692307693,0.05263157894736842
0.8333333333333333,0.043478260869565216,1.0,0.24717821269545404,0.038461538461538464,0.3684210526315789
0.41666666666666663,0.26086956521739135,1.0,0.12643678160919525,0.19230769230769232,0.0
0.125,0.21739130434782608,1.0,0.1696178937558248,0.3846153846153847,0.0
0.08333333333333333,0.13043478260869565,1.0,0.3487625556591072,0.3076923076923077,0.0
0.041666666666666664,0.0,1.0,0.6865486175831002,0.0,0.21052631578947367
0.0,0.6521739130434783,0.875,0.9371440405923164,0.11538461538461539,0.0
0.041666666666666664,0.0,1.0,0.3443098270684477,0.0,0.21052631578947367
0.5,1.0,0.2727272727272727,0.957957957957958,0.2692307692307693,0.0
0.625,0.5217391304347826,1.0,0.22211867039453237,0.6538461538461539,0.0
0.08333333333333333,0.043478260869565216,1.0,0.4724034379206792,0.038461538461538464,0.10526315789473684
0.16666666666666666,0.08695652173913043,1.0,0.1791446619032826,0.07692307692307693,0.0
0.5,0.17391304347826086,1.0,0.5526561043802423,0.038461538461538464,0.05263157894736842
0.25,0.17391304347826086,1.0,0.45179662421041744,0.2692307692307693,0.0
0.5833333333333333,0.30434782608695654,0.9824561403508772,0.3245314279797038,0.3846153846153847,0.0
0.125,0.8260869565217391,0.1969696969696969,0.276794035414725,0.2692307692307693,0.0
0.125,0.13043478260869565,1.0,0.4239411825618722,0.0,0.05263157894736842
0.625,0.7391304347826086,0.5961538461538461,0.3930827379103241,0.6538461538461539,0.0
0.4583333333333333,0.3913043478260869,1.0,0.7698042870456665,0.34615384615384615,0.0
0.7916666666666666,0.6521739130434783,1.0,0.24407165786476126,0.6923076923076924,0.0
0.3333333333333333,0.3913043478260869,0.9848484848484848,0.1249870560215387,0.2307692307692308,0.0
0.9166666666666666,0.5652173913043479,0.9714285714285714,0.31893962928445685,0.6538461538461539,0.0
0.5833333333333333,0.8695652173913043,0.7,0.4146215180697941,0.42307692307692313,0.0
0.08333333333333333,0.17391304347826086,1.0,0.4144144144144144,0.19230769230769232,0.10526315789473684
0.9166666666666666,0.26086956521739135,1.0,0.522729626177902,0.038461538461538464,0.0
0.25,0.30434782608695654,1.0,0.2949156052604329,0.42307692307692313,0.0
0.41666666666666663,0.6956521739130435,0.421875,0.16361188774981883,0.15384615384615385,0.0
0.6666666666666666,0.782608695652174,0.4366197183098591,0.5147561354457906,0.6923076923076924,0.0
0.75,0.9565217391304348,0.0,0.4630837734286011,0.3846153846153847,0.0
0.0,0.6956521739130435,0.9714285714285714,0.3487625556591072,0.3076923076923077,0.0
0.29166666666666663,0.4782608695652174,0.9859154929577464,0.563529046287667,0.2692307692307693,0.05263157894736842
0.041666666666666664,0.0,1.0,0.2826964895930413,0.0,0.5263157894736842
0.41666666666666663,0.4782608695652174,1.0,0.5415760588174379,0.19230769230769232,0.0
0.41666666666666663,0.3913043478260869,1.0,0.6500983742363053,0.42307692307692313,0.0
0.5,0.5652173913043479,0.875,0.5813399606503056,0.11538461538461539,0.0
0.625,0.4347826086956522,0.981132075471698,0.12954333643988802,0.5384615384615385,0.0
0.625,0.782608695652174,0.2045454545454545,0.1922957440198818,0.7307692307692308,0.0
0.20833333333333331,0.17391304347826086,1.0,0.34917676296986633,0.07692307692307693,0.05263157894736842
0.625,0.34782608695652173,1.0,0.26126126126126115,0.46153846153846156,0.0
0.5416666666666666,0.21739130434782608,0.9848484848484848,0.4645334990162575,0.3846153846153847,0.0
0.041666666666666664,0.8260869565217391,1.0,0.3238065651858755,0.2307692307692308,0.0
0.75,0.4782608695652174,1.0,0.49466708087397726,0.5000000000000001,0.0
0.16666666666666666,0.17391304347826086,1.0,0.3060992026509268,0.2307692307692308,0.0
0.041666666666666664,0.0,1.0,0.6937972455213834,0.0,0.42105263157894735
0.9166666666666666,0.6956521739130435,0.9848484848484848,0.22149735942839388,0.8461538461538463,0.0
0.5416666666666666,0.7391304347826086,0.9803921568627452,0.6133374754064409,0.42307692307692313,0.0
0.041666666666666664,0.0,1.0,0.27896862379621,0.0,0.21052631578947367
0.75,0.6521739130434783,0.1538461538461538,0.29470850160505313,0.6538461538461539,0.0
0.75,0.9130434782608696,0.0806451612903225,0.0854302578440509,0.7307692307692308,0.0
0.8333333333333333,0.782608695652174,0.9482758620689656,0.37599668634151384,0.7307692307692308,0.0
0.8333333333333333,0.21739130434782608,1.0,0.5308066687377031,0.34615384615384615,0.0
0.25,0.30434782608695654,1.0,0.4100652376514444,0.19230769230769232,0.10526315789473684
0.625,0.7391304347826086,0.5964912280701754,0.003624313969141535,0.3846153846153847,0.0
0.7083333333333333,0.4347826086956522,0.9833333333333332,0.22046184115149625,0.6153846153846154,0.0
0.6666666666666666,0.6956521739130435,0.4347826086956521,0.15077146111628859,0.6923076923076924,0.0
0.375,0.6521739130434783,0.3,0.5524490007248628,0.5384615384615385,0.0
0.5833333333333333,0.6956521739130435,0.9850746268656716,0.41783162472817637,0.6153846153846154,0.0
0.3333333333333333,0.30434782608695654,0.9833333333333332,0.42508025266645966,0.19230769230769232,0.0
0.125,0.0,1.0,0.6426426426426426,0.0,0.21052631578947367
0.625,0.6956521739130435,0.6027397260273972,0.3872838355596977,0.19230769230769232,0.0
0.625,0.6956521739130435,0.981132075471698,0.35021228124676407,0.3846153846153847,0.0
0.25,0.3913043478260869,0.9833333333333332,0.6277311794553175,0.2692307692307693,0.0
0.5,0.9130434782608696,0.1551724137931034,0.5121673397535467,0.3846153846153847,0.0
0.5416666666666666,0.3913043478260869,0.9857142857142858,0.9204721963342655,0.6153846153846154,0.0
0.25,0.13043478260869565,1.0,0.25908667287977627,0.2692307692307693,0.0
0.041666666666666664,0.0,1.0,0.6397431914673295,0.038461538461538464,0.15789473684210525
0.625,0.6086956521739131,0.9857142857142858,0.22657139898519196,0.3846153846153847,0.0
0.5416666666666666,0.6086956521739131,0.9821428571428572,0.34565600082841463,0.46153846153846156,0.0
0.41666666666666663,0.30434782608695654,1.0,0.5878637257947603,0.3846153846153847,0.0
0.16666666666666666,0.26086956521739135,1.0,0.6381899140519829,0.6153846153846154,0.0
0.0,0.782608695652174,1.0,0.5346380863622242,0.15384615384615385,0.05263157894736842
0.7083333333333333,0.7391304347826086,0.9857142857142858,0.4988091539815678,0.6923076923076924,0.0
0.16666666666666666,0.043478260869565216,1.0,0.5004659832246039,0.15384615384615385,0.0
0.75,0.7391304347826086,0.9622641509433962,0.24562493528010765,0.9230769230769231,0.0
0.4583333333333333,0.4347826086956522,1.0,0.8820544682613647,0.576923076923077,0.0
0.7083333333333333,0.34782608695652173,0.9859154929577464,0.7092264678471574,0.34615384615384615,0.0
0.8333333333333333,0.8260869565217391,0.9649122807017544,0.8965517241379313,0.8461538461538463,0.0
0.3333333333333333,0.17391304347826086,1.0,0.5968727348037692,0.2692307692307693,0.0
0.16666666666666666,0.13043478260869565,1.0,0.6534120327223776,0.2307692307692308,0.0
0.375,0.5217391304347826,0.9655172413793104,0.3666770218494355,0.5000000000000001,0.0
0.5833333333333333,0.5217391304347826,0.9857142857142858,0.3545614580097338,0.46153846153846156,0.0
0.3333333333333333,0.4782608695652174,0.9827586206896552,0.07134720927824345,0.42307692307692313,0.0
0.041666666666666664,0.043478260869565216,1.0,0.5191053122087605,0.038461538461538464,0.10526315789473684
0.08333333333333333,0.043478260869565216,1.0,0.5140312726519622,0.038461538461538464,0.05263157894736842
0.0,0.5652173913043479,0.9821428571428572,0.5140312726519622,0.6538461538461539,0.0
0.625,0.6086956521739131,0.4722222222222222,0.15760588174381274,0.576923076923077,0.0
0.16666666666666666,0.30434782608695654,1.0,0.22864243553898733,0.42307692307692313,0.0
0.9166666666666666,0.6521739130434783,0.953846153846154,0.2958475717096406,0.6153846153846154,0.0
0.125,0.043478260869565216,1.0,0.7379103241172207,0.038461538461538464,0.0
0.08333333333333333,0.0,1.0,0.45790618204411304,0.11538461538461539,0.05263157894736842
0.625,0.6086956521739131,0.9857142857142858,0.5423009216112664,0.576923076923077,0.0
0.6666666666666666,0.4782608695652174,0.9827586206896552,0.3443098270684477,0.5000000000000001,0.0
0.7083333333333333,0.6956521739130435,0.981132075471698,0.9161230195712953,0.5384615384615385,0.0
0.25,0.08695652173913043,1.0,0.8160919540229885,0.07692307692307693,0.05263157894736842
0.125,0.26086956521739135,1.0,0.4759242000621311,0.0,0.15789473684210525
0.6666666666666666,0.5652173913043479,1.0,0.5002588795692244,0.6923076923076924,0.0
0.6666666666666666,0.34782608695652173,1.0,0.3968106037071555,0.46153846153846156,0.0
0.08333333333333333,0.0,1.0,0.28777052914983947,0.0,0.6842105263157894
0.4583333333333333,0.30434782608695654,1.0,0.8668323495909704,0.34615384615384615,0.0
0.5833333333333333,0.6521739130434783,0.9803921568627452,0.28062545303924613,0.6538461538461539,0.0
0.29166666666666663,0.4782608695652174,1.0,0.18742880811846319,0.42307692307692313,0.0
0.125,0.08695652173913043,1.0,0.26126126126126115,0.19230769230769232,0.0
0.08333333333333333,0.0,1.0,0.48824686755721247,0.038461538461538464,0.2631578947368421
0.16666666666666666,0.08695652173913043,1.0,0.43885264574919747,0.2692307692307693,0.0
0.5,0.3913043478260869,0.9871794871794872,0.4887646266956611,0.3076923076923077,0.05263157894736842
0.7083333333333333,0.782608695652174,0.8771929824561403,0.3383038210624417,0.6153846153846154,0.0
0.5,0.26086956521739135,1.0,0.31096613855234545,0.3076923076923077,0.0
0.125,0.17391304347826086,1.0,0.3755824790307549,0.11538461538461539,0.0
0.3333333333333333,0.3913043478260869,0.9859154929577464,0.5921093507300403,0.07692307692307693,0.05263157894736842
0.8333333333333333,0.3913043478260869,0.971830985915493,0.1992337164750958,0.5000000000000001,0.0
0.041666666666666664,0.08695652173913043,1.0,0.19074246660453575,0.0,0.10526315789473684
0.125,0.6521739130434783,0.7727272727272727,0.5185875530703117,0.15384615384615385,0.0
1.0,0.30434782608695654,1.0,0.4526250388319353,0.19230769230769232,0.0
0.041666666666666664,0.0,1.0,0.477373925649788,0.0,0.21052631578947367
0.3333333333333333,0.4347826086956522,0.8873239436619719,0.6210003106554831,0.15384615384615385,0.0
0.375,0.26086956521739135,0.9821428571428572,0.21631976804390596,0.34615384615384615,0.0
0.7916666666666666,0.5652173913043479,0.9571428571428572,0.4284974629802216,0.6923076923076924,0.0
0.125,0.13043478260869565,1.0,0.4845190017603811,0.038461538461538464,0.10526315789473684
0.41666666666666663,0.3913043478260869,0.981132075471698,0.1367919643781712,0.5384615384615385,0.0
0.5,0.34782608695652173,1.0,0.43046494770632693,0.42307692307692313,0.0
0.08333333333333333,0.043478260869565216,1.0,0.22512167339753542,0.11538461538461539,0.05263157894736842
0.125,0.08695652173913043,1.0,0.2938800869835352,0.07692307692307693,0.15789473684210525
0.41666666666666663,0.8260869565217391,0.7719298245614035,0.32753443098270674,0.7307692307692308,0.0
0.5,0.6521739130434783,0.8392857142857143,0.4765455110282699,0.6538461538461539,0.0
0.3333333333333333,0.13043478260869565,1.0,0.1724137931034483,0.19230769230769232,0.0
0.041666666666666664,0.13043478260869565,1.0,0.7974526250388321,0.11538461538461539,0.0
0.20833333333333331,0.0,1.0,0.290980635808222,0.07692307692307693,0.15789473684210525
0.375,0.9130434782608696,0.7285714285714285,0.6409858133996065,0.19230769230769232,0.0
0.5,0.8695652173913043,0.4788732394366197,0.3599461530496013,0.15384615384615385,0.0
0.9166666666666666,0.26086956521739135,1.0,0.12881847364605992,0.46153846153846156,0.0
0.8333333333333333,0.34782608695652173,1.0,0.3730972351662005,0.2692307692307693,0.0
0.29166666666666663,0.043478260869565216,1.0,0.32888060474267367,0.2307692307692308,0.0
0.16666666666666666,0.043478260869565216,1.0,0.4288081184632908,0.11538461538461539,0.0
0.75,0.6956521739130435,0.7547169811320755,0.3636740188464327,0.7307692307692308,0.0
0.5833333333333333,0.7391304347826086,0.2876712328767123,0.36429532981257107,0.3076923076923077,0.0
0.5,0.21739130434782608,1.0,0.6027751889820856,0.038461538461538464,0.10526315789473684
0.3333333333333333,0.34782608695652173,1.0,0.2572227399813606,0.46153846153846156,0.0
0.7916666666666666,0.782608695652174,0.9824561403508772,0.17510614062338192,0.5000000000000001,0.0
0.7916666666666666,0.34782608695652173,1.0,0.5933519726623175,0.3846153846153847,0.0
0.375,0.6956521739130435,0.2051282051282051,0.3519726623174899,0.42307692307692313,0.0
0.08333333333333333,0.08695652173913043,1.0,0.4147250698974838,0.11538461538461539,0.0
0.375,0.6086956521739131,0.0,0.47509578544061304,0.5384615384615385,0.0
0.625,0.4347826086956522,1.0,0.3136584860722791,0.34615384615384615,0.0
0.75,0.3913043478260869,0.9571428571428572,0.4323288806047427,0.6538461538461539,0.0
0.7083333333333333,0.8260869565217391,0.0,0.2776224500362431,0.46153846153846156,0.0
0.29166666666666663,0.5652173913043479,0.582089552238806,0.6977322149735943,0.5000000000000001,0.0
0.75,0.6956521739130435,0.9857142857142858,0.7360463912188049,0.6923076923076924,0.0
0.20833333333333331,0.08695652173913043,1.0,0.2750336543439992,0.07692307692307693,0.0
0.625,0.6086956521739131,0.981132075471698,0.38200269234751993,0.6538461538461539,0.0
0.625,0.5652173913043479,0.7285714285714285,0.2862172517344931,0.0,0.3157894736842105
0.7916666666666666,0.5217391304347826,0.9821428571428572,0.23392357875116498,0.6153846153846154,0.0
0.7916666666666666,0.5217391304347826,0.9571428571428572,0.4345034689862275,0.46153846153846156,0.0
0.08333333333333333,0.0,1.0,0.6452314383348865,0.0,0.3684210526315789
0.7916666666666666,0.8260869565217391,0.6794871794871795,0.2616754685720202,0.7307692307692308,0.0
0.9166666666666666,0.5217391304347826,0.5777777777777777,0.30527078802940866,0.8076923076923078,0.0
0.5,0.17391304347826086,1.0,0.31738635186911046,0.3076923076923077,0.0
0.16666666666666666,0.7391304347826086,0.15,0.2709951330640986,0.576923076923077,0.0
0.375,0.3913043478260869,1.0,0.7269338303821062,0.46153846153846156,0.0
0.75,0.4782608695652174,0.9464285714285714,0.423630527078803,0.5384615384615385,0.0
0.4583333333333333,0.5217391304347826,0.9726027397260274,0.6775396085740915,0.6153846153846154,0.0
0.41666666666666663,0.34782608695652173,1.0,0.4676400538469503,0.19230769230769232,0.0
0.75,0.9130434782608696,0.0,0.16816816816816826,0.8076923076923078,0.0
0.5,0.30434782608695654,1.0,0.2688205446826136,0.42307692307692313,0.0
0.375,0.8260869565217391,0.0,0.5838252045148598,0.7307692307692308,0.0
0.3333333333333333,0.7391304347826086,0.6774193548387096,0.36098167132649883,0.42307692307692313,0.0
0.75,0.8260869565217391,0.4561403508771929,0.3492803147975563,0.6153846153846154,0.0
0.125,0.7391304347826086,0.490566037735849,0.5592834213523867,0.15384615384615385,0.05263157894736842
0.7083333333333333,0.6521739130434783,0.9545454545454546,0.46712229470850164,0.7307692307692308,0.0
0.08333333333333333,0.0,1.0,0.522315418867143,0.0,0.15789473684210525
0.5416666666666666,0.26086956521739135,1.0,0.607745676711194,0.3076923076923077,0.0
0.875,0.7391304347826086,0.9821428571428572,0.39774257015636305,0.7692307692307693,0.0
0.7916666666666666,0.21739130434782608,1.0,0.24106865486175832,0.3846153846153847,0.0
0.7916666666666666,0.8260869565217391,0.0142857142857142,0.40654447550999273,0.7307692307692308,0.0
0.5833333333333333,0.3913043478260869,1.0,0.3181112146629387,0.5384615384615385,0.0
0.3333333333333333,0.6956521739130435,0.8873239436619719,0.45376410893652275,0.3076923076923077,0.0
0.125,0.7391304347826086,0.9607843137254902,0.4760277518898208,0.15384615384615385,0.05263157894736842
0.5416666666666666,0.9130434782608696,0.2,0.3475199337268302,0.6923076923076924,0.0
0.5833333333333333,0.3913043478260869,0.9871794871794872,0.6671844258051156,0.2307692307692308,0.0
0.16666666666666666,0.30434782608695654,1.0,0.37723930827379104,0.46153846153846156,0.0
0.375,0.30434782608695654,1.0,0.2426219322771047,0.34615384615384615,0.0
0.16666666666666666,0.21739130434782608,1.0,0.62234648441545,0.07692307692307693,0.15789473684210525
0.3333333333333333,0.4347826086956522,1.0,0.28549238894066475,0.5000000000000001,0.0
0.041666666666666664,0.0,1.0,0.541161851506679,0.0,0.42105263157894735
0.41666666666666663,0.043478260869565216,1.0,0.5241793517655586,0.038461538461538464,0.0
0.6666666666666666,0.8260869565217391,0.0,0.20482551517034275,0.3846153846153847,0.0
0.125,0.34782608695652173,1.0,0.7670083876980429,0.19230769230769232,0.0
0.0,0.6521739130434783,0.5507246376811594,0.4811017914466189,0.15384615384615385,0.10526315789473684
0.16666666666666666,0.21739130434782608,1.0,0.567878223050637,0.2307692307692308,0.0
0.6666666666666666,0.6521739130434783,0.5111111111111111,0.33840737289013156,0.7307692307692308,0.0
0.29166666666666663,0.17391304347826086,1.0,0.2933623278450864,0.2307692307692308,0.0
0.4583333333333333,0.5217391304347826,0.9859154929577464,0.6732939836388112,0.34615384615384615,0.0
0.5,0.4347826086956522,0.9857142857142858,0.22367194780987876,0.46153846153846156,0.0
0.041666666666666664,0.17391304347826086,1.0,0.5676711193952573,0.038461538461538464,0.15789473684210525
0.5416666666666666,0.30434782608695654,0.9871794871794872,0.19333126229677944,0.42307692307692313,0.0
0.20833333333333331,0.13043478260869565,1.0,0.47323185254219724,0.15384615384615385,0.05263157894736842
0.125,0.08695652173913043,1.0,0.7938283110696904,0.11538461538461539,0.0
0.20833333333333331,0.21739130434782608,1.0,0.954540747644196,0.2692307692307693,0.0
0.875,0.30434782608695654,0.9827586206896552,0.3231852542197369,0.2692307692307693,0.0
0.5833333333333333,0.34782608695652173,0.9838709677419356,0.7333540436988712,0.5000000000000001,0.0
0.29166666666666663,0.8260869565217391,0.4025974025974026,0.3829346587967277,0.15384615384615385,0.0
0.5833333333333333,0.7391304347826086,0.9154929577464788,0.17520969245107176,0.11538461538461539,0.10526315789473684
0.125,0.043478260869565216,1.0,0.4756135445790617,0.038461538461538464,0.10526315789473684
0.125,0.17391304347826086,1.0,0.40602671637154386,0.15384615384615385,0.0
0.5,0.34782608695652173,1.0,0.6831314072693384,0.42307692307692313,0.0
0.8333333333333333,0.8260869565217391,0.9649122807017544,0.7374961168064615,0.6923076923076924,0.0
0.25,0.782608695652174,0.0,0.32598115356736035,0.3846153846153847,0.0
0.29166666666666663,0.21739130434782608,1.0,0.4848296572434503,0.34615384615384615,0.0
0.5833333333333333,0.4782608695652174,1.0,0.7079838459148804,0.42307692307692313,0.0
0.125,0.0,1.0,0.527078802940872,0.038461538461538464,0.05263157894736842
0.7083333333333333,0.7391304347826086,0.3432835820895522,0.5720202961582272,0.6538461538461539,0.0
0.3333333333333333,0.26086956521739135,1.0,0.5323599461530495,0.2307692307692308,0.0
0.5416666666666666,0.3913043478260869,0.9142857142857144,0.20057989023506262,0.6538461538461539,0.0
0.625,0.17391304347826086,1.0,0.33105519312415854,0.2307692307692308,0.0
0.16666666666666666,0.043478260869565216,1.0,0.5766801284042662,0.038461538461538464,0.10526315789473684
0.75,0.4347826086956522,0.984126984126984,0.3264989127058092,0.6153846153846154,0.0
0.16666666666666666,0.043478260869565216,1.0,0.5150667909288598,0.038461538461538464,0.21052631578947367
0.8333333333333333,0.782608695652174,0.8857142857142857,0.3066169617893755,0.7692307692307693,0.0
0.4583333333333333,0.30434782608695654,0.9571428571428572,0.7615201408304857,0.038461538461538464,0.2631578947368421
0.125,0.17391304347826086,1.0,0.3765144454799625,0.07692307692307693,0.05263157894736842
0.9166666666666666,0.6521739130434783,0.7931034482758621,0.3748576162369266,0.7692307692307693,0.0
0.4583333333333333,0.9130434782608696,0.2714285714285714,0.4950812881847364,0.3846153846153847,0.0
0.6666666666666666,0.4347826086956522,0.9827586206896552,0.6397431914673295,0.576923076923077,0.0
0.5416666666666666,0.21739130434782608,1.0,0.3497980739360049,0.6538461538461539,0.0
0.75,0.9130434782608696,0.2835820895522388,0.6114735425080253,0.34615384615384615,0.0
0.375,0.34782608695652173,1.0,0.16713264989127052,0.576923076923077,0.0
0.6666666666666666,0.782608695652174,0.0,0.42953298125711914,0.6923076923076924,0.0
0.41666666666666663,0.5217391304347826,0.9850746268656716,0.2072072072072072,0.6153846153846154,0.0
0.25,0.26086956521739135,1.0,0.5403334368851609,0.2307692307692308,0.0
0.25,0.5217391304347826,1.0,0.48493320907114024,0.42307692307692313,0.0
0.20833333333333331,0.17391304347826086,1.0,0.5358807082945014,0.34615384615384615,0.0
0.20833333333333331,0.21739130434782608,1.0,0.2358910634772704,0.2692307692307693,0.0
0.9166666666666666,0.5217391304347826,0.8064516129032258,0.29439784612198394,0.576923076923077,0.0
0.3333333333333333,0.30434782608695654,0.9848484848484848,0.731283007145076,0.2307692307692308,0.0
0.08333333333333333,0.17391304347826086,1.0,0.5404369887128508,0.15384615384615385,0.0
0.20833333333333331,0.17391304347826086,1.0,0.15563839701770732,0.15384615384615385,0.0
0.3333333333333333,0.26086956521739135,1.0,0.4562493528010769,0.0,0.3157894736842105
0.6666666666666666,0.34782608695652173,1.0,0.5439577508543025,0.2307692307692308,0.0
0.375,0.3913043478260869,0.9827586206896552,0.47447447447447444,0.5384615384615385,0.0
0.3333333333333333,0.782608695652174,0.0188679245283018,0.4513824168996583,0.3076923076923077,0.0
0.75,0.782608695652174,0.352112676056338,0.6586931759345553,0.6153846153846154,0.0
0.6666666666666666,0.6086956521739131,0.9818181818181818,0.20316868592730664,0.6538461538461539,0.0
0.875,0.5652173913043479,0.7605633802816901,0.3194573884229057,0.7307692307692308,0.0
0.375,0.21739130434782608,1.0,0.14466190328259287,0.2692307692307693,0.05263157894736842
0.41666666666666663,0.21739130434782608,1.0,0.2464533499016256,0.15384615384615385,0.0
0.0,0.9130434782608696,0.0,0.3131407269338303,0.5000000000000001,0.0
0.16666666666666666,0.17391304347826086,1.0,0.39101170135652885,0.19230769230769232,0.0
0.5,0.21739130434782608,0.9838709677419356,0.6015325670498084,0.42307692307692313,0.0
0.7083333333333333,0.4782608695652174,0.7358490566037735,0.5362949156052603,0.7692307692307693,0.0
0.625,0.782608695652174,0.6842105263157895,0.19726623174899038,0.6153846153846154,0.0
0.5416666666666666,0.5217391304347826,0.9848484848484848,0.487107797452625,0.46153846153846156,0.0
0.16666666666666666,0.21739130434782608,0.9863013698630136,0.3997100548824686,0.07692307692307693,0.10526315789473684
0.041666666666666664,0.0,1.0,0.40820130475302885,0.07692307692307693,0.15789473684210525
0.875,0.4347826086956522,0.971830985915493,0.29926478202340256,0.8461538461538463,0.0
0.7083333333333333,0.5652173913043479,0.9827586206896552,0.3529046287666977,0.5000000000000001,0.0
0.041666666666666664,0.5652173913043479,0.9818181818181818,0.45210727969348663,0.038461538461538464,0.2631578947368421
0.375,0.17391304347826086,1.0,0.3585999792896344,0.07692307692307693,0.10526315789473684
0.375,0.5217391304347826,0.9807692307692308,0.6616961789375582,0.5000000000000001,0.0
0.8333333333333333,0.5217391304347826,1.0,0.3235994615304959,0.46153846153846156,0.0
0.41666666666666663,0.6086956521739131,0.981132075471698,0.6425390908149529,0.42307692307692313,0.0
0.8333333333333333,0.4782608695652174,0.9857142857142858,0.18566842704773734,0.6923076923076924,0.0
0.3333333333333333,0.17391304347826086,1.0,0.40695868282075165,0.2692307692307693,0.0
0.20833333333333331,0.7391304347826086,0.352112676056338,0.2406544475509993,0.3846153846153847,0.0
0.6666666666666666,0.3913043478260869,1.0,0.2228435331883607,0.6538461538461539,0.0
0.125,0.043478260869565216,1.0,0.2862172517344931,0.2307692307692308,0.05263157894736842
0.375,0.4347826086956522,1.0,0.24117220668944805,0.6923076923076924,0.0
0.75,0.8695652173913043,0.0,0.21476649062855957,0.7307692307692308,0.0
0.375,0.4782608695652174,0.9859154929577464,0.24117220668944805,0.34615384615384615,0.0
0.29166666666666663,0.30434782608695654,0.9838709677419356,0.9719374546960755,0.3076923076923077,0.0
0.29166666666666663,0.6086956521739131,0.7076923076923077,0.47478512995754363,0.15384615384615385,0.0
0.125,0.0,1.0,0.47923785854820333,0.038461538461538464,0.15789473684210525
0.625,0.4347826086956522,0.9571428571428572,0.32919126022574285,0.7692307692307693,0.0
0.08333333333333333,0.0,1.0,0.47385316350833584,0.038461538461538464,0.15789473684210525
0.7083333333333333,0.8260869565217391,0.8269230769230769,0.3929791860826344,0.6153846153846154,0.0
0.4583333333333333,0.4782608695652174,0.9857142857142858,0.5486175831003415,0.5000000000000001,0.0
0.5,0.5217391304347826,1.0,0.09899554727140936,0.5000000000000001,0.0
0.4583333333333333,0.5652173913043479,0.9772727272727272,0.4288081184632908,0.6923076923076924,0.0
0.375,0.5652173913043479,0.9859154929577464,0.4623589106347725,0.6153846153846154,0.0
0.041666666666666664,0.0,1.0,0.5050222636429533,0.0,0.15789473684210525
0.041666666666666664,0.0,1.0,0.4197991094542819,0.11538461538461539,0.05263157894736842
0.7083333333333333,0.6956521739130435,1.0,0.5946981464222845,0.46153846153846156,0.0
0.20833333333333331,0.6086956521739131,0.8846153846153846,0.12540126333229773,0.19230769230769232,0.05263157894736842
0.4583333333333333,0.17391304347826086,1.0,0.5694315004659831,0.07692307692307693,0.05263157894736842
0.5833333333333333,0.6086956521739131,0.9827586206896552,0.29501915708812254,0.5384615384615385,0.0
0.625,0.6956521739130435,0.6666666666666666,0.3060992026509268,0.6153846153846154,0.0
0.5,0.4782608695652174,0.9824561403508772,0.19685202443823135,0.2692307692307693,0.0
0.41666666666666663,0.30434782608695654,1.0,0.2130061095578336,0.5384615384615385,0.0
0.41666666666666663,0.17391304347826086,1.0,0.5272859065962514,0.15384615384615385,0.05263157894736842
0.08333333333333333,0.0,1.0,0.41524282903593246,0.038461538461538464,0.05263157894736842
0.625,0.5217391304347826,0.9714285714285714,0.3290877083980531,0.576923076923077,0.0
0.4583333333333333,0.8260869565217391,0.0,0.5007766387076731,0.42307692307692313,0.0
0.41666666666666663,0.17391304347826086,1.0,0.38811225018121576,0.5384615384615385,0.0
0.16666666666666666,0.0,1.0,0.7285906596251424,0.0,0.2631578947368421
0.7083333333333333,0.4782608695652174,0.9701492537313432,0.3347830589209899,0.7307692307692308,0.0
0.20833333333333331,0.08695652173913043,1.0,0.4777881329605467,0.19230769230769232,0.0
0.3333333333333333,0.4347826086956522,1.0,0.3780677228953091,0.2692307692307693,0.0
0.625,0.5217391304347826,0.974025974025974,0.5304960132546341,0.7307692307692308,0.0
0.5416666666666666,0.6521739130434783,0.9696969696969696,0.1992337164750958,0.5384615384615385,0.0
0.7916666666666666,0.9130434782608696,0.0,0.5203479341410373,0.6538461538461539,0.0
0.3333333333333333,0.17391304347826086,0.9871794871794872,0.18960339649994817,0.2307692307692308,0.0
0.75,0.9130434782608696,0.0897435897435897,0.22015118566842695,0.7307692307692308,0.0
0.4583333333333333,0.6086956521739131,0.9827586206896552,0.8132960546753649,0.576923076923077,0.0
0.5,0.4347826086956522,0.9814814814814816,0.6352904628766698,0.2692307692307693,0.0
0.20833333333333331,0.30434782608695654,1.0,0.6339442891167029,0.07692307692307693,0.21052631578947367
0.8333333333333333,0.5217391304347826,0.981132075471698,0.4446515480998239,0.5384615384615385,0.0
0.5833333333333333,0.4782608695652174,1.0,0.8182665424044733,0.5000000000000001,0.0
0.75,0.3913043478260869,1.0,0.6498912705809257,0.6923076923076924,0.0
0.7916666666666666,0.6086956521739131,1.0,0.423630527078803,0.6538461538461539,0.0
0.875,0.6086956521739131,0.9821428571428572,0.17034275654965303,0.6538461538461539,0.0
0.7083333333333333,0.26086956521739135,1.0,0.5660142901522212,0.2307692307692308,0.0
0.7916666666666666,0.8695652173913043,0.4807692307692308,0.1979910945428187,0.5384615384615385,0.0
0.375,0.3913043478260869,1.0,0.6761934348141243,0.34615384615384615,0.0
0.16666666666666666,0.043478260869565216,1.0,0.5758517137827481,0.19230769230769232,0.10526315789473684
0.5416666666666666,0.6086956521739131,0.5909090909090909,0.40219529874702276,0.42307692307692313,0.0
0.5416666666666666,0.3913043478260869,1.0,0.20575748161955054,0.6153846153846154,0.0
0.25,0.13043478260869565,1.0,0.40312726519623077,0.07692307692307693,0.10526315789473684
0.375,0.13043478260869565,1.0,0.6195505850678265,0.11538461538461539,0.0
0.5833333333333333,0.6086956521739131,0.9552238805970148,0.6368437402920162,0.576923076923077,0.0
0.29166666666666663,0.21739130434782608,1.0,0.4434089261675469,0.19230769230769232,0.05263157894736842
0.25,0.21739130434782608,1.0,0.33395464429947175,0.19230769230769232,0.0
0.3333333333333333,0.3913043478260869,0.9857142857142858,0.5903489696593145,0.46153846153846156,0.0
0.7083333333333333,0.6521739130434783,0.9714285714285714,0.33809671740706226,0.7692307692307693,0.0
0.041666666666666664,0.043478260869565216,1.0,0.3576680128404266,0.07692307692307693,0.0
0.625,0.4347826086956522,1.0,0.5915915915915917,0.34615384615384615,0.0
0.5416666666666666,0.5217391304347826,0.9714285714285714,0.2799005902454178,0.6538461538461539,0.0
0.4583333333333333,0.6086956521739131,1.0,0.36222429325877603,0.19230769230769232,0.05263157894736842
0.75,0.6086956521739131,0.981132075471698,0.5575230402816611,0.5000000000000001,0.0
0.875,0.6086956521739131,0.9714285714285714,0.31479755617686644,0.7307692307692308,0.0
0.375,0.30434782608695654,0.9827586206896552,0.8305892098995546,0.2692307692307693,0.0
0.5,0.6521739130434783,0.7428571428571429,0.46587967277622444,0.11538461538461539,0.05263157894736842
0.4583333333333333,0.34782608695652173,0.9807692307692308,0.3019571295433364,0.42307692307692313,0.0
0.7083333333333333,0.6521739130434783,0.981132075471698,0.4050947499223361,0.6923076923076924,0.0
0.25,0.21739130434782608,1.0,0.34793414103758913,0.0,0.2631578947368421
0.5416666666666666,0.21739130434782608,1.0,0.11649580615097854,0.46153846153846156,0.0
0.08333333333333333,0.21739130434782608,1.0,0.7444340892616754,0.11538461538461539,0.0
0.75,0.6956521739130435,0.9818181818181818,0.16402609506057786,0.7307692307692308,0.0
0.0,0.7391304347826086,0.971830985915493,0.14807911359635495,0.6923076923076924,0.0
0.20833333333333331,0.6956521739130435,0.7258064516129032,0.2770011390701047,0.15384615384615385,0.0
0.25,0.043478260869565216,1.0,0.19105312208760472,0.3076923076923077,0.0
0.8333333333333333,0.4782608695652174,1.0,0.4941493217355286,0.6923076923076924,0.0
0.5833333333333333,0.34782608695652173,0.981132075471698,0.7363570467018743,0.3076923076923077,0.0
0.5416666666666666,0.30434782608695654,1.0,0.2513202858030442,0.19230769230769232,0.0
0.5,0.782608695652174,0.5471698113207547,0.2993683338510925,0.34615384615384615,0.0
0.041666666666666664,0.043478260869565216,1.0,0.744123433778606,0.15384615384615385,0.0
0.5,0.5652173913043479,0.9824561403508772,0.1400020710365537,0.5384615384615385,0.0
0.7083333333333333,0.6086956521739131,0.9827586206896552,0.16754685720202955,0.8846153846153847,0.0
0.41666666666666663,0.6521739130434783,0.9859154929577464,0.3293983638811224,0.5384615384615385,0.0
0.7083333333333333,0.3913043478260869,1.0,0.21373097235166183,0.5000000000000001,0.0
0.8333333333333333,0.4782608695652174,0.9821428571428572,0.30713472092782446,0.5384615384615385,0.0
0.7083333333333333,0.26086956521739135,0.9863013698630136,0.5010872941907425,0.3846153846153847,0.05263157894736842
0.7083333333333333,0.3913043478260869,1.0,0.6770218494356424,0.6923076923076924,0.0
0.16666666666666666,0.08695652173913043,1.0,0.15729522626074344,0.07692307692307693,0.0
0.8333333333333333,0.13043478260869565,1.0,0.48431189810500164,0.038461538461538464,0.21052631578947367
0.7083333333333333,0.26086956521739135,1.0,0.6587967277622451,0.46153846153846156,0.0
0.7916666666666666,0.30434782608695654,1.0,0.3758931345138241,0.15384615384615385,0.0
0.375,0.4347826086956522,1.0,0.27896862379621,0.3846153846153847,0.05263157894736842
0.20833333333333331,0.21739130434782608,1.0,0.4590452521487005,0.3076923076923077,0.0
0.7083333333333333,0.34782608695652173,1.0,0.12074143108625857,0.6923076923076924,0.0
0.75,0.7391304347826086,0.4805194805194805,0.09847778813296038,0.8461538461538463,0.0
0.875,0.26086956521739135,1.0,0.4345034689862275,0.0,0.0
0.7083333333333333,0.34782608695652173,0.9824561403508772,0.38365952159055605,0.42307692307692313,0.0
0.9166666666666666,0.4347826086956522,0.9824561403508772,0.22843533188360765,0.5000000000000001,0.0
0.25,0.21739130434782608,1.0,0.5316350833592214,0.3076923076923077,0.0
0.625,0.4782608695652174,0.9848484848484848,0.19902661281971612,0.3076923076923077,0.0
0.75,0.30434782608695654,1.0,0.16878947913430675,0.3846153846153847,0.0
0.4583333333333333,0.17391304347826086,1.0,0.17262089675882786,0.34615384615384615,0.0
1.0,0.5652173913043479,0.9636363636363636,0.36201718960339657,0.8461538461538463,0.0
0.875,0.6086956521739131,0.6071428571428571,0.3063063063063063,0.2692307692307693,0.0
0.0,0.3913043478260869,0.9821428571428572,0.2119705912809362,0.46153846153846156,0.0
0.29166666666666663,0.7391304347826086,0.1857142857142857,0.5033654343999172,0.19230769230769232,0.0
0.75,0.6956521739130435,0.3661971830985915,0.29615822719271,0.6923076923076924,0.0
0.7916666666666666,0.6086956521739131,1.0,0.5096820958889925,0.7307692307692308,0.0
0.5,0.9130434782608696,0.0,0.5488246867557214,0.5384615384615385,0.0
0.125,0.0,1.0,0.3876980428704566,0.11538461538461539,0.10526315789473684
0.29166666666666663,0.21739130434782608,1.0,0.3289841565703634,0.34615384615384615,0.0
0.7916666666666666,0.6521739130434783,0.9838709677419356,0.6662524593559076,0.8076923076923078,0.0
0.75,0.6956521739130435,0.8928571428571429,0.3334368851610231,0.5000000000000001,0.0
0.5833333333333333,0.7391304347826086,0.0,0.18566842704773734,0.6923076923076924,0.0
0.29166666666666663,0.17391304347826086,1.0,0.29481205343274297,0.2307692307692308,0.0
0.9166666666666666,0.7391304347826086,0.9701492537313432,0.31987159573366464,0.7692307692307693,0.0
0.6666666666666666,0.6956521739130435,0.98,0.6458527493010251,0.7307692307692308,0.0
0.08333333333333333,0.08695652173913043,1.0,0.5552449000724864,0.038461538461538464,0.0
0.7083333333333333,0.4782608695652174,0.9803921568627452,0.3315729522626073,0.576923076923077,0.0
0.125,0.0,1.0,0.2305063684374028,0.038461538461538464,0.05263157894736842
0.041666666666666664,0.13043478260869565,1.0,0.5939732836284559,0.3076923076923077,0.0
0.125,0.13043478260869565,1.0,0.6877912395153776,0.11538461538461539,0.0
0.9166666666666666,0.8260869565217391,0.981132075471698,0.29180905042974004,0.8846153846153847,0.0
0.7083333333333333,0.34782608695652173,0.9848484848484848,0.7756031893962929,0.42307692307692313,0.0
0.20833333333333331,0.08695652173913043,1.0,0.1861861861861861,0.07692307692307693,0.0
0.7083333333333333,0.30434782608695654,1.0,0.22708915812364083,0.576923076923077,0.0
0.08333333333333333,0.043478260869565216,1.0,0.30941286113699906,0.038461538461538464,0.0
0.041666666666666664,0.13043478260869565,1.0,0.2830071450761106,0.038461538461538464,0.15789473684210525
0.8333333333333333,0.30434782608695654,1.0,0.593559076317697,0.5384615384615385,0.0
0.3333333333333333,0.9130434782608696,0.8787878787878788,0.4772703738220978,0.2692307692307693,0.0
0.5416666666666666,0.3913043478260869,0.9827586206896552,0.3009216112664389,0.34615384615384615,0.0
0.041666666666666664,0.08695652173913043,1.0,0.3245314279797038,0.2307692307692308,0.0
0.16666666666666666,0.0,1.0,0.35021228124676407,0.07692307692307693,0.05263157894736842
0.0,0.7391304347826086,0.9848484848484848,0.4084084084084083,0.6153846153846154,0.0
0.8333333333333333,0.8260869565217391,0.2575757575757575,0.2230506368437405,0.6923076923076924,0.0
0.16666666666666666,0.8260869565217391,0.0,0.7740499119809463,0.15384615384615385,0.0
0.5833333333333333,0.3913043478260869,1.0,0.44330537433985695,0.5000000000000001,0.0
0.3333333333333333,0.5652173913043479,0.9821428571428572,0.7796417106761933,0.5000000000000001,0.0
0.29166666666666663,0.3913043478260869,1.0,0.28166097131614365,0.5000000000000001,0.0
0.041666666666666664,0.0,1.0,0.7593455524490007,0.038461538461538464,0.21052631578947367
0.75,0.8260869565217391,0.0806451612903225,0.10469089779434604,0.3846153846153847,0.0
0.41666666666666663,0.8260869565217391,0.981132075471698,0.29222325774049906,0.7307692307692308,0.0
0.5833333333333333,0.4347826086956522,0.9743589743589745,0.9596147872009941,0.3076923076923077,0.0
0.375,0.26086956521739135,0.9833333333333332,0.28994511753132435,0.3076923076923077,0.0
0.041666666666666664,0.043478260869565216,1.0,0.7119188153670912,0.0,0.05263157894736842
0.75,0.4782608695652174,0.9859154929577464,0.2230506368437405,0.46153846153846156,0.0
0.25,0.17391304347826086,1.0,0.3063063063063063,0.19230769230769232,0.0
0.6666666666666666,0.7391304347826086,0.5977011494252874,0.30206068137102615,0.7692307692307693,0.0
0.375,0.4347826086956522,0.9871794871794872,0.6303199751475612,0.46153846153846156,0.0
0.08333333333333333,0.17391304347826086,1.0,0.4458941700321011,0.15384615384615385,0.0
0.625,0.782608695652174,0.981132075471698,0.18131925028476747,0.6538461538461539,0.0
0.4583333333333333,0.5217391304347826,1.0,0.4883504193849022,0.46153846153846156,0.0
0.625,0.4782608695652174,1.0,0.20865693279486375,0.5384615384615385,0.0
0.25,0.13043478260869565,1.0,0.29760795278036645,0.2307692307692308,0.0
0.25,0.08695652173913043,1.0,0.17106761934348136,0.2307692307692308,0.0
0.7083333333333333,0.4782608695652174,0.9859154929577464,0.18349383866625235,0.576923076923077,0.0
0.7916666666666666,0.4782608695652174,0.9655172413793104,0.08108108108108103,0.42307692307692313,0.0
0.08333333333333333,0.0,1.0,0.45117531324427884,0.0,0.3157894736842105
0.3333333333333333,0.13043478260869565,1.0,0.16878947913430675,0.15384615384615385,0.0
0.7083333333333333,0.7391304347826086,0.9857142857142858,0.4125504815159986,0.6923076923076924,0.0
0.375,0.34782608695652173,0.9821428571428572,0.5381588485036761,0.46153846153846156,0.0
0.29166666666666663,0.782608695652174,0.9,0.33043388215802016,0.3846153846153847,0.0
0.25,0.17391304347826086,1.0,0.6317697007352179,0.07692307692307693,0.0
0.41666666666666663,0.8260869565217391,0.0,0.5897276586931761,0.11538461538461539,0.05263157894736842
0.625,0.782608695652174,0.4915254237288136,0.26467847157502333,0.6923076923076924,0.0
0.41666666666666663,0.34782608695652173,1.0,0.6860308584446515,0.3846153846153847,0.0
0.20833333333333331,0.4347826086956522,0.9056603773584906,0.3719581650616133,0.11538461538461539,0.05263157894736842
0.25,0.6956521739130435,0.9649122807017544,0.6338407372890131,0.15384615384615385,0.0
0.75,0.5217391304347826,1.0,0.42073107590348946,0.576923076923077,0.0
0.6666666666666666,0.5652173913043479,0.984126984126984,0.30806668737703213,0.3076923076923077,0.0
0.20833333333333331,0.13043478260869565,1.0,0.4870042456249353,0.11538461538461539,0.05263157894736842
0.08333333333333333,0.0,1.0,0.6810603707155432,0.0,0.42105263157894735
0.29166666666666663,0.6521739130434783,0.9836065573770492,0.4230092161126642,0.34615384615384615,0.0
0.7916666666666666,0.7391304347826086,0.971830985915493,0.6939007973490732,0.6923076923076924,0.0
0.041666666666666664,0.782608695652174,0.3,0.5169307238272756,0.038461538461538464,0.10526315789473684
0.4583333333333333,0.4782608695652174,1.0,0.5919022470746609,0.46153846153846156,0.0
0.75,0.6521739130434783,0.9666666666666668,0.4654654654654655,0.8461538461538463,0.0
0.6666666666666666,0.13043478260869565,1.0,0.84964274619447,0.2307692307692308,0.10526315789473684
0.6666666666666666,0.8260869565217391,0.1857142857142857,0.30081805943874906,0.8076923076923078,0.0
0.5833333333333333,0.6086956521739131,0.0857142857142857,0.3911152531842188,0.5384615384615385,0.0
0.29166666666666663,0.21739130434782608,1.0,0.3207000103551827,0.3076923076923077,0.0
0.3333333333333333,0.7391304347826086,0.0,0.26188257222739975,0.15384615384615385,0.0
0.4583333333333333,0.4347826086956522,0.9857142857142858,0.2766904835870353,0.2307692307692308,0.0
0.29166666666666663,0.7391304347826086,0.9821428571428572,0.18452935694314998,0.7307692307692308,0.0
0.08333333333333333,0.043478260869565216,1.0,0.6332194263228745,0.038461538461538464,0.0
0.41666666666666663,0.34782608695652173,0.981132075471698,0.3131407269338303,0.6538461538461539,0.0
0.41666666666666663,0.5652173913043479,0.9833333333333332,0.3949466708087397,0.3076923076923077,0.0
0.5833333333333333,0.4782608695652174,1.0,0.2916019467743606,0.6538461538461539,0.0
0.625,0.5652173913043479,0.9827586206896552,0.14466190328259287,0.6538461538461539,0.0
0.7916666666666666,0.5652173913043479,1.0,0.44206275240758,0.8076923076923078,0.0
0.625,0.5217391304347826,0.981132075471698,0.3322978150564355,0.34615384615384615,0.0
0.16666666666666666,0.17391304347826086,1.0,0.5794760277518898,0.19230769230769232,0.10526315789473684
0.25,0.13043478260869565,1.0,0.34607020813917355,0.19230769230769232,0.05263157894736842
0.3333333333333333,0.6086956521739131,0.981132075471698,0.12933623278450868,0.11538461538461539,0.0
0.4583333333333333,0.6521739130434783,0.9818181818181818,0.026819923371647403,0.42307692307692313,0.0
0.16666666666666666,0.21739130434782608,1.0,0.3714404059231644,0.07692307692307693,0.05263157894736842
0.3333333333333333,0.8260869565217391,0.9285714285714286,0.5850678264471367,0.3076923076923077,0.0
0.29166666666666663,0.3913043478260869,0.9861111111111112,0.9690380035207622,0.3076923076923077,0.0
0.5,0.30434782608695654,0.9821428571428572,0.2668530599565082,0.34615384615384615,0.0
0.25,0.4782608695652174,0.9848484848484848,0.2699596147872011,0.2692307692307693,0.0
0.6666666666666666,0.5652173913043479,1.0,0.646370508439474,0.6538461538461539,0.0
0.16666666666666666,0.13043478260869565,1.0,0.28735632183908044,0.15384615384615385,0.0
0.20833333333333331,0.8260869565217391,0.3285714285714285,0.3067205136170653,0.038461538461538464,0.10526315789473684
0.3333333333333333,0.8260869565217391,0.25,0.31231231231231227,0.3076923076923077,0.0
0.9166666666666666,0.5217391304347826,0.9848484848484848,0.5215905560733147,0.6923076923076924,0.0
0.4583333333333333,0.34782608695652173,0.9818181818181818,0.7138863000931968,0.5384615384615385,0.0
0.625,0.3913043478260869,0.9577464788732394,0.5114424769597181,0.5384615384615385,0.0
0.41666666666666663,0.5217391304347826,0.9848484848484848,0.6194470332401365,0.576923076923077,0.0
0.875,1.0,0.0,0.3293983638811224,0.8461538461538463,0.0
0.29166666666666663,0.34782608695652173,1.0,0.26788857823340584,0.3846153846153847,0.0
0.41666666666666663,0.30434782608695654,1.0,0.9530910220565392,0.2692307692307693,0.0
0.5833333333333333,0.3913043478260869,0.9857142857142858,0.27524075799937864,0.3076923076923077,0.0
0.9166666666666666,0.6956521739130435,0.9464285714285714,0.29470850160505313,0.8461538461538463,0.0
0.7916666666666666,0.4782608695652174,0.9821428571428572,0.19850885368126747,0.5000000000000001,0.0
0.25,0.08695652173913043,1.0,0.5031583307445375,0.2307692307692308,0.0
0.5833333333333333,0.8260869565217391,0.0806451612903225,0.2932587760173966,0.6153846153846154,0.0
0.7916666666666666,0.8695652173913043,0.9272727272727272,0.7143005074039557,0.7692307692307693,0.0
0.625,0.6086956521739131,0.9850746268656716,0.10914362638500563,0.576923076923077,0.0
0.29166666666666663,0.21739130434782608,1.0,0.51931241586414,0.34615384615384615,0.0
0.5833333333333333,0.7391304347826086,0.196078431372549,0.5007766387076731,0.2307692307692308,0.0
0.4583333333333333,0.4347826086956522,1.0,0.19188153670912278,0.6153846153846154,0.0
0.5833333333333333,0.34782608695652173,1.0,0.3837630734182458,0.46153846153846156,0.0
0.375,0.34782608695652173,1.0,0.2607435021228124,0.2307692307692308,0.0
0.20833333333333331,0.6956521739130435,0.28,0.5447861654758206,0.11538461538461539,0.05263157894736842
0.6666666666666666,0.6956521739130435,0.7115384615384616,0.24189706948327638,0.34615384615384615,0.0
0.75,0.6521739130434783,0.9824561403508772,0.3302267785026405,0.6153846153846154,0.0
0.625,0.5217391304347826,0.9824561403508772,0.6596251423837631,0.5000000000000001,0.0
0.125,0.08695652173913043,1.0,0.3789996893445169,0.038461538461538464,0.05263157894736842
0.7916666666666666,0.8695652173913043,0.2857142857142857,0.2196334265299782,0.7307692307692308,0.0
0.7083333333333333,0.5217391304347826,0.9848484848484848,0.2974008491249871,0.6538461538461539,0.0
1.0,0.30434782608695654,0.9848484848484848,0.627006316661489,0.2307692307692308,0.0
0.5416666666666666,0.26086956521739135,0.9859154929577464,0.6827171999585793,0.5384615384615385,0.0
0.25,0.3913043478260869,0.8805970149253731,0.4568706637672155,0.3076923076923077,0.0
0.08333333333333333,0.0,1.0,0.46432639536087805,0.0,0.05263157894736842
0.125,0.3913043478260869,1.0,0.33519726623174895,0.2692307692307693,0.0
0.041666666666666664,0.043478260869565216,1.0,0.5592834213523867,0.0,0.10526315789473684
0.625,0.4347826086956522,1.0,0.5581443512477995,0.46153846153846156,0.0
0.7083333333333333,0.3913043478260869,1.0,0.2814538676607643,0.6538461538461539,0.0
0.375,0.21739130434782608,1.0,0.60091125608367,0.2307692307692308,0.0
0.875,0.7391304347826086,0.9482758620689656,0.406440923682303,0.8846153846153847,0.0
0.625,0.13043478260869565,1.0,0.27938283110696904,0.038461538461538464,0.10526315789473684
0.3333333333333333,0.6086956521739131,0.9836065573770492,0.5659107383245314,0.5000000000000001,0.0
0.3333333333333333,1.0,0.0,0.3375789582686134,0.2692307692307693,0.0
0.20833333333333331,0.21739130434782608,1.0,0.5538987263125195,0.5000000000000001,0.0
0.041666666666666664,0.0,1.0,0.20917469193331262,0.07692307692307693,0.10526315789473684
0.5833333333333333,0.30434782608695654,1.0,0.35590763176970075,0.34615384615384615,0.0
0.41666666666666663,0.5652173913043479,0.9857142857142858,0.10582996789893329,0.5384615384615385,0.0
0.7916666666666666,0.6086956521739131,0.984375,0.35787511649580606,0.7692307692307693,0.0
0.29166666666666663,0.34782608695652173,1.0,0.17552034793414095,0.34615384615384615,0.0
0.3333333333333333,0.26086956521739135,1.0,0.3114838976907941,0.34615384615384615,0.0
0.16666666666666666,0.043478260869565216,1.0,0.5075075075075075,0.0,0.05263157894736842
0.3333333333333333,0.17391304347826086,1.0,0.27969348659003823,0.5000000000000001,0.0
0.375,0.4782608695652174,0.9848484848484848,0.5838252045148598,0.42307692307692313,0.0
0.5833333333333333,0.5217391304347826,0.9821428571428572,0.29180905042974004,0.5000000000000001,0.0
0.4583333333333333,0.30434782608695654,0.9857142857142858,0.692658175416796,0.7307692307692308,0.0
0.29166666666666663,0.043478260869565216,1.0,0.14352283317800552,0.2692307692307693,0.0
0.375,0.26086956521739135,1.0,0.4287045666356013,0.5384615384615385,0.0
0.5,0.30434782608695654,0.9850746268656716,0.3041317179248214,0.7692307692307693,0.0
0.25,0.30434782608695654,1.0,0.3515584550067308,0.3076923076923077,0.0
0.8333333333333333,0.6956521739130435,0.9821428571428572,0.4753028890959925,0.6153846153846154,0.0
0.25,0.17391304347826086,1.0,0.2582582582582582,0.11538461538461539,0.0
0.75,0.34782608695652173,0.9871794871794872,0.26032929481205336,0.5384615384615385,0.0
0.7916666666666666,0.6521739130434783,0.9857142857142858,0.20927824376100224,0.34615384615384615,0.0
0.5416666666666666,0.6521739130434783,0.9859154929577464,0.18090504297400845,0.5000000000000001,0.0
0.6666666666666666,0.3913043478260869,1.0,0.2024438231334783,0.7307692307692308,0.0
0.5416666666666666,0.6086956521739131,0.9807692307692308,0.9190224707466086,0.5384615384615385,0.0
0.5,0.6521739130434783,0.9857142857142858,0.6597286942114529,0.7692307692307693,0.0
0.3333333333333333,0.6086956521739131,0.8028169014084507,0.31262296779538157,0.2692307692307693,0.0
0.041666666666666664,0.0,1.0,0.6140623382002695,0.0,0.3684210526315789
0.25,0.21739130434782608,1.0,0.7407062234648443,0.15384615384615385,0.0
0.75,0.5652173913043479,0.9824561403508772,0.6866521694107901,0.6923076923076924,0.0
0.75,0.6521739130434783,0.358974358974359,0.521487004245625,0.6923076923076924,0.0
0.41666666666666663,0.4782608695652174,0.9871794871794872,0.3516620068344207,0.2692307692307693,0.0
0.125,0.043478260869565216,1.0,0.4015739877808844,0.11538461538461539,0.0
0.6666666666666666,0.5652173913043479,0.9859154929577464,0.6947292119705912,0.576923076923077,0.0
0.16666666666666666,0.17391304347826086,1.0,0.29025577301439354,0.19230769230769232,0.0
0.16666666666666666,0.17391304347826086,1.0,0.2741016878947913,0.2307692307692308,0.0
0.4583333333333333,0.5217391304347826,0.971830985915493,0.27782955369162265,0.576923076923077,0.0
0.5833333333333333,0.5652173913043479,0.9857142857142858,0.2413793103448275,0.46153846153846156,0.0
0.75,0.782608695652174,0.9743589743589745,0.3022677850264057,0.6538461538461539,0.0
0.125,0.6956521739130435,0.5757575757575758,0.3879051465258363,0.07692307692307693,0.05263157894736842
0.75,0.6086956521739131,0.9803921568627452,0.3593248420834627,0.7692307692307693,0.0
0.7916666666666666,0.782608695652174,0.9571428571428572,0.6506161333747542,0.6923076923076924,0.0
0.20833333333333331,0.9130434782608696,0.0,0.5159987573780676,0.0,0.15789473684210525
0.25,0.4782608695652174,0.9230769230769232,0.18225121673397526,0.15384615384615385,0.0
0.16666666666666666,0.21739130434782608,1.0,0.05726416071243645,0.19230769230769232,0.05263157894736842
0.5,0.7391304347826086,0.9285714285714286,0.3639846743295019,0.576923076923077,0.0
0.6666666666666666,0.8260869565217391,0.0,0.2702702702702703,0.34615384615384615,0.05263157894736842
0.16666666666666666,0.043478260869565216,1.0,0.5417831624728175,0.038461538461538464,0.15789473684210525
0.3333333333333333,0.26086956521739135,1.0,0.6135445790618204,0.3076923076923077,0.0
0.41666666666666663,0.21739130434782608,1.0,0.32308170239204714,0.3846153846153847,0.0
0.25,0.043478260869565216,1.0,0.2958475717096406,0.11538461538461539,0.0
0.29166666666666663,0.21739130434782608,1.0,0.21052086569327944,0.2307692307692308,0.0
0.5,0.21739130434782608,1.0,0.21497359428393903,0.46153846153846156,0.0
0.5416666666666666,0.4347826086956522,0.9857142857142858,0.7752925339132235,0.5000000000000001,0.0
0.6666666666666666,0.4782608695652174,0.981132075471698,0.31262296779538157,0.6153846153846154,0.0
0.7083333333333333,0.6521739130434783,0.9285714285714286,0.21797659728694208,0.6153846153846154,0.0
0.29166666666666663,0.4782608695652174,0.9846153846153848,0.3163508335922127,0.3076923076923077,0.0
0.25,0.21739130434782608,1.0,0.5712954333643987,0.19230769230769232,0.0
0.6666666666666666,0.8260869565217391,0.9821428571428572,0.23454488971730325,0.7692307692307693,0.0
0.41666666666666663,0.3913043478260869,1.0,0.6747437092264679,0.34615384615384615,0.0
0.9166666666666666,0.7391304347826086,0.9642857142857144,0.10003106554830665,0.8846153846153847,0.0
0.5833333333333333,0.4347826086956522,0.9666666666666668,0.4030237133685408,0.6153846153846154,0.0
0.20833333333333331,0.13043478260869565,1.0,0.4932173552863208,0.15384615384615385,0.0
0.041666666666666664,0.043478260869565216,1.0,0.4426840633737186,0.0,0.21052631578947367
0.375,0.4347826086956522,0.9859154929577464,0.3044423734078904,0.46153846153846156,0.0
0.5416666666666666,0.6521739130434783,0.981132075471698,0.6028787408097753,0.6153846153846154,0.0
0.5,0.6086956521739131,0.9821428571428572,0.5222118670394533,0.2307692307692308,0.0
0.6666666666666666,0.4347826086956522,0.9852941176470588,0.18473646059852955,0.3846153846153847,0.0
0.20833333333333331,0.7391304347826086,0.2692307692307692,0.17324220772496635,0.11538461538461539,0.10526315789473684
0.8333333333333333,0.9130434782608696,0.0,0.49042145593869724,0.6538461538461539,0.0
0.9583333333333333,0.5652173913043479,0.9818181818181818,0.34896965931448687,0.6923076923076924,0.0
0.08333333333333333,0.08695652173913043,1.0,0.5258361810085947,0.11538461538461539,0.0
0.7916666666666666,0.5217391304347826,0.9827586206896552,0.3482447965206583,0.6923076923076924,0.0
0.75,0.4782608695652174,0.981132075471698,0.39805322563943246,0.6538461538461539,0.0
0.375,0.4782608695652174,0.9821428571428572,0.3337475406440924,0.34615384615384615,0.0
0.5,0.4782608695652174,1.0,0.6651133892513204,0.3846153846153847,0.0
0.4583333333333333,0.3913043478260869,0.9827586206896552,0.5972869421145284,0.2692307692307693,0.0
0.375,0.34782608695652173,0.9857142857142858,0.5706741223982603,0.2692307692307693,0.05263157894736842
0.375,0.6086956521739131,0.660377358490566,0.7404991198094646,0.5000000000000001,0.0
0.375,0.34782608695652173,1.0,0.13192502847675236,0.2692307692307693,0.0
0.20833333333333331,0.043478260869565216,1.0,0.5877601739670706,0.11538461538461539,0.0
0.25,0.17391304347826086,1.0,0.20358289323806555,0.15384615384615385,0.0
0.7083333333333333,0.6956521739130435,0.7321428571428571,0.670808739774257,0.576923076923077,0.0
0.20833333333333331,0.30434782608695654,1.0,0.5680853267060164,0.46153846153846156,0.0
0.7083333333333333,0.8695652173913043,0.5,0.381588485036761,0.576923076923077,0.0
0.5416666666666666,0.30434782608695654,0.9857142857142858,0.38024231127679387,0.2307692307692308,0.0
0.41666666666666663,0.3913043478260869,1.0,0.4976700838769803,0.42307692307692313,0.0
0.29166666666666663,0.30434782608695654,1.0,0.24044734389561973,0.3076923076923077,0.0
0.6666666666666666,0.7391304347826086,0.9607843137254902,0.22512167339753542,0.8461538461538463,0.0
0.875,0.34782608695652173,0.9871794871794872,0.288806047426737,0.19230769230769232,0.0
0.20833333333333331,0.08695652173913043,1.0,0.4050947499223361,0.2692307692307693,0.0
0.9583333333333333,0.9130434782608696,0.9649122807017544,0.3041317179248214,0.7692307692307693,0.0
0.125,0.043478260869565216,1.0,0.5019157088122606,0.038461538461538464,0.0
0.5416666666666666,0.8695652173913043,0.6338028169014085,0.2567049808429118,0.6153846153846154,0.0
0.41666666666666663,0.17391304347826086,1.0,0.3518691104898002,0.2307692307692308,0.0
0.5,0.4347826086956522,1.0,0.36957647302474883,0.3076923076923077,0.0
0.9166666666666666,0.9130434782608696,0.2075471698113207,0.3576680128404266,0.8461538461538463,0.0
0.41666666666666663,0.6956521739130435,0.4714285714285714,0.7383245314279796,0.5000000000000001,0.0
0.041666666666666664,0.08695652173913043,1.0,0.4089261675468572,0.11538461538461539,0.0
0.041666666666666664,0.0,1.0,0.31666148907528213,0.0,0.10526315789473684
0.25,0.0,1.0,0.2830071450761106,0.07692307692307693,0.05263157894736842
0.5833333333333333,0.4782608695652174,0.9857142857142858,0.6026716371543956,0.34615384615384615,0.0
0.7916666666666666,0.6956521739130435,0.8225806451612904,0.39577508543025774,0.6153846153846154,0.0
0.3333333333333333,0.4347826086956522,1.0,0.5594905250077664,0.038461538461538464,0.10526315789473684
0.20833333333333331,0.5652173913043479,0.9701492537313432,0.48928238583411,0.15384615384615385,0.0
0.375,0.21739130434782608,0.9859154929577464,0.22118670394532458,0.5384615384615385,0.0
0.25,0.17391304347826086,1.0,0.367816091954023,0.07692307692307693,0.0
0.7083333333333333,0.8260869565217391,0.9722222222222222,0.2945013979496738,0.6923076923076924,0.0
0.5416666666666666,0.4782608695652174,0.9850746268656716,0.6638707673190432,0.46153846153846156,0.0
0.08333333333333333,0.043478260869565216,1.0,0.48027337682510085,0.0,0.21052631578947367
0.29166666666666663,0.8260869565217391,0.3064516129032258,0.5513099306202756,0.3846153846153847,0.0
0.7916666666666666,0.6086956521739131,0.9871794871794872,0.14445479962721341,0.6923076923076924,0.0
0.29166666666666663,0.4347826086956522,0.9807692307692308,0.2642642642642643,0.3846153846153847,0.0
0.6666666666666666,0.6086956521739131,1.0,0.19592005798902357,0.6923076923076924,0.0
0.7916666666666666,0.5652173913043479,0.0428571428571428,0.18773946360153249,0.7307692307692308,0.0
0.08333333333333333,0.043478260869565216,1.0,0.5245935590763178,0.0,0.47368421052631576
0.08333333333333333,0.0,1.0,0.32121776949363134,0.11538461538461539,0.10526315789473684
0.7083333333333333,0.8260869565217391,0.0,0.1527389458423939,0.5000000000000001,0.0
0.75,0.34782608695652173,1.0,0.6160298229263745,0.3846153846153847,0.0
0.3333333333333333,0.5652173913043479,0.9714285714285714,0.41969555762659216,0.42307692307692313,0.0
0.9583333333333333,0.7391304347826086,0.8214285714285714,0.5000517759138448,0.8076923076923078,0.0
0.8333333333333333,0.4347826086956522,0.9827586206896552,0.512788650719685,0.3846153846153847,0.0
0.41666666666666663,0.4782608695652174,0.9827586206896552,0.5671533602568084,0.2692307692307693,0.05263157894736842
0.29166666666666663,0.21739130434782608,1.0,0.33612923268095685,0.2307692307692308,0.0
0.41666666666666663,0.782608695652174,0.2272727272727272,0.19529874702288486,0.2307692307692308,0.0
0.75,0.5217391304347826,0.9848484848484848,0.29615822719271,0.46153846153846156,0.0
0.25,0.782608695652174,0.3230769230769231,0.4396810603707155,0.2692307692307693,0.0
0.75,0.8260869565217391,0.9318181818181818,0.29191260225742977,0.576923076923077,0.0
0.08333333333333333,0.0,1.0,0.5933519726623175,0.11538461538461539,0.10526315789473684
0.8333333333333333,0.6521739130434783,0.75,0.4469296883089988,0.7692307692307693,0.0
0.3333333333333333,0.8695652173913043,0.0142857142857142,0.5867246556901728,0.34615384615384615,0.0
0.375,0.3913043478260869,1.0,0.9014186600393497,0.34615384615384615,0.0
0.75,0.782608695652174,0.9655172413793104,0.4574919747333541,0.7307692307692308,0.0
0.7916666666666666,0.5217391304347826,0.9655172413793104,0.4154499326913119,0.5384615384615385,0.0
0.5,0.5217391304347826,0.9857142857142858,0.21621621621621612,0.6153846153846154,0.0
0.3333333333333333,0.30434782608695654,1.0,0.5135135135135134,0.42307692307692313,0.0
0.6666666666666666,0.6521739130434783,0.7735849056603774,0.19208864036450224,0.7692307692307693,0.0
0.08333333333333333,0.0,1.0,0.5179662421041731,0.038461538461538464,0.2631578947368421
0.125,0.043478260869565216,1.0,0.7691829760795279,0.19230769230769232,0.0
0.6666666666666666,0.8260869565217391,0.0909090909090909,0.133892513202858,0.46153846153846156,0.0
0.08333333333333333,0.7391304347826086,0.6140350877192983,0.7950709330019674,0.15384615384615385,0.0
0.75,0.5217391304347826,0.4366197183098591,0.3229781505643574,0.46153846153846156,0.0
0.7916666666666666,0.5652173913043479,0.9726027397260274,0.6950398674536606,0.576923076923077,0.0
0.6666666666666666,0.6086956521739131,0.9772727272727272,0.41658900279589917,0.5000000000000001,0.0
0.29166666666666663,0.8695652173913043,0.0172413793103448,0.355804079942011,0.15384615384615385,0.0
0.4583333333333333,0.21739130434782608,0.9859154929577464,0.05850678264471376,0.34615384615384615,0.0
0.5,0.26086956521739135,0.9846153846153848,0.3490732111421766,0.5000000000000001,0.0
0.6666666666666666,0.6086956521739131,0.9726027397260274,0.5785440613026822,0.6538461538461539,0.0
0.3333333333333333,0.21739130434782608,1.0,0.29129129129129117,0.42307692307692313,0.0
0.3333333333333333,0.26086956521739135,1.0,0.4361602982292636,0.3076923076923077,0.0
0.375,0.8260869565217391,0.7857142857142857,0.629180905042974,0.2692307692307693,0.0
0.16666666666666666,0.34782608695652173,0.9850746268656716,0.1639225432328879,0.3076923076923077,0.0
0.125,0.08695652173913043,1.0,0.6986641814228021,0.11538461538461539,0.0
0.5833333333333333,0.5217391304347826,0.9821428571428572,0.11939525732629175,0.42307692307692313,0.0
0.375,0.5652173913043479,0.981132075471698,0.19343481412446917,0.46153846153846156,0.0
0.375,0.17391304347826086,0.9838709677419356,0.4367816091954022,0.19230769230769232,0.0
0.5833333333333333,0.6086956521739131,0.9859154929577464,0.3391322356839598,0.46153846153846156,0.0
0.20833333333333331,0.6521739130434783,0.9857142857142858,0.25318421870146,0.576923076923077,0.0
0.16666666666666666,0.17391304347826086,1.0,0.7573780677228954,0.15384615384615385,0.0
0.16666666666666666,0.08695652173913043,1.0,0.6546546546546546,0.0,0.47368421052631576
0.08333333333333333,0.0,1.0,0.3675054364709536,0.0,0.47368421052631576
0.9166666666666666,0.4782608695652174,0.9577464788732394,0.2926374650512581,0.7692307692307693,0.0
0.4583333333333333,0.5217391304347826,1.0,0.6706016361188774,0.8461538461538463,0.0
0.5833333333333333,0.5217391304347826,0.9821428571428572,0.37547892720306497,0.6538461538461539,0.0
0.3333333333333333,0.4347826086956522,0.9848484848484848,0.6374650512581548,0.2692307692307693,0.0
0.41666666666666663,0.6956521739130435,0.7288135593220338,0.5874495184840014,0.34615384615384615,0.0
0.16666666666666666,0.8260869565217391,0.1568627450980392,0.3904939422180802,0.15384615384615385,0.0
0.41666666666666663,0.30434782608695654,1.0,0.33333333333333337,0.34615384615384615,0.0
0.3333333333333333,0.21739130434782608,1.0,0.9572330951641295,0.2692307692307693,0.0
0.6666666666666666,0.34782608695652173,0.9772727272727272,0.19436678057367707,0.6538461538461539,0.0
0.375,0.9565217391304348,0.0,0.33105519312415854,0.2307692307692308,0.0
0.5,0.3913043478260869,1.0,0.2983328155741948,0.34615384615384615,0.0
0.375,0.6521739130434783,0.1095890410958904,0.20575748161955054,0.15384615384615385,0.0
0.125,0.21739130434782608,1.0,0.841669255462359,0.19230769230769232,0.10526315789473684
0.8333333333333333,0.34782608695652173,1.0,0.37164750957854387,0.7307692307692308,0.0
0.41666666666666663,0.30434782608695654,1.0,0.6766076421248834,0.576923076923077,0.0
0.16666666666666666,0.0,1.0,0.4863829346587967,0.038461538461538464,0.15789473684210525
0.41666666666666663,0.34782608695652173,1.0,0.2566014290152221,0.42307692307692313,0.0
0.3333333333333333,0.5217391304347826,1.0,0.4609091850471161,0.6153846153846154,0.0
0.7916666666666666,0.6956521739130435,0.3833333333333333,0.7262089675882779,0.46153846153846156,0.0
0.125,0.21739130434782608,1.0,0.27741534638086374,0.038461538461538464,0.15789473684210525
0.125,0.08695652173913043,1.0,0.2900486693590141,0.11538461538461539,0.0
0.3333333333333333,0.0,1.0,0.49932691312001665,0.0,0.05263157894736842
0.41666666666666663,0.4347826086956522,1.0,0.3711297504400952,0.3076923076923077,0.0
0.7083333333333333,0.3913043478260869,0.9666666666666668,0.4504504504504503,0.5384615384615385,0.0
0.08333333333333333,0.26086956521739135,0.9857142857142858,0.2960546753650203,0.07692307692307693,0.0
0.29166666666666663,0.26086956521739135,1.0,0.2547374961168064,0.46153846153846156,0.0
0.5,0.30434782608695654,1.0,0.38303821062441745,0.5384615384615385,0.05263157894736842
0.125,0.043478260869565216,1.0,0.4219736978357669,0.07692307692307693,0.0
0.375,0.26086956521739135,1.0,0.6689448068758412,0.3846153846153847,0.0
0.625,0.4347826086956522,1.0,0.11856684270477369,0.6923076923076924,0.0
0.08333333333333333,0.0,1.0,0.36709122916019465,0.0,0.15789473684210525
0.16666666666666666,0.7391304347826086,0.981132075471698,0.45728487107797444,0.6153846153846154,0.0
0.29166666666666663,0.3913043478260869,0.984126984126984,0.24842083462773112,0.34615384615384615,0.0
0.041666666666666664,0.8260869565217391,0.0,0.23992958475717097,0.0,0.2631578947368421
0.8333333333333333,0.5652173913043479,0.9807692307692308,0.28901315108211656,0.6923076923076924,0.0
0.5,0.4782608695652174,1.0,0.30361395878637254,0.46153846153846156,0.0
0.4583333333333333,0.26086956521739135,1.0,0.252770011390701,0.42307692307692313,0.0
0.3333333333333333,0.34782608695652173,1.0,0.5233509371440406,0.19230769230769232,0.0
0.16666666666666666,0.08695652173913043,1.0,0.4593559076317697,0.11538461538461539,0.05263157894736842
0.20833333333333331,0.13043478260869565,1.0,0.1782126954540747,0.2307692307692308,0.0
0.29166666666666663,0.26086956521739135,0.9859154929577464,0.23609816713264986,0.19230769230769232,0.0
0.041666666666666664,0.0,1.0,0.5295640468054261,0.0,0.2631578947368421
0.041666666666666664,0.0,1.0,0.32753443098270674,0.038461538461538464,0.21052631578947367
0.7916666666666666,0.6956521739130435,0.8076923076923077,0.3510406958682821,0.6153846153846154,0.0
0.3333333333333333,0.9130434782608696,0.0769230769230769,0.6238997618307962,0.2692307692307693,0.0
0.6666666666666666,0.17391304347826086,1.0,0.5531738635186909,0.07692307692307693,0.0
0.25,0.6086956521739131,0.0285714285714285,0.16123019571295438,0.07692307692307693,0.0
0.7916666666666666,0.08695652173913043,1.0,0.5517241379310343,0.07692307692307693,0.0
0.8333333333333333,0.782608695652174,0.9545454545454546,0.4434089261675469,0.8076923076923078,0.0
0.875,0.6521739130434783,0.9807692307692308,0.7012529771150462,0.8076923076923078,0.0
0.625,0.8260869565217391,0.1555555555555555,0.2986434710572642,0.6923076923076924,0.0
0.75,0.7391304347826086,0.9696969696969696,0.31728280004142073,0.7307692307692308,0.0
0.7916666666666666,0.5652173913043479,0.9861111111111112,0.41493217355286305,0.6538461538461539,0.0
0.375,0.26086956521739135,1.0,0.42518380449414916,0.2307692307692308,0.0
0.75,0.6086956521739131,0.9824561403508772,0.3964999482240861,0.6538461538461539,0.0
0.25,0.21739130434782608,1.0,0.36222429325877603,0.2307692307692308,0.0
0.7916666666666666,0.5217391304347826,0.9871794871794872,0.2473853163508336,0.5384615384615385,0.0
0.5416666666666666,0.043478260869565216,1.0,0.2670601636118878,0.07692307692307693,0.0
0.6666666666666666,0.7391304347826086,0.9672131147540984,0.32121776949363134,0.3076923076923077,0.0
0.875,0.6521739130434783,0.9857142857142858,0.44558351454903167,0.9230769230769231,0.0
0.29166666666666663,0.30434782608695654,1.0,0.16992854923889378,0.15384615384615385,0.0
0.5416666666666666,0.8260869565217391,0.2597402597402597,0.5259397328362845,0.42307692307692313,0.0
0.25,0.17391304347826086,1.0,0.3539401470435952,0.19230769230769232,0.10526315789473684
0.6666666666666666,0.9565217391304348,0.0357142857142857,0.40064202133167637,0.8076923076923078,0.0
0.5,0.5217391304347826,0.9830508474576272,0.22988505747126442,0.576923076923077,0.0
0.4583333333333333,0.4347826086956522,1.0,0.41679610645127907,0.7692307692307693,0.0
0.29166666666666663,0.3913043478260869,1.0,0.5165165165165166,0.42307692307692313,0.0
0.25,0.21739130434782608,1.0,0.308584446515481,0.2307692307692308,0.0
0.041666666666666664,0.13043478260869565,1.0,0.4168996582789686,0.11538461538461539,0.0
0.041666666666666664,0.0,1.0,0.44516930723827275,0.038461538461538464,0.05263157894736842
0.5,0.26086956521739135,1.0,0.22077249663456544,0.3846153846153847,0.0
0.25,0.13043478260869565,1.0,0.2308170239204722,0.2692307692307693,0.0
0.20833333333333331,0.13043478260869565,1.0,0.36160298229263743,0.2692307692307693,0.0
0.3333333333333333,0.30434782608695654,1.0,0.4630837734286011,0.3846153846153847,0.0
0.7916666666666666,0.3913043478260869,0.9859154929577464,0.46432639536087805,0.8461538461538463,0.0
0.75,0.21739130434782608,1.0,0.4705395050222636,0.19230769230769232,0.0
0.75,0.4347826086956522,0.9827586206896552,0.42580511546028776,0.576923076923077,0.0
0.3333333333333333,0.043478260869565216,1.0,0.5200372786579683,0.11538461538461539,0.05263157894736842
0.625,0.6521739130434783,0.981132075471698,0.6711193952573262,0.3846153846153847,0.0
0.3333333333333333,0.13043478260869565,0.9848484848484848,0.37226882054468247,0.2307692307692308,0.0
0.5833333333333333,0.9565217391304348,0.3285714285714285,0.634254944599772,0.2692307692307693,0.0
0.6666666666666666,0.3913043478260869,0.9833333333333332,0.25546235891063473,0.46153846153846156,0.0
0.3333333333333333,0.34782608695652173,1.0,0.9799109454281867,0.3076923076923077,0.0
0.7083333333333333,0.4782608695652174,1.0,0.6486486486486487,0.6153846153846154,0.0
0.75,0.4782608695652174,0.9827586206896552,0.6534120327223776,0.6153846153846154,0.0
0.6666666666666666,0.9130434782608696,0.0,0.17324220772496635,0.6538461538461539,0.0
0.125,0.26086956521739135,1.0,0.522729626177902,0.34615384615384615,0.0
0.4583333333333333,0.30434782608695654,0.9857142857142858,0.7392564978771876,0.3076923076923077,0.0
0.08333333333333333,0.08695652173913043,1.0,0.4647406026716372,0.038461538461538464,0.10526315789473684
0.16666666666666666,0.13043478260869565,1.0,0.34317075696386024,0.2307692307692308,0.0
0.4583333333333333,0.4347826086956522,0.9722222222222222,0.6636636636636637,0.46153846153846156,0.0
0.7916666666666666,0.8695652173913043,0.913793103448276,0.27109868489178834,0.7692307692307693,0.0
0.5833333333333333,0.5652173913043479,0.935897435897436,0.32701667184425787,0.7692307692307693,0.0
0.3333333333333333,0.34782608695652173,0.987012987012987,0.11773842808325552,0.2692307692307693,0.0
0.16666666666666666,0.17391304347826086,1.0,0.38552345448897185,0.11538461538461539,0.05263157894736842
0.08333333333333333,0.0,1.0,0.5266645956301128,0.0,0.21052631578947367
0.20833333333333331,0.08695652173913043,1.0,0.5345345345345345,0.2307692307692308,0.0
0.16666666666666666,0.8260869565217391,0.0,0.3854199026612817,0.15384615384615385,0.0
0.041666666666666664,0.0,1.0,0.5785440613026822,0.0,0.42105263157894735
0.9166666666666666,0.6086956521739131,0.9622641509433962,0.3013358185771977,0.7692307692307693,0.0
0.375,0.30434782608695654,0.9852941176470588,0.23899761830796284,0.3076923076923077,0.0
0.041666666666666664,0.6956521739130435,0.4310344827586206,0.19975147561354456,0.2307692307692308,0.0
0.29166666666666663,0.9130434782608696,0.0,0.4963239101170136,0.46153846153846156,0.0
0.6666666666666666,0.4347826086956522,1.0,0.3365434399917159,0.576923076923077,0.0
0.8333333333333333,0.6956521739130435,0.9859154929577464,0.28870249559904726,0.6923076923076924,0.0
0.125,0.08695652173913043,1.0,0.720202961582272,0.07692307692307693,0.05263157894736842
0.375,0.4347826086956522,0.981132075471698,0.3858341099720408,0.19230769230769232,0.0
0.25,0.0,1.0,0.7673190431811121,0.0,0.3684210526315789
0.7083333333333333,1.0,0.8405797101449275,0.9876773325049188,0.42307692307692313,0.0
0.3333333333333333,0.34782608695652173,0.9861111111111112,0.28414621518069794,0.3846153846153847,0.05263157894736842
0.875,0.6956521739130435,0.9833333333333332,0.22563943253598417,0.7692307692307693,0.0
0.29166666666666663,0.8260869565217391,0.0,0.3027855441648545,0.34615384615384615,0.0
0.7083333333333333,0.6956521739130435,1.0,0.2018225121673397,0.5384615384615385,0.0
0.25,0.6086956521739131,0.927536231884058,0.4440302371336853,0.2692307692307693,0.0
0.75,0.3913043478260869,0.9859154929577464,0.046908977943460606,0.3846153846153847,0.0
0.041666666666666664,0.26086956521739135,0.0,0.509889199544372,0.15384615384615385,0.0
0.4583333333333333,0.21739130434782608,1.0,0.5080252666459562,0.2307692307692308,0.0
0.41666666666666663,0.21739130434782608,1.0,0.6628352490421456,0.19230769230769232,0.0
0.041666666666666664,0.043478260869565216,1.0,0.4281868074971522,0.0,0.05263157894736842
0.7916666666666666,0.7391304347826086,0.981132075471698,0.41296468882675774,0.7692307692307693,0.0
0.08333333333333333,0.17391304347826086,1.0,0.43595319457388415,0.19230769230769232,0.0
0.9166666666666666,0.7391304347826086,1.0,0.40571606088847467,0.8076923076923078,0.0
0.08333333333333333,0.30434782608695654,1.0,0.5220047633840736,0.038461538461538464,0.10526315789473684
0.9166666666666666,0.6521739130434783,0.9655172413793104,0.21290255773014388,0.576923076923077,0.0
0.4583333333333333,0.34782608695652173,1.0,0.43750647198923054,0.15384615384615385,0.0
0.4583333333333333,0.21739130434782608,1.0,0.1278865071968519,0.11538461538461539,0.0
0.29166666666666663,0.4782608695652174,0.9857142857142858,0.2884953919436677,0.3076923076923077,0.0
0.29166666666666663,0.6086956521739131,1.0,0.933519726623175,0.11538461538461539,0.0
0.41666666666666663,0.4782608695652174,1.0,0.3675054364709536,0.42307692307692313,0.0
0.8333333333333333,0.5217391304347826,0.9859154929577464,0.16154085119602346,0.8076923076923078,0.0
0.041666666666666664,0.5217391304347826,0.6571428571428571,0.30040385212799003,0.6923076923076924,0.0
0.041666666666666664,0.0,1.0,0.3044423734078904,0.0,0.10526315789473684
0.5833333333333333,0.5652173913043479,1.0,0.3453453453453452,0.6923076923076924,0.0
0.16666666666666666,0.13043478260869565,1.0,0.244175209692451,0.07692307692307693,0.05263157894736842
0.6666666666666666,0.4347826086956522,0.9696969696969696,0.34959097028062547,0.576923076923077,0.0
0.5,0.4347826086956522,1.0,0.2292637465051257,0.7307692307692308,0.0
0.08333333333333333,0.043478260869565216,1.0,0.24862793828311058,0.0,0.3684210526315789
0.041666666666666664,0.043478260869565216,1.0,0.28393911152531837,0.038461538461538464,0.15789473684210525
0.5,0.6086956521739131,0.9803921568627452,0.21818370094232142,0.576923076923077,0.0
0.08333333333333333,0.043478260869565216,1.0,0.25225225225225223,0.0,0.47368421052631576
0.3333333333333333,0.4782608695652174,1.0,0.4070622346484414,0.5384615384615385,0.0
0.125,0.043478260869565216,1.0,0.2840426633530081,0.0,0.3157894736842105
0.7083333333333333,0.7391304347826086,0.0140845070422535,0.24686755721238474,0.7307692307692308,0.0
0.75,0.782608695652174,0.9661016949152542,0.40043491767629713,0.7692307692307693,0.0
0.75,0.5217391304347826,0.9857142857142858,0.44713679196437806,0.6153846153846154,0.0
0.4583333333333333,0.26086956521739135,0.9859154929577464,0.6004970487729109,0.42307692307692313,0.0
0.3333333333333333,0.6956521739130435,0.9545454545454546,0.3831417624521072,0.2307692307692308,0.0
0.75,0.9130434782608696,0.1132075471698113,0.24904214559386972,0.8076923076923078,0.0
0.8333333333333333,0.5652173913043479,0.9714285714285714,0.40861551206378777,0.7692307692307693,0.0
0.875,1.0,0.1475409836065573,0.4564564564564564,0.9230769230769231,0.0
0.6666666666666666,0.6956521739130435,0.9821428571428572,0.34855545200372795,0.576923076923077,0.0
0.7916666666666666,0.5217391304347826,0.9827586206896552,0.276794035414725,0.34615384615384615,0.05263157894736842
0.41666666666666663,0.30434782608695654,1.0,0.9639639639639639,0.3076923076923077,0.0
0.7916666666666666,0.8260869565217391,0.16,0.19871595733664704,0.6923076923076924,0.0
0.7083333333333333,0.6086956521739131,0.9824561403508772,0.8951019985502746,0.576923076923077,0.0
0.9583333333333333,0.6521739130434783,0.7358490566037735,0.17935176555866206,1.0,0.0
0.08333333333333333,0.0,1.0,0.32877705291498405,0.0,0.2631578947368421
0.7916666666666666,0.6956521739130435,0.9807692307692308,0.5017086051568809,0.6923076923076924,0.0
0.8333333333333333,0.8260869565217391,0.0357142857142857,0.26571398985192074,0.6538461538461539,0.0
0.8333333333333333,0.9130434782608696,0.0,0.09992751372061714,0.8461538461538463,0.0
0.6666666666666666,0.6956521739130435,0.9857142857142858,0.24469296883089997,0.8076923076923078,0.0
0.7083333333333333,0.5652173913043479,0.9818181818181818,0.2945013979496738,0.6538461538461539,0.0
0.5416666666666666,0.6521739130434783,0.7903225806451613,0.44133788961375164,0.576923076923077,0.0
0.8333333333333333,0.7391304347826086,0.2241379310344827,0.17676296986641815,0.6538461538461539,0.0
0.8333333333333333,0.4347826086956522,0.981132075471698,0.7088122605363985,0.576923076923077,0.0
0.75,0.3913043478260869,0.9859154929577464,0.17137827482655066,0.15384615384615385,0.0
0.20833333333333331,0.26086956521739135,1.0,0.48213730972351665,0.2307692307692308,0.0
0.25,0.21739130434782608,1.0,0.7349073211142176,0.3846153846153847,0.0
0.8333333333333333,0.4782608695652174,0.981132075471698,0.2859065962514239,0.8846153846153847,0.0
0.7083333333333333,0.5217391304347826,0.9824561403508772,0.49011080045562805,0.46153846153846156,0.0
0.08333333333333333,0.043478260869565216,1.0,0.564357460909185,0.038461538461538464,0.05263157894736842
0.4583333333333333,0.5217391304347826,0.9852941176470588,0.31106969038003507,0.34615384615384615,0.0
0.4583333333333333,0.4782608695652174,1.0,0.7734286010148079,0.46153846153846156,0.0
0.25,0.782608695652174,0.7222222222222222,0.3149011080045563,0.15384615384615385,0.0
0.7916666666666666,0.8695652173913043,0.1076923076923077,0.501294397846122,0.576923076923077,0.0
0.8333333333333333,0.3913043478260869,1.0,0.3566324945635291,0.6153846153846154,0.0
0.375,0.5652173913043479,0.9552238805970148,0.5135135135135134,0.19230769230769232,0.0
0.375,0.9130434782608696,0.1428571428571428,0.2308170239204722,0.8846153846153847,0.0
0.5,0.4347826086956522,1.0,0.7421559490525007,0.3846153846153847,0.0
0.7083333333333333,0.6086956521739131,0.8428571428571429,0.33426529978254116,0.6538461538461539,0.0
0.625,0.6956521739130435,0.1343283582089552,0.445065755410583,0.34615384615384615,0.0
0.125,0.043478260869565216,1.0,0.6503054778916848,0.0,0.42105263157894735
0.6666666666666666,0.4347826086956522,1.0,0.3796210003106555,0.42307692307692313,0.0
0.7083333333333333,0.6521739130434783,0.8275862068965517,0.808946877912395,0.576923076923077,0.0
0.7916666666666666,0.5652173913043479,0.4285714285714285,0.21124572848710776,0.7692307692307693,0.0
0.08333333333333333,0.08695652173913043,1.0,0.45117531324427884,0.07692307692307693,0.15789473684210525
0.375,0.4782608695652174,0.981132075471698,0.2237754996375685,0.6153846153846154,0.0
0.7083333333333333,0.4347826086956522,1.0,0.40436988712850774,0.6538461538461539,0.0
0.75,0.6521739130434783,0.0188679245283018,0.7094335715025368,0.6538461538461539,0.0
1.0,0.7391304347826086,0.9428571428571428,0.3383038210624417,0.7307692307692308,0.0
0.375,0.13043478260869565,1.0,0.25100963031997514,0.11538461538461539,0.0
0.08333333333333333,0.0,1.0,0.32370301335818574,0.0,0.21052631578947367
0.5,0.34782608695652173,0.9807692307692308,0.13244278761520145,0.5384615384615385,0.0
0.375,0.5217391304347826,1.0,0.6004970487729109,0.3076923076923077,0.0
0.5833333333333333,0.7391304347826086,1.0,0.4033343688516102,0.6153846153846154,0.0
0.7916666666666666,0.5652173913043479,0.981132075471698,0.8885782334058197,0.576923076923077,0.0
0.4583333333333333,0.21739130434782608,1.0,0.36740188464326384,0.6538461538461539,0.0
0.125,0.30434782608695654,1.0,0.539919229574402,0.11538461538461539,0.05263157894736842
0.4583333333333333,0.7391304347826086,0.9772727272727272,0.3672983328155741,0.7307692307692308,0.0
0.75,0.4347826086956522,0.9821428571428572,0.7152324738531637,0.8076923076923078,0.0
0.41666666666666663,0.21739130434782608,1.0,0.2078285181733457,0.2307692307692308,0.0
0.5416666666666666,0.3913043478260869,1.0,0.38490214352283325,0.5384615384615385,0.0
0.625,0.6521739130434783,1.0,0.5997721859790826,0.42307692307692313,0.0
0.20833333333333331,0.9130434782608696,0.3396226415094339,0.198301750025888,0.34615384615384615,0.0
0.41666666666666663,0.34782608695652173,1.0,0.36419177798488134,0.3076923076923077,0.0
0.041666666666666664,0.08695652173913043,1.0,0.3529046287666977,0.15384615384615385,0.0
0.3333333333333333,0.4347826086956522,1.0,0.1794553173863518,0.5000000000000001,0.0
0.0,0.6956521739130435,0.9859154929577464,0.19115667391529478,0.6153846153846154,0.0
0.5416666666666666,0.21739130434782608,1.0,0.28031479755617683,0.2307692307692308,0.0
0.08333333333333333,0.0,1.0,0.5035725380552967,0.0,0.10526315789473684
0.5416666666666666,0.6086956521739131,0.9622641509433962,0.25484104794449614,0.7307692307692308,0.0
0.375,0.34782608695652173,0.9857142857142858,0.22874598736667695,0.42307692307692313,0.0
0.08333333333333333,0.0,1.0,0.23765144454799636,0.0,0.15789473684210525
0.25,0.17391304347826086,1.0,0.276379828103966,0.11538461538461539,0.05263157894736842
0.41666666666666663,0.8260869565217391,0.0,0.5225225225225225,0.2307692307692308,0.0
0.5,0.6521739130434783,0.8461538461538461,0.29191260225742977,0.7692307692307693,0.0
0.08333333333333333,0.0,1.0,0.7133685409547477,0.0,0.10526315789473684
0.20833333333333331,0.6521739130434783,0.7647058823529411,0.11815263539401455,0.2692307692307693,0.0
0.5833333333333333,0.6086956521739131,0.9818181818181818,0.288806047426737,0.42307692307692313,0.0
0.4583333333333333,0.7391304347826086,0.717948717948718,0.22118670394532458,0.5384615384615385,0.0
0.3333333333333333,0.6521739130434783,0.2615384615384615,0.5541058299678989,0.15384615384615385,0.05263157894736842
0.8333333333333333,0.9130434782608696,0.0,0.3997100548824686,0.8076923076923078,0.0
0.29166666666666663,0.26086956521739135,1.0,0.055814435124779904,0.19230769230769232,0.05263157894736842
0.625,0.6521739130434783,0.9821428571428572,0.30899865382624003,0.6153846153846154,0.0
0.0,0.6521739130434783,0.9607843137254902,0.6404680542611576,0.7307692307692308,0.0
0.8333333333333333,0.5217391304347826,0.8767123287671232,0.7123330226778501,0.8076923076923078,0.0
0.29166666666666663,0.21739130434782608,1.0,0.3490732111421766,0.2692307692307693,0.0
0.3333333333333333,0.30434782608695654,1.0,0.3676089882986435,0.2692307692307693,0.0
0.6666666666666666,0.4782608695652174,0.9772727272727272,0.20969245107176138,0.7307692307692308,0.0
0.29166666666666663,0.26086956521739135,1.0,0.306409858133996,0.2307692307692308,0.0
0.5833333333333333,0.5652173913043479,0.971830985915493,0.43533188360774555,0.6923076923076924,0.0
0.7083333333333333,0.782608695652174,0.8974358974358975,0.4988091539815678,0.6153846153846154,0.0
0.20833333333333331,0.21739130434782608,1.0,0.3051672362017189,0.19230769230769232,0.0
0.08333333333333333,0.13043478260869565,1.0,0.24055089572330945,0.0,0.15789473684210525
0.7916666666666666,0.30434782608695654,0.9846153846153848,0.5625970798384592,0.5384615384615385,0.0
0.4583333333333333,0.34782608695652173,0.9850746268656716,0.48244796520658584,0.2692307692307693,0.0
0.125,0.3913043478260869,1.0,0.9746298022160091,0.5000000000000001,0.0
0.75,0.4782608695652174,0.9545454545454546,0.4287045666356013,0.6538461538461539,0.0
0.125,0.0,1.0,0.09640675157916523,0.19230769230769232,0.05263157894736842
0.4583333333333333,0.6086956521739131,0.9714285714285714,0.24531427979703835,0.5000000000000001,0.0
0.375,0.21739130434782608,1.0,0.3245314279797038,0.2307692307692308,0.0
0.16666666666666666,0.34782608695652173,1.0,0.2996789893341616,0.07692307692307693,0.05263157894736842
0.41666666666666663,0.21739130434782608,1.0,0.03986745366055722,0.2692307692307693,0.0
0.20833333333333331,0.5652173913043479,1.0,0.21797659728694208,0.5000000000000001,0.0
0.3333333333333333,0.26086956521739135,1.0,0.6783680231956095,0.576923076923077,0.0
0.75,0.9565217391304348,0.1136363636363636,0.35621828725277016,0.8461538461538463,0.0
0.3333333333333333,0.21739130434782608,1.0,0.16154085119602346,0.11538461538461539,0.0
0.41666666666666663,0.6086956521739131,0.576271186440678,0.1868074971523247,0.6153846153846154,0.0
0.29166666666666663,0.0,1.0,0.3101377239308274,0.038461538461538464,0.15789473684210525
0.5416666666666666,0.3913043478260869,1.0,0.717199958579269,0.42307692307692313,0.0
0.7083333333333333,0.6521739130434783,0.981132075471698,0.3907010458734599,0.6538461538461539,0.0
0.5833333333333333,0.34782608695652173,1.0,0.5322563943253598,0.34615384615384615,0.0
0.08333333333333333,0.6956521739130435,0.5857142857142857,0.4692968830899864,0.15384615384615385,0.05263157894736842
0.375,0.21739130434782608,1.0,0.752407579993787,0.038461538461538464,0.10526315789473684
0.041666666666666664,0.043478260869565216,1.0,0.484001242621932,0.038461538461538464,0.15789473684210525
0.125,0.3913043478260869,1.0,0.28735632183908044,0.038461538461538464,0.15789473684210525
0.20833333333333331,0.7391304347826086,0.7971014492753623,0.6928652790721757,0.15384615384615385,0.0
0.41666666666666663,0.30434782608695654,0.987012987012987,0.6544475509992751,0.42307692307692313,0.0
0.5833333333333333,0.9130434782608696,0.1428571428571428,0.7079838459148804,0.8076923076923078,0.0
0.29166666666666663,0.17391304347826086,1.0,0.3255669462566013,0.15384615384615385,0.0
0.4583333333333333,0.3913043478260869,0.9821428571428572,0.22833178005591792,0.6923076923076924,0.0
0.5416666666666666,0.3913043478260869,0.9833333333333332,0.6453349901625764,0.2307692307692308,0.0
0.375,0.13043478260869565,1.0,0.3534223879051466,0.2307692307692308,0.0
0.25,0.6521739130434783,0.4137931034482758,0.5477891684788236,0.576923076923077,0.0
0.7916666666666666,0.6521739130434783,0.9019607843137256,0.23319871595733677,0.6153846153846154,0.0
0.5833333333333333,0.8260869565217391,0.1052631578947368,0.7092264678471574,0.7307692307692308,0.0
0.7916666666666666,0.782608695652174,0.1186440677966101,0.37092264678471576,0.7692307692307693,0.0
0.125,0.08695652173913043,1.0,0.3903903903903905,0.038461538461538464,0.05263157894736842
0.875,0.4347826086956522,1.0,0.11017914466190326,0.5384615384615385,0.0
0.08333333333333333,0.043478260869565216,1.0,0.35746090918504714,0.19230769230769232,0.05263157894736842
0.8333333333333333,0.8260869565217391,0.9655172413793104,0.2903593248420834,0.8846153846153847,0.0
0.5833333333333333,0.8695652173913043,0.2051282051282051,0.11048980014497256,0.42307692307692313,0.0
0.625,0.13043478260869565,1.0,0.24914569742155956,0.2307692307692308,0.0
0.0,0.8260869565217391,0.8873239436619719,0.670808739774257,0.3076923076923077,0.0
0.3333333333333333,0.21739130434782608,1.0,0.3024748886817852,0.19230769230769232,0.0
0.125,0.08695652173913043,1.0,0.7798488143315729,0.15384615384615385,0.0
0.375,0.21739130434782608,1.0,0.7341824583203893,0.42307692307692313,0.0
0.29166666666666663,0.21739130434782608,1.0,0.579786683234959,0.07692307692307693,0.0
0.75,0.8695652173913043,0.7857142857142857,0.46619032825929385,0.8461538461538463,0.0
0.75,0.8260869565217391,0.0,0.40664802733768224,0.6153846153846154,0.0
0.41666666666666663,0.8260869565217391,0.1896551724137931,0.35808222015118574,0.6153846153846154,0.0
0.125,0.043478260869565216,1.0,0.5483069276172723,0.0,0.21052631578947367
0.08333333333333333,0.13043478260869565,1.0,0.20772496634565596,0.15384615384615385,0.05263157894736842
0.125,0.043478260869565216,1.0,0.23195609402505957,0.038461538461538464,0.05263157894736842
0.29166666666666663,0.043478260869565216,1.0,0.25297711504608045,0.0,0.47368421052631576
0.625,0.782608695652174,0.3064516129032258,0.4459977218597906,0.7307692307692308,0.0
0.25,1.0,0.0535714285714285,0.32090711401056227,0.8846153846153847,0.0
0.8333333333333333,0.8260869565217391,0.9848484848484848,0.18794656725691206,0.7307692307692308,0.0
0.5416666666666666,0.4782608695652174,0.9655172413793104,0.49207828518173335,0.42307692307692313,0.0
0.5833333333333333,0.7391304347826086,0.5857142857142857,0.7233095164129648,0.3846153846153847,0.0
0.041666666666666664,0.0,1.0,0.367816091954023,0.3076923076923077,0.05263157894736842
0.5,0.26086956521739135,0.9827586206896552,0.16143729936833373,0.2307692307692308,0.0
0.125,0.0,1.0,0.27399813606710155,0.0,0.2631578947368421
0.08333333333333333,0.0,1.0,0.5336025680853267,0.0,0.3157894736842105
0.16666666666666666,0.13043478260869565,1.0,0.1932277104690897,0.19230769230769232,0.0
0.625,0.6521739130434783,0.9803921568627452,0.047633840737288935,0.42307692307692313,0.0
0.375,0.34782608695652173,1.0,0.27876152014083033,0.5000000000000001,0.0
0.3333333333333333,0.13043478260869565,1.0,0.8559594076835457,0.42307692307692313,0.0
0.5833333333333333,0.26086956521739135,0.9859154929577464,0.40115978047012524,0.34615384615384615,0.0
0.5,0.30434782608695654,1.0,0.37796417106761937,0.576923076923077,0.0
0.5,1.0,0.0,0.8189914051983018,0.576923076923077,0.0
0.8333333333333333,0.5217391304347826,1.0,0.39101170135652885,0.7307692307692308,0.0
0.041666666666666664,0.0,1.0,0.31738635186911046,0.038461538461538464,0.2631578947368421
0.6666666666666666,0.21739130434782608,1.0,0.5855855855855854,0.11538461538461539,0.0
0.3333333333333333,0.8695652173913043,0.0,0.439888164026095,0.3076923076923077,0.0
0.5,0.30434782608695654,1.0,0.5747126436781609,0.19230769230769232,0.0
0.8333333333333333,0.782608695652174,0.4428571428571428,0.22884953919436668,0.6538461538461539,0.0
0.4583333333333333,0.5652173913043479,0.9807692307692308,0.350626488557523,0.07692307692307693,0.05263157894736842
0.375,0.6521739130434783,0.0,0.3500051775913846,0.11538461538461539,0.0
0.041666666666666664,0.0,1.0,0.5459252355804078,0.038461538461538464,0.5263157894736842
0.20833333333333331,0.4347826086956522,1.0,0.2642642642642643,0.7307692307692308,0.0
0.29166666666666663,0.7391304347826086,0.6142857142857143,0.16951434192813475,0.19230769230769232,0.0
0.7916666666666666,0.782608695652174,0.971830985915493,0.22853888371129738,0.7692307692307693,0.0
0.3333333333333333,0.4347826086956522,1.0,0.33322978150564364,0.46153846153846156,0.0
0.20833333333333331,0.21739130434782608,1.0,0.13627420523972245,0.2692307692307693,0.0
0.16666666666666666,0.17391304347826086,1.0,0.24075799937868902,0.0,0.2631578947368421
0.25,0.13043478260869565,1.0,0.32411722066894477,0.19230769230769232,0.0
0.041666666666666664,0.043478260869565216,1.0,0.5198301750025889,0.038461538461538464,0.0
0.7083333333333333,0.5217391304347826,0.9622641509433962,0.6680128404266337,0.5000000000000001,0.0
0.16666666666666666,0.13043478260869565,1.0,0.5562804183493839,0.2692307692307693,0.0
1.0,0.8695652173913043,0.9649122807017544,0.6738117427772601,0.8846153846153847,0.0
0.375,0.30434782608695654,1.0,0.3197680439059749,0.2307692307692308,0.0
0.7083333333333333,0.7391304347826086,0.4225352112676056,0.39763901832867354,0.8461538461538463,0.0
0.9166666666666666,0.9565217391304348,0.0408163265306122,0.3076524800662731,0.8461538461538463,0.0
0.41666666666666663,0.8260869565217391,0.0140845070422535,0.5890027958993476,0.5384615384615385,0.0
0.75,0.782608695652174,0.2295081967213114,0.7147147147147148,0.5000000000000001,0.0
1.0,0.9565217391304348,0.9552238805970148,0.6832349590970279,0.8461538461538463,0.0
0.5,0.34782608695652173,0.9857142857142858,0.13875944910427662,0.42307692307692313,0.0
0.29166666666666663,0.5652173913043479,0.5,0.6353940147043595,0.2692307692307693,0.0
0.5416666666666666,0.21739130434782608,1.0,0.8010769390079735,0.11538461538461539,0.0
0.375,0.17391304347826086,1.0,0.24552138345241792,0.2307692307692308,0.0
0.8333333333333333,0.6521739130434783,0.9818181818181818,0.7315936626281454,0.5384615384615385,0.0
0.625,0.5217391304347826,0.9830508474576272,0.6310448379413898,0.46153846153846156,0.0
0.16666666666666666,0.26086956521739135,1.0,0.4277726001863933,0.2307692307692308,0.0
0.4583333333333333,0.8260869565217391,0.0,0.19736978357668,0.7307692307692308,0.0
0.5,0.4347826086956522,0.9827586206896552,0.13451382416899638,0.3846153846153847,0.0
0.5416666666666666,0.30434782608695654,1.0,0.4866935901418661,0.34615384615384615,0.0
0.9166666666666666,0.6956521739130435,0.981132075471698,0.40188464326395357,0.7692307692307693,0.0
0.0,0.8260869565217391,0.0192307692307692,0.42373407890649273,0.6923076923076924,0.0
0.9166666666666666,0.6086956521739131,0.958904109589041,0.40530185357771553,0.8076923076923078,0.0
0.08333333333333333,0.8695652173913043,0.6153846153846154,0.4650512581547066,0.42307692307692313,0.0
0.20833333333333331,0.13043478260869565,1.0,0.6032929481205342,0.11538461538461539,0.05263157894736842
0.4583333333333333,0.8260869565217391,0.5223880597014925,0.33612923268095685,0.576923076923077,0.0
0.125,0.08695652173913043,1.0,0.3264989127058092,0.07692307692307693,0.10526315789473684
0.5833333333333333,0.7391304347826086,0.3194444444444444,0.3034068551309931,0.7692307692307693,0.0
0.08333333333333333,0.08695652173913043,1.0,0.15833074453764096,0.11538461538461539,0.0
0.5416666666666666,0.26086956521739135,1.0,0.5501708605156881,0.3076923076923077,0.0
0.29166666666666663,0.17391304347826086,1.0,0.31925028476752615,0.42307692307692313,0.0
0.8333333333333333,0.9130434782608696,0.0166666666666666,0.41803872838355605,0.7692307692307693,0.0
0.5833333333333333,0.34782608695652173,0.9830508474576272,0.6683234959097026,0.6538461538461539,0.0
0.41666666666666663,0.7391304347826086,0.1971830985915492,0.4127575851713783,0.46153846153846156,0.0
0.7916666666666666,0.7391304347826086,0.8571428571428571,0.5232473853163508,0.8461538461538463,0.0
0.125,0.08695652173913043,1.0,0.6448172310241278,0.0,0.21052631578947367
0.4583333333333333,0.4782608695652174,0.6111111111111112,0.2177694936315624,0.42307692307692313,0.0
0.20833333333333331,0.08695652173913043,1.0,0.3949466708087397,0.07692307692307693,0.15789473684210525
0.7916666666666666,0.30434782608695654,0.981132075471698,0.330123226674951,0.2692307692307693,0.0
0.41666666666666663,0.34782608695652173,1.0,0.3296054675365019,0.576923076923077,0.0
0.25,0.17391304347826086,1.0,0.3003003003003003,0.19230769230769232,0.0
0.4583333333333333,0.6956521739130435,0.0,0.387076731904318,0.576923076923077,0.0
0.75,0.7391304347826086,0.4137931034482758,0.44423734078906496,0.46153846153846156,0.0
0.125,0.043478260869565216,1.0,0.5367091229160192,0.038461538461538464,0.05263157894736842
0.7083333333333333,0.6521739130434783,0.9714285714285714,0.36678057367712547,0.576923076923077,0.0
0.125,0.043478260869565216,1.0,0.22263642953298102,0.07692307692307693,0.05263157894736842
0.7083333333333333,0.6086956521739131,0.9622641509433962,0.2087604846225536,0.6538461538461539,0.0
0.20833333333333331,0.13043478260869565,1.0,0.4073728901315108,0.11538461538461539,0.05263157894736842
0.7083333333333333,0.9130434782608696,0.0,0.46650098374236304,0.46153846153846156,0.0
0.6666666666666666,0.5652173913043479,1.0,0.23402713057885471,0.19230769230769232,0.0
0.5416666666666666,0.6521739130434783,0.5892857142857143,0.6899658278968623,0.6923076923076924,0.0
0.20833333333333331,0.6521739130434783,0.8709677419354839,0.34762348555452016,0.5384615384615385,0.0
0.125,0.043478260869565216,1.0,0.4346070208139172,0.07692307692307693,0.0
0.20833333333333331,0.043478260869565216,1.0,0.5066790928859894,0.038461538461538464,0.0
0.5,0.5217391304347826,1.0,0.32090711401056227,0.3846153846153847,0.0
0.25,0.5217391304347826,1.0,0.3197680439059749,0.11538461538461539,0.0
0.16666666666666666,0.4347826086956522,0.9130434782608696,0.3576680128404266,0.3076923076923077,0.0
0.5,0.4347826086956522,0.9861111111111112,0.7399813606710157,0.3846153846153847,0.0
0.25,0.5217391304347826,0.9722222222222222,0.6500983742363053,0.34615384615384615,0.0
0.25,0.043478260869565216,1.0,0.246764005384695,0.15384615384615385,0.0
0.8333333333333333,1.0,0.0,0.4197991094542819,0.6923076923076924,0.0
0.41666666666666663,0.21739130434782608,1.0,0.210727969348659,0.3846153846153847,0.0
0.4583333333333333,0.6086956521739131,0.8571428571428571,0.431293362327845,0.6538461538461539,0.0
0.6666666666666666,0.5652173913043479,0.9857142857142858,0.7214455835145492,0.6153846153846154,0.0
0.375,0.4347826086956522,1.0,0.5867246556901728,0.46153846153846156,0.0
0.6666666666666666,0.3913043478260869,0.9833333333333332,0.20202961582271928,0.6538461538461539,0.0
0.3333333333333333,0.6086956521739131,1.0,0.5531738635186909,0.8461538461538463,0.0
0.08333333333333333,0.0,1.0,0.5046080563321942,0.0,0.5263157894736842
0.75,0.7391304347826086,0.9696969696969696,0.1769700735217976,0.6538461538461539,0.0
0.375,0.8260869565217391,0.0172413793103448,0.38397017707362546,0.07692307692307693,0.0
0.41666666666666663,0.21739130434782608,1.0,0.3564253909081496,0.2307692307692308,0.0
1.0,0.9565217391304348,0.9642857142857144,0.6353940147043595,0.8846153846153847,0.0
0.16666666666666666,0.043478260869565216,1.0,0.48814331572952274,0.038461538461538464,0.10526315789473684
0.29166666666666663,0.26086956521739135,1.0,0.16847882365123745,0.11538461538461539,0.0
0.7083333333333333,0.7391304347826086,0.0333333333333333,0.38013875944910414,0.576923076923077,0.0
0.5833333333333333,0.4347826086956522,0.9859154929577464,0.32308170239204714,0.3846153846153847,0.0
0.20833333333333331,0.26086956521739135,1.0,0.43046494770632693,0.34615384615384615,0.0
0.08333333333333333,0.34782608695652173,1.0,0.4217665941803872,0.038461538461538464,0.10526315789473684
0.875,0.5652173913043479,0.9859154929577464,0.31479755617686644,0.6153846153846154,0.0
0.41666666666666663,0.30434782608695654,0.9859154929577464,0.3276379828103966,0.2692307692307693,0.0
0.6666666666666666,0.4347826086956522,1.0,0.9783576680128405,0.3076923076923077,0.0
0.8333333333333333,0.5652173913043479,0.981132075471698,0.1846329087708397,0.576923076923077,0.0
0.4583333333333333,0.3913043478260869,0.9857142857142858,0.39763901832867354,0.42307692307692313,0.0
0.125,0.043478260869565216,1.0,0.3786890338614475,0.038461538461538464,0.0
0.9166666666666666,0.3913043478260869,0.981132075471698,0.2984363674018845,0.7692307692307693,0.0
0.29166666666666663,0.17391304347826086,1.0,0.47985916951434193,0.15384615384615385,0.0
0.6666666666666666,0.21739130434782608,1.0,0.2228435331883607,0.5384615384615385,0.0
0.875,0.7391304347826086,0.9818181818181818,0.45863104483794137,0.9230769230769231,0.0
0.4583333333333333,0.30434782608695654,1.0,0.6447136791964378,0.2692307692307693,0.0
0.16666666666666666,0.17391304347826086,1.0,0.3070311691001345,0.3846153846153847,0.0
0.5416666666666666,0.8260869565217391,0.0,0.22626074350212277,0.6538461538461539,0.0
0.4583333333333333,0.8260869565217391,0.303030303030303,0.4268406337371855,0.5384615384615385,0.0
0.75,0.4347826086956522,1.0,0.40022781402091745,0.42307692307692313,0.0
0.08333333333333333,0.0,1.0,0.7651444547996271,0.038461538461538464,0.3157894736842105
0.5416666666666666,0.7391304347826086,0.9824561403508772,0.2620896758827792,0.7307692307692308,0.0
0.29166666666666663,0.3913043478260869,1.0,0.8992440716578649,0.2692307692307693,0.0
0.7916666666666666,0.782608695652174,0.9772727272727272,0.40115978047012524,0.8076923076923078,0.0
0.5416666666666666,0.8260869565217391,0.704225352112676,0.1897069483276379,0.6153846153846154,0.0
0.375,0.34782608695652173,1.0,0.7280729004866937,0.5384615384615385,0.0
0.5416666666666666,0.6521739130434783,0.9714285714285714,0.4084084084084083,0.6538461538461539,0.0
0.7916666666666666,0.5652173913043479,0.7727272727272727,0.295226260743502,0.6153846153846154,0.0
0.041666666666666664,0.30434782608695654,1.0,0.7545821683752718,0.07692307692307693,0.10526315789473684
0.0,0.6956521739130435,0.9615384615384616,0.6426426426426426,0.19230769230769232,0.0
0.29166666666666663,0.17391304347826086,1.0,0.4491042766904836,0.11538461538461539,0.0
0.375,0.7391304347826086,0.5172413793103449,0.674225950088019,0.8076923076923078,0.0
0.7916666666666666,0.21739130434782608,1.0,0.6629388008698354,0.3076923076923077,0.0
0.5416666666666666,0.6956521739130435,0.4328358208955223,0.40695868282075165,0.6153846153846154,0.0
0.7083333333333333,0.26086956521739135,0.9855072463768116,0.35052293672983326,0.42307692307692313,0.0
0.7083333333333333,0.6521739130434783,0.981132075471698,0.22739981360671002,0.8461538461538463,0.0
0.4583333333333333,0.6521739130434783,0.8285714285714286,0.6716371543957751,0.42307692307692313,0.0
0.16666666666666666,0.17391304347826086,1.0,0.8139173656415035,0.11538461538461539,0.0
0.25,0.0,1.0,0.4553173863518689,0.038461538461538464,0.2631578947368421
0.5833333333333333,0.34782608695652173,0.8904109589041096,0.5286320803562183,0.3076923076923077,0.0
0.41666666666666663,0.4347826086956522,1.0,0.47582064823444137,0.19230769230769232,0.0
0.25,0.5652173913043479,0.9807692307692308,0.3560111835973905,0.2307692307692308,0.0
0.7916666666666666,0.7391304347826086,0.3275862068965517,0.45314279797038415,0.6538461538461539,0.0
0.29166666666666663,0.17391304347826086,1.0,0.28549238894066475,0.0,0.3157894736842105
0.5416666666666666,0.4347826086956522,0.9863013698630136,0.666563114838977,0.5000000000000001,0.0
0.75,0.6521739130434783,0.7435897435897436,0.4205239722481102,0.6923076923076924,0.0
0.5,0.4347826086956522,0.9850746268656716,0.6544475509992751,0.42307692307692313,0.0
0.75,0.4347826086956522,0.9855072463768116,0.11193952573262911,0.42307692307692313,0.0
0.5833333333333333,0.26086956521739135,1.0,0.28859894377135753,0.19230769230769232,0.0
0.4583333333333333,0.3913043478260869,0.9821428571428572,0.4019881950916433,0.46153846153846156,0.0
0.20833333333333331,0.0,1.0,0.2656104380242311,0.11538461538461539,0.05263157894736842
0.4583333333333333,0.17391304347826086,1.0,0.3601532567049808,0.15384615384615385,0.0
0.3333333333333333,0.08695652173913043,1.0,0.42280211245728494,0.3846153846153847,0.0
0.5833333333333333,0.8260869565217391,0.0,0.378481930206068,0.7307692307692308,0.0
0.9166666666666666,0.6956521739130435,0.9642857142857144,0.21714818266542402,0.3076923076923077,0.0
0.5416666666666666,0.8260869565217391,0.490566037735849,0.16744330537433982,0.6153846153846154,0.0
0.041666666666666664,0.08695652173913043,1.0,0.43688516102309194,0.15384615384615385,0.0
0.8333333333333333,0.5652173913043479,0.9821428571428572,0.7112975044009526,0.6153846153846154,0.0
0.8333333333333333,0.5652173913043479,1.0,0.48306927617272444,0.3076923076923077,0.0
0.041666666666666664,0.0,1.0,0.6974215594905249,0.0,0.5789473684210527
0.08333333333333333,0.043478260869565216,1.0,0.9240965103034069,0.07692307692307693,0.0
0.5416666666666666,0.6521739130434783,0.4861111111111111,0.5230402816609714,0.42307692307692313,0.0
0.5416666666666666,0.4782608695652174,1.0,0.20575748161955054,0.42307692307692313,0.0
0.5833333333333333,0.26086956521739135,1.0,0.1791446619032826,0.576923076923077,0.0
0.875,0.8260869565217391,0.9710144927536232,0.18898208553380957,0.8076923076923078,0.0
0.7916666666666666,0.6956521739130435,0.9807692307692308,0.18628973801387583,0.7307692307692308,0.0
0.25,0.4347826086956522,0.9850746268656716,0.3873873873873874,0.576923076923077,0.0
0.4583333333333333,0.30434782608695654,1.0,0.6984570777674226,0.038461538461538464,0.10526315789473684
0.41666666666666663,0.7391304347826086,0.7169811320754716,0.13316765040902967,0.5384615384615385,0.0
0.41666666666666663,0.21739130434782608,1.0,0.3953608781194988,0.34615384615384615,0.0
0.5416666666666666,0.34782608695652173,0.9871794871794872,0.7150253701977838,0.576923076923077,0.0
0.75,0.7391304347826086,0.6551724137931034,0.49011080045562805,0.6538461538461539,0.0
0.375,0.5652173913043479,0.9827586206896552,0.5205550377964172,0.038461538461538464,0.10526315789473684
0.5416666666666666,0.8695652173913043,0.3432835820895522,0.6564150357253806,0.42307692307692313,0.0
0.5416666666666666,0.5652173913043479,1.0,0.2049290669980326,0.15384615384615385,0.0
0.7083333333333333,0.5217391304347826,0.9827586206896552,0.2320596458527493,0.6923076923076924,0.0
0.625,0.4782608695652174,0.9859154929577464,0.25494459977218586,0.42307692307692313,0.0
0.6666666666666666,0.4782608695652174,0.9830508474576272,0.41141141141141135,0.8076923076923078,0.0
0.7083333333333333,0.5652173913043479,1.0,0.5430257844050947,0.576923076923077,0.0
0.6666666666666666,0.8260869565217391,0.0704225352112676,0.4113078595837216,0.11538461538461539,0.05263157894736842
0.7083333333333333,0.3913043478260869,1.0,0.21507714611162876,0.42307692307692313,0.0
0.25,0.34782608695652173,1.0,0.3607745676711194,0.3076923076923077,0.0
0.625,0.5217391304347826,0.9833333333333332,0.6673915294604951,0.5384615384615385,0.0
0.16666666666666666,0.21739130434782608,1.0,0.4820337578958267,0.15384615384615385,0.0
0.16666666666666666,0.043478260869565216,1.0,0.2521487004245624,0.0,0.3157894736842105
0.6666666666666666,0.5217391304347826,0.981132075471698,0.25836181008594794,0.5000000000000001,0.0
0.8333333333333333,0.7391304347826086,0.971830985915493,0.42093817955886914,0.7692307692307693,0.0
0.16666666666666666,0.043478260869565216,1.0,0.6805426115770943,0.42307692307692313,0.0
0.7916666666666666,0.6521739130434783,0.971830985915493,0.478512995754375,0.8076923076923078,0.0
0.7083333333333333,0.3913043478260869,1.0,0.23392357875116498,0.6538461538461539,0.0
0.5416666666666666,0.4347826086956522,0.9857142857142858,0.4667080873977425,0.5000000000000001,0.0
0.4583333333333333,0.8695652173913043,0.0140845070422535,0.48027337682510085,0.5000000000000001,0.0
0.3333333333333333,0.13043478260869565,1.0,0.5580407994201098,0.038461538461538464,0.10526315789473684
0.5833333333333333,0.26086956521739135,1.0,0.7585171378274826,0.576923076923077,0.0
0.5,0.4782608695652174,0.9,0.18949984467225833,0.2307692307692308,0.0
0.9166666666666666,0.8260869565217391,0.5081967213114754,0.385005695350523,1.0,0.0
0.08333333333333333,0.08695652173913043,1.0,0.20410065237651442,0.07692307692307693,0.05263157894736842
0.125,0.6956521739130435,0.9848484848484848,0.2308170239204722,0.3846153846153847,0.0
0.5416666666666666,0.3913043478260869,0.9420289855072465,0.44682613648130887,0.5384615384615385,0.0
0.20833333333333331,0.17391304347826086,1.0,0.3111732422077249,0.2692307692307693,0.0
0.7083333333333333,0.34782608695652173,1.0,0.3652272962617791,0.2692307692307693,0.0
0.41666666666666663,0.4347826086956522,0.7555555555555555,0.3627420523972247,0.34615384615384615,0.0
0.5416666666666666,0.5217391304347826,0.9830508474576272,0.6027751889820856,0.3076923076923077,0.0
0.16666666666666666,0.8260869565217391,0.0,0.7633840737289015,0.19230769230769232,0.0
0.125,0.13043478260869565,1.0,0.2881847364605985,0.07692307692307693,0.05263157894736842
0.75,0.5652173913043479,0.974025974025974,0.574194884539712,0.6538461538461539,0.0
0.7916666666666666,1.0,0.0,0.402091746919333,0.8461538461538463,0.0
0.9166666666666666,0.9565217391304348,0.9473684210526316,0.5080252666459562,0.7307692307692308,0.0
0.29166666666666663,0.17391304347826086,0.9859154929577464,0.3504193849021433,0.2307692307692308,0.0
0.625,0.6086956521739131,0.9859154929577464,0.7183390286838565,0.5000000000000001,0.0
0.125,0.17391304347826086,1.0,0.3987780884332608,0.07692307692307693,0.10526315789473684
0.5416666666666666,0.4347826086956522,0.9857142857142858,0.14942528735632177,0.6923076923076924,0.0
0.41666666666666663,0.21739130434782608,0.981132075471698,0.5665320492906698,0.5384615384615385,0.0
0.29166666666666663,0.08695652173913043,1.0,0.6014290152221187,0.2692307692307693,0.0
0.5416666666666666,0.5652173913043479,0.9833333333333332,0.5683959821890856,0.6153846153846154,0.0
0.375,0.6086956521739131,0.9850746268656716,0.12519415967691816,0.5384615384615385,0.0
0.7083333333333333,1.0,0.0384615384615384,0.46401573987780886,0.8076923076923078,0.0
0.625,0.782608695652174,0.0,0.4030237133685408,0.19230769230769232,0.0
0.7083333333333333,1.0,0.0142857142857142,0.10986848917883396,0.6538461538461539,0.0
0.3333333333333333,0.34782608695652173,1.0,0.023920472196334197,0.34615384615384615,0.0
0.41666666666666663,0.7391304347826086,0.5161290322580645,0.49715232473853166,0.5000000000000001,0.0
0.125,0.043478260869565216,1.0,0.24241482862172514,0.2307692307692308,0.0
0.375,0.34782608695652173,0.9726027397260274,0.4754064409236822,0.46153846153846156,0.0
0.5416666666666666,0.17391304347826086,0.9833333333333332,0.6955576265921093,0.5000000000000001,0.0
0.41666666666666663,0.3913043478260869,1.0,0.46018432225328776,0.6153846153846154,0.0
0.41666666666666663,0.13043478260869565,1.0,0.7361499430464948,0.15384615384615385,0.0
0.9166666666666666,0.6086956521739131,0.9821428571428572,0.3955679817748785,0.6923076923076924,0.0
0.4583333333333333,0.3913043478260869,1.0,0.21663042352697515,0.5384615384615385,0.0
0.125,0.08695652173913043,1.0,0.3972248110179144,0.11538461538461539,0.0
0.29166666666666663,0.34782608695652173,1.0,0.25515170342756543,0.42307692307692313,0.0
0.625,0.9130434782608696,0.0,0.37610023816920357,0.34615384615384615,0.0
0.75,0.7391304347826086,0.9622641509433962,0.4328466397431914,0.6923076923076924,0.0
0.5416666666666666,0.34782608695652173,1.0,0.5045045045045045,0.46153846153846156,0.0
0.5,0.5217391304347826,0.9821428571428572,0.18856787822305066,0.34615384615384615,0.0
0.9166666666666666,0.5217391304347826,0.9857142857142858,0.321010665838252,0.6153846153846154,0.0
0.7916666666666666,0.4782608695652174,1.0,0.08460184322253284,0.6153846153846154,0.0
0.29166666666666663,0.6086956521739131,0.0410958904109589,0.34027130578854714,0.2307692307692308,0.0
0.25,0.0,1.0,0.31676504090297186,0.0,0.5263157894736842
0.5833333333333333,0.34782608695652173,1.0,0.3308480894687792,0.42307692307692313,0.0
0.4583333333333333,0.34782608695652173,1.0,0.663560111835974,0.46153846153846156,0.0
0.6666666666666666,0.4347826086956522,0.9859154929577464,0.4367816091954022,0.6923076923076924,0.0
0.5833333333333333,0.26086956521739135,1.0,0.38966552759656214,0.46153846153846156,0.0
0.125,0.6956521739130435,0.5428571428571428,0.24272548410479444,0.0,0.21052631578947367
0.6666666666666666,0.26086956521739135,0.9857142857142858,0.4338821580200891,0.34615384615384615,0.0
0.5,0.8260869565217391,0.1481481481481481,0.3196644920782852,0.46153846153846156,0.0
0.375,0.13043478260869565,1.0,0.28166097131614365,0.038461538461538464,0.05263157894736842
0.3333333333333333,0.782608695652174,0.6538461538461539,0.1309930620275448,0.5000000000000001,0.0
0.5416666666666666,0.30434782608695654,1.0,0.7370819094957026,0.2692307692307693,0.0
0.7083333333333333,0.5217391304347826,1.0,0.32432432432432423,0.46153846153846156,0.0
0.4583333333333333,0.21739130434782608,1.0,0.48886817852335085,0.3076923076923077,0.0
0.25,0.6086956521739131,1.0,0.2706844775810293,0.3076923076923077,0.0
0.75,0.5652173913043479,1.0,0.19881950916433677,0.7307692307692308,0.0
0.16666666666666666,0.4347826086956522,0.987012987012987,0.3576680128404266,0.11538461538461539,0.0
0.7916666666666666,0.7391304347826086,0.9571428571428572,0.6448172310241278,0.7307692307692308,0.0
0.5,0.8260869565217391,0.0,0.5484104794449622,0.42307692307692313,0.0
0.16666666666666666,0.17391304347826086,1.0,0.4399917158537847,0.07692307692307693,0.0
0.08333333333333333,0.26086956521739135,0.9859154929577464,0.20161540851196025,0.038461538461538464,0.21052631578947367
0.75,0.6086956521739131,0.9871794871794872,0.5543129336232784,0.6923076923076924,0.0
0.5,0.21739130434782608,1.0,0.27430879155017074,0.2692307692307693,0.0
0.25,0.08695652173913043,1.0,0.27213420316868564,0.07692307692307693,0.0
0.20833333333333331,0.4347826086956522,1.0,0.4432018225121672,0.2692307692307693,0.0
0.9166666666666666,0.5652173913043479,0.9803921568627452,0.23640882261571916,0.5384615384615385,0.0
0.375,0.782608695652174,0.1571428571428571,0.629180905042974,0.2692307692307693,0.0
0.25,0.21739130434782608,0.9838709677419356,0.5142383763073417,0.19230769230769232,0.0
0.5833333333333333,0.6956521739130435,0.7580645161290323,0.6664595630112871,0.5000000000000001,0.0
0.625,0.6086956521739131,0.9154929577464788,0.33322978150564364,0.576923076923077,0.0
0.625,0.6521739130434783,0.8,0.6375686030858443,0.576923076923077,0.0
0.25,0.043478260869565216,1.0,0.3810707258983119,0.3076923076923077,0.0
0.16666666666666666,0.043478260869565216,1.0,0.748472610541576,0.07692307692307693,0.0
0.29166666666666663,0.30434782608695654,1.0,0.09164336750543634,0.3076923076923077,0.0
0.5833333333333333,0.8695652173913043,0.1571428571428571,0.4093403748576161,0.5000000000000001,0.0
0.5833333333333333,0.782608695652174,0.8169014084507042,0.8537848193020605,0.5000000000000001,0.0
0.7083333333333333,0.6086956521739131,0.971830985915493,0.1947809878844361,0.6923076923076924,0.0
0.4583333333333333,0.08695652173913043,1.0,0.602050326188257,0.46153846153846156,0.0
0.29166666666666663,0.26086956521739135,1.0,0.1367919643781712,0.5000000000000001,0.0
0.5833333333333333,0.8695652173913043,0.0,0.12519415967691816,0.46153846153846156,0.0
0.5833333333333333,0.5652173913043479,1.0,0.19105312208760472,0.3076923076923077,0.0
0.375,0.26086956521739135,1.0,0.2665424044734388,0.2692307692307693,0.0
0.6666666666666666,0.4782608695652174,0.9818181818181818,0.43823133478305887,0.6923076923076924,0.0
0.75,0.6956521739130435,0.9848484848484848,0.19084601843222526,0.7307692307692308,0.0
0.625,0.6086956521739131,0.9666666666666668,0.8314176245210727,0.6153846153846154,0.0
0.625,0.4347826086956522,0.967741935483871,0.32753443098270674,0.5384615384615385,0.0
0.625,0.5652173913043479,0.9857142857142858,0.22336129232680946,0.5384615384615385,0.0
0.20833333333333331,0.13043478260869565,1.0,0.31376203789996904,0.3076923076923077,0.0
0.625,0.5217391304347826,1.0,0.8508853681267476,0.5000000000000001,0.0
0.3333333333333333,0.17391304347826086,1.0,0.9543336439888166,0.2692307692307693,0.0
0.125,0.7391304347826086,0.2714285714285714,0.42321631976804386,0.11538461538461539,0.10526315789473684
0.625,0.5217391304347826,0.9857142857142858,0.28424976700838767,0.6923076923076924,0.0
0.41666666666666663,0.8260869565217391,0.0857142857142857,0.704359531945739,0.3846153846153847,0.0
0.125,0.043478260869565216,1.0,0.7858548203375788,0.11538461538461539,0.0
0.29166666666666663,0.30434782608695654,1.0,0.17624521072796928,0.34615384615384615,0.0
0.7083333333333333,0.6956521739130435,0.85,0.5585585585585586,0.5000000000000001,0.0
0.5,0.9130434782608696,0.2727272727272727,0.8226157191674435,0.6153846153846154,0.0
0.25,0.13043478260869565,1.0,0.6680128404266337,0.11538461538461539,0.0
0.5416666666666666,0.30434782608695654,1.0,0.3694729211970589,0.19230769230769232,0.0
0.7916666666666666,0.4347826086956522,1.0,0.2984363674018845,0.7307692307692308,0.0
0.29166666666666663,0.21739130434782608,1.0,0.5778191985088537,0.2692307692307693,0.0
0.29166666666666663,0.3913043478260869,0.9859154929577464,0.48337993165579385,0.42307692307692313,0.0
0.125,0.043478260869565216,1.0,0.6636636636636637,0.038461538461538464,0.0
0.375,0.34782608695652173,1.0,0.5875530703116909,0.07692307692307693,0.05263157894736842
0.3333333333333333,0.13043478260869565,1.0,0.3659521590556074,0.2307692307692308,0.0
0.6666666666666666,0.6956521739130435,0.9577464788732394,0.32308170239204714,0.7307692307692308,0.0
0.5833333333333333,0.782608695652174,0.2,0.557108832970902,0.5000000000000001,0.0
0.125,0.08695652173913043,1.0,0.4644299471885678,0.11538461538461539,0.05263157894736842
0.7916666666666666,1.0,0.5517241379310345,0.6969038003520762,0.8076923076923078,0.0
0.5416666666666666,0.4347826086956522,0.9857142857142858,0.2808325566946256,0.3846153846153847,0.0
0.125,0.043478260869565216,1.0,0.321010665838252,0.038461538461538464,0.10526315789473684
0.08333333333333333,0.17391304347826086,1.0,0.4555244900072486,0.07692307692307693,0.15789473684210525
0.125,0.08695652173913043,1.0,0.725691208449829,0.0,0.21052631578947367
0.5416666666666666,0.7391304347826086,0.2112676056338028,0.9755617686652169,0.3076923076923077,0.0
0.16666666666666666,0.17391304347826086,1.0,0.1527389458423939,0.15384615384615385,0.0
0.125,0.08695652173913043,1.0,0.3492803147975563,0.07692307692307693,0.0
0.4583333333333333,0.5217391304347826,1.0,0.24013668841255043,0.6153846153846154,0.0
0.5,0.3913043478260869,1.0,0.3519726623174899,0.2307692307692308,0.0
0.75,0.6086956521739131,0.9859154929577464,0.2199440820130475,0.5384615384615385,0.0
0.41666666666666663,0.4347826086956522,0.9824561403508772,0.34575955265610436,0.5000000000000001,0.0
0.5416666666666666,0.26086956521739135,0.9824561403508772,0.7276586931759346,0.11538461538461539,0.0
0.4583333333333333,0.6086956521739131,0.9824561403508772,0.35331883607745684,0.2692307692307693,0.0
0.7083333333333333,0.3913043478260869,0.9838709677419356,0.6934865900383143,0.7692307692307693,0.0
0.5416666666666666,0.08695652173913043,1.0,0.7469193331262296,0.42307692307692313,0.0
0.041666666666666664,0.0,1.0,0.6836491664077873,0.0,0.10526315789473684
0.041666666666666664,0.043478260869565216,1.0,0.5636325981153567,0.0,0.15789473684210525
0.625,0.782608695652174,0.0526315789473684,0.11597804701252956,0.34615384615384615,0.0
0.875,0.34782608695652173,0.981132075471698,0.34037485761623687,0.6923076923076924,0.0
0.5833333333333333,0.5652173913043479,0.9859154929577464,0.12156984570777662,0.576923076923077,0.0
0.3333333333333333,0.34782608695652173,1.0,0.23889406648027334,0.42307692307692313,0.0
0.08333333333333333,0.17391304347826086,1.0,0.19581650616133361,0.0,0.15789473684210525
0.125,0.043478260869565216,1.0,0.2837320078699389,0.038461538461538464,0.15789473684210525
0.7083333333333333,0.5217391304347826,0.971830985915493,0.5200372786579683,0.19230769230769232,0.0
0.9583333333333333,0.7391304347826086,0.95,0.18442580511546025,1.0,0.0
0.041666666666666664,0.08695652173913043,0.9850746268656716,0.4424769597183391,0.07692307692307693,0.05263157894736842
0.41666666666666663,0.26086956521739135,0.9861111111111112,0.29284456870663755,0.2692307692307693,0.0
0.41666666666666663,0.3913043478260869,1.0,0.3101377239308274,0.46153846153846156,0.0
0.5,0.5652173913043479,0.8571428571428571,0.7137827482655068,0.6153846153846154,0.0
0.125,0.0,1.0,0.46650098374236304,0.0,0.10526315789473684
0.41666666666666663,0.26086956521739135,1.0,0.4418556487522005,0.34615384615384615,0.0
0.5,0.30434782608695654,0.9827586206896552,0.5859997928963447,0.2692307692307693,0.0
0.41666666666666663,0.4782608695652174,1.0,0.6856166511338926,0.5384615384615385,0.0
0.9583333333333333,0.6521739130434783,0.9615384615384616,0.5051258154706431,0.8461538461538463,0.0
0.3333333333333333,0.26086956521739135,0.9859154929577464,0.22460391425908655,0.19230769230769232,0.0
0.08333333333333333,0.0,1.0,0.2718235476856167,0.0,0.21052631578947367
0.3333333333333333,0.9565217391304348,0.4590163934426229,0.9557833695764735,0.2692307692307693,0.0
0.08333333333333333,0.0,1.0,0.31158744951848394,0.0,0.05263157894736842
0.16666666666666666,0.6956521739130435,0.9607843137254902,0.6498912705809257,0.2692307692307693,0.0
0.25,0.17391304347826086,1.0,0.30454592523558044,0.3076923076923077,0.0
0.5,0.782608695652174,0.2678571428571428,0.1326498912705809,0.5000000000000001,0.0
0.8333333333333333,0.5217391304347826,0.9827586206896552,0.5606295951123539,0.2692307692307693,0.05263157894736842
0.75,0.6086956521739131,0.9855072463768116,0.21269545407476442,0.6538461538461539,0.0
0.3333333333333333,0.34782608695652173,1.0,0.3835559697628663,0.7307692307692308,0.0
0.5416666666666666,0.782608695652174,0.0350877192982456,0.17520969245107176,0.3846153846153847,0.0
0.16666666666666666,0.17391304347826086,0.9848484848484848,0.49549549549549554,0.2692307692307693,0.0
0.125,0.0,1.0,0.8358703531117324,0.19230769230769232,0.10526315789473684
0.8333333333333333,0.6086956521739131,0.9672131147540984,0.32794863829346577,0.7692307692307693,0.0
0.25,0.30434782608695654,1.0,0.25970798384591476,0.2692307692307693,0.0
0.041666666666666664,0.0,1.0,0.5423009216112664,0.038461538461538464,0.3684210526315789
0.375,0.043478260869565216,1.0,0.6247281764523143,0.07692307692307693,0.05263157894736842
0.7916666666666666,0.8260869565217391,0.0689655172413793,0.19374546960753847,0.7307692307692308,0.0
0.625,0.34782608695652173,0.9722222222222222,0.5275965620793206,0.7307692307692308,0.0
0.125,0.0,1.0,0.4361602982292636,0.0,0.15789473684210525
0.7916666666666666,0.6956521739130435,0.9393939393939394,0.21559490525007763,0.8461538461538463,0.0
0.7916666666666666,0.3913043478260869,1.0,0.18898208553380957,0.6153846153846154,0.0
0.6666666666666666,0.6956521739130435,0.9848484848484848,0.5394014704359531,0.6538461538461539,0.0
0.5416666666666666,0.4347826086956522,1.0,0.7168893030962,0.5000000000000001,0.0
0.375,0.30434782608695654,1.0,0.8487107797452624,0.3846153846153847,0.0
0.3333333333333333,0.30434782608695654,1.0,0.4756135445790617,0.3076923076923077,0.0
0.041666666666666664,0.0,1.0,0.3398570984777882,0.0,0.10526315789473684
0.08333333333333333,0.08695652173913043,1.0,0.5082323703013358,0.038461538461538464,0.05263157894736842
0.7916666666666666,0.7391304347826086,0.9818181818181818,0.23029926478202345,0.8461538461538463,0.0
0.125,0.043478260869565216,1.0,0.3794138966552758,0.038461538461538464,0.2631578947368421
0.08333333333333333,0.0,1.0,0.22657139898519196,0.11538461538461539,0.10526315789473684
0.8333333333333333,0.34782608695652173,0.9833333333333332,0.3302267785026405,0.46153846153846156,0.0
0.20833333333333331,0.0,1.0,0.576369472921197,0.0,0.3684210526315789
0.625,0.6521739130434783,1.0,0.21880501190846013,0.5000000000000001,0.0
0.29166666666666663,0.782608695652174,0.0985915492957746,0.13585999792896342,0.34615384615384615,0.0
0.7916666666666666,0.6086956521739131,1.0,0.1746919333126229,0.6923076923076924,0.0
0.3333333333333333,0.3913043478260869,0.981132075471698,0.7186496841669257,0.3846153846153847,0.0
0.16666666666666666,0.17391304347826086,0.9848484848484848,0.46743295019157083,0.15384615384615385,0.0
0.625,0.26086956521739135,1.0,0.5632183908045976,0.46153846153846156,0.0
0.375,0.13043478260869565,1.0,0.524490007248628,0.15384615384615385,0.0
0.25,0.4347826086956522,0.9848484848484848,0.3496945221083152,0.3076923076923077,0.0
0.375,0.17391304347826086,1.0,0.9284456870663769,0.07692307692307693,0.0
0.4583333333333333,0.4347826086956522,1.0,0.3449311380345863,0.5000000000000001,0.0
0.5416666666666666,0.4347826086956522,1.0,0.49901625763694724,0.5000000000000001,0.0
0.7916666666666666,0.21739130434782608,1.0,0.5264574919747333,0.34615384615384615,0.0
0.9166666666666666,0.6956521739130435,0.9824561403508772,0.51941596769183,0.7307692307692308,0.0
0.6666666666666666,0.17391304347826086,1.0,0.46204825515170334,0.2692307692307693,0.0
0.375,0.08695652173913043,1.0,0.37081909495702603,0.11538461538461539,0.0
0.9166666666666666,0.6956521739130435,0.9848484848484848,0.2187014600807704,0.7307692307692308,0.0
0.5833333333333333,0.7391304347826086,0.5641025641025641,0.517241379310345,0.576923076923077,0.0
0.25,0.26086956521739135,0.9857142857142858,0.44102723413068246,0.2692307692307693,0.0
0.7916666666666666,0.4347826086956522,0.9655172413793104,0.1371026198612405,0.3846153846153847,0.0
0.7083333333333333,0.7391304347826086,0.9848484848484848,0.6419177798488143,0.7307692307692308,0.0
0.25,0.21739130434782608,1.0,0.5433364398881639,0.2692307692307693,0.0
0.9166666666666666,0.13043478260869565,1.0,0.3096199647923785,0.3076923076923077,0.0
0.4583333333333333,0.30434782608695654,1.0,0.4953919436678058,0.5000000000000001,0.0
0.4583333333333333,0.6086956521739131,0.981132075471698,0.21921921921921916,0.5384615384615385,0.0
0.041666666666666664,0.043478260869565216,1.0,0.5959407683545614,0.038461538461538464,0.0
0.5,0.34782608695652173,0.9857142857142858,0.6026716371543956,0.2307692307692308,0.0
0.25,0.6521739130434783,0.9807692307692308,0.5513099306202756,0.11538461538461539,0.0
0.5,0.6521739130434783,0.9827586206896552,0.23495909702806228,0.576923076923077,0.0
0.5,0.8260869565217391,0.0422535211267605,0.7486797141969554,0.34615384615384615,0.0
0.7083333333333333,0.7391304347826086,0.943661971830986,0.2528735632183907,0.7307692307692308,0.0
0.7083333333333333,0.5652173913043479,0.981132075471698,0.5082323703013358,0.6923076923076924,0.0
0.041666666666666664,0.043478260869565216,1.0,0.5665320492906698,0.0,0.21052631578947367
0.5833333333333333,0.3913043478260869,0.9807692307692308,0.19695557626592086,0.3076923076923077,0.0
0.25,0.21739130434782608,1.0,0.4736460598529564,0.19230769230769232,0.0
0.6666666666666666,0.8260869565217391,0.0142857142857142,0.187118152635394,0.7307692307692308,0.0
0.125,0.782608695652174,0.3717948717948718,0.5401263332297814,0.11538461538461539,0.0
0.16666666666666666,0.13043478260869565,1.0,0.32090711401056227,0.19230769230769232,0.0
0.25,0.21739130434782608,1.0,0.4673293983638811,0.11538461538461539,0.05263157894736842
0.8333333333333333,0.6521739130434783,1.0,0.17997307652480066,0.576923076923077,0.0
0.5833333333333333,0.6521739130434783,1.0,0.47033240136688415,0.42307692307692313,0.0
0.041666666666666664,0.0,1.0,0.7140934037485762,0.0,0.15789473684210525
0.125,0.13043478260869565,1.0,0.6491664077870973,0.11538461538461539,0.0
0.5,0.7391304347826086,0.7358490566037735,0.2426219322771047,0.6538461538461539,0.0
0.9583333333333333,0.8695652173913043,0.9552238805970148,0.9059749404576991,0.8846153846153847,0.0
0.16666666666666666,0.08695652173913043,1.0,0.33136584860722795,0.11538461538461539,0.15789473684210525
0.8333333333333333,0.5217391304347826,0.9428571428571428,0.4374029201615408,0.5000000000000001,0.0
0.41666666666666663,0.26086956521739135,0.9848484848484848,0.3178005591798695,0.2307692307692308,0.0
0.7083333333333333,0.26086956521739135,0.9871794871794872,0.4425805115460286,0.2692307692307693,0.0
0.5,0.5217391304347826,1.0,0.23423423423423428,0.576923076923077,0.0
0.25,0.26086956521739135,1.0,0.6751579165372268,0.2692307692307693,0.0
0.75,0.4782608695652174,1.0,0.22739981360671002,0.576923076923077,0.0
0.75,0.13043478260869565,1.0,0.39991715853784804,0.15384615384615385,0.05263157894736842
0.375,0.4347826086956522,0.9846153846153848,0.6442994718856787,0.5000000000000001,0.0
0.29166666666666663,0.26086956521739135,0.9859154929577464,0.31448690069379726,0.3076923076923077,0.0
0.16666666666666666,0.043478260869565216,1.0,0.40923682302992637,0.038461538461538464,0.15789473684210525
0.041666666666666664,0.043478260869565216,1.0,0.2687169928549239,0.0,0.10526315789473684
0.20833333333333331,1.0,0.1,0.33933933933933924,0.11538461538461539,0.05263157894736842
0.5833333333333333,0.5652173913043479,0.981132075471698,0.4137931034482758,0.7307692307692308,0.0
0.75,0.4782608695652174,0.984126984126984,0.5357771564668117,0.576923076923077,0.0
0.041666666666666664,0.0,1.0,0.5182768975872425,0.15384615384615385,0.05263157894736842
0.6666666666666666,0.5652173913043479,1.0,0.5556591073832453,0.3846153846153847,0.0
0.125,0.043478260869565216,1.0,0.20513617065341205,0.038461538461538464,0.05263157894736842
0.7916666666666666,0.34782608695652173,0.922077922077922,0.22450036243139682,0.6153846153846154,0.0
0.125,0.043478260869565216,1.0,0.4226985606295952,0.07692307692307693,0.0
0.625,0.6956521739130435,0.981132075471698,0.4173138655897277,0.5000000000000001,0.0
0.25,0.17391304347826086,1.0,0.4316040178109144,0.15384615384615385,0.05263157894736842
0.4583333333333333,0.5217391304347826,0.9824561403508772,0.6035000517759137,0.46153846153846156,0.0
0.16666666666666666,0.13043478260869565,1.0,0.5754375064719892,0.07692307692307693,0.0
0.4583333333333333,0.26086956521739135,1.0,0.29957543750647175,0.2307692307692308,0.0
0.375,0.34782608695652173,1.0,0.5110282696489592,0.15384615384615385,0.0
0.8333333333333333,0.5652173913043479,0.971830985915493,0.210727969348659,0.46153846153846156,0.0
0.41666666666666663,0.13043478260869565,1.0,0.3107590348969659,0.2307692307692308,0.0
0.25,0.7391304347826086,0.6166666666666667,0.4352283317800558,0.2692307692307693,0.0
0.41666666666666663,0.21739130434782608,0.981132075471698,0.19964792378585483,0.2307692307692308,0.0
0.08333333333333333,0.30434782608695654,0.0,0.3108625867246557,0.038461538461538464,0.15789473684210525
0.125,0.08695652173913043,1.0,0.4651548099823961,0.07692307692307693,0.0
0.41666666666666663,0.34782608695652173,0.981132075471698,0.09040074557315925,0.6153846153846154,0.0
0.25,0.4347826086956522,0.0,0.24345034689862277,0.0,0.21052631578947367
0.3333333333333333,0.34782608695652173,0.9859154929577464,0.8494356425390908,0.3846153846153847,0.0
0.8333333333333333,0.34782608695652173,1.0,0.3637775706741224,0.3076923076923077,0.0
0.5833333333333333,0.9130434782608696,0.0,0.14994304649477053,0.2692307692307693,0.0
0.625,0.6521739130434783,0.948051948051948,0.45438541990266135,0.5000000000000001,0.0
0.9166666666666666,0.6086956521739131,0.9583333333333334,0.30237133685409545,0.7692307692307693,0.0
0.9166666666666666,0.6521739130434783,0.9772727272727272,0.1926063995029511,0.8076923076923078,0.0
0.5833333333333333,0.26086956521739135,0.9871794871794872,0.4131717924821372,0.42307692307692313,0.0
0.4583333333333333,0.30434782608695654,1.0,0.6375686030858443,0.07692307692307693,0.0
0.5416666666666666,0.5217391304347826,0.8955223880597015,0.4952883918401161,0.3846153846153847,0.05263157894736842
0.08333333333333333,0.5652173913043479,0.5774647887323944,0.3098270684477581,0.2307692307692308,0.0
0.5833333333333333,0.5652173913043479,0.9,0.2576369472921196,0.46153846153846156,0.0
0.5416666666666666,0.21739130434782608,1.0,0.8943771357564461,0.3076923076923077,0.0
0.6666666666666666,0.7391304347826086,0.984126984126984,0.6532049290669981,0.7307692307692308,0.0
0.20833333333333331,0.13043478260869565,1.0,0.7812985399192298,0.11538461538461539,0.0
0.41666666666666663,0.21739130434782608,0.9857142857142858,0.4727140934037486,0.2692307692307693,0.0
0.5416666666666666,0.782608695652174,0.0701754385964912,0.21538780159469806,0.5384615384615385,0.0
0.08333333333333333,0.043478260869565216,1.0,0.54509682095889,0.038461538461538464,0.0
0.4583333333333333,0.08695652173913043,1.0,0.6187221704463084,0.038461538461538464,0.10526315789473684
0.875,0.6086956521739131,0.913793103448276,0.17520969245107176,0.5384615384615385,0.0
0.3333333333333333,0.30434782608695654,0.9871794871794872,0.24914569742155956,0.34615384615384615,0.0
0.5,0.043478260869565216,1.0,0.19540229885057459,0.3076923076923077,0.0
0.5833333333333333,0.4782608695652174,1.0,0.7286942114528323,0.5384615384615385,0.0
0.125,0.0,1.0,0.40126333229781497,0.07692307692307693,0.10526315789473684
0.375,0.6521739130434783,0.4901960784313725,0.7077767422595007,0.34615384615384615,0.0
0.25,0.21739130434782608,1.0,0.5611473542508025,0.07692307692307693,0.05263157894736842
0.6666666666666666,0.34782608695652173,1.0,0.19146732939836375,0.42307692307692313,0.0
0.4583333333333333,0.6086956521739131,0.0,0.46494770632701665,0.3846153846153847,0.0
0.6666666666666666,0.3913043478260869,1.0,0.7178212695454074,0.6153846153846154,0.0
0.16666666666666666,0.17391304347826086,1.0,0.36968002485243856,0.3076923076923077,0.0
0.16666666666666666,0.08695652173913043,1.0,0.6556901729315523,0.07692307692307693,0.0
0.75,0.17391304347826086,0.9655172413793104,0.30485658071864963,0.15384615384615385,0.0
0.16666666666666666,0.26086956521739135,1.0,0.1989230609920265,0.2307692307692308,0.0
0.9166666666666666,0.7391304347826086,0.9672131147540984,0.31355493424458936,0.8846153846153847,0.0
0.3333333333333333,0.6956521739130435,0.2075471698113207,0.45500673086879995,0.34615384615384615,0.0
0.9166666666666666,0.13043478260869565,1.0,0.5490317904111006,0.42307692307692313,0.0
0.75,0.6086956521739131,0.9838709677419356,0.2190121155638396,0.576923076923077,0.0
1.0,0.9130434782608696,0.9642857142857144,0.6955576265921093,0.8846153846153847,0.0
0.25,0.13043478260869565,1.0,0.44837941389665525,0.11538461538461539,0.0
0.41666666666666663,0.6956521739130435,0.9848484848484848,0.8443616029822927,0.42307692307692313,0.0
0.7916666666666666,0.6521739130434783,0.971830985915493,0.3902868385627003,0.8076923076923078,0.0
0.9166666666666666,0.8260869565217391,0.9577464788732394,0.18732525629077346,1.0,0.0
0.16666666666666666,0.08695652173913043,1.0,0.2093817955886922,0.19230769230769232,0.0
0.5,0.9130434782608696,0.6730769230769231,0.21663042352697515,0.42307692307692313,0.0
0.625,0.4347826086956522,1.0,0.6410893652272962,0.6153846153846154,0.0
0.375,0.13043478260869565,1.0,0.5781298539919228,0.07692307692307693,0.10526315789473684
0.375,0.6086956521739131,0.6865671641791045,0.44113078595837196,0.2692307692307693,0.0
0.08333333333333333,0.34782608695652173,1.0,0.6100238169203687,0.34615384615384615,0.0
0.0,0.6956521739130435,0.9772727272727272,0.6535155845500671,0.6923076923076924,0.0
0.625,0.782608695652174,0.8974358974358975,0.41938490214352275,0.6538461538461539,0.0
0.125,0.21739130434782608,1.0,0.38428083255669443,0.11538461538461539,0.0
0.5833333333333333,0.8260869565217391,0.0,0.4616340478409444,0.576923076923077,0.0
0.7083333333333333,0.30434782608695654,1.0,0.4775810293051672,0.2692307692307693,0.0
0.08333333333333333,0.043478260869565216,1.0,0.4284974629802216,0.07692307692307693,0.0
0.7916666666666666,0.8260869565217391,1.0,0.20347934141037582,0.5000000000000001,0.0
0.5416666666666666,0.8260869565217391,0.3939393939393939,0.6174795485140312,0.576923076923077,0.0
0.125,0.08695652173913043,1.0,0.2866314590452521,0.15384615384615385,0.0
0.5416666666666666,0.8260869565217391,0.6,0.38645542093817964,0.46153846153846156,0.0
0.25,0.13043478260869565,1.0,0.46619032825929385,0.038461538461538464,0.10526315789473684
0.5,0.4347826086956522,1.0,0.6965931448690068,0.576923076923077,0.0
0.3333333333333333,0.34782608695652173,1.0,0.37092264678471576,0.2692307692307693,0.0
0.16666666666666666,0.17391304347826086,1.0,0.6642849746298023,0.19230769230769232,0.0
0.041666666666666664,0.30434782608695654,1.0,0.48503676089882997,0.2307692307692308,0.0
0.5833333333333333,0.3913043478260869,1.0,0.19685202443823135,0.3076923076923077,0.0
0.75,0.782608695652174,0.9807692307692308,0.2897380138759449,0.6923076923076924,0.0
0.7083333333333333,0.5217391304347826,1.0,0.23609816713264986,0.6153846153846154,0.0
0.08333333333333333,0.043478260869565216,1.0,0.4753028890959925,0.038461538461538464,0.15789473684210525
0.7083333333333333,0.6086956521739131,1.0,0.4366780573677125,0.576923076923077,0.0
0.875,0.7391304347826086,0.981132075471698,0.45914880397639024,0.6923076923076924,0.0
0.5416666666666666,0.3913043478260869,1.0,0.5466500983742362,0.576923076923077,0.0
0.4583333333333333,0.30434782608695654,1.0,0.3608781194988091,0.34615384615384615,0.0
0.7916666666666666,0.6086956521739131,0.9859154929577464,0.25484104794449614,0.8076923076923078,0.0
0.375,0.782608695652174,0.3214285714285714,0.24490007248627932,0.3846153846153847,0.0
0.875,0.17391304347826086,1.0,0.2815574194884539,0.2307692307692308,0.0
0.6666666666666666,0.4782608695652174,0.9714285714285714,0.7065341203272237,0.42307692307692313,0.0
0.29166666666666663,0.6956521739130435,1.0,0.634358496427462,0.5384615384615385,0.0
0.3333333333333333,0.4782608695652174,1.0,0.24334679507093293,0.42307692307692313,0.0
0.75,0.7391304347826086,0.9807692307692308,0.18421870146008068,0.6538461538461539,0.0
0.8333333333333333,0.8695652173913043,0.8727272727272727,0.1858755307031167,1.0,0.0
0.7916666666666666,0.30434782608695654,0.9855072463768116,0.33333333333333337,0.7307692307692308,0.0
0.08333333333333333,0.21739130434782608,1.0,0.4374029201615408,0.2692307692307693,0.0
0.625,0.6086956521739131,0.7115384615384616,0.3153153153153153,0.3076923076923077,0.0
0.25,0.4782608695652174,0.3150684931506849,0.6723620171896034,0.46153846153846156,0.0
0.7083333333333333,0.782608695652174,0.9696969696969696,0.6383970177073626,0.7692307692307693,0.0
0.375,0.26086956521739135,1.0,0.6921404162783473,0.576923076923077,0.0
0.125,0.21739130434782608,0.9857142857142858,0.38169203686445075,0.3076923076923077,0.0
0.625,0.6086956521739131,0.9672131147540984,0.3968106037071555,0.6538461538461539,0.0
0.3333333333333333,0.30434782608695654,0.9824561403508772,0.19333126229677944,0.2692307692307693,0.0
0.8333333333333333,0.782608695652174,0.9571428571428572,0.17707362534948745,0.7692307692307693,0.0
0.29166666666666663,0.5652173913043479,0.9722222222222222,0.3885264574919747,0.6538461538461539,0.0
0.5416666666666666,0.4347826086956522,1.0,0.1501501501501501,0.5384615384615385,0.0
0.3333333333333333,0.13043478260869565,1.0,0.9449104276690483,0.3076923076923077,0.0
0.5416666666666666,0.5217391304347826,0.9850746268656716,0.5961478720099411,0.46153846153846156,0.0
0.3333333333333333,0.3913043478260869,1.0,0.39349694522108325,0.3076923076923077,0.0
0.4583333333333333,0.34782608695652173,1.0,0.3433778606192397,0.2692307692307693,0.0
0.25,0.17391304347826086,1.0,0.35145490317904104,0.11538461538461539,0.0
0.08333333333333333,0.0,1.0,0.328362845604225,0.0,0.9473684210526315
0.29166666666666663,0.13043478260869565,1.0,0.15864140002071025,0.2692307692307693,0.0
0.9583333333333333,0.5652173913043479,1.0,0.17966242104173147,0.6153846153846154,0.0
0.125,0.043478260869565216,1.0,0.6302164233198717,0.038461538461538464,0.0
0.29166666666666663,0.8260869565217391,0.0,0.43025784405094747,0.15384615384615385,0.0
0.041666666666666664,0.0,1.0,0.49011080045562805,0.0,0.21052631578947367
0.5,0.3913043478260869,1.0,0.4725069897483689,0.15384615384615385,0.05263157894736842
0.08333333333333333,0.13043478260869565,1.0,0.40789064926995966,0.19230769230769232,0.10526315789473684
0.125,0.6956521739130435,0.463768115942029,0.38593766179973077,0.2307692307692308,0.0
0.625,0.30434782608695654,1.0,0.27461944703324015,0.6153846153846154,0.0
0.7083333333333333,0.4782608695652174,1.0,0.19198508853681262,0.6153846153846154,0.0
0.5,0.26086956521739135,0.9848484848484848,0.19840530185357774,0.34615384615384615,0.0
0.5,0.7391304347826086,0.8113207547169812,0.07869938904421658,0.8846153846153847,0.0
0.625,0.5652173913043479,0.9850746268656716,0.1686859273066169,0.3846153846153847,0.0
0.75,0.3913043478260869,0.9821428571428572,0.6375686030858443,0.42307692307692313,0.0
0.7916666666666666,0.782608695652174,0.0,0.1536709122916019,0.6923076923076924,0.0
0.4583333333333333,0.4347826086956522,1.0,0.3363363363363363,0.576923076923077,0.0
0.625,0.7391304347826086,0.9622641509433962,0.193538365952159,0.7692307692307693,0.0
0.7916666666666666,0.5652173913043479,0.9859154929577464,0.34503468986227603,0.46153846153846156,0.0
0.125,0.4782608695652174,0.5324675324675324,0.20285803044423734,0.19230769230769232,0.0
0.25,0.6086956521739131,0.9857142857142858,0.3117945531738635,0.2692307692307693,0.0
0.3333333333333333,0.26086956521739135,1.0,0.3066169617893755,0.2307692307692308,0.0
0.6666666666666666,0.4347826086956522,0.9859154929577464,0.880604742673708,0.6153846153846154,0.0
0.9583333333333333,0.8260869565217391,0.9393939393939394,0.3005074039556799,0.6923076923076924,0.0
0.041666666666666664,0.043478260869565216,1.0,0.5151703427565495,0.038461538461538464,0.2631578947368421
0.29166666666666663,0.17391304347826086,1.0,0.2534948741845293,0.15384615384615385,0.0
0.75,0.5652173913043479,1.0,0.18194056125090607,0.6923076923076924,0.0
0.75,0.5217391304347826,1.0,0.1128714921818369,0.46153846153846156,0.0
0.29166666666666663,0.8695652173913043,0.0256410256410256,0.31127679403541475,0.2692307692307693,0.0
0.5,1.0,0.0,0.2033757895826861,0.34615384615384615,0.0
0.7083333333333333,0.6521739130434783,0.9772727272727272,0.09423216319768035,0.8846153846153847,0.0
0.6666666666666666,0.6086956521739131,0.9848484848484848,0.5142383763073417,0.6153846153846154,0.0
0.125,0.782608695652174,0.0377358490566037,0.3171792482137309,0.2692307692307693,0.0
0.08333333333333333,0.0,1.0,0.4403023713368541,0.15384615384615385,0.05263157894736842
0.25,0.0,1.0,0.3254633944289116,0.0,0.7894736842105263
0.7083333333333333,0.34782608695652173,0.981132075471698,0.6651133892513204,0.46153846153846156,0.0
0.5833333333333333,0.5217391304347826,0.9846153846153848,0.6963860412136273,0.7307692307692308,0.0
0.5,0.4782608695652174,0.9833333333333332,0.14580097338718023,0.6538461538461539,0.0
0.41666666666666663,0.6086956521739131,0.9743589743589745,0.2613648130889511,0.7307692307692308,0.0
0.6666666666666666,0.5652173913043479,1.0,0.2700631666148907,0.5384615384615385,0.0
0.3333333333333333,0.34782608695652173,1.0,0.8212695454074763,0.3076923076923077,0.0
0.7083333333333333,0.782608695652174,0.0,0.21921921921921916,0.8846153846153847,0.0
0.5416666666666666,0.4347826086956522,1.0,0.8247903075489282,0.6538461538461539,0.0
0.41666666666666663,0.21739130434782608,1.0,0.4565600082841461,0.42307692307692313,0.0
0.16666666666666666,0.6956521739130435,0.3787878787878788,0.798695246971109,0.11538461538461539,0.0
0.7083333333333333,0.8260869565217391,0.4736842105263157,0.22273998136067097,0.7692307692307693,0.0
0.5833333333333333,0.4782608695652174,1.0,0.3108625867246557,0.5000000000000001,0.0
0.7083333333333333,0.3913043478260869,0.9807692307692308,0.6232784508646578,0.6538461538461539,0.0
0.7916666666666666,0.6521739130434783,0.984126984126984,0.35425080252666463,0.7692307692307693,0.0
0.3333333333333333,0.34782608695652173,1.0,0.9277208242725485,0.07692307692307693,0.0
0.625,0.782608695652174,0.0921052631578947,0.7454696075385732,0.576923076923077,0.0
0.16666666666666666,0.17391304347826086,1.0,0.31925028476752615,0.2307692307692308,0.0
0.7916666666666666,0.7391304347826086,0.9615384615384616,0.41079010044527275,0.8846153846153847,0.0
0.875,0.8260869565217391,0.9622641509433962,0.45790618204411304,0.9230769230769231,0.0
0.041666666666666664,0.30434782608695654,1.0,0.5041938490214353,0.0,0.10526315789473684
0.375,0.34782608695652173,1.0,0.5882779331055195,0.11538461538461539,0.05263157894736842
0.9166666666666666,0.8260869565217391,0.3709677419354839,0.5219012115563839,0.8076923076923078,0.0
0.7083333333333333,0.4347826086956522,0.981132075471698,0.23185254219736962,0.19230769230769232,0.0
0.08333333333333333,0.0,1.0,0.7607952780366574,0.038461538461538464,0.2631578947368421
0.20833333333333331,0.13043478260869565,1.0,0.4816195505850678,0.2692307692307693,0.0
0.7916666666666666,0.34782608695652173,0.9850746268656716,0.6885161023092057,0.576923076923077,0.0
0.75,0.6086956521739131,1.0,0.1900176038107072,0.6923076923076924,0.0
0.20833333333333331,0.7391304347826086,0.875,0.3610852231541888,0.2307692307692308,0.05263157894736842
0.08333333333333333,0.26086956521739135,1.0,0.33302267785026407,0.19230769230769232,0.0
0.7083333333333333,0.4782608695652174,1.0,0.25069897483690584,0.7307692307692308,0.0
0.20833333333333331,0.9130434782608696,0.0454545454545454,0.5950088019053537,0.15384615384615385,0.0
0.16666666666666666,0.08695652173913043,1.0,0.39608574091332716,0.038461538461538464,0.10526315789473684
0.4583333333333333,0.30434782608695654,1.0,0.6642849746298023,0.5000000000000001,0.0
0.5416666666666666,0.782608695652174,0.0,0.2049290669980326,0.3076923076923077,0.0
0.25,0.34782608695652173,0.971830985915493,0.24790307548928237,0.15384615384615385,0.0
0.25,0.26086956521739135,1.0,0.5389872631251942,0.2307692307692308,0.0
0.4583333333333333,0.34782608695652173,0.9871794871794872,0.8154706430568499,0.5000000000000001,0.0
0.9166666666666666,0.7391304347826086,0.9545454545454546,0.404266335300818,0.8846153846153847,0.0
0.25,0.21739130434782608,1.0,0.2624003313658485,0.2692307692307693,0.0
0.125,0.043478260869565216,1.0,0.6056746401573989,0.0,0.3157894736842105
0.08333333333333333,0.08695652173913043,1.0,0.18960339649994817,0.3076923076923077,0.0
0.16666666666666666,0.5652173913043479,0.2641509433962264,0.45272859065962523,0.2307692307692308,0.0
0.041666666666666664,0.13043478260869565,1.0,0.17303510406958678,0.07692307692307693,0.10526315789473684
0.7916666666666666,0.6086956521739131,0.9487179487179488,0.22294708501605043,0.8461538461538463,0.0
0.625,0.4347826086956522,0.9871794871794872,0.6162369265817542,0.5000000000000001,0.0
0.375,0.26086956521739135,0.9857142857142858,0.3161437299368334,0.2692307692307693,0.0
0.3333333333333333,0.5652173913043479,0.5961538461538461,0.1280936108522316,0.5384615384615385,0.0
0.375,0.4782608695652174,0.9859154929577464,0.4852438645542092,0.19230769230769232,0.05263157894736842
0.5,0.5217391304347826,1.0,0.5113389251320286,0.6538461538461539,0.0
0.5,0.043478260869565216,1.0,0.30837734286010143,0.2307692307692308,0.0
0.41666666666666663,0.21739130434782608,0.9859154929577464,0.6761934348141243,0.34615384615384615,0.0
0.75,0.4782608695652174,1.0,0.42290566428497467,0.6153846153846154,0.0
0.8333333333333333,0.4347826086956522,0.9743589743589745,0.31355493424458936,0.46153846153846156,0.0
0.5833333333333333,0.4347826086956522,0.5068493150684932,0.36905871388629996,0.6923076923076924,0.0
0.08333333333333333,0.17391304347826086,1.0,0.36160298229263743,0.15384615384615385,0.0
0.29166666666666663,0.30434782608695654,1.0,0.6351869110489801,0.19230769230769232,0.0
0.41666666666666663,0.17391304347826086,1.0,0.2917054986020503,0.15384615384615385,0.0
0.41666666666666663,0.3913043478260869,0.9824561403508772,0.6404680542611576,0.42307692307692313,0.0
0.08333333333333333,0.08695652173913043,1.0,0.7477477477477477,0.15384615384615385,0.0
0.3333333333333333,0.34782608695652173,1.0,0.6631459045252148,0.42307692307692313,0.0
0.625,0.26086956521739135,1.0,0.2722377549963757,0.34615384615384615,0.0
0.5416666666666666,0.30434782608695654,0.981132075471698,0.5442684063373717,0.34615384615384615,0.0
0.5833333333333333,0.30434782608695654,0.9871794871794872,0.40281660971316136,0.46153846153846156,0.0
0.8333333333333333,0.6521739130434783,0.981132075471698,0.29481205343274297,0.6923076923076924,0.0
0.20833333333333331,0.17391304347826086,1.0,0.5040902971937455,0.038461538461538464,0.0
0.5416666666666666,0.30434782608695654,1.0,0.3659521590556074,0.2692307692307693,0.0
0.5833333333333333,0.3913043478260869,1.0,0.9146732939836391,0.5384615384615385,0.0
0.4583333333333333,0.6956521739130435,0.1846153846153846,0.5527596562079322,0.3846153846153847,0.0
1.0,0.6521739130434783,0.9433962264150944,0.40851196023609804,0.9615384615384616,0.0
0.5,0.8695652173913043,0.0,0.14942528735632177,0.6538461538461539,0.0
0.041666666666666664,0.13043478260869565,1.0,0.3958786372579475,0.2307692307692308,0.0
0.41666666666666663,0.26086956521739135,1.0,0.7929998964481724,0.34615384615384615,0.0
0.625,0.5217391304347826,0.9615384615384616,0.43015429222325774,0.6538461538461539,0.0
0.5,0.782608695652174,0.1698113207547169,0.7166821994408203,0.3846153846153847,0.0
0.3333333333333333,0.08695652173913043,1.0,0.5765765765765767,0.19230769230769232,0.0
0.6666666666666666,0.6956521739130435,0.6226415094339622,0.5025370197783992,0.42307692307692313,0.05263157894736842
0.7083333333333333,0.9565217391304348,0.1818181818181818,0.42073107590348946,0.46153846153846156,0.0
0.041666666666666664,0.0,1.0,0.3955679817748785,0.19230769230769232,0.05263157894736842
0.20833333333333331,0.3913043478260869,0.9857142857142858,0.44195920057989,0.3076923076923077,0.0
0.16666666666666666,0.0,1.0,0.3707155431293361,0.07692307692307693,0.05263157894736842
0.20833333333333331,0.17391304347826086,1.0,0.47706327016671835,0.038461538461538464,0.10526315789473684
0.6666666666666666,0.13043478260869565,1.0,0.4055089572330952,0.11538461538461539,0.05263157894736842
0.125,0.08695652173913043,1.0,0.5240757999378689,0.15384615384615385,0.05263157894736842
0.875,0.6521739130434783,0.9622641509433962,0.4599772185979083,0.8461538461538463,0.0
0.5833333333333333,0.5217391304347826,0.9857142857142858,0.3337475406440924,0.11538461538461539,0.10526315789473684
0.29166666666666663,0.4347826086956522,0.9743589743589745,0.32018225121673394,0.2307692307692308,0.0
0.625,0.7391304347826086,0.8928571428571429,0.07424666045355699,0.2692307692307693,0.0
0.7083333333333333,0.4782608695652174,0.9848484848484848,0.7425701563632596,0.5384615384615385,0.0
0.3333333333333333,0.26086956521739135,1.0,0.8320389354872113,0.19230769230769232,0.0
0.7916666666666666,0.5217391304347826,0.9863013698630136,0.2078285181733457,0.7692307692307693,0.0
0.5833333333333333,0.17391304347826086,1.0,0.5258361810085947,0.3846153846153847,0.0
0.7916666666666666,0.6956521739130435,0.9857142857142858,0.5046080563321942,0.6538461538461539,0.0
0.16666666666666666,0.08695652173913043,1.0,0.7283835559697629,0.11538461538461539,0.0
0.25,0.17391304347826086,1.0,0.7677332504918712,0.19230769230769232,0.0
0.5,0.30434782608695654,1.0,0.26126126126126115,0.19230769230769232,0.0
0.041666666666666664,0.782608695652174,0.0350877192982456,0.4437195816506161,0.6923076923076924,0.0
0.7916666666666666,0.6956521739130435,0.9545454545454546,0.24251838044941498,0.6923076923076924,0.0
0.5833333333333333,0.34782608695652173,0.9848484848484848,0.26032929481205336,0.2307692307692308,0.0
0.625,0.3913043478260869,1.0,0.619343481412447,0.3076923076923077,0.0
0.16666666666666666,0.17391304347826086,1.0,0.6181008594801698,0.15384615384615385,0.0
0.125,0.08695652173913043,1.0,0.21238479859169512,0.07692307692307693,0.05263157894736842
0.125,0.17391304347826086,1.0,0.7390493942218084,0.15384615384615385,0.0
0.41666666666666663,0.30434782608695654,1.0,0.25421973697835765,0.19230769230769232,0.0
0.5416666666666666,0.30434782608695654,1.0,0.9262710986848919,0.6153846153846154,0.0
0.375,0.30434782608695654,1.0,0.2158020089054571,0.46153846153846156,0.0
0.5416666666666666,0.4347826086956522,0.9848484848484848,0.2688205446826136,0.42307692307692313,0.0
0.5416666666666666,0.17391304347826086,1.0,0.2598115356736046,0.15384615384615385,0.0
0.4583333333333333,0.30434782608695654,1.0,0.6650098374236304,0.19230769230769232,0.0
0.125,0.0,1.0,0.3873873873873874,0.15384615384615385,0.05263157894736842
0.25,0.17391304347826086,1.0,0.5838252045148598,0.15384615384615385,0.05263157894736842
0.5416666666666666,0.8260869565217391,0.173076923076923,0.35373304338821576,0.34615384615384615,0.0
0.16666666666666666,0.34782608695652173,1.0,0.5120637879258569,0.15384615384615385,0.0
0.5833333333333333,0.5217391304347826,1.0,0.38780159469814635,0.6538461538461539,0.0
0.625,0.21739130434782608,0.987012987012987,0.5000517759138448,0.3846153846153847,0.0
0.5833333333333333,0.5652173913043479,1.0,0.41783162472817637,0.576923076923077,0.0
0.3333333333333333,0.26086956521739135,0.9857142857142858,0.5168271719995856,0.15384615384615385,0.0
0.75,0.6086956521739131,1.0,0.3258776017396706,0.46153846153846156,0.0
0.3333333333333333,0.13043478260869565,1.0,0.1779020399710054,0.15384615384615385,0.0
0.375,0.13043478260869565,1.0,0.01377239308273781,0.3846153846153847,0.0
0.75,0.5217391304347826,0.9772727272727272,0.3102412757585171,0.7307692307692308,0.0
0.4583333333333333,0.8260869565217391,0.0,0.2216009112560836,0.6153846153846154,0.0
0.4583333333333333,0.5652173913043479,1.0,0.3500051775913846,0.5000000000000001,0.0
0.375,0.21739130434782608,1.0,0.43812778295536914,0.2307692307692308,0.0
0.7083333333333333,0.5217391304347826,0.7285714285714285,0.22501812156984558,0.34615384615384615,0.0
0.4583333333333333,0.34782608695652173,0.9821428571428572,0.7179248213730971,0.3846153846153847,0.0
0.3333333333333333,0.7391304347826086,0.935897435897436,0.3315729522626073,0.7692307692307693,0.0
0.08333333333333333,0.13043478260869565,1.0,0.5512063787925856,0.038461538461538464,0.05263157894736842
0.6666666666666666,0.6086956521739131,0.9821428571428572,0.19188153670912278,0.6923076923076924,0.0
0.8333333333333333,0.782608695652174,0.9454545454545454,0.27368748058403225,0.6923076923076924,0.0
0.08333333333333333,0.26086956521739135,1.0,0.23951537744641194,0.2692307692307693,0.0
0.125,0.17391304347826086,1.0,0.7204100652376513,0.15384615384615385,0.0
0.5416666666666666,0.6521739130434783,0.9696969696969696,0.14031272651962312,0.576923076923077,0.0
0.125,0.6956521739130435,0.9571428571428572,0.3714404059231644,0.07692307692307693,0.15789473684210525
0.4583333333333333,0.6521739130434783,0.5,0.33840737289013156,0.3846153846153847,0.0
0.7916666666666666,0.6086956521739131,0.9857142857142858,0.2400331365848607,0.576923076923077,0.0
0.7916666666666666,0.34782608695652173,1.0,0.2611577094335714,0.576923076923077,0.0
0.08333333333333333,0.043478260869565216,1.0,0.2483172828000414,0.0,0.3157894736842105
0.041666666666666664,0.0,1.0,0.4332608470539505,0.0,0.10526315789473684
0.8333333333333333,0.6521739130434783,0.2641509433962264,0.33198715957336633,0.7307692307692308,0.0
0.29166666666666663,0.3913043478260869,0.986842105263158,0.35435435435435436,0.2692307692307693,0.0
0.75,0.7391304347826086,0.9696969696969696,0.3293983638811224,0.576923076923077,0.0
0.625,0.4782608695652174,1.0,0.4405094749922336,0.34615384615384615,0.0
0.5416666666666666,0.6521739130434783,0.8095238095238095,0.19881950916433677,0.7692307692307693,0.0
0.5833333333333333,0.8260869565217391,0.6619718309859155,0.21145283214248722,0.46153846153846156,0.0
0.5,0.3913043478260869,0.9859154929577464,0.4288081184632908,0.2692307692307693,0.0
0.5416666666666666,0.21739130434782608,0.9827586206896552,0.2164233198715958,0.19230769230769232,0.0
0.16666666666666666,0.08695652173913043,1.0,0.3796210003106555,0.2692307692307693,0.0
0.7083333333333333,0.4782608695652174,0.9859154929577464,0.34607020813917355,0.6923076923076924,0.0
0.5,0.5217391304347826,0.9833333333333332,0.29564046805426125,0.6153846153846154,0.0
0.7083333333333333,0.5652173913043479,0.981132075471698,0.3268095681888784,0.6923076923076924,0.0
0.875,0.5217391304347826,0.9454545454545454,0.08253080666873758,0.576923076923077,0.0
0.625,0.6086956521739131,0.9859154929577464,0.3812778295536916,0.576923076923077,0.0
0.5416666666666666,0.8695652173913043,0.0,0.15159987573780676,0.576923076923077,0.0
0.5833333333333333,0.6086956521739131,1.0,0.2230506368437405,0.8076923076923078,0.0
0.29166666666666663,0.26086956521739135,0.9821428571428572,0.30496013254633947,0.5000000000000001,0.0
0.4583333333333333,0.4347826086956522,0.9807692307692308,0.039660350005177536,0.576923076923077,0.0
0.7083333333333333,0.782608695652174,0.971830985915493,0.20523972248110178,0.7307692307692308,0.0
0.375,0.4782608695652174,0.9848484848484848,0.38749093921507716,0.46153846153846156,0.0
0.7083333333333333,0.8260869565217391,0.2666666666666666,0.7716682199440821,0.46153846153846156,0.0
0.0,0.6521739130434783,1.0,0.5082323703013358,0.6538461538461539,0.0
0.16666666666666666,0.043478260869565216,1.0,0.4895930413171792,0.038461538461538464,0.10526315789473684
0.08333333333333333,0.08695652173913043,1.0,0.34410272341306825,0.07692307692307693,0.0
0.3333333333333333,0.30434782608695654,0.9857142857142858,0.5344309827068447,0.34615384615384615,0.0
0.75,0.7391304347826086,0.9818181818181818,0.4187635911773844,0.7692307692307693,0.0
0.6666666666666666,0.30434782608695654,0.9850746268656716,0.4870042456249353,0.576923076923077,0.0
0.08333333333333333,0.043478260869565216,1.0,0.5604224914569742,0.038461538461538464,0.05263157894736842
0.6666666666666666,0.4782608695652174,0.9803921568627452,0.2770011390701047,0.5000000000000001,0.0
0.20833333333333331,0.13043478260869565,1.0,0.6821994408201304,0.11538461538461539,0.0
0.4583333333333333,0.5652173913043479,0.9848484848484848,0.1929170549860204,0.42307692307692313,0.0
0.08333333333333333,0.17391304347826086,1.0,0.5108211659935797,0.0,0.21052631578947367
0.29166666666666663,0.17391304347826086,1.0,0.6302164233198717,0.2307692307692308,0.0
0.125,0.782608695652174,0.0,0.216733975354665,0.07692307692307693,0.05263157894736842
0.041666666666666664,0.043478260869565216,1.0,0.4603914259086672,0.038461538461538464,0.05263157894736842
0.25,0.5652173913043479,0.625,0.4058196127161644,0.42307692307692313,0.0
0.75,0.5652173913043479,1.0,0.4427876152014083,0.7692307692307693,0.0
0.20833333333333331,0.3913043478260869,1.0,0.347312830071451,0.34615384615384615,0.0
0.5833333333333333,0.34782608695652173,1.0,0.5120637879258569,0.6153846153846154,0.0
0.8333333333333333,0.7391304347826086,0.4736842105263157,0.677228953091022,0.6538461538461539,0.0
0.041666666666666664,0.043478260869565216,1.0,0.5476856166511339,0.07692307692307693,0.0
0.5833333333333333,0.6086956521739131,0.9818181818181818,0.22004763384073722,0.46153846153846156,0.0
0.7083333333333333,0.08695652173913043,0.9863013698630136,0.43305374339857106,0.46153846153846156,0.0
0.20833333333333331,0.08695652173913043,1.0,0.5117531324427875,0.07692307692307693,0.0
0.8333333333333333,0.6956521739130435,0.3098591549295774,0.2640571606088846,0.6538461538461539,0.0
0.5416666666666666,0.4782608695652174,1.0,0.6314590452521487,0.5000000000000001,0.0
0.9166666666666666,0.6086956521739131,1.0,0.24955990473231848,0.6538461538461539,0.0
0.625,0.5217391304347826,1.0,0.3995029512270891,0.6923076923076924,0.0
0.16666666666666666,0.13043478260869565,1.0,0.5396085740913328,0.07692307692307693,0.05263157894736842
0.5833333333333333,0.4347826086956522,1.0,0.1915708812260536,0.6923076923076924,0.0
0.08333333333333333,0.08695652173913043,1.0,0.7675261468364918,0.15384615384615385,0.0
0.625,0.8260869565217391,0.0142857142857142,0.37827482655068856,0.42307692307692313,0.0
0.7916666666666666,0.5652173913043479,0.981132075471698,0.291394843118981,0.5000000000000001,0.0
0.20833333333333331,0.08695652173913043,1.0,0.44610127368748054,0.0,0.10526315789473684
0.3333333333333333,0.5217391304347826,0.9848484848484848,0.13223568395982188,0.2307692307692308,0.0
0.7083333333333333,0.6956521739130435,0.9824561403508772,0.15884850367608983,0.6923076923076924,0.0
0.3333333333333333,0.5652173913043479,0.0,0.4332608470539505,0.5000000000000001,0.0
0.3333333333333333,0.30434782608695654,1.0,0.3610852231541888,0.2307692307692308,0.0
0.0,0.9130434782608696,0.0,0.3038210624417521,0.7692307692307693,0.0
0.041666666666666664,0.0,1.0,0.28186807497152333,0.0,0.3157894736842105
0.625,0.5217391304347826,0.9666666666666668,0.2974008491249871,0.6923076923076924,0.0
0.375,0.08695652173913043,1.0,0.5519312415864142,0.15384615384615385,0.0
0.41666666666666663,0.26086956521739135,1.0,0.3637775706741224,0.2692307692307693,0.0
0.9583333333333333,0.9130434782608696,0.9642857142857144,0.6730868799834315,0.8846153846153847,0.0
0.29166666666666663,0.5217391304347826,1.0,0.3737185461323391,0.2307692307692308,0.0
0.6666666666666666,0.6956521739130435,0.971830985915493,0.24034379206793,0.5384615384615385,0.0
0.75,0.4782608695652174,0.9571428571428572,0.5301853577715647,0.6923076923076924,0.0
0.4583333333333333,0.4347826086956522,1.0,0.5984260122191156,0.46153846153846156,0.0
0.7083333333333333,0.7391304347826086,0.4482758620689655,0.24086155120637875,0.5384615384615385,0.0
0.75,0.4782608695652174,0.9824561403508772,0.672154913534224,0.6538461538461539,0.0
0.29166666666666663,0.26086956521739135,1.0,0.3190431811121466,0.2307692307692308,0.0
0.125,0.6086956521739131,0.9344262295081968,0.4348141244692969,0.11538461538461539,0.10526315789473684
0.6666666666666666,0.4347826086956522,0.9821428571428572,0.4194884539712127,0.5000000000000001,0.0
0.8333333333333333,0.08695652173913043,1.0,0.5900383141762451,0.2307692307692308,0.0
0.08333333333333333,0.0,1.0,0.5396085740913328,0.038461538461538464,0.15789473684210525
0.08333333333333333,0.043478260869565216,1.0,0.4323288806047427,0.038461538461538464,0.0
1.0,0.9565217391304348,0.25,0.6346691519105312,0.8846153846153847,0.0
0.7083333333333333,0.6956521739130435,0.9701492537313432,0.16381899140519818,0.6153846153846154,0.0
0.5,0.4347826086956522,0.9857142857142858,0.321010665838252,0.5384615384615385,0.0
0.41666666666666663,0.08695652173913043,1.0,0.2438645542093819,0.2307692307692308,0.0
0.41666666666666663,0.7391304347826086,0.5681818181818182,0.7044630837734285,0.5384615384615385,0.0
0.041666666666666664,0.0,1.0,0.6053639846743295,0.0,0.15789473684210525
0.08333333333333333,0.043478260869565216,1.0,0.4791343067205136,0.038461538461538464,0.05263157894736842
0.041666666666666664,0.043478260869565216,1.0,0.330123226674951,0.07692307692307693,0.10526315789473684
0.4583333333333333,0.3913043478260869,0.9857142857142858,0.33747540644092366,0.3076923076923077,0.0
0.041666666666666664,0.043478260869565216,1.0,0.5778191985088537,0.0,0.3684210526315789
0.20833333333333331,0.08695652173913043,1.0,0.4520037278657969,0.11538461538461539,0.0
0.9583333333333333,0.7391304347826086,0.9552238805970148,0.4122398260329294,0.8846153846153847,0.0
0.25,0.5217391304347826,1.0,0.21279900590245415,0.19230769230769232,0.0
0.375,0.13043478260869565,1.0,0.6403645024334679,0.2307692307692308,0.0
0.7083333333333333,0.6086956521739131,1.0,0.3826240033136583,0.34615384615384615,0.0
0.6666666666666666,0.6956521739130435,0.3380281690140845,0.38935487211349296,0.6153846153846154,0.0
0.41666666666666663,0.4347826086956522,0.9821428571428572,0.5876566221393809,0.6153846153846154,0.0
0.041666666666666664,0.0,1.0,0.5633219426322875,0.038461538461538464,0.10526315789473684
0.5,0.7391304347826086,0.8181818181818182,0.38593766179973077,0.576923076923077,0.0
0.9583333333333333,0.8260869565217391,0.9655172413793104,0.2990576783680232,0.6923076923076924,0.0
0.7083333333333333,0.5217391304347826,0.9772727272727272,0.6755721238479859,0.6538461538461539,0.0
0.29166666666666663,0.30434782608695654,0.981132075471698,0.6602464533499015,0.46153846153846156,0.0
0.625,0.5217391304347826,0.9807692307692308,0.38345241793517637,0.576923076923077,0.0
0.75,0.4782608695652174,1.0,0.22491456974215585,0.6538461538461539,0.0
0.7916666666666666,0.30434782608695654,0.9859154929577464,0.2788650719685202,0.2307692307692308,0.0
0.5833333333333333,0.7391304347826086,0.0,0.4866935901418661,0.46153846153846156,0.0
0.5833333333333333,0.6521739130434783,0.9622641509433962,0.26498912705809263,0.6923076923076924,0.0
0.3333333333333333,0.13043478260869565,1.0,0.3504193849021433,0.11538461538461539,0.0
0.5833333333333333,0.4347826086956522,0.9772727272727272,0.24697110904007458,0.42307692307692313,0.0
0.5833333333333333,0.4347826086956522,1.0,0.1309930620275448,0.576923076923077,0.0
0.8333333333333333,0.8260869565217391,0.2807017543859649,0.2712022367194781,0.7307692307692308,0.0
0.75,0.5217391304347826,0.9285714285714286,0.5142383763073417,0.5000000000000001,0.0
0.625,0.30434782608695654,0.9857142857142858,0.15739877808843317,0.5000000000000001,0.0
0.6666666666666666,0.5217391304347826,0.9824561403508772,0.15149632391011691,0.6538461538461539,0.0
0.625,0.5217391304347826,0.9807692307692308,0.8198198198198199,0.576923076923077,0.0
0.3333333333333333,0.3913043478260869,0.9871794871794872,0.1581236408822615,0.3076923076923077,0.0
0.29166666666666663,0.043478260869565216,1.0,0.19913016464740585,0.038461538461538464,0.0
0.875,0.8260869565217391,0.9642857142857144,0.2968830899865381,0.6538461538461539,0.0
0.75,0.6956521739130435,0.9743589743589745,0.24396810603707153,0.6923076923076924,0.0
0.16666666666666666,0.6956521739130435,0.7377049180327869,0.5911773842808326,0.11538461538461539,0.05263157894736842
0.625,0.5217391304347826,0.8701298701298701,0.4213523868696283,0.5000000000000001,0.0
0.25,0.9130434782608696,0.028169014084507,0.38397017707362546,0.2307692307692308,0.0
0.4583333333333333,0.3913043478260869,1.0,0.556694625660143,0.42307692307692313,0.0
0.29166666666666663,0.17391304347826086,1.0,0.35021228124676407,0.2692307692307693,0.0
0.20833333333333331,0.3913043478260869,1.0,0.2078285181733457,0.34615384615384615,0.0
0.041666666666666664,0.13043478260869565,1.0,0.4867971419695558,0.038461538461538464,0.21052631578947367
0.375,0.17391304347826086,1.0,0.38935487211349296,0.11538461538461539,0.15789473684210525
0.125,0.26086956521739135,1.0,0.4768561665113389,0.46153846153846156,0.0
0.7083333333333333,0.4347826086956522,1.0,0.15097856477166816,0.7307692307692308,0.0
0.5,0.26086956521739135,0.987012987012987,0.3264989127058092,0.34615384615384615,0.0
0.75,0.6086956521739131,0.981132075471698,0.39898519208864025,0.7307692307692308,0.0
0.7083333333333333,0.5652173913043479,1.0,0.17168893030961996,0.46153846153846156,0.0
0.9166666666666666,0.7391304347826086,0.9824561403508772,0.1610230920575747,0.6538461538461539,0.0
0.7083333333333333,0.34782608695652173,0.9857142857142858,0.11939525732629175,0.576923076923077,0.0
0.08333333333333333,0.9130434782608696,0.5142857142857142,0.4696075385730558,0.15384615384615385,0.0
0.75,0.7391304347826086,0.4714285714285714,0.27658693175934557,0.7692307692307693,0.0
0.125,0.08695652173913043,1.0,0.40913327120223664,0.11538461538461539,0.05263157894736842
0.16666666666666666,0.043478260869565216,1.0,0.3995029512270891,0.07692307692307693,0.10526315789473684
0.7916666666666666,0.7391304347826086,0.2115384615384615,0.3334368851610231,0.5384615384615385,0.0
0.41666666666666663,0.26086956521739135,1.0,0.4210417313865591,0.2307692307692308,0.0
0.29166666666666663,0.30434782608695654,1.0,0.7508543025784404,0.3846153846153847,0.0
0.375,0.043478260869565216,1.0,0.39442891167029104,0.07692307692307693,0.10526315789473684
0.125,0.08695652173913043,1.0,0.5446826136481309,0.038461538461538464,0.15789473684210525
0.08333333333333333,0.043478260869565216,1.0,0.35787511649580606,0.15384615384615385,0.05263157894736842
0.75,0.6956521739130435,0.9821428571428572,0.20803562182872526,0.6538461538461539,0.0
0.29166666666666663,0.6956521739130435,0.2948717948717949,0.6316661489075284,0.34615384615384615,0.0
0.4583333333333333,0.4782608695652174,1.0,0.380656518587553,0.34615384615384615,0.0
0.3333333333333333,0.6956521739130435,0.3555555555555555,0.16371543957750856,0.3076923076923077,0.0
1.0,1.0,0.3142857142857143,0.6788857823340582,0.8076923076923078,0.0
0.08333333333333333,0.043478260869565216,1.0,0.36926581754167964,0.07692307692307693,0.0
0.875,0.782608695652174,0.981132075471698,0.6883089986538262,0.8846153846153847,0.0
0.041666666666666664,0.0,1.0,0.17686652169410788,0.07692307692307693,0.15789473684210525
0.041666666666666664,0.0,1.0,0.5546235891063478,0.07692307692307693,0.05263157894736842
0.375,0.30434782608695654,0.9859154929577464,0.19695557626592086,0.42307692307692313,0.0
0.125,0.21739130434782608,1.0,0.6393289841565704,0.2307692307692308,0.0
0.3333333333333333,0.13043478260869565,1.0,0.4775810293051672,0.07692307692307693,0.05263157894736842
0.41666666666666663,0.26086956521739135,1.0,0.6614890752821787,0.34615384615384615,0.0
0.375,0.21739130434782608,1.0,0.6614890752821787,0.5000000000000001,0.0
0.20833333333333331,0.043478260869565216,1.0,0.5248006627316972,0.15384615384615385,0.0
0.7083333333333333,0.8260869565217391,0.0,0.08170239204721952,0.576923076923077,0.0
0.7083333333333333,0.6956521739130435,0.358974358974359,0.26498912705809263,0.6923076923076924,0.0
0.9166666666666666,0.6956521739130435,1.0,0.9168478823651238,0.9230769230769231,0.0
0.375,0.6956521739130435,0.971830985915493,0.4033343688516102,0.6538461538461539,0.0
0.5,0.21739130434782608,0.9871794871794872,0.6389147768458114,0.2692307692307693,0.0
0.7916666666666666,0.782608695652174,0.9636363636363636,0.6629388008698354,0.6923076923076924,0.0
0.041666666666666664,0.782608695652174,0.5357142857142857,0.2001656829243036,0.0,0.21052631578947367
0.41666666666666663,0.4347826086956522,0.984126984126984,0.7298332815574196,0.46153846153846156,0.0
0.375,0.6086956521739131,0.9333333333333332,0.5599047323185253,0.2307692307692308,0.05263157894736842
0.16666666666666666,0.08695652173913043,1.0,0.6316661489075284,0.19230769230769232,0.0
0.7083333333333333,0.5652173913043479,0.981132075471698,0.2480066273169721,0.576923076923077,0.0
0.375,0.21739130434782608,1.0,0.31251941596769184,0.34615384615384615,0.0
1.0,0.3913043478260869,1.0,0.27213420316868564,0.34615384615384615,0.0
0.625,0.7391304347826086,0.9710144927536232,0.3185254219736978,0.34615384615384615,0.0
0.5416666666666666,0.782608695652174,0.0,0.38448793621207433,0.46153846153846156,0.0
0.25,0.0,1.0,0.4287045666356013,0.11538461538461539,0.05263157894736842
0.75,0.4347826086956522,0.9696969696969696,0.0788029408719062,0.5384615384615385,0.0
0.16666666666666666,0.26086956521739135,0.9859154929577464,0.31127679403541475,0.3076923076923077,0.0
0.7916666666666666,0.6086956521739131,0.9857142857142858,0.008698353525939728,0.5000000000000001,0.0
0.25,0.26086956521739135,1.0,0.5570052811432122,0.19230769230769232,0.05263157894736842
0.7916666666666666,0.6521739130434783,0.9848484848484848,0.4009526768147458,0.6923076923076924,0.0
0.375,0.6086956521739131,0.9821428571428572,0.5415760588174379,0.34615384615384615,0.0
0.8333333333333333,0.6956521739130435,0.9655172413793104,0.2544268406337371,0.6153846153846154,0.0
0.7083333333333333,0.17391304347826086,1.0,0.24603914259086657,0.19230769230769232,0.0
0.6666666666666666,0.13043478260869565,1.0,0.3675054364709536,0.42307692307692313,0.0
0.5833333333333333,0.8260869565217391,0.0,0.1450761105933519,0.6538461538461539,0.0
0.5416666666666666,0.4782608695652174,1.0,0.5284249767008389,0.5384615384615385,0.0
0.5833333333333333,0.6956521739130435,0.9850746268656716,0.42797970384177275,0.576923076923077,0.0
0.5,0.5217391304347826,1.0,0.7088122605363985,0.5384615384615385,0.0
0.7083333333333333,0.4347826086956522,1.0,0.7164750957854404,0.3846153846153847,0.0
1.0,0.782608695652174,0.9428571428571428,0.40126333229781497,0.9230769230769231,0.0
0.375,0.5652173913043479,1.0,0.18929274101687887,0.42307692307692313,0.0
0.6666666666666666,0.3913043478260869,0.9821428571428572,0.4039556798177486,0.6153846153846154,0.0
0.29166666666666663,0.6521739130434783,0.981132075471698,0.23537330433882153,0.19230769230769232,0.0
0.08333333333333333,0.8260869565217391,0.1698113207547169,0.40115978047012524,0.07692307692307693,0.10526315789473684
0.9166666666666666,0.3913043478260869,0.9571428571428572,0.3726830278554416,0.7692307692307693,0.0
0.29166666666666663,0.17391304347826086,1.0,0.7281764523143832,0.19230769230769232,0.0
0.7083333333333333,0.782608695652174,0.0754716981132075,0.1963342652997826,0.46153846153846156,0.0
0.3333333333333333,0.3913043478260869,0.981132075471698,0.42445894170032106,0.34615384615384615,0.0
0.25,0.3913043478260869,1.0,0.3395464429947188,0.6538461538461539,0.0
0.6666666666666666,0.30434782608695654,0.981132075471698,0.749301025163094,0.5000000000000001,0.0
0.4583333333333333,0.17391304347826086,1.0,0.21735528632080348,0.11538461538461539,0.0
0.3333333333333333,0.5217391304347826,1.0,0.3757895826861344,0.3846153846153847,0.05263157894736842
0.29166666666666663,0.30434782608695654,1.0,0.5513099306202756,0.3076923076923077,0.0
0.29166666666666663,0.26086956521739135,1.0,0.21507714611162876,0.3076923076923077,0.0
0.875,0.9130434782608696,0.0227272727272727,0.5789582686134409,0.8461538461538463,0.0
0.41666666666666663,0.043478260869565216,1.0,0.5465465465465464,0.15384615384615385,0.0
0.8333333333333333,0.6086956521739131,0.9807692307692308,0.6484415449932692,0.7307692307692308,0.0
0.8333333333333333,0.30434782608695654,0.9838709677419356,0.2673708190949571,0.42307692307692313,0.0
0.5416666666666666,0.26086956521739135,0.9857142857142858,0.4414414414414414,0.3076923076923077,0.0
0.3333333333333333,0.13043478260869565,1.0,0.3163508335922127,0.19230769230769232,0.0
0.7083333333333333,0.4347826086956522,0.9821428571428572,0.8545096820958891,0.5000000000000001,0.0
0.7916666666666666,0.7391304347826086,0.9622641509433962,0.24779952366159252,0.7692307692307693,0.0
0.125,0.08695652173913043,1.0,0.37889613751682716,0.2692307692307693,0.0
0.7916666666666666,0.5217391304347826,1.0,0.33540436988712863,0.576923076923077,0.0
0.08333333333333333,0.08695652173913043,1.0,0.7936212074143107,0.07692307692307693,0.0
0.08333333333333333,0.30434782608695654,1.0,0.4774774774774775,0.038461538461538464,0.15789473684210525
0.5833333333333333,0.5217391304347826,0.935897435897436,0.31127679403541475,0.46153846153846156,0.0
0.25,0.8260869565217391,0.0909090909090909,0.3794138966552758,0.5000000000000001,0.05263157894736842
0.125,0.17391304347826086,1.0,0.38593766179973077,0.5000000000000001,0.05263157894736842
0.625,0.7391304347826086,0.7857142857142857,0.2639536087811949,0.6538461538461539,0.0
0.4583333333333333,0.13043478260869565,1.0,0.4504504504504503,0.19230769230769232,0.10526315789473684
0.875,0.5652173913043479,0.9701492537313432,0.09267888578233396,0.8461538461538463,0.0
0.3333333333333333,0.17391304347826086,1.0,0.2990576783680232,0.2307692307692308,0.0
0.25,0.08695652173913043,1.0,0.3968106037071555,0.15384615384615385,0.0
0.0,0.7391304347826086,0.9859154929577464,0.5024334679507092,0.6538461538461539,0.0
0.625,0.5217391304347826,0.9818181818181818,0.39898519208864025,0.6538461538461539,0.0
0.7916666666666666,0.5652173913043479,0.9772727272727272,0.2732732732732732,0.8076923076923078,0.0
0.7083333333333333,0.6521739130434783,0.9642857142857144,0.14010562286424355,0.6923076923076924,0.0
0.5,0.3913043478260869,1.0,0.28487107797452615,0.3846153846153847,0.05263157894736842
0.7083333333333333,0.3913043478260869,1.0,0.20648234441337887,0.5000000000000001,0.0
0.7083333333333333,0.8260869565217391,0.1666666666666666,0.417210313762038,0.6153846153846154,0.0
0.6666666666666666,0.6086956521739131,0.9827586206896552,0.412861136999068,0.5384615384615385,0.0
0.375,0.4782608695652174,0.9857142857142858,0.665734700217459,0.46153846153846156,0.0
0.125,0.08695652173913043,1.0,0.8646577612094852,0.34615384615384615,0.0
0.3333333333333333,0.6521739130434783,0.3846153846153846,0.35621828725277016,0.2307692307692308,0.0
0.16666666666666666,0.30434782608695654,1.0,0.23899761830796284,0.2307692307692308,0.0
0.5833333333333333,0.5652173913043479,0.9848484848484848,0.8842290566428499,0.6538461538461539,0.0
0.08333333333333333,0.043478260869565216,1.0,0.6722584653619135,0.2692307692307693,0.0
0.3333333333333333,0.7391304347826086,0.1071428571428571,0.36460598529564026,0.42307692307692313,0.0
0.7916666666666666,0.8260869565217391,0.173076923076923,0.20668944806875844,0.7307692307692308,0.0
0.3333333333333333,0.5652173913043479,0.9824561403508772,0.39898519208864025,0.5384615384615385,0.0
0.29166666666666663,0.08695652173913043,1.0,0.5885885885885886,0.34615384615384615,0.0
0.7083333333333333,0.6521739130434783,0.971830985915493,0.2606399502951229,0.7692307692307693,0.0
0.20833333333333331,0.08695652173913043,1.0,0.8032515273894585,0.07692307692307693,0.0
0.41666666666666663,0.34782608695652173,1.0,0.6157191674433056,0.3076923076923077,0.0
0.375,0.26086956521739135,1.0,0.6255565910738323,0.2307692307692308,0.0
0.25,0.9565217391304348,0.0,0.5196230713472092,0.0,0.15789473684210525
0.625,0.782608695652174,0.7169811320754716,0.5646681163922542,0.038461538461538464,0.10526315789473684
0.7916666666666666,0.6521739130434783,0.981132075471698,0.23599461530496013,0.7692307692307693,0.0
0.5833333333333333,0.5217391304347826,1.0,0.6715336025680854,0.5000000000000001,0.0
0.8333333333333333,0.4782608695652174,0.9253731343283582,0.3012322667495081,0.7692307692307693,0.0
0.5833333333333333,0.21739130434782608,1.0,0.6222429325877601,0.2692307692307693,0.0
0.6666666666666666,0.9130434782608696,0.0140845070422535,0.38811225018121576,0.5384615384615385,0.05263157894736842
0.5,0.4347826086956522,0.9857142857142858,0.2240861551206378,0.576923076923077,0.0
0.7916666666666666,0.6521739130434783,0.967741935483871,0.46494770632701665,0.7692307692307693,0.0
0.75,0.6956521739130435,0.9642857142857144,0.639018328673501,0.7307692307692308,0.0
0.7916666666666666,0.6956521739130435,0.1290322580645161,0.2693383038210624,0.7307692307692308,0.0
0.25,0.17391304347826086,1.0,0.31034482758620685,0.2692307692307693,0.0
0.375,0.3913043478260869,1.0,0.4384384384384383,0.3076923076923077,0.0
0.041666666666666664,0.4782608695652174,0.7051282051282052,0.5281143212177695,0.0,0.21052631578947367
0.5833333333333333,0.26086956521739135,1.0,0.8994511753132444,0.3076923076923077,0.0
0.3333333333333333,0.30434782608695654,0.9859154929577464,0.291394843118981,0.3846153846153847,0.05263157894736842
0.5416666666666666,0.4347826086956522,0.9821428571428572,0.1906389147768457,0.5000000000000001,0.0
0.5416666666666666,0.5652173913043479,0.9871794871794872,0.367816091954023,0.6538461538461539,0.0
0.4583333333333333,0.782608695652174,0.5714285714285714,0.3069276172724449,0.8461538461538463,0.0
0.4583333333333333,0.7391304347826086,0.2586206896551724,0.8228228228228229,0.34615384615384615,0.0
0.5416666666666666,0.3913043478260869,1.0,0.43305374339857106,0.576923076923077,0.0
0.25,0.17391304347826086,1.0,0.5776120948534742,0.15384615384615385,0.0
0.20833333333333331,0.17391304347826086,1.0,0.48089468779123945,0.19230769230769232,0.0
0.6666666666666666,0.7391304347826086,0.9838709677419356,0.6722584653619135,0.5000000000000001,0.0
0.25,0.21739130434782608,1.0,0.1960236098167134,0.2307692307692308,0.0
0.7916666666666666,0.7391304347826086,0.9827586206896552,0.7324220772496635,0.6153846153846154,0.0
0.25,0.21739130434782608,1.0,0.5657036346691517,0.2307692307692308,0.0
0.9166666666666666,0.6521739130434783,0.9433962264150944,0.2942942942942942,0.9615384615384616,0.0
0.125,0.043478260869565216,1.0,0.05943874909392144,0.15384615384615385,0.05263157894736842
0.7083333333333333,0.6956521739130435,0.6226415094339622,0.3082737910324117,0.8461538461538463,0.0
0.20833333333333331,0.13043478260869565,1.0,0.2505954230092161,0.15384615384615385,0.0
0.8333333333333333,0.8260869565217391,0.0754716981132075,0.43243243243243246,0.6923076923076924,0.0
0.5416666666666666,0.6086956521739131,0.5774647887323944,0.216733975354665,0.7307692307692308,0.0
0.3333333333333333,0.30434782608695654,1.0,0.37216526871699296,0.46153846153846156,0.0
0.16666666666666666,0.4347826086956522,0.9857142857142858,0.415035725380553,0.8461538461538463,0.0
0.08333333333333333,0.0,1.0,0.3436885161023091,0.07692307692307693,0.10526315789473684
0.75,0.6086956521739131,0.9859154929577464,0.1775913844879362,0.3846153846153847,0.0
0.20833333333333331,0.08695652173913043,1.0,0.37164750957854387,0.15384615384615385,0.0
0.6666666666666666,0.4782608695652174,1.0,0.3397535466500984,0.6153846153846154,0.0
0.625,0.8260869565217391,0.04,0.24821373097235155,0.19230769230769232,0.0
0.625,0.13043478260869565,1.0,0.35559697628663156,0.11538461538461539,0.0
0.41666666666666663,0.7391304347826086,0.1785714285714285,0.4564564564564564,0.3846153846153847,0.0
0.7916666666666666,0.26086956521739135,1.0,0.1963342652997826,0.15384615384615385,0.0
0.6666666666666666,0.3913043478260869,1.0,0.35880708294501407,0.3846153846153847,0.0
0.9166666666666666,0.6521739130434783,0.352112676056338,0.29729729729729737,0.6538461538461539,0.0
0.125,0.043478260869565216,1.0,0.4796520658589625,0.15384615384615385,0.05263157894736842
0.75,0.5217391304347826,0.981132075471698,0.29595112353733033,0.6538461538461539,0.0
0.4583333333333333,0.5652173913043479,0.8070175438596491,0.29315522418970685,0.7307692307692308,0.0
0.9166666666666666,0.8260869565217391,0.981132075471698,0.1864968416692554,0.8076923076923078,0.0
0.41666666666666663,0.34782608695652173,0.9821428571428572,0.49352801076939,0.34615384615384615,0.0
0.5,0.6956521739130435,0.7746478873239436,0.3669876773325049,0.7307692307692308,0.0
0.25,0.13043478260869565,1.0,0.363466915191053,0.07692307692307693,0.0
0.75,0.5652173913043479,0.0821917808219178,0.45272859065962523,0.7692307692307693,0.0
0.16666666666666666,0.043478260869565216,1.0,0.12395153774464107,0.19230769230769232,0.0
0.5833333333333333,0.6086956521739131,0.9821428571428572,0.3459666563114838,0.6538461538461539,0.0
0.25,0.26086956521739135,1.0,0.36874805840323077,0.2307692307692308,0.05263157894736842
0.16666666666666666,0.17391304347826086,1.0,0.08335922129025575,0.19230769230769232,0.0
0.08333333333333333,0.4347826086956522,1.0,0.5096820958889925,0.038461538461538464,0.05263157894736842
0.9166666666666666,0.782608695652174,0.95,0.17427772600186386,0.9615384615384616,0.0
0.25,0.17391304347826086,1.0,0.31604017810914353,0.2692307692307693,0.0
0.875,0.6956521739130435,1.0,0.1893962928445686,0.8076923076923078,0.0
0.3333333333333333,0.4347826086956522,0.9857142857142858,0.4259086672879777,0.6923076923076924,0.0
0.16666666666666666,0.34782608695652173,1.0,0.31293362327845087,0.2307692307692308,0.0
0.5833333333333333,0.3913043478260869,1.0,0.42508025266645966,0.5384615384615385,0.0
0.8333333333333333,0.8695652173913043,0.1320754716981132,0.30899865382624003,0.7307692307692308,0.0
0.625,0.3913043478260869,1.0,0.500880190535363,0.3846153846153847,0.0
0.6666666666666666,0.8260869565217391,0.5641025641025641,0.40695868282075165,0.6538461538461539,0.0
0.125,0.0,1.0,0.6561043802423112,0.0,0.5263157894736842
0.625,0.08695652173913043,1.0,0.7152324738531637,0.34615384615384615,0.0
0.625,0.5217391304347826,0.981132075471698,0.23350937144040596,0.7307692307692308,0.0
0.5833333333333333,0.3913043478260869,0.9821428571428572,0.2438645542093819,0.46153846153846156,0.0
0.625,0.5652173913043479,1.0,0.4087190638914777,0.3076923076923077,0.0
0.625,0.4782608695652174,0.9857142857142858,0.45055400227814,0.34615384615384615,0.0
0.16666666666666666,0.26086956521739135,1.0,0.2770011390701047,0.2692307692307693,0.0
0.7083333333333333,0.5217391304347826,0.9696969696969696,0.3872838355596977,0.576923076923077,0.0
0.5833333333333333,0.4782608695652174,0.9833333333333332,0.40043491767629713,0.6538461538461539,0.0
0.6666666666666666,0.26086956521739135,0.9859154929577464,0.415035725380553,0.3846153846153847,0.0
0.041666666666666664,0.8695652173913043,0.3454545454545454,0.39225432328880605,0.15384615384615385,0.15789473684210525
0.4583333333333333,0.6521739130434783,0.9848484848484848,0.21766594180387278,0.6153846153846154,0.0
0.5,0.4782608695652174,1.0,0.5552449000724864,0.5384615384615385,0.0
0.41666666666666663,0.4347826086956522,1.0,0.37382209796002885,0.2307692307692308,0.05263157894736842
0.20833333333333331,0.26086956521739135,0.9833333333333332,0.6318732525629078,0.3846153846153847,0.0
0.25,0.8260869565217391,0.4464285714285714,0.5604224914569742,0.576923076923077,0.0
0.29166666666666663,0.26086956521739135,1.0,0.5301853577715647,0.15384615384615385,0.05263157894736842
0.041666666666666664,0.0,1.0,0.2533913223568396,0.0,0.3684210526315789
0.20833333333333331,0.08695652173913043,1.0,0.46598322460391417,0.15384615384615385,0.0
0.3333333333333333,0.08695652173913043,1.0,0.16651133892513204,0.11538461538461539,0.0
0.041666666666666664,0.782608695652174,0.6346153846153846,0.3379931655793724,0.2307692307692308,0.05263157894736842
0.5,0.21739130434782608,1.0,0.6344620482551517,0.15384615384615385,0.0
0.375,0.26086956521739135,0.9848484848484848,0.23609816713264986,0.34615384615384615,0.0
0.16666666666666666,0.0,1.0,0.3564253909081496,0.07692307692307693,0.10526315789473684
0.5,0.5217391304347826,0.9833333333333332,0.3057885471678575,0.5000000000000001,0.0
0.3333333333333333,0.4782608695652174,0.9850746268656716,0.417210313762038,0.8461538461538463,0.0
0.16666666666666666,0.08695652173913043,1.0,0.4556280418349383,0.07692307692307693,0.0
0.5416666666666666,0.30434782608695654,1.0,0.6564150357253806,0.5000000000000001,0.0
0.125,0.08695652173913043,1.0,0.4673293983638811,0.038461538461538464,0.0
0.5,0.34782608695652173,1.0,0.344206275240758,0.46153846153846156,0.0
0.375,0.26086956521739135,1.0,0.1619550585067825,0.6153846153846154,0.0
0.875,0.782608695652174,0.2115384615384615,0.24158641400020708,0.6538461538461539,0.0
0.16666666666666666,0.13043478260869565,1.0,0.43885264574919747,0.15384615384615385,0.0
0.8333333333333333,0.7391304347826086,0.9827586206896552,0.4848296572434503,0.576923076923077,0.0
0.5,0.7391304347826086,0.0,0.12881847364605992,0.5384615384615385,0.0
0.4583333333333333,0.3913043478260869,1.0,0.2719270995133064,0.46153846153846156,0.0
0.5416666666666666,0.3913043478260869,0.981132075471698,0.49963756860308584,0.3846153846153847,0.05263157894736842
0.29166666666666663,0.26086956521739135,1.0,0.7260018639328985,0.15384615384615385,0.0
0.3333333333333333,0.8260869565217391,0.4821428571428571,0.4820337578958267,0.3076923076923077,0.0
0.41666666666666663,0.7391304347826086,0.8771929824561403,0.5888992440716581,0.3076923076923077,0.0
0.4583333333333333,0.17391304347826086,1.0,0.3208035621828723,0.2692307692307693,0.0
0.20833333333333331,0.26086956521739135,1.0,0.6415035725380551,0.2307692307692308,0.0
0.5833333333333333,0.4347826086956522,0.9666666666666668,0.7427772600186393,0.5000000000000001,0.0
0.375,0.34782608695652173,1.0,0.5288391840115978,0.46153846153846156,0.0
0.5,0.5652173913043479,0.9857142857142858,0.276379828103966,0.576923076923077,0.0
0.5,0.30434782608695654,1.0,0.5859997928963447,0.46153846153846156,0.0
0.375,0.17391304347826086,1.0,0.2346484415449933,0.34615384615384615,0.0
0.375,0.34782608695652173,0.9859154929577464,0.7229988609298954,0.34615384615384615,0.0
0.29166666666666663,0.30434782608695654,1.0,0.07569638604121354,0.3076923076923077,0.0
0.20833333333333331,0.13043478260869565,1.0,0.15294604949777357,0.07692307692307693,0.0
0.041666666666666664,0.0,1.0,0.32214973594283935,0.11538461538461539,0.05263157894736842
0.375,0.3913043478260869,1.0,0.17044630837734287,0.42307692307692313,0.0
0.20833333333333331,0.34782608695652173,0.981132075471698,0.08149528839184006,0.42307692307692313,0.0
0.875,0.7391304347826086,0.7096774193548387,0.44547996272134194,0.7307692307692308,0.0
0.75,0.34782608695652173,0.981132075471698,0.26819923371647514,0.5000000000000001,0.0
0.875,0.8260869565217391,0.9433962264150944,0.3264989127058092,0.7692307692307693,0.0
0.75,0.34782608695652173,1.0,0.32794863829346577,0.5384615384615385,0.0
0.20833333333333331,0.26086956521739135,1.0,0.2927410168789478,0.3076923076923077,0.0
0.25,0.21739130434782608,1.0,0.1852542197369783,0.2692307692307693,0.0
0.4583333333333333,0.4782608695652174,0.9824561403508772,0.2087604846225536,0.5000000000000001,0.0
0.25,0.30434782608695654,0.9857142857142858,0.8907528217873046,0.34615384615384615,0.0
0.16666666666666666,0.34782608695652173,1.0,0.4009526768147458,0.11538461538461539,0.10526315789473684
0.29166666666666663,0.21739130434782608,1.0,0.8900279589934763,0.34615384615384615,0.0
0.75,0.4347826086956522,1.0,0.5752304028166095,0.19230769230769232,0.0
0.5,0.5217391304347826,1.0,0.26157191674433045,0.46153846153846156,0.0
0.6666666666666666,0.34782608695652173,0.9827586206896552,0.40664802733768224,0.3076923076923077,0.0
0.9583333333333333,0.8695652173913043,0.2954545454545454,0.1779020399710054,1.0,0.0
0.625,0.13043478260869565,1.0,0.12446929688308994,0.42307692307692313,0.0
0.75,0.6956521739130435,0.9622641509433962,0.37630734182458303,0.8076923076923078,0.0
0.375,0.26086956521739135,0.9857142857142858,0.8313140726933832,0.6153846153846154,0.0
0.41666666666666663,0.8695652173913043,0.5185185185185185,0.39919229574401993,0.5384615384615385,0.0
0.16666666666666666,0.08695652173913043,1.0,0.20202961582271928,0.15384615384615385,0.0
0.25,0.13043478260869565,1.0,0.38179558869214025,0.2307692307692308,0.0
0.625,0.782608695652174,0.9622641509433962,0.21321321321321318,0.7307692307692308,0.0
0.5,0.26086956521739135,1.0,0.687066376721549,0.46153846153846156,0.0
0.7083333333333333,0.8695652173913043,0.4137931034482758,0.3997100548824686,0.7692307692307693,0.0
0.9583333333333333,0.9130434782608696,0.4754098360655737,0.35911773842808326,0.8461538461538463,0.0
0.6666666666666666,0.6086956521739131,0.6666666666666666,0.6877912395153776,0.576923076923077,0.0
0.4583333333333333,0.6956521739130435,0.7714285714285715,0.21455938697318,0.5384615384615385,0.0
0.4583333333333333,0.5652173913043479,0.2328767123287671,0.5029512270891581,0.5000000000000001,0.0
0.5833333333333333,0.9130434782608696,0.0,0.31376203789996904,0.6538461538461539,0.0
0.125,0.08695652173913043,1.0,0.7218597908253082,0.07692307692307693,0.0
0.41666666666666663,0.30434782608695654,1.0,0.6752614683649167,0.3846153846153847,0.0
0.4583333333333333,0.13043478260869565,1.0,0.6805426115770943,0.15384615384615385,0.0
0.0,0.30434782608695654,0.9861111111111112,0.5353629491560525,0.15384615384615385,0.05263157894736842
0.8333333333333333,0.8260869565217391,0.1428571428571428,0.20347934141037582,0.7692307692307693,0.0
0.625,0.4782608695652174,1.0,0.3231852542197369,0.42307692307692313,0.0
0.041666666666666664,0.0,1.0,0.32691312001656825,0.0,0.894736842105263
0.6666666666666666,0.30434782608695654,1.0,0.1714818266542404,0.46153846153846156,0.0
0.4583333333333333,0.5652173913043479,0.8409090909090909,0.5319457388422906,0.7307692307692308,0.0
0.29166666666666663,0.21739130434782608,1.0,0.7015636325981154,0.5384615384615385,0.0
0.5833333333333333,0.4347826086956522,0.9836065573770492,0.4003313658486072,0.6538461538461539,0.0
0.25,0.30434782608695654,1.0,0.48969659314486913,0.2307692307692308,0.0
0.5833333333333333,0.5217391304347826,1.0,0.19281350315833068,0.5000000000000001,0.0
0.25,0.26086956521739135,1.0,0.0014497255876565474,0.34615384615384615,0.0
0.8333333333333333,0.8695652173913043,0.9622641509433962,0.315004659832246,0.8846153846153847,0.0
0.08333333333333333,0.043478260869565216,1.0,0.4408201304753028,0.07692307692307693,0.0
0.5,0.30434782608695654,0.9850746268656716,0.7215491353422387,0.5384615384615385,0.0
0.25,0.13043478260869565,1.0,0.5287356321839081,0.15384615384615385,0.05263157894736842
0.7916666666666666,0.34782608695652173,0.9821428571428572,0.7302474888681783,0.5384615384615385,0.0
0.8333333333333333,0.30434782608695654,0.981132075471698,0.17676296986641815,0.19230769230769232,0.05263157894736842
0.375,0.08695652173913043,1.0,0.547167857512685,0.038461538461538464,0.10526315789473684
0.125,0.08695652173913043,1.0,0.8322460391425908,0.2692307692307693,0.0
0.8333333333333333,0.5217391304347826,0.9701492537313432,0.15035725380552956,0.6538461538461539,0.0
0.8333333333333333,0.5652173913043479,0.981132075471698,0.42228435331883607,0.6538461538461539,0.0
0.08333333333333333,0.13043478260869565,1.0,0.3929791860826344,0.42307692307692313,0.0
0.29166666666666663,0.21739130434782608,0.9863013698630136,0.2731697214455835,0.3846153846153847,0.0
0.625,0.3913043478260869,1.0,0.19509164336750529,0.46153846153846156,0.0
0.20833333333333331,0.8695652173913043,0.0,0.3235994615304959,0.2692307692307693,0.0
0.7083333333333333,0.4347826086956522,0.981132075471698,0.35300818059438743,0.6153846153846154,0.0
0.41666666666666663,0.17391304347826086,1.0,0.7762245003624315,0.15384615384615385,0.0
0.6666666666666666,0.6086956521739131,0.3166666666666666,0.4925960443201822,0.5000000000000001,0.0
0.3333333333333333,0.13043478260869565,1.0,0.34120327223775493,0.07692307692307693,0.0
0.7083333333333333,0.8260869565217391,0.971830985915493,0.42311276794035413,0.9230769230769231,0.0
0.041666666666666664,0.0,1.0,0.1642331987159571,0.07692307692307693,0.05263157894736842
0.7916666666666666,0.17391304347826086,1.0,0.13409961685823735,0.15384615384615385,0.05263157894736842
0.4583333333333333,0.21739130434782608,1.0,0.2936729833281556,0.11538461538461539,0.0
0.6666666666666666,0.6521739130434783,0.8983050847457628,0.357978668323496,0.8461538461538463,0.0
0.29166666666666663,0.30434782608695654,1.0,0.5599047323185253,0.2307692307692308,0.0
0.25,0.21739130434782608,1.0,0.22864243553898733,0.2692307692307693,0.0
0.8333333333333333,0.5217391304347826,0.9726027397260274,0.26250388319353823,0.6153846153846154,0.0
0.5416666666666666,0.3913043478260869,0.9821428571428572,0.3289841565703634,0.6923076923076924,0.0
0.7083333333333333,0.4347826086956522,0.8857142857142857,0.2148700424562493,0.3846153846153847,0.0
0.0,0.17391304347826086,1.0,0.594801698249974,0.038461538461538464,0.05263157894736842
0.6666666666666666,0.7391304347826086,0.3333333333333333,0.3943253598426013,0.576923076923077,0.0
0.20833333333333331,0.17391304347826086,1.0,0.33364398881640267,0.2307692307692308,0.0
0.16666666666666666,0.5217391304347826,0.9824561403508772,0.62234648441545,0.42307692307692313,0.0
0.7083333333333333,0.782608695652174,0.4415584415584415,0.15615615615615608,0.576923076923077,0.0
0.7083333333333333,0.6086956521739131,0.9848484848484848,0.38842290566428495,0.42307692307692313,0.0
0.375,0.34782608695652173,1.0,0.2696489593041317,0.42307692307692313,0.0
0.5,0.5217391304347826,0.9859154929577464,0.23609816713264986,0.6923076923076924,0.0
0.08333333333333333,0.26086956521739135,1.0,0.6448172310241278,0.2307692307692308,0.0
0.125,0.5652173913043479,0.9857142857142858,0.23930827379103237,0.6153846153846154,0.0
0.08333333333333333,0.0,1.0,0.7520969245107176,0.038461538461538464,0.10526315789473684
0.8333333333333333,0.4782608695652174,1.0,0.13171792482137312,0.3846153846153847,0.0
0.5416666666666666,0.34782608695652173,1.0,0.4265299782541161,0.5384615384615385,0.0
0.7916666666666666,0.8260869565217391,0.9696969696969696,0.22781402091746905,0.7692307692307693,0.0
0.16666666666666666,0.13043478260869565,1.0,0.487107797452625,0.15384615384615385,0.0
0.375,0.3913043478260869,1.0,0.30433882158020087,0.5000000000000001,0.0
0.20833333333333331,0.08695652173913043,1.0,0.3953608781194988,0.15384615384615385,0.0
0.4583333333333333,0.30434782608695654,0.9857142857142858,0.5142383763073417,0.3846153846153847,0.0
0.5416666666666666,0.8260869565217391,0.0,0.28932380656518586,0.5000000000000001,0.0
0.375,0.26086956521739135,1.0,0.3035104069586828,0.6153846153846154,0.0
0.625,0.9130434782608696,0.3928571428571428,0.8103966035000516,0.7692307692307693,0.0
0.375,0.30434782608695654,0.9821428571428572,0.3889406648027338,0.2307692307692308,0.0
0.125,0.13043478260869565,1.0,0.28870249559904726,0.19230769230769232,0.0
0.29166666666666663,0.08695652173913043,1.0,0.6700838769804287,0.3846153846153847,0.0
0.5,0.21739130434782608,1.0,0.5855855855855854,0.07692307692307693,0.0
0.7083333333333333,0.8260869565217391,0.8852459016393442,0.37754996375686023,0.34615384615384615,0.0
0.75,0.6086956521739131,1.0,0.4113078595837216,0.576923076923077,0.0
0.125,0.17391304347826086,1.0,0.338614476545511,0.15384615384615385,0.0
0.5833333333333333,0.4782608695652174,0.9104477611940298,0.3331262296779537,0.5384615384615385,0.0
0.7916666666666666,0.9130434782608696,0.1142857142857142,0.24376100238169196,0.6538461538461539,0.0
0.8333333333333333,0.8260869565217391,0.3472222222222222,0.4113078595837216,0.46153846153846156,0.0
0.08333333333333333,0.6521739130434783,0.7954545454545454,0.2050326188257222,0.19230769230769232,0.0
1.0,0.8260869565217391,0.9649122807017544,0.3496945221083152,0.8461538461538463,0.0
0.875,0.3913043478260869,1.0,0.3636740188464327,0.19230769230769232,0.05263157894736842
0.5416666666666666,0.3913043478260869,0.9818181818181818,0.32846639743191464,0.3076923076923077,0.0
0.125,0.08695652173913043,1.0,0.363466915191053,0.07692307692307693,0.0
0.5416666666666666,0.6086956521739131,0.9821428571428572,0.4239411825618722,0.3846153846153847,0.0
0.3333333333333333,0.4347826086956522,0.9824561403508772,0.29025577301439354,0.576923076923077,0.0
0.41666666666666663,0.34782608695652173,0.9833333333333332,0.19219219219219208,0.0,0.10526315789473684
0.25,0.26086956521739135,1.0,0.28103966035000516,0.2692307692307693,0.0
0.041666666666666664,0.043478260869565216,1.0,0.23961892927410167,0.0,0.10526315789473684
0.125,0.043478260869565216,1.0,0.7528217873045457,0.038461538461538464,0.10526315789473684
0.08333333333333333,0.17391304347826086,1.0,0.3911152531842188,0.07692307692307693,0.05263157894736842
0.7916666666666666,0.782608695652174,0.5961538461538461,0.5031583307445375,0.6538461538461539,0.0
0.41666666666666663,0.21739130434782608,1.0,0.17738428083255664,0.42307692307692313,0.0
0.29166666666666663,0.30434782608695654,0.9859154929577464,0.010148079113596276,0.5000000000000001,0.0
0.16666666666666666,0.13043478260869565,1.0,0.41803872838355605,0.11538461538461539,0.0
0.875,0.6521739130434783,0.95,0.3171792482137309,0.8846153846153847,0.0
0.5833333333333333,0.5652173913043479,0.9848484848484848,0.19809464637050844,0.7692307692307693,0.0
0.16666666666666666,0.08695652173913043,1.0,0.06306306306306309,0.15384615384615385,0.05263157894736842
0.7083333333333333,0.8695652173913043,0.2285714285714285,0.23392357875116498,0.8076923076923078,0.0
0.4583333333333333,0.5217391304347826,1.0,0.2119705912809362,0.6538461538461539,0.0
0.3333333333333333,0.5217391304347826,0.9857142857142858,0.1220876048462255,0.11538461538461539,0.0
0.29166666666666663,0.9130434782608696,0.3380281690140845,0.10220565392979186,0.5384615384615385,0.0
0.7916666666666666,0.4782608695652174,0.9655172413793104,0.2065858962410686,0.6538461538461539,0.0
0.5833333333333333,0.6956521739130435,0.5689655172413793,0.39867453660557106,0.6538461538461539,0.0
0.29166666666666663,0.30434782608695654,1.0,0.5402298850574714,0.34615384615384615,0.0
0.4583333333333333,0.4782608695652174,0.9857142857142858,0.12519415967691816,0.46153846153846156,0.0
0.9166666666666666,0.6521739130434783,0.9714285714285714,0.49042145593869724,0.46153846153846156,0.0
0.8333333333333333,0.34782608695652173,0.9777777777777776,0.45190017603810717,0.6153846153846154,0.0
0.08333333333333333,0.0,1.0,0.4676400538469503,0.0,0.5263157894736842
0.5833333333333333,0.6086956521739131,0.8428571428571429,0.404266335300818,0.46153846153846156,0.0
0.41666666666666663,0.26086956521739135,1.0,0.1832867350108729,0.3846153846153847,0.0
0.7916666666666666,0.13043478260869565,1.0,0.436470953712333,0.11538461538461539,0.0
0.08333333333333333,0.0,1.0,0.6358082220151187,0.0,0.10526315789473684
0.20833333333333331,0.6956521739130435,0.5660377358490566,0.20731075903489693,0.07692307692307693,0.05263157894736842
0.125,0.8695652173913043,0.1071428571428571,0.12374443408926161,0.3076923076923077,0.0
0.625,0.6521739130434783,0.8275862068965517,0.33643988816402615,0.6923076923076924,0.0
0.375,0.26086956521739135,1.0,0.20637879258568914,0.6153846153846154,0.0
0.375,0.26086956521739135,1.0,0.09091850471160812,0.42307692307692313,0.0
0.875,0.5652173913043479,0.9833333333333332,0.3258776017396706,0.6153846153846154,0.0
0.16666666666666666,0.5217391304347826,0.3561643835616438,0.26343584964274624,0.07692307692307693,0.0
0.8333333333333333,0.4782608695652174,0.981132075471698,0.4357460909185047,0.7307692307692308,0.0
0.16666666666666666,0.6521739130434783,0.1428571428571428,0.4482758620689655,0.19230769230769232,0.10526315789473684
0.3333333333333333,0.17391304347826086,1.0,0.7821269545407479,0.3846153846153847,0.0
0.125,0.043478260869565216,1.0,0.31417624521072807,0.15384615384615385,0.0
0.20833333333333331,0.043478260869565216,1.0,0.5059542300921611,0.11538461538461539,0.0
0.3333333333333333,0.6086956521739131,0.9859154929577464,0.23185254219736962,0.5384615384615385,0.0
0.5,0.13043478260869565,1.0,0.6042249145697423,0.3076923076923077,0.0
0.75,0.5217391304347826,0.9649122807017544,0.2853888371129749,0.46153846153846156,0.0
0.6666666666666666,0.7391304347826086,0.7636363636363637,0.4062338200269233,0.8076923076923078,0.0
0.08333333333333333,0.08695652173913043,1.0,0.28331780055917977,0.2307692307692308,0.05263157894736842
0.5833333333333333,0.8260869565217391,0.0,0.3158330744537641,0.7307692307692308,0.0
0.5,0.4782608695652174,0.9848484848484848,0.2397224811017914,0.6153846153846154,0.0
0.3333333333333333,0.17391304347826086,1.0,0.7342860101480793,0.038461538461538464,0.0
0.7916666666666666,0.08695652173913043,1.0,0.3665734700217458,0.07692307692307693,0.15789473684210525
0.3333333333333333,0.30434782608695654,1.0,0.019571295433364333,0.3846153846153847,0.0
0.041666666666666664,0.043478260869565216,1.0,0.5323599461530495,0.11538461538461539,0.0
0.16666666666666666,0.782608695652174,0.5571428571428572,0.5504815159987575,0.42307692307692313,0.0
0.08333333333333333,0.08695652173913043,1.0,0.36999068033550797,0.038461538461538464,0.15789473684210525
0.7083333333333333,0.4782608695652174,0.9859154929577464,0.25100963031997514,0.576923076923077,0.0
0.6666666666666666,0.5217391304347826,1.0,0.23350937144040596,0.576923076923077,0.0
0.16666666666666666,0.043478260869565216,1.0,0.33043388215802016,0.038461538461538464,0.21052631578947367
0.5833333333333333,0.7391304347826086,0.9615384615384616,0.2894273583928756,0.6923076923076924,0.0
0.6666666666666666,0.782608695652174,0.6,0.3608781194988091,0.8461538461538463,0.0
0.8333333333333333,0.5652173913043479,1.0,0.6902764833799317,0.6923076923076924,0.0
0.16666666666666666,0.7391304347826086,0.1923076923076923,0.16785751268509885,0.07692307692307693,0.05263157894736842
0.25,0.08695652173913043,1.0,0.35570052811432107,0.07692307692307693,0.05263157894736842
0.6666666666666666,0.4347826086956522,0.981132075471698,0.2320596458527493,0.6538461538461539,0.0
0.125,0.043478260869565216,1.0,0.5810293051672364,0.11538461538461539,0.0
0.29166666666666663,0.8260869565217391,0.3773584905660377,0.6841669255462359,0.3846153846153847,0.0
0.8333333333333333,0.6521739130434783,1.0,0.2795899347623485,0.3076923076923077,0.0
0.7083333333333333,0.8260869565217391,0.0,0.1259190224707465,0.5384615384615385,0.0
0.041666666666666664,0.34782608695652173,1.0,0.1737599668634151,0.3846153846153847,0.0
0.6666666666666666,0.8260869565217391,0.8301886792452831,0.5949052500776639,0.6153846153846154,0.0
0.9583333333333333,0.782608695652174,0.9649122807017544,0.4782023402713058,0.6923076923076924,0.0
0.375,0.13043478260869565,1.0,0.5498602050326187,0.11538461538461539,0.0
0.125,0.30434782608695654,1.0,0.39919229574401993,0.15384615384615385,0.05263157894736842
0.7916666666666666,0.6956521739130435,0.9857142857142858,0.34575955265610436,0.5000000000000001,0.0
0.7083333333333333,0.782608695652174,0.3,0.44610127368748054,0.8076923076923078,0.0
0.625,0.4782608695652174,0.9827586206896552,0.22781402091746905,0.6538461538461539,0.0
0.20833333333333331,0.08695652173913043,1.0,0.777674225950088,0.15384615384615385,0.0
0.29166666666666663,0.21739130434782608,1.0,0.5870353111732423,0.07692307692307693,0.0
0.7916666666666666,0.7391304347826086,0.9571428571428572,0.4529356943150047,0.6538461538461539,0.0
0.4583333333333333,0.4782608695652174,1.0,0.5479962721342033,0.2307692307692308,0.0
0.041666666666666664,0.0,1.0,0.48431189810500164,0.0,0.10526315789473684
0.3333333333333333,0.6086956521739131,0.72,0.5720202961582272,0.3076923076923077,0.0
0.5833333333333333,0.5652173913043479,0.9827586206896552,0.385005695350523,0.46153846153846156,0.0
0.75,0.8260869565217391,0.0,0.2119705912809362,0.7692307692307693,0.0
0.75,0.5652173913043479,0.9803921568627452,0.3561147354250802,0.6923076923076924,0.0
0.5833333333333333,0.7391304347826086,0.4310344827586206,0.14041627834731285,0.576923076923077,0.0
0.4583333333333333,0.13043478260869565,1.0,0.4047840944392669,0.19230769230769232,0.0
0.5416666666666666,0.4347826086956522,0.9848484848484848,0.517137827482655,0.34615384615384615,0.0
0.3333333333333333,0.26086956521739135,1.0,0.32981257119188145,0.2692307692307693,0.0
0.125,0.043478260869565216,1.0,0.48472610541576056,0.15384615384615385,0.10526315789473684
0.5416666666666666,0.6521739130434783,0.9824561403508772,0.5185875530703117,0.576923076923077,0.0
1.0,0.6956521739130435,0.95,0.6556901729315523,0.9615384615384616,0.0
0.041666666666666664,0.0,1.0,0.30651340996168586,0.07692307692307693,0.05263157894736842
0.041666666666666664,0.0,1.0,0.49301025163094137,0.0,0.2631578947368421
0.041666666666666664,0.0,1.0,0.347209278243761,0.0,0.2631578947368421
0.625,0.34782608695652173,1.0,0.38780159469814635,0.3076923076923077,0.0
0.5416666666666666,1.0,0.0,0.37164750957854387,0.2307692307692308,0.05263157894736842
0.5416666666666666,0.5217391304347826,1.0,0.381588485036761,0.46153846153846156,0.0
0.75,0.5652173913043479,0.9666666666666668,0.4756135445790617,0.8076923076923078,0.0
0.20833333333333331,0.17391304347826086,1.0,0.7726001863932903,0.15384615384615385,0.0
0.5416666666666666,0.30434782608695654,1.0,0.2693383038210624,0.42307692307692313,0.0
0.5416666666666666,0.5217391304347826,0.9848484848484848,0.620171896033965,0.576923076923077,0.0
0.41666666666666663,0.6956521739130435,0.0,0.4421663042352697,0.3076923076923077,0.0
0.625,0.21739130434782608,1.0,0.4911463187325258,0.2307692307692308,0.0
0.20833333333333331,0.043478260869565216,1.0,0.48193020606813697,0.07692307692307693,0.05263157894736842
0.875,0.5652173913043479,1.0,0.4984984984984986,0.6923076923076924,0.0
0.8333333333333333,0.3913043478260869,0.971830985915493,0.28103966035000516,0.5384615384615385,0.0
0.875,0.26086956521739135,0.9482758620689656,0.30879155017086046,0.2307692307692308,0.0
0.5416666666666666,0.4347826086956522,0.9827586206896552,0.4105829967898933,0.42307692307692313,0.0
0.3333333333333333,0.30434782608695654,1.0,0.1456974215594905,0.6923076923076924,0.0
0.25,0.043478260869565216,1.0,0.4721963342652997,0.038461538461538464,0.0
0.125,0.21739130434782608,1.0,0.5288391840115978,0.07692307692307693,0.05263157894736842
0.29166666666666663,0.26086956521739135,0.9848484848484848,0.3194573884229057,0.19230769230769232,0.0
0.8333333333333333,0.7391304347826086,0.98,0.2770011390701047,0.5000000000000001,0.0
0.08333333333333333,0.043478260869565216,1.0,0.43181112146629386,0.038461538461538464,0.05263157894736842
0.7083333333333333,0.6086956521739131,0.95,0.22522522522522503,0.6153846153846154,0.0
0.125,0.08695652173913043,1.0,0.412861136999068,0.07692307692307693,0.15789473684210525
0.7083333333333333,0.6956521739130435,0.9821428571428572,0.22988505747126442,0.5000000000000001,0.0
0.25,0.8260869565217391,0.5333333333333333,0.49394221808014915,0.19230769230769232,0.0
0.6666666666666666,0.6956521739130435,0.9649122807017544,0.2642642642642643,0.5384615384615385,0.0
0.125,0.9130434782608696,0.0,0.38148493320907106,0.15384615384615385,0.0
0.08333333333333333,0.0,1.0,0.6155120637879257,0.0,0.42105263157894735
0.7916666666666666,0.782608695652174,1.0,0.11504608056332188,0.576923076923077,0.0
0.29166666666666663,0.13043478260869565,1.0,0.44547996272134194,0.2307692307692308,0.0
0.875,0.8695652173913043,0.8591549295774648,0.5239722481101792,0.8461538461538463,0.0
0.7916666666666666,0.7391304347826086,0.9821428571428572,0.2585689137413274,0.6923076923076924,0.0
0.41666666666666663,0.6521739130434783,0.8833333333333333,0.46598322460391417,0.46153846153846156,0.0
0.7083333333333333,0.34782608695652173,1.0,0.24158641400020708,0.5384615384615385,0.0
0.6666666666666666,0.6521739130434783,0.9824561403508772,0.45894170032101056,0.34615384615384615,0.0
0.8333333333333333,0.6521739130434783,1.0,0.2556694625660142,0.42307692307692313,0.0
0.7083333333333333,0.6086956521739131,0.9772727272727272,0.42290566428497467,0.6538461538461539,0.0
0.5833333333333333,0.4347826086956522,0.9859154929577464,0.12001656829243024,0.6923076923076924,0.0
0.875,0.782608695652174,0.9629629629629628,0.20969245107176138,0.6538461538461539,0.0
0.4583333333333333,0.30434782608695654,0.9821428571428572,0.3512477995236616,0.2307692307692308,0.0
0.125,0.0,1.0,0.5154809982396189,0.038461538461538464,0.10526315789473684
0.3333333333333333,0.6521739130434783,0.7,0.1307859583721651,0.19230769230769232,0.0
0.5,0.34782608695652173,1.0,0.40053846950398664,0.46153846153846156,0.0
0.875,0.6956521739130435,0.9824561403508772,0.9030754892823858,0.8846153846153847,0.0
0.5833333333333333,0.6521739130434783,0.9666666666666668,0.3005074039556799,0.7692307692307693,0.0
0.5,0.8260869565217391,0.2181818181818181,0.7338718028373201,0.5384615384615385,0.0
0.041666666666666664,0.043478260869565216,1.0,0.44703324013668855,0.038461538461538464,0.21052631578947367
0.5416666666666666,0.21739130434782608,0.9846153846153848,0.46018432225328776,0.42307692307692313,0.0
0.125,0.08695652173913043,1.0,0.43812778295536914,0.2307692307692308,0.0
0.041666666666666664,0.0,1.0,0.7358392875634254,0.038461538461538464,0.42105263157894735
0.375,0.3913043478260869,0.981132075471698,0.6071243657450553,0.7692307692307693,0.0
0.041666666666666664,0.0,1.0,0.6846846846846848,0.0,0.5789473684210527
0.20833333333333331,0.13043478260869565,1.0,0.5896241068654862,0.15384615384615385,0.10526315789473684
0.8333333333333333,0.782608695652174,0.9696969696969696,0.17831624728176443,0.6923076923076924,0.0
0.75,0.5217391304347826,0.9710144927536232,0.2777260018639328,0.7307692307692308,0.0
0.041666666666666664,0.043478260869565216,1.0,0.3267060163611887,0.2307692307692308,0.0
0.20833333333333331,0.13043478260869565,1.0,0.7363570467018743,0.15384615384615385,0.0
0.5,0.782608695652174,0.5636363636363636,0.2187014600807704,0.3076923076923077,0.0
0.041666666666666664,0.5652173913043479,0.5333333333333333,0.3178005591798695,0.19230769230769232,0.0
0.20833333333333331,0.21739130434782608,1.0,0.18028373200786985,0.3076923076923077,0.0
0.7916666666666666,0.6521739130434783,0.3773584905660377,0.3251527389458423,0.5384615384615385,0.0
0.7916666666666666,0.782608695652174,0.9649122807017544,0.4625660142901522,0.8076923076923078,0.0
0.3333333333333333,0.8260869565217391,0.1690140845070422,0.6964895930413173,0.42307692307692313,0.0
0.125,0.0,1.0,0.2703738220979601,0.038461538461538464,0.15789473684210525
0.3333333333333333,0.34782608695652173,1.0,0.1578129853991922,0.42307692307692313,0.0
0.29166666666666663,0.21739130434782608,1.0,0.4986020503261883,0.19230769230769232,0.0
0.5416666666666666,0.3913043478260869,1.0,0.21217769493631555,0.42307692307692313,0.0
0.75,0.7391304347826086,0.9545454545454546,0.3124158641400021,0.6538461538461539,0.0
0.16666666666666666,0.043478260869565216,1.0,0.391425908667288,0.038461538461538464,0.0
0.20833333333333331,0.17391304347826086,1.0,0.12353733043388215,0.11538461538461539,0.0
0.125,0.043478260869565216,1.0,0.6027751889820856,0.0,0.2631578947368421
0.25,0.21739130434782608,1.0,0.48886817852335085,0.19230769230769232,0.0
0.041666666666666664,0.782608695652174,0.320754716981132,0.2766904835870353,0.038461538461538464,0.15789473684210525
0.16666666666666666,0.043478260869565216,1.0,0.46815781298539916,0.15384615384615385,0.0
0.7916666666666666,0.6086956521739131,1.0,0.3051672362017189,0.7692307692307693,0.0
0.41666666666666663,0.30434782608695654,1.0,0.2744123433778607,0.5000000000000001,0.0
0.9583333333333333,0.8260869565217391,0.9636363636363636,0.6919333126229679,0.8846153846153847,0.0
0.8333333333333333,0.8260869565217391,0.9629629629629628,0.23361292326809568,0.7692307692307693,0.0
0.7083333333333333,0.4782608695652174,1.0,0.3666770218494355,0.2692307692307693,0.0
0.4583333333333333,0.5652173913043479,0.9857142857142858,0.5044009526768147,0.5000000000000001,0.0
0.41666666666666663,0.34782608695652173,0.9857142857142858,0.6124055089572329,0.07692307692307693,0.05263157894736842
0.6666666666666666,0.8260869565217391,0.6,0.24438231334783056,0.6153846153846154,0.0
0.3333333333333333,0.30434782608695654,1.0,0.3461737599668633,0.2692307692307693,0.0
0.375,0.26086956521739135,1.0,0.41710676193434826,0.46153846153846156,0.0
0.625,0.782608695652174,0.4727272727272727,0.46349798073936,0.576923076923077,0.0
0.375,0.17391304347826086,0.9848484848484848,0.27461944703324015,0.3076923076923077,0.05263157894736842
0.08333333333333333,0.08695652173913043,1.0,0.6003934969452209,0.11538461538461539,0.05263157894736842
0.9166666666666666,0.7391304347826086,0.9824561403508772,0.680335507921715,0.8461538461538463,0.0
0.08333333333333333,0.0,1.0,0.397846121984053,0.07692307692307693,0.2631578947368421
0.8333333333333333,0.21739130434782608,1.0,0.29439784612198394,0.19230769230769232,0.0
0.20833333333333331,0.08695652173913043,1.0,0.26126126126126115,0.07692307692307693,0.0
0.08333333333333333,0.0,1.0,0.512892202547375,0.0,0.21052631578947367
0.7916666666666666,0.6086956521739131,0.9824561403508772,0.1386558972765869,0.576923076923077,0.0
0.8333333333333333,0.782608695652174,0.3114754098360656,0.5646681163922542,0.46153846153846156,0.0
0.16666666666666666,0.7391304347826086,0.4571428571428571,0.5656000828414622,0.3076923076923077,0.05263157894736842
0.5,0.8695652173913043,0.125,0.4919747333540436,0.46153846153846156,0.0
0.125,0.8260869565217391,0.3773584905660377,0.40343792067929996,0.46153846153846156,0.0
0.08333333333333333,0.08695652173913043,1.0,0.3258776017396706,0.0,0.21052631578947367
0.041666666666666664,0.0,1.0,0.615097856477167,0.0,0.10526315789473684
0.08333333333333333,0.043478260869565216,1.0,0.7335611473542507,0.038461538461538464,0.0
0.125,0.043478260869565216,1.0,0.3231852542197369,0.038461538461538464,0.3684210526315789
0.8333333333333333,0.6086956521739131,0.9857142857142858,0.8813296054675366,0.6153846153846154,0.0
0.3333333333333333,0.17391304347826086,1.0,0.16589002795899344,0.07692307692307693,0.0
0.41666666666666663,0.3913043478260869,1.0,0.5582479030754892,0.5000000000000001,0.0
0.625,0.3913043478260869,0.9848484848484848,0.10117013565289423,0.5000000000000001,0.0
0.41666666666666663,0.21739130434782608,1.0,0.302164233198716,0.46153846153846156,0.0
0.25,0.6086956521739131,0.9814814814814816,0.5874495184840014,0.3846153846153847,0.0
0.5416666666666666,0.6521739130434783,0.7051282051282052,0.27555141348244794,0.2307692307692308,0.0
0.16666666666666666,0.043478260869565216,1.0,0.5665320492906698,0.038461538461538464,0.05263157894736842
0.4583333333333333,0.26086956521739135,0.9827586206896552,0.5341203272237756,0.2307692307692308,0.0
0.625,0.6086956521739131,0.981132075471698,0.5111318214766489,0.6538461538461539,0.0
0.625,0.30434782608695654,0.9827586206896552,0.26768147457802605,0.2692307692307693,0.0
0.625,0.8260869565217391,0.0,0.6921404162783473,0.7307692307692308,0.0
0.375,0.5217391304347826,0.0,0.42953298125711914,0.2307692307692308,0.0
0.625,0.5217391304347826,0.9836065573770492,0.19488453971212583,0.46153846153846156,0.0
0.5416666666666666,0.4347826086956522,0.9857142857142858,0.2613648130889511,0.34615384615384615,0.0
0.125,0.08695652173913043,1.0,0.3455524490007247,0.038461538461538464,0.0
0.75,0.3913043478260869,0.9428571428571428,0.2266749508128818,0.6923076923076924,0.0
0.125,0.0,1.0,0.42601221911566745,0.0,0.05263157894736842
0.0,0.5652173913043479,1.0,0.15284249767008384,0.6923076923076924,0.0
0.3333333333333333,0.17391304347826086,1.0,0.5682924303613959,0.46153846153846156,0.0
0.4583333333333333,0.21739130434782608,0.9871794871794872,0.737703220461841,0.5384615384615385,0.0
0.5416666666666666,0.4347826086956522,1.0,0.7334575955265612,0.5000000000000001,0.0
0.041666666666666664,0.0,1.0,0.48503676089882997,0.0,0.15789473684210525
0.25,0.34782608695652173,1.0,0.32504918711815256,0.3076923076923077,0.0
0.7916666666666666,0.6521739130434783,0.981132075471698,0.6640778709744228,0.8076923076923078,0.0
0.7083333333333333,0.6521739130434783,1.0,0.7324220772496635,0.5384615384615385,0.0
0.7916666666666666,0.3913043478260869,1.0,0.4759242000621311,0.576923076923077,0.0
0.5,0.5217391304347826,1.0,0.30837734286010143,0.42307692307692313,0.0
0.5,0.21739130434782608,1.0,0.2667495081288185,0.5000000000000001,0.0
0.3333333333333333,0.17391304347826086,1.0,0.7694936315625971,0.46153846153846156,0.0
0.41666666666666663,0.5217391304347826,0.9803921568627452,0.5216941079010045,0.46153846153846156,0.0
0.375,0.30434782608695654,0.9857142857142858,0.4297400849124986,0.46153846153846156,0.0
0.7916666666666666,0.6086956521739131,0.9821428571428572,0.29791860826343575,0.576923076923077,0.0
0.29166666666666663,0.13043478260869565,1.0,0.43305374339857106,0.19230769230769232,0.0
0.16666666666666666,0.17391304347826086,1.0,0.3175934555244899,0.11538461538461539,0.0
0.7916666666666666,0.782608695652174,0.9824561403508772,0.2368230299264782,0.6923076923076924,0.0
0.29166666666666663,0.6521739130434783,0.7,0.8777052914983949,0.46153846153846156,0.0
0.25,0.34782608695652173,0.981132075471698,0.17324220772496635,0.3846153846153847,0.0
0.75,0.6086956521739131,0.9666666666666668,0.15253184218701454,0.6538461538461539,0.0
0.9166666666666666,0.4782608695652174,0.9848484848484848,0.6672879776328051,0.42307692307692313,0.0
0.6666666666666666,0.782608695652174,0.9807692307692308,0.4852438645542092,0.42307692307692313,0.0
0.375,0.4347826086956522,1.0,0.6023609816713265,0.2692307692307693,0.0
0.7083333333333333,0.6521739130434783,0.9821428571428572,0.28714921818370087,0.5000000000000001,0.0
0.8333333333333333,0.043478260869565216,1.0,0.5527596562079322,0.11538461538461539,0.0
0.16666666666666666,0.08695652173913043,1.0,0.3146940043491767,0.15384615384615385,0.0
0.625,0.6086956521739131,0.9848484848484848,0.3130371751061406,0.5000000000000001,0.0
0.3333333333333333,0.782608695652174,0.5970149253731343,0.5462358910634773,0.2692307692307693,0.0
0.3333333333333333,0.34782608695652173,0.9833333333333332,0.4291187739463602,0.3846153846153847,0.0
0.20833333333333331,0.782608695652174,0.1590909090909091,0.0927824376100237,0.19230769230769232,0.0
0.08333333333333333,0.08695652173913043,1.0,0.2846639743191467,0.07692307692307693,0.15789473684210525
0.6666666666666666,0.4347826086956522,0.9857142857142858,0.2196334265299782,0.6153846153846154,0.0
0.125,0.08695652173913043,1.0,0.3286735010872941,0.07692307692307693,0.10526315789473684
0.25,0.21739130434782608,1.0,0.4446515480998239,0.19230769230769232,0.10526315789473684
0.041666666666666664,0.0,1.0,0.29822926374650527,0.07692307692307693,0.05263157894736842
0.5416666666666666,0.21739130434782608,1.0,0.3783783783783783,0.34615384615384615,0.0
0.75,0.4347826086956522,1.0,0.19374546960753847,0.7307692307692308,0.0
0.16666666666666666,0.08695652173913043,1.0,0.4067515791653722,0.11538461538461539,0.0
0.29166666666666663,0.13043478260869565,1.0,0.8307963135549343,0.2692307692307693,0.0
0.5416666666666666,0.6086956521739131,1.0,0.34068551309930606,0.5000000000000001,0.0
0.75,0.9130434782608696,0.0,0.414103758931345,0.576923076923077,0.0
0.7916666666666666,0.6956521739130435,0.9772727272727272,0.22626074350212277,0.5384615384615385,0.0
0.625,0.8260869565217391,0.2686567164179104,0.6710158434296365,0.6153846153846154,0.0
0.5416666666666666,0.6521739130434783,0.9871794871794872,0.2002692347519932,0.7307692307692308,0.0
0.4583333333333333,0.9130434782608696,0.2028985507246377,0.7007352179765973,0.7692307692307693,0.0
0.7083333333333333,0.5217391304347826,1.0,0.17986952469711082,0.6153846153846154,0.0
0.7916666666666666,0.9130434782608696,0.0,0.2930516723620171,0.5384615384615385,0.0
0.375,0.6956521739130435,0.6956521739130435,0.44858651755203494,0.5384615384615385,0.0
0.5,0.3913043478260869,1.0,0.4571813192502847,0.3846153846153847,0.0
0.5416666666666666,0.782608695652174,0.2830188679245283,0.27658693175934557,0.5384615384615385,0.0
0.75,0.7391304347826086,0.375,0.6131303717510614,0.7307692307692308,0.0
0.16666666666666666,0.043478260869565216,1.0,0.18131925028476747,0.07692307692307693,0.0
0.41666666666666663,0.8260869565217391,0.0,0.03748576162369266,0.7307692307692308,0.0
0.75,0.6086956521739131,0.971830985915493,0.28103966035000516,0.576923076923077,0.0
0.41666666666666663,0.26086956521739135,1.0,0.5628041834938387,0.2307692307692308,0.0
0.75,0.34782608695652173,1.0,0.8257222739981365,0.3076923076923077,0.0
0.7916666666666666,0.30434782608695654,0.9871794871794872,0.4453764108936522,0.5000000000000001,0.0
0.4583333333333333,0.5652173913043479,0.6714285714285714,0.5584550067308687,0.2307692307692308,0.05263157894736842
0.75,0.5652173913043479,0.8596491228070176,0.2708915812364088,0.5000000000000001,0.0
0.7083333333333333,0.5217391304347826,0.9482758620689656,0.4039556798177486,0.46153846153846156,0.0
0.4583333333333333,0.26086956521739135,1.0,0.2659210935073004,0.42307692307692313,0.0
0.375,0.8695652173913043,0.3333333333333333,0.40695868282075165,0.5384615384615385,0.0
0.5,0.34782608695652173,0.9857142857142858,0.5592834213523867,0.46153846153846156,0.0
0.08333333333333333,0.08695652173913043,1.0,0.7404991198094646,0.15384615384615385,0.0
0.8333333333333333,0.34782608695652173,1.0,0.12105208656932787,0.19230769230769232,0.0
0.4583333333333333,0.17391304347826086,1.0,0.5664284974629803,0.2692307692307693,0.05263157894736842
0.41666666666666663,0.4782608695652174,0.981132075471698,0.6346691519105312,0.42307692307692313,0.0
0.5,0.34782608695652173,0.9848484848484848,0.7135756446101273,0.576923076923077,0.0
0.4583333333333333,0.8260869565217391,0.9622641509433962,0.7028062545303926,0.15384615384615385,0.10526315789473684
